module_type,region,climate,moisture,soil_type,count,sum,mean,median,min,max,q1,q3
Livestock,Eastern Asia,Tropical,Wet,Spodic,8,52.38105805647109,6.547632257058886,6.792814643320191,-7.14119039547117,22.246694165506742,-1.583655750129433,20.698968888269984
Livestock,Eastern Asia,Cool Temperate,Moist,Volcanic,9,44.61951920254527,4.957724355838363,4.779632779267306,-5.116572448861475,21.79694649800042,-1.3366845344288472,6.322192910169725
Livestock,Eastern Asia,Boreal,Dry,Spodic,10,37.42060860930019,3.7420608609300188,3.5176549990375325,-16.283930643747308,25.440101273995452,-5.191782179276628,9.921523351187615
Livestock,Eastern Africa,Tropical Montane,Dry,Volcanic,11,34.854070182602435,3.1685518347820394,2.616240962454939,-5.065729225473217,13.44728179512786,-3.001574660155426,7.965234762568216
Livestock,Eastern Asia,Tropical,Wet,Wetland,10,33.47932040720942,3.3479320407209423,3.4652561843542538,-15.180774482522766,24.365426943174054,-4.7751055743819855,7.381954471847375
Livestock,Oceania,Tropical,Moist,Sandy,11,30.19972376148474,2.7454294328622493,2.1727859137852428,-17.881073450932846,20.479950738936566,-5.218626419938014,10.014496161466848
Livestock,Oceania,Tropical,Dry,Low Activity Clay,11,29.992787670297243,2.726617060936113,1.2978267997978807,-18.472636797311733,21.94870783461796,-4.962499717119598,10.006197118739614
Livestock,Eastern Asia,Cool Temperate,Moist,Spodic,9,29.208304944824988,3.2453672160916653,4.722673905713025,-18.333288806726568,21.014311176494655,-1.2018221893777288,6.150566704430343
Livestock,Eastern Asia,Boreal,Moist,Low Activity Clay,10,28.945263512455067,2.894526351245507,3.8526471906432818,-21.74268855130667,19.971983334194864,-4.5195208544614065,9.704144612234968
Livestock,Oceania,Warm Temperate,Dry,Volcanic,11,28.568547207230996,2.597140655202818,1.386410459289244,-15.844726772702819,18.06205816919298,-2.3434122681600003,8.779417254939743
Livestock,North America,Tropical,Moist,Volcanic,7,28.547439997605032,4.078205713943576,-0.5738854944899998,-37.80844381031248,50.32545201645001,-30.407642043187497,47.043357319725004
Livestock,Europe,Tropical Montane,Dry,Low Activity Clay,7,28.275584608214974,4.039369229744996,-1.7776755687600005,-3.8716867431000033,20.904708509999985,-3.079750818375001,16.019369021249993
Livestock,Oceania,Warm Temperate,Dry,High Activity Clay,12,26.15674447497849,2.1797287062482074,1.461917676712353,-15.476244754732985,21.900103932761546,-4.834639796089105,7.7472556330858815
Livestock,Eastern Asia,Warm Temperate,Moist,Low Activity Clay,10,25.978020137090187,2.5978020137090185,3.0577686514449356,-16.014252903373862,21.853209601660968,-6.312238862606062,8.295710236824542
Livestock,Europe,Tropical,Moist,High Activity Clay,7,24.949007170230008,3.5641438814614297,-2.2050014266349973,-17.94051503999999,25.212085919999993,-4.146140439374999,23.36439168
Livestock,Eastern Asia,Tropical Montane,Dry,Volcanic,8,24.81160391230913,3.1014504890386414,5.685637623310006,-25.573380787962314,19.913078181987295,-1.1408822693678407,16.61020090927265
Livestock,Oceania,Tropical,Moist,Spodic,10,24.785755682749965,2.4785755682749966,3.164727266293859,-20.879483937553864,23.936078891097328,-5.404479637561032,6.625787835730957
Livestock,Oceania,Tropical,Wet,Sandy,10,24.622750554936605,2.4622750554936603,2.65554720541358,-20.698968888269984,21.580272039463384,-5.136235036949068,6.837309953110696
Livestock,Eastern Asia,Cool Temperate,Dry,Spodic,10,23.235468201405862,2.323546820140586,3.001812800139001,-16.759807474557146,19.904366866127393,-5.053474307491544,7.987087257694828
Livestock,Oceania,Cool Temperate,Dry,High Activity Clay,11,23.214943942835344,2.1104494493486676,1.5675648825705955,-19.632121577776935,20.39598740174949,-4.389893552417241,8.358579688285282
Livestock,Oceania,Boreal,Dry,High Activity Clay,11,22.384215595032146,2.034928690457468,1.1931933798683494,-14.968169554198626,16.39507913857845,-4.803258795529104,9.921523351187615
Livestock,Europe,Warm Temperate,Dry,High Activity Clay,7,21.35267142969599,3.050381632813713,1.5571294199999999,-10.975685962500002,14.952383774999996,-1.62790803,13.350342656250005
Livestock,North America,Tropical,Dry,Spodic,7,21.055584287237007,3.0079406124624297,-0.5143275369539997,-39.320727505312504,48.4146570765,-29.223553034812483,41.683207429499994
Livestock,Eastern Asia,Tropical,Moist,Spodic,9,20.026706891290463,2.225189654587829,1.2780693124964253,-16.112428648021616,18.73697620796324,-5.174501780643542,6.911015076242591
Livestock,Oceania,Cool Temperate,Moist,Low Activity Clay,9,19.8712827452194,2.207920305024378,1.5921959829000119,-18.7499544614249,27.19707356630317,-4.779632779267306,10.381177957274616
Livestock,Eastern Asia,Tropical,Moist,Low Activity Clay,9,19.68283292784927,2.1869814364276965,1.2879776994410708,-16.487136290998862,22.900743799175423,-6.641782145043552,8.13857983665705
Livestock,Eastern Asia,Cool Temperate,Moist,Wetland,9,19.616949667129372,2.1796610741254856,0.8962869993709506,-18.7499544614249,21.79694649800042,-5.725688216583079,7.05850126227265
Livestock,Oceania,Boreal,Moist,Wetland,11,18.940705935543587,1.7218823577766897,1.2018221893777286,-20.03233578865392,18.292025973191567,-5.110150518634941,7.890481573897563
Livestock,Eastern Asia,Tropical Montane,Dry,Wetland,10,18.12537111261444,1.8125371112614441,3.53991908179404,-20.376173023428866,20.83926786487043,-6.894074572994083,9.551369976978723
Livestock,South-Eastern Asia,Boreal,Moist,Wetland,11,17.730096545537993,1.611826958685272,1.1305643742066775,-21.259517694610967,25.35806321417894,-5.118430115643542,8.366127437257392
Livestock,Eastern Asia,Tropical,Dry,Low Activity Clay,10,17.658373328353353,1.7658373328353352,3.975702560946628,-22.447542103586546,21.416091803288026,-4.8601664536091045,8.055233792542827
Livestock,Oceania,Tropical Montane,Dry,Sandy,9,17.087995161576394,1.8986661290640439,0.9954227480924578,-22.328215874711546,20.34807790177363,-1.7527384466192266,7.031396771382723
Livestock,Oceania,Tropical,Moist,Wetland,10,16.921017706063687,1.6921017706063686,2.956571596693082,-23.415729349986517,21.82855138926087,-5.047830047219245,7.374524231794849
Livestock,Eastern Asia,Boreal,Dry,High Activity Clay,10,16.862341638018673,1.6862341638018674,3.693852294997485,-16.39507913857845,17.175797192796473,-4.290730375086431,8.730072118875743
Livestock,South-Eastern Asia,Warm Temperate,Moist,High Activity Clay,11,16.26903495450383,1.4790031776821664,1.4063374840209526,-22.349873456244172,28.51553839417291,-7.3809629754007675,10.439822176730617
Livestock,South-Eastern Asia,Tropical,Moist,Sandy,11,15.996196774909563,1.4541997068099604,1.2382980076683445,-20.567256000311676,22.526042286055645,-6.641782145043552,10.469700532442618
Livestock,Oceania,Tropical Montane,Dry,Wetland,10,15.682161951767062,1.5682161951767062,1.6924958294081205,-16.232696343152817,20.83926786487043,-4.044557220934004,6.053453976106743
Livestock,North America,Tropical,Moist,High Activity Clay,7,15.318892176555028,2.1884131680792898,-0.7326197801999995,-41.44448989589999,49.23142045087501,-39.642555552599994,48.137388885300005
Livestock,Oceania,Warm Temperate,Moist,Wetland,10,15.252474870226761,1.5252474870226762,3.6302297935375876,-21.04791879155867,20.032453596160316,-5.499392193922031,10.439822176730617
Livestock,North America,Tropical Montane,Dry,Wetland,7,15.091297027052995,2.1558995752932852,-0.6526853058000004,-30.049357235625006,40.86712584045,-27.645408656774993,32.453305814474994
Livestock,Oceania,Tropical,Wet,High Activity Clay,10,14.803985638996574,1.4803985638996573,-0.30477032891695577,-23.163131851159264,22.77637735992358,-5.255682363389745,5.924979180502357
Livestock,North America,Tropical Montane,Dry,High Activity Clay,7,14.434427571419993,2.0620610816314278,-0.5482556568720002,-34.456596296850016,45.73225986907499,-32.453305814474994,36.05922868275002
Livestock,Oceania,Boreal,Moist,High Activity Clay,11,14.39392932229303,1.3085390292993664,1.5568138499466782,-20.293175981219566,25.947785614508682,-5.4484902522903775,8.73795532335772
Livestock,South-Eastern Asia,Boreal,Dry,High Activity Clay,11,14.325287016858276,1.3022988197143888,1.4963119333628412,-19.425184138428865,20.308147053811993,-5.882529219989886,8.0620350950322
Livestock,South America,Cool Temperate,Moist,Spodic,11,14.050206316396023,1.2772914833087294,0.26578876791738243,-20.646114660537858,29.45982006819485,-8.360623186203625,7.77878817557184
Livestock,South-Eastern Asia,Boreal,Moist,Sandy,11,13.942471556470668,1.2674974142246063,1.1738728361363862,-19.539209562272816,25.35806321417894,-6.509330257840351,7.312264108594849
Livestock,Oceania,Tropical,Moist,Volcanic,10,13.842054171528666,1.3842054171528666,1.078199101873274,-21.37402754589706,22.900743799175423,-6.518159698250851,10.014496161466848
Livestock,Eastern Asia,Cool Temperate,Moist,Low Activity Clay,10,13.728005641434176,1.3728005641434176,3.037693611834698,-19.166620116123234,21.79694649800042,-4.779632779267306,6.569923525186957
Livestock,Oceania,Boreal,Dry,Spodic,10,13.686408333960664,1.3686408333960665,3.6656790985662147,-18.983702680737295,19.354856392069255,-5.116206977118315,9.470545017042724
Livestock,South-Eastern Asia,Cool Temperate,Moist,High Activity Clay,11,13.514297496788197,1.2285724997080179,1.2785678155406364,-22.271050667286517,21.7761384302357,-7.215356845878709,7.808385608106899
Livestock,Europe,Tropical Montane,Dry,Wetland,7,13.251337168004987,1.8930481668578554,-2.503257433559998,-19.995808139999987,20.904708509999985,-3.7836938625750034,19.08690776999999
Livestock,North America,Boreal,Moist,Volcanic,7,13.113464250705022,1.873352035815003,-0.28972859916000004,-16.101757116899996,21.87976859932501,-13.226443346025004,20.94871461637501
Livestock,South-Eastern Asia,Tropical Montane,Dry,Spodic,11,13.061175109222727,1.1873795553838844,1.327322863429651,-19.200170664573502,20.800257410701935,-6.59176622844523,7.366225189067614
Livestock,North America,Tropical,Moist,Spodic,7,12.94455646672502,1.8492223523892886,-0.7000589010799995,-45.94932575415,50.32545201645001,-39.642555552599994,49.23142045087501
Livestock,Oceania,Boreal,Moist,Low Activity Clay,8,12.87984354207875,1.6099804427598436,3.5788482358527185,-20.415805186065864,20.776346837915263,-0.9389673326743295,16.759186760160347
Livestock,South-Eastern Asia,Boreal,Moist,High Activity Clay,11,12.807499707226848,1.1643181552024406,1.0029878326293973,-20.73379762254408,20.415805186065864,-5.330044812023195,9.929822393914849
Livestock,Central America,Tropical,Wet,Volcanic,11,12.657647840644263,1.1506952582403875,0.0709078685150285,-25.093355138036998,31.39326091374427,-8.471022700212892,11.203546596573847
Livestock,South-Eastern Asia,Cool Temperate,Moist,Spodic,11,12.26657650286542,1.1151433184423107,0.9176271660226403,-19.14624244475037,21.312569909155968,-5.360218755950116,8.753599841421273
Livestock,North America,Warm Temperate,Dry,Low Activity Clay,8,12.14969760345801,1.5187122004322513,-0.0454034588699998,-31.34279666700002,38.05911023850001,-0.5206263283759998,29.94978348180002
Livestock,Eastern Asia,Tropical,Dry,Volcanic,11,12.089776247946993,1.099070567995181,1.3484902379799715,-18.062133757371473,22.87627988078494,-7.050758086016677,6.171015192587024
Livestock,South-Eastern Asia,Tropical,Dry,High Activity Clay,11,11.983143684433095,1.0893766985848268,1.6408615244945952,-18.472636797311733,21.411271565999492,-5.890514502014886,6.954669842519948
Livestock,Oceania,Tropical,Wet,Low Activity Clay,11,11.953749473307601,1.0867044975734184,1.2015341852796964,-24.077746107497294,27.730486375076936,-6.6303338448478755,7.964529404719802
Livestock,North America,Tropical,Moist,Sandy,7,11.657979710782534,1.6654256729689334,-0.5494648351499998,-39.96432954247497,48.137388885300005,-33.78626893687498,37.80844381031248
Livestock,Europe,Tropical,Moist,Sandy,7,11.576800938497993,1.6538287054997132,-3.819072238379997,-18.77495759999999,23.602803839999996,-10.746738331631995,21.854447999999984
Livestock,Oceania,Cool Temperate,Moist,Volcanic,11,11.567592015403907,1.0515992741276279,1.3136196023430988,-17.91662315202824,20.828193320311513,-6.357950484402201,8.249139827256542
Livestock,Oceania,Warm Temperate,Dry,Low Activity Clay,11,11.542667615847158,1.0493334196224688,0.9564117437821296,-21.8499328960918,20.737507207355236,-7.011337772982723,7.679084227552507
Livestock,South-Eastern Asia,Tropical,Moist,Wetland,11,11.438339375454913,1.0398490341322648,1.1575394419508436,-23.936078891097324,23.936078891097328,-8.765494109123274,6.7893773038223
Livestock,Oceania,Warm Temperate,Moist,Low Activity Clay,11,11.421512540825722,1.0383193218932474,1.346493335764742,-28.51553839417291,23.352110988467327,-6.365490848436201,10.439822176730617
Livestock,South-Eastern Asia,Warm Temperate,Moist,Low Activity Clay,11,11.226091264423207,1.0205537513112006,1.2664177227830706,-20.091195210124177,23.352110988467327,-6.595754148230474,8.11536870993705
Livestock,South-Eastern Asia,Boreal,Dry,Wetland,11,11.150145045886065,1.0136495496260058,1.1931933798683494,-20.74962851150356,20.766925748517956,-5.073787129747613,9.470545017042724
Livestock,Oceania,Tropical Montane,Dry,Low Activity Clay,10,10.878571278133181,1.0878571278133182,2.9933145105537675,-19.9130781819873,17.15759931727845,-7.050758086016677,9.551369976978723
Livestock,Europe,Cool Temperate,Dry,High Activity Clay,6,10.854559043355,1.8090931738925,1.1187728863574988,-8.39561247,9.195194609999998,-1.0493636718600003,8.866794802500005
Livestock,South-Eastern Asia,Cool Temperate,Dry,Wetland,11,10.84261709764307,0.9856924634220973,1.2959670358384212,-21.755935876929936,26.69283233390608,-6.884705175418084,7.197646319755269
Livestock,Eastern Asia,Warm Temperate,Moist,Spodic,11,10.616176056273892,0.9651069142067175,1.1380302038133443,-20.032453596160316,21.526280582275906,-5.336328448718195,8.11536870993705
Livestock,Eastern Africa,Warm Temperate,Dry,High Activity Clay,12,10.580023581581052,0.881668631798421,2.72671202775668,-17.715845250739495,11.722407332926498,-5.691473256550725,9.18476435524997
Livestock,South-Eastern Asia,Cool Temperate,Dry,Spodic,11,10.486683028144087,0.9533348207403716,1.1413154068305948,-20.86102949517796,26.69283233390608,-6.341291838583385,6.971966653782723
Livestock,Oceania,Boreal,Dry,Wetland,10,10.45377765894941,1.045377765894941,3.615960543144722,-18.54222122304573,17.956515247014494,-6.302709878560593,6.341291838583385
Livestock,Oceania,Boreal,Moist,Sandy,10,10.437777917706155,1.0437777917706155,1.4158647502500061,-16.030526466240328,18.292025973191567,-6.419624132184807,5.113849350301473
Livestock,Eastern Asia,Boreal,Moist,Volcanic,9,10.372162339084579,1.1524624821205087,0.9176271660226403,-20.776346837915263,27.716952815497912,-8.182712895241627,10.606855738954499
Livestock,Caribbean,Boreal,Moist,Wetland,11,10.370161297761726,0.9427419361601569,0.3875415350355779,-24.62247068136757,30.100250939242564,-8.082226045695936,7.77878817557184
Livestock,Oceania,Tropical,Moist,High Activity Clay,9,10.353875724432754,1.1504306360480838,1.630110491870678,-20.567256000311676,21.056952571747672,-6.049381966394126,6.494186986264807
Livestock,North America,Warm Temperate,Moist,Volcanic,7,10.231492769891979,1.4616418242702827,-0.4016961367649997,-24.650180100000018,34.322441244,-22.18516209,23.171169294
Livestock,Eastern Asia,Tropical,Wet,High Activity Clay,10,10.199364475204007,1.0199364475204007,3.137095495689355,-23.784302457314585,20.66196259097558,-6.768768897248956,7.14119039547117
Livestock,Oceania,Tropical,Dry,Volcanic,10,10.026796764730236,1.0026796764730235,3.0189308006688416,-26.309786794678885,19.549421864608227,-6.030764847300956,10.006197118739614
Livestock,Eastern Asia,Tropical,Wet,Low Activity Clay,9,9.945111875067324,1.105012430563036,1.1214319062610503,-18.07087662085391,17.432559029751037,-5.236369008104928,6.994872212431108
Livestock,South-Eastern Asia,Tropical,Moist,High Activity Clay,11,9.936325324858407,0.9033023022598552,1.006607851343519,-20.044207106193234,22.303085115114353,-7.382220649622767,7.225152125162709
Livestock,Central America,Cool Temperate,Moist,Spodic,11,9.896654005283018,0.8996958186620926,0.06616696196838502,-23.24447113180856,27.538527455051703,-9.582022724322773,10.25053593764762
Livestock,North America,Cool Temperate,Moist,Wetland,7,9.87120415587399,1.4101720222677128,-0.21542340850799974,-18.91049642625001,24.549262633350008,-15.162779861775007,19.495002679425
Livestock,Oceania,Boreal,Dry,Sandy,11,9.820703420921088,0.8927912200837352,1.0149343354764437,-23.74409452239575,19.518833126341935,-6.341291838583385,10.147012518260059
Livestock,South-Eastern Asia,Warm Temperate,Dry,High Activity Clay,12,9.774474276991509,0.8145395230826257,-0.1589523687696236,-17.25930002833996,21.366226173316058,-6.348832202617385,10.20438186338006
Livestock,Oceania,Boreal,Moist,Volcanic,11,9.75383632034489,0.8867123927586263,1.5568138499466782,-19.539209562272816,23.202106863323138,-7.114849351592939,9.704144612234968
Livestock,North America,Cool Temperate,Dry,Wetland,7,9.70063771801597,1.3858053882879957,-0.2737163013750001,-20.912154154125012,29.76334498214999,-20.912154154125012,22.059890986770004
Livestock,Central America,Boreal,Moist,Sandy,11,9.6736685808724,0.8794244164429454,0.14936471492080736,-20.165972459130007,24.62247068136757,-7.815365152320781,8.519625144673919
Livestock,South-Eastern Asia,Boreal,Moist,Spodic,11,9.497198223038833,0.8633816566398939,1.2297715426190707,-20.964072336963405,19.539209562272816,-7.05850126227265,6.041206558606626
Livestock,South-Eastern Asia,Tropical Montane,Dry,Wetland,11,9.452631062760272,0.8593300966145702,1.5662769097448408,-21.832033299717956,21.33585072472437,-6.894074572994083,9.551369976978723
Livestock,Central America,Warm Temperate,Dry,Low Activity Clay,12,9.421527855619258,0.7851273213016049,0.047440998538936185,-18.811543147460362,28.328139145892067,-1.3874151012358835,7.54903162290717
Livestock,Eastern Asia,Cool Temperate,Dry,Wetland,10,9.373725817245164,0.9373725817245164,3.7674525261175713,-20.39598740174949,20.367259118828024,-6.351630802121801,6.971966653782723
Livestock,Eastern Asia,Warm Temperate,Moist,Wetland,11,9.269935217103537,0.8427213833730488,1.286649187508531,-22.3368018150557,22.846537310827372,-5.376870380561032,7.520635271244732
Livestock,Eastern Asia,Cool Temperate,Dry,High Activity Clay,11,9.18834425216084,0.8353040229237128,1.5675648825705955,-21.755935876929936,21.335143801886545,-5.427772278334657,9.921523351187615
Livestock,Eastern Asia,Tropical,Moist,Wetland,10,9.032149678944485,0.9032149678944486,3.099447486471024,-22.375030267764895,22.375030267764895,-6.049381966394126,7.776865177250071
Livestock,South-Eastern Asia,Boreal,Moist,Volcanic,11,9.02324042770326,0.82029458433666,0.9176271660226403,-27.716952815497912,25.35806321417894,-6.812089804716644,7.312264108594849
Livestock,South-Eastern Asia,Tropical,Moist,Spodic,11,8.998867806780096,0.8180788915254632,1.1844589638566771,-23.415729349986517,23.415729349986517,-6.596878027322473,7.124500135297439
Livestock,South-Eastern Asia,Cool Temperate,Moist,Low Activity Clay,11,8.977688236441182,0.8161534760401075,1.3136196023430988,-22.28132308684487,22.765962904337325,-5.900713382825076,7.312264108594849
Livestock,North America,Tropical Montane,Dry,Volcanic,7,8.962508023229983,1.2803582890328546,-0.6249114630000003,-33.226003571962494,40.86712584045,-32.91120078187501,34.771399086937485
Livestock,South-Eastern Asia,Tropical Montane,Dry,High Activity Clay,11,8.909242519091501,0.8099311380992273,1.386314990693191,-20.335239478969246,20.83926786487043,-6.272212180883541,7.769435154173882
Livestock,Europe,Cool Temperate,Dry,Volcanic,6,8.862409749622508,1.4770682916037512,0.09503165905874972,-8.995299074999998,10.922863162500004,-1.1082565309950017,7.853038875000004
Livestock,South-Eastern Asia,Cool Temperate,Dry,High Activity Clay,11,8.816674683125697,0.8015158802841543,1.1153764203117176,-19.912800881760777,19.904366866127393,-6.302709878560593,8.241191430477361
Livestock,Oceania,Cool Temperate,Dry,Spodic,11,8.691088448011927,0.7900989498192661,1.2295770113187006,-12.750815787721399,16.046624177767484,-4.389893552417241,5.406042282432813
Livestock,Western Africa,Warm Temperate,Moist,Sandy,10,8.68365994176564,0.868365994176564,0.34801751932571534,-9.924073252376303,14.055647409381697,-5.88754224883125,6.554558929476977
Livestock,North America,Warm Temperate,Dry,High Activity Clay,8,8.595862094128004,1.0744827617660004,-0.0216206947,-30.64629007440002,35.521836222600015,-0.5569490954719998,32.73580985220002
Livestock,Oceania,Warm Temperate,Moist,High Activity Clay,9,8.57520479141195,0.9528005323791056,4.804862893267306,-27.302111228463424,19.180008762281147,-8.382955973064178,8.476051763712032
Livestock,South-Eastern Asia,Tropical,Wet,Volcanic,11,8.502162544423747,0.7729238676748861,1.300134448167223,-21.12111731521948,21.580272039463384,-6.53342951075022,7.214182779305389
Livestock,South-Eastern Asia,Warm Temperate,Moist,Sandy,11,8.411891452468709,0.7647174047698826,1.0334337752403975,-20.032453596160316,20.032453596160316,-7.1232873780119395,8.476051763712032
Livestock,Eastern Asia,Boreal,Dry,Wetland,11,8.393602616834126,0.7630547833485569,1.167254393349472,-21.659005962553685,19.866665596120427,-8.543821161085592,9.470545017042724
Livestock,Oceania,Warm Temperate,Dry,Wetland,12,8.366439906814662,0.6972033255678886,0.04701758519143184,-22.386772909045135,27.40934526179358,-6.45041685173416,8.553994668115593
Livestock,Oceania,Cool Temperate,Dry,Wetland,11,8.309435507582396,0.7554032279620361,0.9069625976598006,-16.462448866300946,21.2930436242293,-8.353958468617027,6.141933472063085
Livestock,Western Africa,Warm Temperate,Moist,Wetland,11,8.309426607442177,0.7554024188583797,2.34348681934514,-14.101843049193358,17.138251452006962,-7.2039041991494965,7.303653506996539
Livestock,South-Eastern Asia,Tropical,Wet,Low Activity Clay,11,8.225028592503147,0.7477298720457406,1.2210160512989257,-21.19180148084784,24.865407114465246,-6.53342951075022,7.602505340868902
Livestock,South-Eastern Asia,Cool Temperate,Moist,Volcanic,11,8.140195535811785,0.7400177759828895,1.5921959829000119,-22.28132308684487,20.547326483683662,-6.812089804716644,7.531823320538581
Livestock,South-Eastern Asia,Boreal,Dry,Low Activity Clay,11,8.065115732730476,0.7331923393391342,1.2191323663872262,-19.425184138428865,20.74962851150356,-6.582830317607729,8.730072118875743
Livestock,Europe,Warm Temperate,Moist,Volcanic,7,7.860762241894491,1.122966034556356,-1.1694572783775001,-3.898145839328999,11.113237124999987,-3.37562269275,5.318400524976004
Livestock,Europe,Cool Temperate,Dry,Low Activity Clay,7,7.823883810515003,1.117697687216429,-0.9592397510625009,-10.680132870000003,10.680132870000003,-1.4972313915624995,10.437402577500004
Livestock,Central America,Boreal,Dry,Low Activity Clay,11,7.676501544319917,0.6978637767563561,0.03495596993530463,-22.990715326641777,26.161643143073423,-6.982932366752302,7.489824333792148
Livestock,Caribbean,Cool Temperate,Dry,Volcanic,11,7.6286596437751575,0.6935145130704689,0.19798755794354037,-22.585553558005504,27.945391539192066,-9.330540941721747,6.304186098081448
Livestock,South-Eastern Asia,Tropical,Dry,Sandy,11,7.5126441168831475,0.6829676469893771,1.2767015871497258,-20.929362444122393,20.014884289956047,-6.030764847300956,8.055233792542827
Livestock,South-Eastern Asia,Tropical,Moist,Low Activity Clay,11,7.495598897846607,0.6814180816224188,1.5560145604220106,-23.91855463469433,23.936078891097328,-7.382220649622767,8.574939889359726
Livestock,Oceania,Tropical,Wet,Spodic,9,7.463871086451672,0.8293190096057413,-1.3082314835345636,-21.51628375563588,30.310066502991063,-7.14119039547117,6.611355667080375
Livestock,North America,Tropical Montane,Dry,Low Activity Clay,7,7.460218851487501,1.0657455502125002,-0.6387983844000003,-36.316794601912484,42.81317945189999,-35.25791248980002,36.860544875700015
Livestock,North America,Tropical,Dry,Wetland,7,7.303445827833031,1.0433494039761473,-0.6927677028359999,-36.40808102343749,38.446933560750004,-31.94202308456248,38.058580696499995
Livestock,Oceania,Boreal,Dry,Volcanic,11,7.242998802439433,0.658454436585403,1.3466795838252434,-19.815686306166143,20.766925748517956,-7.041175747586678,8.0620350950322
Livestock,Southern Africa,Warm Temperate,Moist,Wetland,12,7.181779584830741,0.5984816320692284,-0.34801751932571534,-10.43806910118964,14.367995129590177,-5.383004413589646,9.491417746619623
Livestock,Eastern Asia,Boreal,Dry,Sandy,11,7.135919691069064,0.6487199719153695,1.0149343354764437,-25.44010127399545,19.815686306166143,-6.571764031080899,7.801962683994952
Livestock,Caribbean,Tropical,Moist,Low Activity Clay,11,7.074853325961047,0.643168484178277,0.271950857508348,-22.022066456228576,25.13930579949257,-8.504902672953422,9.636278167134773
Livestock,Eastern Asia,Boreal,Dry,Low Activity Clay,11,7.066824810671683,0.6424386191519712,0.9285569452231295,-24.309430106262315,24.309430106262315,-6.571764031080899,8.353958468617027
Livestock,South America,Tropical,Moist,High Activity Clay,11,6.984531701587441,0.6349574274170401,0.4120510696673279,-23.000824965394283,24.60442695269485,-8.585980614714572,10.08447715165267
Livestock,Central Asia,Warm Temperate,Moist,Low Activity Clay,11,6.958073009278555,0.632552091752596,-2.593755377644163,-23.891253855563654,31.98448955207476,-12.802872804893996,12.802872804893996
Livestock,South America,Tropical Montane,Dry,Spodic,11,6.9149906164262385,0.6286355105842035,0.30258479961340373,-20.759192703596785,22.006384850529635,-7.091312433553145,6.7895544576572675
Livestock,South-Eastern Asia,Tropical Montane,Dry,Low Activity Clay,11,6.861852372129923,0.6238047611027203,1.4097852487972429,-21.787756584609912,21.302362706311992,-8.935699384761733,8.617226847836514
Livestock,Caribbean,Cool Temperate,Dry,Sandy,11,6.6937695680611276,0.6085245061873752,0.13050508906846733,-22.490917167366952,27.945391539192066,-7.149192661198786,6.6043854360853285
Livestock,Europe,Warm Temperate,Dry,Low Activity Clay,7,6.654129110171988,0.9505898728817126,-1.6434793241999996,-13.191274743750004,16.224927074999997,-11.214287831250001,12.498193125000004
Livestock,South America,Tropical,Dry,Sandy,11,6.607342557374309,0.6006675052158463,0.19004524650552143,-22.006384850529635,22.98444639944207,-7.021898314052302,7.912852695864403
Livestock,South America,Boreal,Moist,Low Activity Clay,11,6.607088729470161,0.6006444299518328,0.06194353886401983,-23.050823616599427,24.3256093239857,-8.646102281442165,10.02769819987267
Livestock,Europe,Tropical,Wet,Low Activity Clay,6,6.552009452767478,1.0920015754612462,-0.21240871511624926,-25.640571465,24.25738443749999,-11.149116552000002,19.50913046249999
Livestock,Europe,Cool Temperate,Moist,Low Activity Clay,5,6.529270917645007,1.3058541835290014,0.8618711339699996,-7.1856615599999945,7.401464707500002,-1.1099855513250005,6.5615821875
Livestock,Oceania,Tropical,Moist,Low Activity Clay,11,6.457620760795063,0.5870564327995512,-1.272975228642451,-20.044207106193234,23.91855463469433,-6.596878027322473,6.343839417189214
Livestock,Europe,Tropical,Dry,Low Activity Clay,6,6.438168257377522,1.0730280428962538,-2.7400965655612506,-29.407949077499982,23.634979593750003,-3.429289190250001,21.120620062500002
Livestock,Caribbean,Tropical,Dry,Sandy,11,6.406636070280703,0.5824214609346093,0.18195821473932883,-25.600597161560994,25.600597161560994,-9.804534110990712,9.595927002246231
Livestock,South-Eastern Asia,Tropical,Wet,Sandy,11,6.401887999472123,0.5819898181338293,1.4210771875316157,-22.540868696380446,23.243750128739254,-6.207121046240565,8.068903345416176
Livestock,North America,Tropical,Wet,Spodic,7,6.373586312055003,0.9105123302935718,-0.7075352582760004,-34.39788994687501,37.14972114262501,-32.33401655006251,36.85488208593751
Livestock,Oceania,Cool Temperate,Moist,Sandy,11,6.355413099138446,0.5777648271944043,1.5568138499466782,-23.26087514138814,21.481295869305647,-5.900713382825076,7.312264108594849
Livestock,Europe,Tropical,Moist,Wetland,7,6.348565496574016,0.9069379280820024,-2.5639551472499997,-25.212085919999993,24.47698176,-21.854447999999984,23.602803839999996
Livestock,Caribbean,Cool Temperate,Moist,Low Activity Clay,11,6.3271348201557815,0.5751940745596165,0.1428705968807722,-22.08654126476143,27.538527455051703,-10.250535937647618,7.313499902989028
Livestock,Caribbean,Cool Temperate,Moist,Wetland,11,6.320196364477348,0.5745633058615771,0.10379706092268759,-25.406747516162845,27.538527455051703,-7.313499902989028,8.27018479094468
Livestock,Oceania,Warm Temperate,Moist,Sandy,11,6.305562318589679,0.5732329380536072,1.2664177227830706,-25.481970479899196,21.047918791558665,-6.517050154351351,8.476051763712032
Livestock,Central America,Warm Temperate,Moist,Volcanic,11,6.295553487429964,0.5723230443118149,0.2651310120120176,-27.88870079735171,27.888700797351703,-8.384148998403626,8.483919643473422
Livestock,North America,Cool Temperate,Dry,Volcanic,7,6.293623905227003,0.8990891293181432,-0.27590603178599993,-21.398483320500013,25.600367317980012,-20.42582498775001,22.876923986280012
Livestock,Central America,Tropical Montane,Dry,Volcanic,11,6.225244525230038,0.565931320475458,0.10381030717471734,-18.992452899035364,22.020911897517305,-7.5688156221311695,6.487796481761389
Livestock,South-Eastern Asia,Boreal,Dry,Sandy,11,6.153091431731279,0.5593719483392072,1.2114474465446108,-21.659005962553685,20.74962851150356,-6.945224394638949,8.733683853554162
Livestock,Central America,Boreal,Dry,High Activity Clay,11,6.15276317013272,0.5593421063757018,0.23853087907624673,-21.989576998735853,27.350808740485853,-9.330540941721747,8.18655217879607
Livestock,Central America,Cool Temperate,Dry,Sandy,11,6.112994125993102,0.5557267387266456,0.3204200796878245,-20.55547415099221,21.112582673787752,-7.182695325313933,9.745231650242712
Livestock,Europe,Warm Temperate,Moist,Spodic,6,6.096897708917485,1.0161496181529142,0.033024541083750414,-13.315208759999992,12.839665589999989,-3.69711056825,10.203502364999988
Livestock,South-Eastern Asia,Boreal,Moist,Low Activity Clay,11,6.053752245661405,0.5503411132419459,1.2856702491017562,-21.42994061111815,22.214783167011515,-6.901645678666592,8.552041380307553
Livestock,Eastern Asia,Tropical Montane,Dry,High Activity Clay,10,6.041083654644666,0.6041083654644666,3.130588979923755,-24.97865100219575,20.34807790177363,-6.737391059971492,7.985093067233887
Livestock,South-Eastern Asia,Tropical,Wet,Spodic,11,5.993511833505256,0.5448647121368414,1.6941433606035792,-23.243750128739254,23.56545363712501,-8.210499596809962,6.994872212431108
Livestock,Northern Africa,Tropical,Dry,Low Activity Clay,11,5.973130827241455,0.5430118933855869,-2.662929926701913,-24.745514470340403,32.572646897901656,-8.128218685038563,12.738697149490681
Livestock,Eastern Asia,Tropical,Moist,Volcanic,9,5.951750552978586,0.6613056169976207,1.5560145604220106,-21.546649143183668,20.044207106193234,-4.98141612812265,6.518159698250849
Livestock,Western Africa,Boreal,Dry,Wetland,10,5.841538299280032,0.5841538299280031,-0.11882801523474296,-13.286247316347499,16.18738835948299,-6.871405273095002,7.8049603632925475
Livestock,North America,Cool Temperate,Moist,Spodic,7,5.805321141329493,0.829331591618499,-0.25062788327499974,-21.179755997399994,22.623830269949995,-16.967872702462504,21.661114088249995
Livestock,North America,Warm Temperate,Dry,Volcanic,8,5.771031751310015,0.7213789689137519,0.004540345887000002,-24.029477444700003,29.22840165375002,-0.50808632545,24.029477444700003
Livestock,Central America,Cool Temperate,Dry,High Activity Clay,11,5.767230915074959,0.524293719552269,0.3204200796878245,-23.490513485916594,26.161643143073423,-8.01237021754509,8.915850233200777
Livestock,Eastern Asia,Boreal,Moist,High Activity Clay,10,5.690676300310822,0.5690676300310822,-0.20512115947833343,-18.292025973191567,22.708445015167324,-5.357365986030117,5.4484902522903775
Livestock,South-Eastern Asia,Warm Temperate,Moist,Wetland,11,5.6624617397419374,0.5147692490674488,1.3764154098928474,-19.606231179220735,17.9013415114624,-8.954521153045825,6.6069323772349575
Livestock,South America,Cool Temperate,Moist,Volcanic,11,5.58947276036077,0.5081338873055246,0.1428705968807722,-22.385666196054004,25.050626457489003,-7.8942673004471935,6.9810680892168
Livestock,Eastern Asia,Boreal,Moist,Spodic,10,5.574317323299769,0.5574317323299769,2.071219884732795,-20.776346837915263,21.721121318855698,-7.114849351592939,6.603179261732823
Livestock,Europe,Cool Temperate,Dry,Wetland,7,5.464192231192502,0.7805988901703574,-0.8245000278900003,-7.046317608750001,11.408323747500004,-6.2967093525,8.39561247
Livestock,North America,Warm Temperate,Moist,Spodic,7,5.449371603402004,0.7784816576288577,-0.5049894290760001,-30.894892392,37.515226476,-27.58472535000002,26.99781630000002
Livestock,Eastern Asia,Tropical,Dry,Wetland,9,5.446844543417945,0.6052049492686605,1.6035692171197178,-18.062133757371473,18.472636797311733,-5.890514502014886,7.701053606752507
Livestock,South-Eastern Asia,Warm Temperate,Dry,Spodic,12,5.42353419903656,0.45196118325304663,0.19275722417722851,-19.547823945799795,19.94993873121425,-6.104022049805279,9.524089739154723
Livestock,Central America,Boreal,Dry,Spodic,11,5.422846616016443,0.4929860560014948,0.03416151607313871,-21.99111900809213,22.467611281317073,-7.481713250091751,9.537886295982231
Livestock,Western Asia,Warm Temperate,Dry,Sandy,12,5.386571107962059,0.4488809256635049,0.02687414033078639,-19.984625062088146,23.308573656318977,-5.156128140992697,9.8184262295856
Livestock,South America,Warm Temperate,Dry,Volcanic,12,5.342213513117853,0.44518445942648777,0.10378576972686389,-23.299212771841777,27.72541278108585,-1.5796062117565965,8.737717800524294
Livestock,South-Eastern Asia,Tropical,Wet,High Activity Clay,11,5.334841994747578,0.4849856358861434,1.6573141571121972,-22.670299258581412,20.66196259097558,-6.926182127417534,9.566384292359404
Livestock,Europe,Tropical,Dry,Wetland,6,5.3221477199499905,0.887024619991665,0.25925174995499733,-24.218311004999997,23.896472984999992,-5.6755643318,10.80104657184
Livestock,Central Asia,Cool Temperate,Moist,Spodic,11,5.313038794864818,0.48300352680589254,-2.593653978182048,-25.165652849905303,32.86071163265587,-9.032286104605994,11.086801264811001
Livestock,South-Eastern Asia,Warm Temperate,Moist,Spodic,11,5.2470984961276175,0.47700895419341977,1.295199943755414,-26.08868406275394,26.695397645608686,-7.1232873780119395,8.954521153045823
Livestock,South-Eastern Asia,Boreal,Dry,Spodic,11,5.2453495205805085,0.47684995641640987,1.6031913571744725,-24.874765690128882,20.74962851150356,-5.882529219989886,6.571764031080899
Livestock,Western Asia,Tropical Montane,Dry,Low Activity Clay,11,5.22666439294353,0.4751513084494118,-2.499811186156373,-21.140354669586436,31.186576817139873,-9.626182775396703,12.738697149490681
Livestock,South America,Tropical,Wet,Volcanic,11,5.171473252078652,0.4701339320071502,0.3087239744140629,-24.798870211589982,29.300376852827988,-8.370078931069378,8.37007893106938
Livestock,Caribbean,Boreal,Dry,Spodic,11,5.0995337079460095,0.4635939734496372,0.03336706221097272,-21.603572968527,25.567060344367203,-6.6043854360853285,7.31564237254117
Livestock,Caribbean,Warm Temperate,Moist,Sandy,11,5.071688544873867,0.46106259498853336,0.08603357514547488,-22.803086399719284,29.83442410879485,-8.672451191106164,7.83233890768337
Livestock,South-Eastern Asia,Cool Temperate,Moist,Sandy,11,5.047426656309337,0.4588569687553943,1.0029878326293973,-21.94828056211664,18.333288806726568,-8.182712895241627,8.753599841421273
Livestock,South America,Tropical,Dry,Low Activity Clay,11,5.041012068471541,0.4582738244065037,0.18195821473932883,-21.02832330161721,24.069368818216592,-6.7895544576572675,7.709726339875129
Livestock,Central America,Tropical Montane,Dry,Spodic,11,5.000600097192885,0.45460000883571683,0.012283848086220704,-22.006384850529635,22.53302612769213,-6.940433445605207,6.7895544576572675
Livestock,Central America,Cool Temperate,Moist,Volcanic,11,4.908476905932529,0.44622517326659356,0.09918385821501265,-22.08654126476143,26.898096584003994,-8.542375864164573,7.81214762364737
Livestock,Caribbean,Warm Temperate,Moist,Wetland,11,4.879815016059156,0.4436195469144687,0.12519824424452508,-20.377226144430008,24.903902745117566,-8.106856548207936,9.611931191658773
Livestock,Central America,Tropical,Moist,Wetland,11,4.8722444798368665,0.44293131634880606,0.26986322913731287,-23.534669259099427,25.985602848462843,-8.56571629376592,10.08447715165267
Livestock,Western Africa,Warm Temperate,Dry,Low Activity Clay,11,4.868297823975073,0.4425725294522794,2.905798331644796,-16.945591109402994,17.330718180071244,-7.261729909539273,8.237744200814179
Livestock,Southern Asia,Tropical,Moist,Low Activity Clay,11,4.855894481091719,0.44144495282651985,0.4179915400802367,-2.37944053509624,3.898125990987926,-1.3597689942317088,2.273845723728742
Livestock,South America,Warm Temperate,Dry,Wetland,12,4.8197543252104165,0.4016461937675347,-0.04593057938933222,-19.249020895075716,20.561454137921785,-1.356583654541753,9.777922300586711
Livestock,South-Eastern Asia,Tropical,Dry,Low Activity Clay,11,4.770292523275931,0.4336629566614482,1.168046132924217,-21.395826412437742,18.062133757371473,-7.3641251120618625,10.688437831380952
Livestock,Oceania,Warm Temperate,Moist,Spodic,10,4.764434611816171,0.47644346118161707,1.3601659365796905,-21.156197190855867,15.286063383287287,-2.2357026560046,5.262468883102287
Livestock,Northern Africa,Warm Temperate,Dry,Spodic,12,4.755803250678527,0.3963169375565439,-0.08536656129659947,-25.01706831723451,30.82032855363987,-6.3716971653965055,9.51893317210371
Livestock,Europe,Cool Temperate,Moist,Spodic,7,4.750203482157503,0.6786004974510719,-0.7160495027174995,-7.086508762499993,7.1856615599999945,-2.7405412256250012,6.707395125000001
Livestock,Southern Asia,Tropical,Dry,Wetland,11,4.680334831660139,0.4254849846963763,0.6092431156652393,-2.46477560483415,3.9858289790059804,-1.0248875458215583,2.317051198954117
Livestock,Western Africa,Warm Temperate,Dry,Sandy,12,4.675858439931008,0.38965486999425064,-0.006929096464800111,-11.722407332926498,18.10097232140774,-6.207939967912501,7.518288840058932
Livestock,Central Africa,Warm Temperate,Dry,Sandy,12,4.654072112269745,0.3878393426891454,-0.3216928012480005,-13.117932015417747,16.175336968066496,-5.916958892536129,7.107225017846949
Livestock,Oceania,Cool Temperate,Moist,Wetland,11,4.589415080849996,0.4172195528045451,1.45557099072,-20.547326483683666,25.423351377196443,-6.744790095060533,6.462686085951275
Livestock,South-Eastern Asia,Tropical,Dry,Wetland,11,4.553067675082726,0.41391524318933876,1.5662769097448408,-26.309786794678885,20.95103929668078,-6.311265537873093,8.175214330739454
Livestock,Eastern Asia,Cool Temperate,Dry,Sandy,11,4.543984361364066,0.41308948739673323,1.3241402322696914,-26.124899731057013,20.058906829467738,-6.794241255625057,8.733683853554162
Livestock,Southern Asia,Boreal,Dry,Spodic,11,4.53940870354545,0.41267351850413186,0.4790815502346989,-2.2507670165571123,3.3732025279331306,-1.1138061736429616,1.9758947833741147
Livestock,Europe,Boreal,Dry,Wetland,5,4.4570291667449995,0.8914058333489999,0.49488404111999995,-4.747488569999999,5.071180972499999,-1.2848687568750004,4.92332148
Livestock,Western Asia,Cool Temperate,Dry,Spodic,11,4.455231591074714,0.4050210537340649,-2.250832099095009,-22.41199411094809,31.64481014540165,-11.536961113228795,9.590445452568003
Livestock,Central Asia,Tropical,Moist,Spodic,11,4.447219192026088,0.40429265382055346,-3.112117556327045,-21.854696975859003,26.960506989664054,-9.728793989069404,12.843597156848997
Livestock,Northern Africa,Cool Temperate,Moist,Sandy,11,4.408328552964732,0.400757141178612,-2.452647048697913,-20.833696071066754,26.239372292164056,-10.379133098972003,10.343709079749003
Livestock,Europe,Cool Temperate,Moist,High Activity Clay,7,4.379100320260002,0.6255857600371432,-0.8618711339699996,-5.144280435,7.401464707500002,-2.9329881205800024,6.41576925
Livestock,South America,Tropical,Wet,Low Activity Clay,11,4.3790720353246275,0.39809745775678435,0.07405932933791864,-25.979768793094273,31.39326091374427,-8.27207968414787,9.277786766899833
Livestock,Caribbean,Tropical Montane,Dry,Low Activity Clay,11,4.377406759555974,0.39794606905054314,0.21738911819953052,-19.875822801316076,21.517354076073424,-8.761498567268294,6.3369174938134485
Livestock,North America,Boreal,Dry,Low Activity Clay,7,4.353573588097508,0.6219390840139297,-0.27739972260000006,-16.756052592824997,20.1828137511,-15.852143153437488,16.998893934749994
Livestock,Caribbean,Warm Temperate,Moist,High Activity Clay,11,4.346501882814813,0.39513653480134664,0.11975484232085014,-24.080124740697126,28.537275234499422,-9.611931191658773,8.173509846986882
Livestock,South-Eastern Asia,Tropical,Moist,Volcanic,11,4.271530727443528,0.3883209752221389,1.2113784857625107,-21.056952571747672,18.66819610490505,-7.382220649622767,8.437443578377392
Livestock,Northern Africa,Tropical,Moist,High Activity Clay,11,4.258988042645116,0.38718073114955603,-3.2568672101096987,-28.210873033033636,32.35073781557477,-9.930705754801497,13.41442369715339
Livestock,Central Africa,Warm Temperate,Moist,Wetland,12,4.234997999936338,0.3529164999946948,0.07071315999291472,-14.367995129590177,17.899951516540593,-4.914917073277503,7.256586426592502
Livestock,Southern Asia,Tropical,Dry,High Activity Clay,11,4.226074813087336,0.384188619371576,0.45472370318234895,-2.202565434107112,3.8125320668752853,-1.0514434674546491,1.570469323093115
Livestock,Western Asia,Tropical,Wet,Wetland,11,4.221172031822038,0.3837429119838216,-3.047530842484908,-21.893508673096502,31.18627257497072,-8.46802696333499,9.594102756055795
Livestock,Central Asia,Cool Temperate,Moist,Wetland,11,4.219215364378512,0.3835650331253193,-2.670639654494221,-21.318200630859003,25.165652849905303,-9.418560253675595,10.850911876198007
Livestock,Southern Asia,Cool Temperate,Moist,High Activity Clay,11,4.116103799448872,0.374191254495352,0.5229241190939191,-2.4183129917996893,3.253676111129964,-1.0721096526542349,2.1883692918668713
Livestock,Caribbean,Tropical,Dry,Low Activity Clay,11,4.102491800373855,0.3729538000339868,0.30258479961340373,-18.992452899035364,22.495415624985853,-9.804534110990712,6.487796481761389
Livestock,Eastern Asia,Tropical,Moist,Sandy,11,4.062176198592706,0.3692887453266096,1.1575394419508436,-28.61792869308317,22.526042286055645,-5.172462930781475,9.559291790491082
Livestock,Southern Asia,Warm Temperate,Moist,Volcanic,11,4.04710207576613,0.3679183705241936,0.5517157815647992,-2.7508950789784543,3.292192379378828,-1.4984961182942094,1.9946649947906228
Livestock,Caribbean,Tropical Montane,Dry,Wetland,11,4.030449365842015,0.36640448780381957,0.2897088506936843,-18.992452899035364,22.495415624985853,-7.88494739305411,7.189086369148785
Livestock,Europe,Warm Temperate,Dry,Wetland,7,4.007516060074996,0.5725022942964281,1.5571294199999999,-10.498482225000002,10.021278487500002,-2.85768046575,5.123217067924996
Livestock,North America,Tropical,Wet,Sandy,7,3.9821139633674916,0.5688734233382131,-0.6910809499440004,-46.781130327749985,52.35031250962498,-29.582185354312507,28.894227555375007
Livestock,South America,Cool Temperate,Moist,High Activity Clay,11,3.964608292848871,0.36041893571353373,0.13962353786075488,-23.78504022789713,27.538527455051703,-8.704834386949438,8.27018479094468
Livestock,Caribbean,Warm Temperate,Dry,Wetland,12,3.9633784503134244,0.3302815375261187,0.005328754842719531,-20.81295454974221,26.519960051473422,-1.1941448657829061,7.671499356738234
Livestock,Northern Africa,Warm Temperate,Dry,Low Activity Clay,12,3.936895657045303,0.32807463808710857,0.08170602980119379,-23.838313966689864,24.532503613202937,-5.734335224089709,9.307401323834739
Livestock,Caribbean,Tropical,Moist,Wetland,11,3.9364048178861175,0.3578549834441925,0.3857499375609027,-22.51144571081143,25.985602848462843,-7.855258860270781,8.565716293765918
Livestock,South-Eastern Asia,Tropical Montane,Dry,Volcanic,11,3.9198712036873347,0.3563519276079395,1.4404327542058786,-27.952299931028577,25.573380787962314,-6.414762457721801,8.935699384761731
Livestock,Central Africa,Warm Temperate,Dry,Wetland,12,3.9132350772948463,0.32610292310790384,-0.20264023766628547,-10.411371621618748,10.411371621618748,-4.999023489873217,7.547227583100699
Livestock,North America,Warm Temperate,Moist,Sandy,7,3.8910413188020074,0.5558630455431439,-0.5279434940340001,-30.237554256,35.120637552000005,-22.18516209,21.692158488
Livestock,North America,Warm Temperate,Moist,High Activity Clay,7,3.8531485856010352,0.5504497979430051,-0.4195492983989997,-29.791503377999987,28.265539848,-21.199154886,26.99781630000002
Livestock,Southern Asia,Tropical,Moist,Wetland,11,3.8291364725849375,0.3481033156895398,0.5436419195433589,-2.721594614918454,3.982867860357229,-1.0987609594929664,1.9812811482618728
Livestock,Caribbean,Tropical,Wet,Low Activity Clay,11,3.793162353381879,0.34483294121653446,0.4541684201961497,-25.06614301533857,25.979768793094273,-8.874404733556363,8.364817141479515
Livestock,Western Africa,Warm Temperate,Dry,Volcanic,12,3.7915156881524505,0.3159596406793709,0.1493820015434284,-10.411371621618748,13.67808481204311,-5.221202311645359,6.48047878706338
Livestock,Southern Asia,Boreal,Moist,Spodic,11,3.761944037631858,0.34199491251198705,0.5107630930684792,-1.9904778602604898,3.223441349217657,-1.3491662105100866,1.9687073359426859
Livestock,Southern Asia,Tropical,Wet,Low Activity Clay,11,3.7597972459673263,0.3417997496333933,0.3509811657071967,-1.9215879569106786,3.1691900411201597,-1.0715626889552745,1.900733373011989
Livestock,Southern Asia,Cool Temperate,Dry,High Activity Clay,11,3.734113489494306,0.33946486268130055,0.6133473403611793,-2.588304826984304,4.136695462071328,-1.1969574977235873,1.578910074984366
Livestock,South America,Boreal,Moist,Sandy,11,3.7055256101252363,0.33686596455683965,0.13637647884073734,-24.62247068136757,22.385666196054004,-9.582022724322773,8.834061026690907
Livestock,South America,Warm Temperate,Dry,Spodic,12,3.6077754590222617,0.3006479549185218,-0.0506518392556208,-18.811543147460362,21.390661504437755,-1.7676545702990496,8.737717800524294
Livestock,Southern Asia,Tropical,Moist,Sandy,11,3.5816734371649264,0.3256066761059024,0.3907312222489169,-2.37944053509624,3.1716811372176568,-0.9341174411191008,1.6915001396714902
Livestock,South America,Boreal,Dry,High Activity Clay,11,3.5722996052038445,0.3247545095639859,0.1365750932111868,-19.027707510475715,21.603572968527,-8.708504878940294,8.037778102137022
Livestock,Central Asia,Cool Temperate,Moist,Low Activity Clay,11,3.51455608973254,0.3195050990665945,-2.533336443805722,-24.618573440124752,30.763219400784212,-8.840109804507993,10.379133098972003
Livestock,Southern Asia,Warm Temperate,Moist,Low Activity Clay,11,3.5107850015834643,0.319162272871224,0.5517157815647992,-2.1837095709812373,3.3653522100316913,-1.205063942262384,1.6345341197437413
Livestock,Southern Asia,Tropical Montane,Dry,Volcanic,11,3.4945932642789614,0.3176902967526329,0.5827542845493593,-2.418596898529927,3.2496720493813624,-1.3039808857535171,1.7602195244782453
Livestock,Southern Asia,Boreal,Dry,Low Activity Clay,11,3.46652484900785,0.31513862263707726,0.45825191761579886,-3.148523853443114,3.6966214767445913,-1.1138061736429616,1.9550559732878088
Livestock,Southern Asia,Tropical,Wet,Volcanic,11,3.4438924343710124,0.3130811303973648,0.3509811657071967,-2.6259196357791925,3.487367937321296,-1.16357240347638,1.9386229641547452
Livestock,Oceania,Boreal,Moist,Spodic,10,3.4276817371964174,0.34276817371964174,-0.053350416629223574,-20.85962703793685,25.947785614508682,-6.901645678666592,8.373008543968178
Livestock,Central America,Warm Temperate,Dry,High Activity Clay,12,3.4205957063648684,0.28504964219707235,0.003389112507179687,-18.811543147460362,25.917233686667203,-1.1841022219280315,7.671499356738234
Livestock,Eastern Africa,Boreal,Moist,High Activity Clay,11,3.4156458000484746,0.31051325454986134,2.8005731755103973,-11.534925494260142,13.458688443813358,-7.049925568457741,5.909293069164376
Livestock,Caribbean,Boreal,Dry,Sandy,11,3.4026897313617637,0.3093354301237967,0.19798755794354037,-21.603572968527,22.094563263266252,-6.904584774089207,7.838188256294109
Livestock,Western Africa,Warm Temperate,Dry,High Activity Clay,12,3.3904999718285564,0.28254166431904637,0.3177054121094871,-14.285999692578358,17.330718180071244,-7.1841426693896455,8.321239316987096
Livestock,Caribbean,Cool Temperate,Moist,Spodic,11,3.316934509306547,0.30153950084604975,0.1428705968807722,-23.78504022789713,28.819389197147135,-9.359184986547824,7.997117830281728
Livestock,Southern Asia,Cool Temperate,Moist,Sandy,11,3.306958415937088,0.30063258326700804,0.37515823159247674,-2.2080249055562375,2.873481629918878,-1.3471356048393255,1.7975153936868007
Livestock,Southern Asia,Tropical,Moist,Spodic,11,3.303833938978501,0.30034853990713645,0.3455456312282414,-2.416945147285552,2.8268251034188774,-0.9553473829627169,1.7275719480547462
Livestock,Southern Asia,Tropical,Moist,High Activity Clay,11,3.297054614402887,0.29973223767298973,0.21503291979959877,-2.3140964176138255,2.8268251034188774,-1.0713311660454423,2.273845723728742
Livestock,North America,Tropical,Wet,Low Activity Clay,7,3.2962165689899963,0.47088808128428516,-0.6464192558999999,-32.33401655006251,38.525636740500005,-31.646058751125008,29.582185354312507
Livestock,Central America,Boreal,Moist,Volcanic,11,3.28915068375507,0.2990136985231882,0.2601336877489276,-21.606399063353575,23.050823616599423,-7.147283996102914,8.542375864164573
Livestock,Southern Asia,Boreal,Dry,Volcanic,11,3.273547580857182,0.29759523462338017,0.45825191761579886,-2.76099526090434,3.017158862602663,-1.2235565532285555,2.4045675835444906
Livestock,Southern Asia,Tropical,Dry,Spodic,11,3.256033386752463,0.2960030351593148,0.26595994221719904,-1.9730597470487752,2.798769401695981,-1.0514434674546491,1.6385695781208656
Livestock,Southern Asia,Warm Temperate,Moist,Sandy,11,3.237951164568749,0.2943591967789772,0.5271950801619193,-2.287695741027962,2.919344391999599,-1.0834916668061991,1.5618881588662417
Livestock,Northern Africa,Tropical Montane,Dry,Wetland,11,3.2328498932402554,0.2938954448400232,-2.5496137596082145,-24.82071466500294,31.186576817139873,-9.89806388893686,11.630984353882795
Livestock,Caribbean,Warm Temperate,Dry,Spodic,12,3.2307881564617866,0.26923234637181553,0.0013321887106798325,-18.811543147460362,21.273194269942486,-1.2985880043322717,8.21347389084407
Livestock,Northern Africa,Tropical Montane,Dry,High Activity Clay,11,3.202916746061185,0.2911742496419259,-2.391123743280009,-20.670569010262287,25.975166509886794,-10.073912206810505,10.358438953538576
Livestock,Southern Asia,Tropical Montane,Dry,High Activity Clay,11,3.1793779820675567,0.2890343620061415,0.5562654534334793,-2.3170511989541174,2.9670918711742873,-0.8797871684043687,1.570469323093115
Livestock,Southern Asia,Warm Temperate,Moist,Spodic,11,3.1680168468069922,0.28800153152790836,0.22268681022719905,-2.3396888260513258,2.919344391999599,-1.1752179808002978,1.7748499085777405
Livestock,Southern Asia,Cool Temperate,Moist,Wetland,11,3.1371273238513164,0.2851933930773924,0.43309512374399883,-2.538919985965197,3.223441349217657,-1.1670135345296186,1.7859694702687405
Livestock,Southern Asia,Cool Temperate,Moist,Volcanic,11,3.1093282453245523,0.2826662041204138,0.3463367642016816,-2.6630695054891196,3.4755176641615537,-1.466905891034612,1.8173928289334906
Livestock,South America,Boreal,Dry,Spodic,11,3.1044489973026597,0.28222263611842363,0.2074155368932326,-21.112582673787756,21.603572968527,-6.754485105087268,7.838188256294109
Livestock,Southern Asia,Tropical Montane,Dry,Wetland,11,3.100479258899172,0.2818617508090156,0.37803505207230165,-2.6430832872540218,3.8125320668752853,-1.0514434674546491,1.5370550821762403
Livestock,Western Asia,Tropical,Wet,High Activity Clay,11,3.0521230461623254,0.2774657314693023,-3.074382725572244,-24.579240762050706,33.41386347318291,-10.743145379275504,12.312801397966794
Livestock,Central America,Cool Temperate,Dry,Low Activity Clay,11,3.0500597805895016,0.27727816187177284,0.13961009528254642,-22.585553558005504,22.490917167366952,-6.982932366752302,7.31564237254117
Livestock,Southern Asia,Cool Temperate,Dry,Sandy,11,3.048788843525159,0.27716262213865084,0.4093606703629768,-1.929691933211351,2.6594414499549397,-1.5520100865435487,1.9095895553043716
Livestock,Caribbean,Tropical Montane,Dry,Sandy,11,2.9935689295564227,0.2721426299596748,0.012829796890052748,-21.02832330161721,20.539292527161,-9.178712784757263,9.178712784757261
Livestock,Central Asia,Boreal,Dry,Sandy,11,2.9775249572970552,0.270684087027005,-2.689081191926962,-22.962291025552208,23.56067521256101,-9.474804617353708,9.590445452568003
Livestock,Northern Africa,Warm Temperate,Moist,Wetland,12,2.9765480283435015,0.24804566902862513,-0.06233763143882709,-26.083564802377886,26.115265375248512,-7.715162464060378,8.878001523519991
Livestock,Caribbean,Boreal,Moist,Low Activity Clay,11,2.9648403509902272,0.26953094099911157,0.36280484130990276,-24.09858832644485,23.24447113180856,-7.633612474359831,7.479715809875142
Livestock,Eastern Asia,Warm Temperate,Dry,Spodic,12,2.943423651744793,0.24528530431206608,-0.025499107088228223,-21.900103932761546,27.40934526179358,-6.651157545599166,7.7472556330858815
Livestock,Southern Asia,Boreal,Moist,Wetland,11,2.9371801750239896,0.2670163795476354,0.40195524813479666,-2.538919985965197,3.0739570924713577,-1.6066112139902895,2.1883692918668713
Livestock,Northern Africa,Cool Temperate,Dry,Volcanic,11,2.852345112349562,0.2593041011226874,-2.3788041278894645,-23.509012240446303,29.624928646758985,-10.503821209955433,8.250729665682849
Livestock,Southern Asia,Tropical,Wet,Sandy,11,2.845318850249929,0.2586653500227208,0.5316938982575993,-3.1448563049473415,3.6534330771937387,-1.1382773512268929,1.7794099662239895
Livestock,Central America,Warm Temperate,Moist,High Activity Clay,11,2.840468340287069,0.2582243945715517,0.12519824424452508,-23.314291931599424,24.815114084502003,-7.801986672123838,7.918325000575193
Livestock,Eastern Africa,Tropical,Dry,Wetland,11,2.8390250751319437,0.2580931886483585,1.0947662421275741,-12.637915267922999,14.3108234104275,-6.098684036407943,6.5241736203433796
Livestock,North America,Boreal,Moist,High Activity Clay,7,2.833825158742489,0.4048321655346413,-0.3143863522800003,-21.414241607850013,20.94871461637501,-13.513974723112502,17.251882625249994
Livestock,Eastern Africa,Warm Temperate,Dry,Spodic,12,2.815406182027179,0.23461718183559824,0.40260686357211495,-13.67808481204311,13.594498454146875,-6.072984751218751,7.852435010728216
Livestock,Southern Asia,Warm Temperate,Moist,High Activity Clay,11,2.815326718309535,0.2559387925735941,0.40765758075839903,-2.6910930120441394,2.63430793830612,-1.1515055448285003,1.9019484653894958
Livestock,South America,Warm Temperate,Moist,Spodic,11,2.791887301045718,0.25380793645870164,0.11703314135901269,-25.354573086339002,27.24012636020399,-9.388397908131825,8.566413107064571
Livestock,South-Eastern Asia,Cool Temperate,Dry,Sandy,11,2.729499277409248,0.2481362979462953,1.1832742501133409,-24.989034525358882,21.2930436242293,-7.096207533652837,7.703722424141882
Livestock,North America,Cool Temperate,Dry,Low Activity Clay,7,2.6494013788289843,0.37848591126128345,-0.23503106411400013,-25.600367317980012,30.424752648419993,-22.87692398628001,20.912154154125012
Livestock,South America,Cool Temperate,Dry,Sandy,11,2.642706950717667,0.2402460864288788,0.30585553061110543,-20.325051204371785,19.46015540844107,-7.353711880678552,7.647973544538234
Livestock,Southern Asia,Boreal,Moist,High Activity Clay,11,2.6169038563204943,0.23790035057459039,0.535085145119359,-3.105781742442239,3.4015704798176913,-1.6066112139902895,1.9555640480512464
Livestock,Europe,Tropical,Moist,Volcanic,6,2.572107485759996,0.42868458095999934,-3.1259147640524994,-23.602803839999996,30.39755039999999,-3.486979000259997,5.5161694541249995
Livestock,Central Asia,Cool Temperate,Moist,High Activity Clay,11,2.5376416010987994,0.23069469100898177,-2.533336443805722,-20.34919151127451,26.862798301905258,-11.086801264811005,11.893334105738393
Livestock,South America,Tropical Montane,Dry,High Activity Clay,11,2.494529419614538,0.2267754017831398,0.30258479961340373,-20.759192703596785,21.120393250498502,-9.387319893501747,7.189086369148785
Livestock,Western Asia,Warm Temperate,Dry,High Activity Clay,12,2.485555211205632,0.20712960093380264,0.23878185515664252,-21.843659951584716,24.532503613202937,-5.156128140992697,10.264718330930402
Livestock,South America,Boreal,Dry,Low Activity Clay,11,2.4745173963171747,0.22495612693792497,0.037339331521802736,-19.027707510475715,20.55547415099221,-9.330540941721747,7.6957449914077865
Livestock,Southern Asia,Cool Temperate,Dry,Spodic,11,2.471481070411946,0.2246800973101769,0.4790815502346989,-2.647129936688493,2.7831364011156348,-1.4845313871286117,1.585749436251017
Livestock,Southern Asia,Tropical,Dry,Sandy,11,2.4435288679917306,0.22213898799924825,0.5562654534334793,-2.7065251007358704,2.9019305437707836,-0.9699609381707853,1.9730597470487752
Livestock,Southern Asia,Boreal,Dry,Wetland,11,2.4316995300495523,0.2210635936408684,0.3468269578174817,-2.76099526090434,3.15430244726642,-1.1138061736429616,1.542191236031241
Livestock,Northern Africa,Warm Temperate,Dry,Wetland,12,2.4234085805218744,0.20195071504348952,0.06250469182559959,-20.449383784462288,23.34926376275221,-5.765969684374731,8.287797651672848
Livestock,Southern Asia,Tropical,Wet,Wetland,11,2.4212048187114488,0.22010952897376806,0.2954567608344016,-2.6259196357791925,2.567565866095211,-1.2598216015923625,1.941146756184373
Livestock,Southern Asia,Boreal,Moist,Low Activity Clay,11,2.399093364962368,0.21809939681476073,0.30949242758448153,-2.6630695054891196,3.0739570924713577,-1.250371644138877,1.9904778602604898
Livestock,South-Eastern Asia,Tropical,Dry,Volcanic,11,2.3257291759929246,0.21142992509026587,1.7527384466192266,-22.946376372555136,20.95103929668078,-6.311265537873093,7.533639397910061
Livestock,Southern Asia,Cool Temperate,Dry,Low Activity Clay,11,2.3203426403055394,0.2109402400277763,0.278448162638099,-2.5294797172801156,2.8800152779389054,-1.5520100865435487,2.045988809254684
Livestock,Central America,Tropical,Wet,Spodic,11,2.3151859160106705,0.21047144691006095,0.4275711375611514,-26.260487935155005,25.97043451974428,-9.256851075117854,10.488426601047859
Livestock,South America,Tropical,Moist,Low Activity Clay,11,2.29099535764982,0.20827230524089274,0.16453636969423735,-22.51144571081143,21.04330794706286,-7.672578421659831,7.82087139865584
Livestock,Caribbean,Cool Temperate,Moist,Volcanic,11,2.2899585571750416,0.20817805065227651,0.25447860758047275,-20.646114660537858,20.165972459130007,-8.704834386949438,8.14920666012288
Livestock,Southern Asia,Warm Temperate,Moist,Wetland,11,2.261215011287019,0.20556500102609263,0.40550464464479663,-2.443674996098052,2.6745743338561256,-1.1247263461115586,1.9886489070061575
Livestock,Southern Asia,Tropical Montane,Dry,Sandy,11,2.2415565492248604,0.20377786811135093,0.37803505207230165,-2.763223436674659,3.10439081426642,-0.9783017482842147,1.570469323093115
Livestock,South America,Boreal,Moist,High Activity Clay,11,2.212891353656914,0.20117194124153762,0.06194353886401983,-23.050823616599427,24.3256093239857,-8.646102281442165,9.582022724322773
Livestock,Southern Asia,Cool Temperate,Dry,Wetland,11,2.200263750395804,0.20002397730870944,0.5480976233014795,-2.883706161388978,2.51871547090915,-1.1138061736429616,1.6156289139374909
Livestock,Europe,Boreal,Moist,Wetland,7,2.1965024993820035,0.3137860713402862,-0.49488404111999995,-4.531693634999999,5.842448055000004,-2.039152051458001,4.39582275
Livestock,Caribbean,Tropical,Dry,Wetland,11,2.1810926751765587,0.19828115228877807,0.012283848086220704,-20.539292527161003,22.98444639944207,-7.091312433553145,7.5688156221311695
Livestock,South-Eastern Asia,Warm Temperate,Dry,Low Activity Clay,12,2.1751455733867275,0.18126213111556064,0.1870601860622958,-21.8499328960918,19.093223388920727,-5.962068048647016,8.032232807710827
Livestock,Northern Africa,Tropical Montane,Dry,Volcanic,11,2.1750510749742387,0.19773191590674896,-2.3941971468744074,-21.140354669586436,24.243488742561013,-10.358438953538576,10.12825142123772
Livestock,Southern Asia,Tropical,Dry,Volcanic,11,2.16783312126198,0.19707573829654362,0.5562654534334793,-3.156373741818522,3.6392351547445903,-1.2207480632586118,1.6385695781208656
Livestock,Southern Asia,Tropical Montane,Dry,Low Activity Clay,11,2.1557960376775513,0.19598145797068647,0.4158468884089767,-2.763223436674659,2.6770837755352863,-0.9764001158436187,1.5370550821762403
Livestock,Central America,Warm Temperate,Moist,Wetland,11,2.135091057049904,0.19409918700453674,0.08985728959638507,-23.53284917840856,24.080124740697126,-8.29538809584068,8.173509846986882
Livestock,Central Asia,Cool Temperate,Dry,Sandy,11,2.0842765475170366,0.1894796861379124,-2.8085959115681605,-22.41199411094809,28.278340980997214,-8.434079213809135,12.63571931448868
Livestock,Southern Asia,Tropical,Wet,Spodic,11,2.0765507156940175,0.18877733779036523,0.4854596462351994,-2.4001534646157747,2.4035309319512965,-1.1888674557258667,1.8117369724387478
Livestock,Western Asia,Tropical,Moist,Spodic,11,2.0699288817232797,0.18817535288393453,-2.6702635394311636,-21.854696975859003,26.39496516593586,-10.697984170515006,11.987357346392393
Livestock,Southern Asia,Cool Temperate,Moist,Low Activity Clay,11,2.0617630916770118,0.1874330083342738,0.41981992582967625,-2.7807218893904544,3.0832917253386283,-1.2343435542964623,1.7859694702687405
Livestock,Caribbean,Boreal,Moist,High Activity Clay,11,2.040671237340104,0.18551556703091857,0.14611765590079004,-21.606399063353575,25.050626457489003,-9.359184986547824,8.178870508242676
Livestock,South America,Cool Temperate,Dry,Volcanic,11,2.0301151862995503,0.18455592602723184,0.03654487765963671,-22.490917167366952,20.991522689542485,-8.915850233200777,6.304186098081448
Livestock,Central America,Tropical,Moist,Volcanic,11,1.99983443677231,0.18180313061566455,0.0990927423180198,-25.139305799492572,28.1816022999017,-8.693900510130163,7.347789936613028
Livestock,Southern Asia,Boreal,Moist,Volcanic,11,1.9839009520767295,0.1803546320069754,0.5107630930684792,-3.3276232954738276,3.1533665372781425,-1.1947995710660382,2.0952471943406215
Livestock,Southern Asia,Tropical,Moist,Volcanic,11,1.95701203496002,0.17791018499636546,0.24063207691859873,-2.544099313945511,3.0897855781555177,-1.0956796016373835,1.7570260644288003
Livestock,South America,Tropical,Wet,High Activity Clay,11,1.949996745980521,0.17727243145277463,0.06618067728069316,-29.300376852827988,26.844054333714002,-7.819285588774328,11.203546596573847
Livestock,South-Eastern Asia,Boreal,Dry,Volcanic,11,1.9078248882855073,0.1734386262077734,1.6031913571744725,-20.766925748517956,19.815686306166143,-7.974233083679887,7.882878759587043
Livestock,Southern Asia,Tropical Montane,Dry,Spodic,11,1.895862313683037,0.17235111942573064,0.36963427313736147,-3.156373741818522,3.8125320668752853,-1.3039808857535171,1.7245320652743723
Livestock,Caribbean,Tropical,Dry,High Activity Clay,11,1.8813629921837864,0.17103299928943513,0.11105288674504643,-21.623259756462755,23.045140357866952,-9.178712784757263,8.084871232731022
Livestock,South America,Tropical Montane,Dry,Low Activity Clay,11,1.8726148527120017,0.17023771388290923,0.012556822488136719,-21.120393250498502,22.006384850529635,-8.23538949941207,8.060168446233089
Livestock,Caribbean,Cool Temperate,Dry,Low Activity Clay,11,1.7358224994590148,0.157802045405365,0.24395203541888857,-22.467611281317073,21.603572968527,-7.52472843604317,7.52472843604317
Livestock,South-Eastern Asia,Tropical,Wet,Wetland,11,1.7021961618286232,0.15474510562078392,1.4210771875316157,-27.0855913430984,21.12111731521948,-8.019557745721357,8.444201175435536
Livestock,Central America,Tropical Montane,Dry,Sandy,11,1.6718600556082899,0.15198727778257182,0.27039492731410547,-19.434137850175716,23.131859274355502,-7.021898314052302,7.709726339875129
Livestock,Southern Asia,Cool Temperate,Dry,Volcanic,11,1.6673495719234215,0.15157723381122012,0.4894963665441489,-3.148523853443114,2.721288925535287,-1.1599670026369628,1.9029115981468074
Livestock,Central Africa,Warm Temperate,Moist,Low Activity Clay,11,1.659377516791618,0.15085250152651072,-2.34348681934514,-9.924073252376303,17.899951516540593,-5.753022005690247,5.606874016582499
Livestock,Southern Asia,Boreal,Moist,Sandy,11,1.659196398309215,0.15083603620992864,0.5594071971702389,-2.841172365246768,2.1986942845834836,-1.2630492183498685,2.011505321506658
Livestock,South America,Warm Temperate,Dry,Low Activity Clay,12,1.6574131080472982,0.13811775900394152,0.09728287206035836,-21.390661504437755,20.123976390306435,-1.2794409276245424,9.361840500561746
Livestock,Southern Asia,Tropical,Dry,Low Activity Clay,11,1.5930723040466528,0.14482475491333208,0.6224875312231792,-3.303181822833336,2.300045924886586,-0.9197774942409309,1.9298335016165602
Livestock,South America,Cool Temperate,Moist,Low Activity Clay,11,1.5869765127801394,0.14427059207092177,0.3710504058851278,-21.126256861945716,22.918658248341,-8.834061026690907,7.479715809875142
Livestock,Caribbean,Boreal,Dry,Low Activity Clay,11,1.517234018863766,0.13793036535125147,0.3422669033029038,-22.467611281317073,21.033508433573424,-6.304186098081448,7.481713250091751
Livestock,Central Asia,Warm Temperate,Dry,High Activity Clay,12,1.4671683889089997,0.1222640324090833,0.0,-21.378901229210577,25.01706831723451,-7.551390073271546,10.264718330930402
Livestock,Southern Asia,Cool Temperate,Moist,Spodic,11,1.4497353013659733,0.13179411830599758,0.3315990295548015,-2.720962320825839,2.313168948677961,-1.2592789349584996,1.86066408676524
Livestock,South-Eastern Asia,Cool Temperate,Dry,Low Activity Clay,11,1.4261928606179701,0.12965389641981548,1.5675648825705955,-24.989034525358882,17.63833807103673,-6.884705175418084,7.635963477952507
Livestock,Southern Asia,Tropical,Wet,High Activity Clay,11,1.4189399896444481,0.12899454451313164,0.30888661359960173,-3.0733822980167207,2.7594913247445723,-1.1463228765568054,1.7989334064695723
Livestock,South America,Warm Temperate,Dry,High Activity Clay,12,1.3866612767544948,0.1155551063962079,-0.03228885736066352,-22.265021146235853,22.265021146235853,-1.6924352268820684,7.514454836304148
Livestock,South America,Cool Temperate,Dry,Spodic,11,1.3654753708417942,0.12413412462198128,0.30585553061110543,-21.511542716154633,21.491320848817303,-7.182695325313933,7.664006295043129
Livestock,Oceania,Cool Temperate,Dry,Volcanic,11,1.3468578016629356,0.12244161833299415,1.3174039406986076,-24.989034525358882,20.367259118828024,-6.21048345096354,8.172833472990055
Livestock,North America,Boreal,Dry,High Activity Clay,7,1.336213442655008,0.19088763466500117,-0.26749258965000017,-17.754400331849993,20.1828137511,-15.514863511874987,14.84030422874999
Livestock,Caribbean,Warm Temperate,Moist,Low Activity Clay,11,1.2551100311203458,0.11410091192003144,0.16413001389079004,-22.98557361611999,23.53284917840856,-7.332402381661027,8.201884889742676
Livestock,Oceania,Cool Temperate,Moist,Spodic,10,1.2482774495842706,0.12482774495842705,1.437138393520006,-20.547326483683666,22.765962904337325,-5.603865063038758,7.215356845878709
Livestock,South America,Tropical,Wet,Sandy,11,1.2477358060237251,0.11343052782033865,0.41785361170748847,-25.393313752638853,25.676921536596005,-8.967941711860048,8.569366524666268
Livestock,North America,Boreal,Moist,Wetland,7,1.2354997856175165,0.17649996937393092,-0.19880313452999998,-16.868507455799996,20.94871461637501,-15.526694362725001,12.938911968937504
Livestock,Southern Asia,Warm Temperate,Dry,Low Activity Clay,12,1.20790489385842,0.10065874115486834,-0.11258054565996897,-2.226451681982112,2.8830538789638296,-1.0254570573154624,1.810232285704308
Livestock,Western Asia,Tropical,Moist,Wetland,11,1.168865644948708,0.10626051317715528,-3.0133252865936053,-22.351394634401256,31.631832530784212,-10.935717152082004,10.886983749672902
Livestock,Northern Africa,Warm Temperate,Dry,High Activity Clay,12,1.167053170755871,0.09725443089632257,-0.07254735772760101,-25.10302695304487,22.249093035577204,-6.16824663909855,10.09545900188572
Livestock,South America,Cool Temperate,Moist,Sandy,11,1.1457288156314716,0.1041571650574065,0.23751336707510806,-23.451650300628003,22.918658248341,-7.778788175571838,8.646102281442165
Livestock,Central America,Tropical,Moist,High Activity Clay,11,1.1443953365671216,0.10403593968792015,0.4120510696673279,-24.8798325144857,25.985602848462843,-8.403300176103626,7.9379091614231925
Livestock,North America,Warm Temperate,Moist,Wetland,7,1.1028802194030027,0.1575543170575718,-0.3927695559479998,-34.322441244000004,35.91883386000001,-20.706151284,20.706151284
Livestock,Southern Asia,Boreal,Dry,High Activity Clay,11,1.0863045293477027,0.09875495721342752,0.37985809665724163,-2.699639810662022,2.6594414499549397,-1.1875852646045089,1.9758947833741147
Livestock,Caribbean,Tropical,Wet,High Activity Clay,11,0.9968821493893474,0.09062564994448613,-0.26220882610507695,-25.06614301533857,25.389319502342133,-8.665988240535865,8.471022700212892
Livestock,South-Eastern Asia,Cool Temperate,Moist,Wetland,11,0.9600810567198722,0.08728009606544293,1.6275781158533453,-26.01459210689869,21.7761384302357,-5.211599371756014,6.509330257840349
Livestock,Central America,Cool Temperate,Moist,Wetland,11,0.9579046729528862,0.08708224299571693,0.3032114912620729,-23.574705971522135,24.62247068136757,-7.815365152320781,8.178870508242676
Livestock,Caribbean,Tropical,Moist,Volcanic,11,0.9420406576340097,0.08564005978490997,0.2886908962864276,-25.985602848462847,25.608808385064002,-8.193293846210882,8.882898347306908
Livestock,Northern Africa,Cool Temperate,Dry,Spodic,11,0.941440457075843,0.08558549609780391,-2.3204959125332643,-21.506850346984717,22.41199411094809,-11.79244953525786,12.63571931448868
Livestock,Eastern Asia,Tropical,Wet,Volcanic,11,0.9348170928616732,0.08498337207833394,1.3908415026905174,-24.077746107497294,21.580272039463384,-5.343818330172538,7.964529404719802
Livestock,Western Asia,Warm Temperate,Dry,Spodic,12,0.914700748407896,0.07622506236732467,-0.22957728292339286,-20.914142506836438,22.249093035577204,-5.734335224089709,12.421044598633708
Livestock,Central Asia,Tropical,Wet,Sandy,11,0.8824283067478635,0.08022075515889669,-3.2283464859808846,-25.16446078019477,27.956087303477858,-8.46802696333499,11.008060897506432
Livestock,South-Eastern Asia,Warm Temperate,Dry,Wetland,12,0.8657716692839128,0.07214763910699273,-0.30640795666190423,-18.46343723961949,20.899935813653023,-7.1046455600718375,7.567086897432721
Livestock,Southern Asia,Warm Temperate,Dry,Sandy,12,0.8324761634535727,0.06937301362113106,-0.11674595443993893,-2.699029163285287,2.993118319372663,-1.1318411233215586,2.0318691256915606
Livestock,Central America,Tropical,Dry,Volcanic,11,0.8123927837536498,0.07385388943214997,0.18195821473932883,-23.131859274355502,23.131859274355502,-7.021898314052302,6.940433445605207
Livestock,Europe,Boreal,Dry,Low Activity Clay,7,0.7865705966400056,0.11236722809142938,-0.6168119932799998,-4.747488569999999,5.842448055000004,-4.531693634999999,4.81142781
Livestock,Northern Africa,Boreal,Moist,High Activity Clay,11,0.7730744558640024,0.07027949598763658,-2.822928370240719,-20.34919151127451,27.446772178033637,-9.654128474432405,10.850911876198007
Livestock,Caribbean,Tropical,Moist,Sandy,11,0.7701031806879315,0.07000938006253922,0.26986322913731287,-22.51144571081143,22.99979041230171,-8.693900510130163,7.0137994849488
Livestock,South America,Tropical Montane,Dry,Volcanic,11,0.7666705840215731,0.069697325820143,0.20321156701260462,-28.03874927218585,25.600597161560994,-7.709726339875129,7.356274424245268
Livestock,Southern Asia,Boreal,Dry,Sandy,11,0.7621176270328744,0.06928342063935222,0.36334252723736155,-3.5233481217101517,3.0143511951742874,-1.0190141588648371,1.578910074984366
Livestock,South America,Tropical Montane,Dry,Wetland,11,0.7031800169124691,0.06392545608295173,0.19848571661696257,-23.63472578031975,23.557254588041776,-7.857838589534718,7.857838589534719
Livestock,Europe,Boreal,Moist,Volcanic,7,0.6880977810000029,0.0982996830000004,-0.5507249939999999,-5.706577170000003,6.114189825000003,-5.147108820000001,5.978318940000003
Livestock,Western Africa,Warm Temperate,Dry,Spodic,12,0.6610382944906177,0.05508652454088481,-0.33760334124525815,-13.594498454146875,17.330718180071244,-7.006759095263354,8.062473047605366
Livestock,Central America,Warm Temperate,Moist,Spodic,11,0.6605980417964624,0.06005436743604204,0.25307960237510807,-21.347570246545718,25.17467586527427,-9.388397908131825,7.332402381661027
Livestock,Oceania,Tropical,Dry,Sandy,11,0.6285161657341689,0.05713783324856081,1.168046132924217,-26.90773649455795,20.95103929668078,-5.316963982628142,10.461024260500508
Livestock,Central America,Tropical Montane,Dry,Low Activity Clay,11,0.5983637322648252,0.054396702933165925,0.10381030717471734,-21.02832330161721,18.992452899035364,-7.88494739305411,8.970105676012777
Livestock,Central America,Tropical,Moist,Low Activity Clay,11,0.5237603548237474,0.047614577711249766,0.29496678533613235,-24.519071858040007,24.32694734749713,-7.514785162445142,7.672578421659831
Livestock,Eastern Asia,Warm Temperate,Moist,Volcanic,8,0.4856202556156559,0.06070253195195699,2.8650391614820645,-26.08868406275394,13.659886427618426,-1.6029608916346783,8.78730045942172
Livestock,Southern Africa,Warm Temperate,Dry,Low Activity Clay,12,0.4747553752082099,0.03956294793401749,0.07687638745714032,-16.175336968066496,14.542951834668749,-6.643710342769974,7.718755482716624
Livestock,North America,Tropical,Moist,Wetland,7,0.44048820609500183,0.06292688658500026,-0.6750567974699999,-50.32545201645001,51.41948358202501,-39.96432954247497,39.96432954247497
Livestock,Central America,Cool Temperate,Dry,Volcanic,11,0.37894103024722015,0.03444918456792911,0.20270154741838642,-20.55547415099221,19.027707510475715,-7.814233838984718,8.915850233200777
Livestock,Central America,Tropical,Wet,Sandy,11,0.3074650845259295,0.027951371320539046,-0.23431427013645195,-26.547555286849708,22.932854248075717,-8.768654118263159,10.726799932889856
Livestock,Southern Africa,Warm Temperate,Dry,Volcanic,12,0.2886805680363671,0.024056714003030593,-0.28042795024171396,-11.531069006344666,13.9106495809875,-6.10798719583643,5.753355419739371
Livestock,South America,Cool Temperate,Dry,Wetland,11,0.285186077814784,0.025926007074071274,0.23853087907624673,-26.161643143073423,22.585553558005504,-7.647973544538235,9.745231650242712
Livestock,Caribbean,Boreal,Dry,High Activity Clay,11,0.2838673067180289,0.025806118792548082,0.12747008699710777,-22.490917167366952,21.603572968527,-9.330540941721747,6.982932366752302
Livestock,South America,Tropical,Moist,Volcanic,11,0.2675551723812802,0.02432319748920729,0.10134485009797484,-23.221177013519988,22.022066456228572,-8.03793929888173,10.30857664391162
Livestock,North America,Cool Temperate,Moist,Low Activity Clay,7,0.24149288829752436,0.034498984042503476,-0.28956263351400013,-21.179755997399994,25.133768886525008,-19.959169409887497,16.60685413432501
Livestock,Western Africa,Tropical,Dry,Spodic,10,0.20685253916742852,0.020685253916742852,-0.06525162304685717,-12.350689920924747,14.636069397028127,-7.252616055548849,6.19495171039643
Livestock,South America,Tropical,Dry,Wetland,11,0.18157282823752074,0.01650662074886552,0.27683290177396497,-18.992452899035364,21.508797667342485,-7.534505286696148,8.23538949941207
Livestock,Caribbean,Tropical,Dry,Volcanic,11,0.16991619393126983,0.01544692672102453,0.11346707993515608,-26.819673216873422,23.557254588041776,-6.487796481761389,7.359284233517169
Livestock,South-Eastern Asia,Cool Temperate,Dry,Volcanic,11,0.15945961057113478,0.014496328233739525,1.2959670358384212,-26.69283233390608,23.853169319660747,-7.974233083679887,7.882878759587043
Livestock,Eastern Africa,Tropical,Dry,Sandy,11,0.15408060239471233,0.014007327490428394,-3.066826283202283,-10.241953221251244,18.620028960567737,-7.88689338741893,6.956419092269975
Livestock,Northern Africa,Cool Temperate,Dry,Low Activity Clay,11,0.14717388079205307,0.01337944370836846,-2.2628206247100917,-30.97151631252075,30.97151631252075,-9.68535583107268,12.63571931448868
Livestock,Western Asia,Warm Temperate,Moist,High Activity Clay,11,0.1374526966200893,0.01249569969273539,-2.7747150551542212,-23.891253855563654,32.695255986565314,-10.340795217402393,8.685001490399992
Livestock,North America,Tropical,Dry,High Activity Clay,7,0.11747549422148917,0.01678221346021274,-0.5143275369539997,-41.068315394437505,41.683207429499994,-38.058580696499995,38.058580696499995
Livestock,South America,Tropical,Dry,Spodic,11,0.09057385963718567,0.008233987239744152,0.29614682515354374,-22.495415624985853,24.069368818216592,-9.178712784757263,7.88494739305411
Livestock,Central Asia,Cool Temperate,Dry,Volcanic,11,0.08624145149309825,0.007840131953918023,-2.748838551747561,-23.454412441689865,28.951634813878098,-7.88403056943028,8.61742876193542
Livestock,Central Asia,Tropical,Wet,Spodic,11,-0.010601913319904455,-0.0009638103018094959,-3.2283464859808846,-25.749680798338836,26.132864218468427,-12.899125274060452,13.48544915015411
Livestock,North America,Tropical,Dry,Low Activity Clay,7,-0.07146397009850369,-0.010209138585500528,-0.7510814825359992,-36.699345671625004,40.77705074625,-31.94202308456248,28.54393552237498
Livestock,Southern Asia,Warm Temperate,Dry,Wetland,12,-0.12375182288761472,-0.010312651907301226,-0.07145976461837636,-3.4863424982331517,3.337987498308337,-1.0254570573154624,2.319736922804086
Livestock,Caribbean,Tropical,Moist,High Activity Clay,11,-0.1407588021208747,-0.012796254738261336,0.29496678533613235,-24.519071858040007,24.069548105897137,-9.636278167134773,10.30857664391162
Livestock,Southern Asia,Warm Temperate,Dry,Volcanic,12,-0.14094890682782746,-0.011745742235652288,-0.02629853617587996,-3.1329607945578246,2.5607937627223047,-1.080393799534215,2.233211037947118
Livestock,Caribbean,Tropical Montane,Dry,Volcanic,11,-0.15027394701686886,-0.013661267910624442,0.011464924880472715,-25.600597161560994,22.628992768391253,-8.084871232731022,7.189086369148785
Livestock,Northern Africa,Tropical,Moist,Sandy,11,-0.2967281679213478,-0.026975287992849803,-2.687318946933994,-26.96050698966405,31.631832530784212,-10.655345797552203,13.41442369715339
Livestock,Southern Africa,Warm Temperate,Dry,Wetland,12,-0.3054298787667311,-0.025452489897227593,0.2593572006184026,-17.33071818007124,16.56046403873474,-5.9380295345250005,6.643710342769975
Livestock,Central Asia,Boreal,Moist,Wetland,11,-0.3225448527940564,-0.029322259344914222,-3.0245661109722,-26.809793428950233,29.36489124620312,-9.907354321746004,10.294705393552393
Livestock,Eastern Africa,Warm Temperate,Dry,Wetland,12,-0.35331247569954405,-0.029442706308295336,-0.18551665082651714,-14.285999692578358,14.859102961509375,-6.38562297746536,8.814709895209672
Livestock,Western Asia,Tropical,Wet,Low Activity Clay,11,-0.35407626464777175,-0.03218875133161561,-3.0909700397689317,-21.893508673096502,32.67133317377885,-12.899125274060452,10.763437322006288
Livestock,Northern Africa,Cool Temperate,Moist,Spodic,11,-0.3757026711879994,-0.034154788289818126,-2.957353530728372,-25.165652849905303,31.46238347807476,-9.883988676204602,11.086801264811001
Livestock,Western Asia,Boreal,Dry,Sandy,11,-0.3991756139284721,-0.03628869217531565,-2.1996768241155773,-21.04925778641057,25.695897100022705,-12.086340213858739,9.7718264757696
Livestock,Europe,Boreal,Dry,High Activity Clay,7,-0.5172200079240006,-0.0738885725605715,-0.6311564582399998,-4.495727812499999,4.639591102499999,-3.8603316150000007,3.69249111
Livestock,Caribbean,Tropical,Wet,Volcanic,11,-0.5586639204995878,-0.050787629136326166,0.43728866341481387,-26.570218083846413,25.676921536596005,-7.819285588774328,8.182973290577785
Livestock,South America,Warm Temperate,Moist,Wetland,11,-0.5645730689645704,-0.05132482445132458,0.38506001765512776,-25.354573086339002,22.803086399719284,-10.282531042239619,8.483919643473422
Livestock,Europe,Cool Temperate,Moist,Sandy,7,-0.5683099871774995,-0.08118714102535707,-0.816165846562499,-8.725446179999995,7.086508762499993,-5.38924617,6.2699563125
Livestock,Northern Africa,Tropical,Dry,Spodic,11,-0.5810967082168856,-0.05282697347426233,-2.5055551537057754,-25.17906367868164,25.307912526484508,-10.073912206810505,10.521641638224304
Livestock,Europe,Boreal,Moist,High Activity Clay,7,-0.5849870794280038,-0.08356958277542911,-0.63627948144,-5.706577170000003,5.147108820000001,-2.4003545082380016,3.6085708575
Livestock,Eastern Asia,Warm Temperate,Moist,High Activity Clay,11,-0.5967814107988907,-0.05425285552717188,1.295199943755414,-21.829147228349893,18.753786345341567,-6.610992249157823,8.039445101173062
Livestock,Europe,Boreal,Moist,Low Activity Clay,6,-0.6002296222889978,-0.10003827038149964,-0.9672117852300002,-3.69249111,6.114189825000003,-1.9061638741890008,0.8186591073600005
Livestock,South America,Boreal,Dry,Wetland,11,-0.6630453095503863,-0.060276846322762395,0.25479434810417245,-19.892603306406432,21.033508433573424,-6.6043854360853285,7.838188256294109
Livestock,Central Africa,Warm Temperate,Dry,Spodic,12,-0.6731642729603236,-0.05609702274669363,0.06316952894879968,-11.722407332926498,12.559722142421249,-6.621358760695192,7.16970698119971
Livestock,Eastern Africa,Warm Temperate,Moist,Spodic,11,-0.728543500268628,-0.066231227297148,1.2355744895175866,-12.367255414356961,14.680342849798661,-7.429362293892324,6.331122892863216
Livestock,Western Africa,Tropical Montane,Dry,Spodic,10,-0.7395488495335498,-0.07395488495335498,0.2579297825211435,-13.499591308917747,18.620028960567737,-8.286111866302075,5.894287155718498
Livestock,Western Asia,Tropical,Dry,Wetland,11,-0.7749194984864949,-0.0704472271351359,-2.2824363004036448,-23.620718358052205,27.129618354770653,-8.31295092788035,9.626182775396703
Livestock,Europe,Cool Temperate,Dry,Spodic,7,-0.7850750939295043,-0.11215358484707204,-0.9592397510625009,-8.388473343750002,7.674560718750003,-8.388473343750002,6.44663100375
Livestock,Northern Africa,Cool Temperate,Dry,Sandy,11,-0.7914619940897261,-0.07195109037179327,-2.3142483661807756,-24.055733455340402,26.365517499770654,-10.216000406486401,9.895907044791652
Livestock,Central America,Boreal,Moist,Low Activity Clay,11,-0.7960269585398989,-0.0723660871399908,0.10149045956884999,-20.165972459130007,20.64611466053786,-8.360623186203625,8.704834386949438
Livestock,Central America,Cool Temperate,Dry,Wetland,11,-0.8141341723351616,-0.0740121974850147,0.03654487765963671,-23.076543852744752,20.55547415099221,-7.489824333792148,8.708504878940293
Livestock,Southern Africa,Tropical Montane,Dry,Low Activity Clay,11,-0.8637394933369271,-0.07852177212153882,-2.818792998516459,-10.280516737446947,17.82768730267124,-8.718529019162656,6.158749268418752
Livestock,Southern Asia,Warm Temperate,Dry,High Activity Clay,12,-0.9111776480909314,-0.07593147067424429,0.0869350512321187,-3.3379874983083364,3.0617571401360553,-1.1340637578021031,1.7681338604553714
Livestock,North America,Cool Temperate,Moist,High Activity Clay,7,-0.921519084080979,-0.13164558344013985,-0.22031939506499973,-21.179755997399994,20.199848455312512,-19.34028043593751,19.77006444562501
Livestock,Central America,Boreal,Dry,Sandy,11,-0.9506569260302101,-0.08642335691183728,0.32770235422618427,-25.56706034436721,19.892603306406432,-8.037778102137022,9.745231650242712
Livestock,Europe,Boreal,Moist,Sandy,7,-0.956883405779998,-0.13669762939714256,-0.6741898531199997,-4.963283504999999,5.03521515,-4.855386037499999,4.69953414
Livestock,Western Africa,Warm Temperate,Moist,Low Activity Clay,11,-0.9713301383095105,-0.08830273984631914,-2.9594988753188556,-14.101843049193358,17.899951516540593,-5.377824918362623,6.680349060410299
Livestock,Eastern Africa,Cool Temperate,Moist,Sandy,11,-0.9847408822590742,-0.08952189838718856,-2.787884339718859,-9.299666986095533,15.635580518233313,-7.110922115632502,7.280229785052325
Livestock,Eastern Africa,Warm Temperate,Dry,Volcanic,12,-1.022195944646767,-0.08518299538723058,-0.11016951609725423,-13.982042252310734,14.859102961509375,-7.16970698119971,6.098007060590061
Livestock,Northern Africa,Boreal,Dry,High Activity Clay,11,-1.1168796064552842,-0.10153450967775311,-2.220217186030167,-24.055733455340402,28.278340980997214,-10.275477270608576,9.549739510411202
Livestock,Central Africa,Cool Temperate,Moist,High Activity Clay,11,-1.1932029516979599,-0.10847299560890544,-2.875921266363426,-9.083395660837496,13.172333370540732,-6.458994750016877,7.788152793311788
Livestock,Southern Africa,Warm Temperate,Dry,Spodic,12,-1.2100808613444793,-0.10084007177870662,0.07468360885874348,-17.715845250739495,16.175336968066496,-4.999023489873217,6.952720126154625
Livestock,Caribbean,Warm Temperate,Dry,Sandy,12,-1.2456659604154994,-0.10380549670129162,0.08906972933597611,-21.390661504437755,22.385575993016253,-1.108521229039008,9.153799600549261
Livestock,South America,Boreal,Moist,Wetland,11,-1.3149633296112073,-0.11954212087374612,0.06475915426692984,-22.566683466169284,21.126256861945716,-8.646102281442165,8.360623186203625
Livestock,Central America,Boreal,Moist,Wetland,11,-1.3307739208391216,-0.12097944734901106,0.26578876791738243,-23.78504022789713,24.3256093239857,-8.834061026690907,7.81536515232078
Livestock,Western Africa,Boreal,Moist,Volcanic,11,-1.3518805901469353,-0.12289823546790321,-3.695963271765942,-10.164752287127675,11.797082891856963,-7.110922115632502,7.731440324244833
Livestock,Oceania,Tropical,Dry,Spodic,11,-1.3822195742936259,-0.12565632493578416,1.0632924809169437,-21.411271565999492,21.94870783461796,-6.580707546948898,6.894074572994083
Livestock,Caribbean,Warm Temperate,Moist,Volcanic,11,-1.4059640475989998,-0.1278149134180909,0.37650312837390265,-27.24012636020399,22.317914348661432,-7.665693399009257,10.05899775871267
Livestock,Europe,Tropical,Dry,Volcanic,5,-1.4564457789200134,-0.29128915578400266,-2.9043294827400015,-24.781527539999995,28.724043284999983,-5.6755643318,3.1809322906200013
Livestock,Central America,Tropical,Dry,High Activity Clay,11,-1.473332650529759,-0.13393933186634174,0.21738911819953052,-24.069368818216596,20.317507752456432,-7.189086369148786,7.091312433553145
Livestock,Oceania,Tropical Montane,Dry,Volcanic,11,-1.4854027721380414,-0.13503661564891287,1.0180459923672869,-21.25243691963024,17.566113586737462,-8.745578121256163,7.198810980225169
Livestock,Central Africa,Warm Temperate,Dry,High Activity Clay,12,-1.4950908509908816,-0.12459090424924013,0.20749872556811688,-14.859102961509375,10.642735435432497,-5.497650734417622,7.351215754724288
Livestock,Central America,Boreal,Dry,Wetland,11,-1.4960122960651518,-0.1360011178241047,0.142645097353906,-20.991522689542485,18.595259612510365,-8.037778102137022,7.31564237254117
Livestock,Caribbean,Boreal,Dry,Volcanic,11,-1.533402690002132,-0.13940024454564837,0.23310972273360459,-22.990715326641777,21.511542716154633,-8.037778102137022,7.315452955645268
Livestock,Central Africa,Warm Temperate,Moist,High Activity Clay,11,-1.5447252052842595,-0.14042956411675087,-2.2889871258719974,-10.664983646867675,17.51910148427378,-7.635637757314562,5.873868017372142
Livestock,North America,Cool Temperate,Moist,Sandy,7,-1.5884238422679966,-0.22691769175257095,-0.27067811393700014,-22.623830269949995,21.815836331737497,-18.480712416562508,18.05092840687501
Livestock,North America,Boreal,Dry,Sandy,7,-1.6164072039375126,-0.2309153148482161,-0.19417980582,-17.754400331849993,17.754400331849993,-15.663266554162501,14.165744945624988
Livestock,Eastern Asia,Tropical Montane,Dry,Sandy,9,-1.6183530309899206,-0.17981700344332452,-1.409785248797243,-26.762840359495446,27.952299931028577,-4.970111328144559,4.526052128188051
Livestock,Central Africa,Boreal,Moist,High Activity Clay,11,-1.6373378605165705,-0.14884889641059731,-3.0610916104415966,-9.356169762513481,13.458688443813358,-6.463895781428949,7.059141165614849
Livestock,Western Africa,Tropical,Wet,Spodic,11,-1.6417250513474304,-0.1492477319406755,-3.130832745154283,-11.719742672326499,18.235387784967738,-8.47836179619661,5.745901329463837
Livestock,Western Asia,Tropical,Dry,Sandy,11,-1.6459685290373525,-0.1496335026397593,-2.5541549075945547,-22.079925988234717,24.643338919560748,-10.588626485839432,10.297776922517402
Livestock,Central America,Cool Temperate,Dry,Spodic,11,-1.6660451398109994,-0.15145864907372722,0.3349846287645437,-21.989576998735853,21.112582673787752,-9.745231650242712,6.454285767083389
Livestock,Central America,Tropical,Wet,Wetland,11,-1.6734821043178154,-0.15213473675616504,0.3087239744140629,-29.300376852827988,25.093355138036994,-8.862942518729863,8.874404733556363
Livestock,Central America,Boreal,Moist,Spodic,11,-1.7077899234376033,-0.15525362940341847,0.05912792346111001,-24.09858832644485,22.08654126476143,-10.250535937647618,8.082226045695936
Livestock,South America,Cool Temperate,Dry,High Activity Clay,11,-1.773958004430315,-0.16126890949366499,0.23853087907624673,-24.972477545660997,26.161643143073423,-8.18655217879607,7.182695325313935
Livestock,Western Asia,Tropical,Wet,Sandy,11,-1.786241508719951,-0.16238559170181374,-3.0222818166629555,-25.16446078019477,32.67133317377885,-12.899125274060452,10.274190171006003
Livestock,Eastern Africa,Cool Temperate,Moist,Low Activity Clay,11,-1.7982239019322446,-0.1634749001756586,-2.5481100455977104,-9.083395660837496,11.534925494260142,-5.79310949898113,6.230983683879786
Livestock,Eastern Africa,Tropical,Dry,Low Activity Clay,11,-1.8131371534975478,-0.16483065031795888,-0.8397968425678065,-10.665855606176605,13.66033143722625,-7.1181962804623,5.268822669848849
Livestock,Western Asia,Tropical Montane,Dry,Spodic,11,-1.8315022519184616,-0.16650020471986016,-2.3796395089676667,-19.730997691614004,21.610140328910575,-8.497683170722134,9.626182775396703
Livestock,Central Africa,Tropical,Moist,Spodic,11,-1.836947882265343,-0.16699526202412207,-2.35148806756514,-13.822030938644733,16.85143299351331,-6.68213328339165,6.2517600425775015
Livestock,Central America,Cool Temperate,Moist,Low Activity Clay,11,-1.8519764352439176,-0.16836149411308343,0.2431684472435629,-28.178958326099423,23.574705971522135,-8.360623186203625,9.359184986547824
Livestock,Europe,Warm Temperate,Moist,High Activity Clay,6,-1.9263093723329967,-0.32105156205549945,0.029786840977500173,-12.28141925999999,12.28141925999999,-4.170109502537999,2.184226448250002
Livestock,Southern Asia,Warm Temperate,Dry,Spodic,12,-1.9524087994182235,-0.16270073328485196,0.002992888293150031,-4.104358098366328,3.0617571401360553,-1.0718943814686195,1.5418686342674912
Livestock,Eastern Africa,Tropical,Wet,High Activity Clay,11,-1.9860223562093953,-0.18054748692812683,0.390259643336999,-11.998784164524746,18.235387784967738,-9.826371756554623,7.207392422769513
Livestock,Caribbean,Boreal,Moist,Volcanic,11,-1.9979655329665131,-0.181633230269683,0.14611765590079004,-22.918658248341004,23.78504022789713,-10.02769819987267,7.77878817557184
Livestock,Central Asia,Tropical Montane,Dry,Wetland,11,-2.0033966314616216,-0.18212696649651106,-2.5496137596082145,-21.610140328910575,24.82071466500294,-10.818814018140289,10.358438953538576
Livestock,Northern Africa,Boreal,Moist,Wetland,11,-2.032975576559616,-0.18481596150541965,-2.5694397653025765,-25.165652849905303,25.71273225968586,-9.032286104605994,9.032286104605992
Livestock,Europe,Cool Temperate,Moist,Wetland,6,-2.042563858955009,-0.3404273098258348,-2.0532718531875007,-6.124143375,8.923751774999996,-2.762465555430003,2.02683700285
Livestock,Southern Africa,Tropical,Wet,Volcanic,11,-2.081596512218895,-0.1892360465653541,-2.6837464099217105,-13.124898333727861,17.07142686252299,-6.7726331070066985,6.321443260041965
Livestock,Oceania,Cool Temperate,Dry,Low Activity Clay,10,-2.111340938847987,-0.2111340938847987,0.22777179083250443,-21.2930436242293,20.38691518846937,-7.041175747586678,7.635963477952507
Livestock,Western Asia,Tropical,Dry,Low Activity Clay,11,-2.112389916406621,-0.19203544694605645,-2.337972293803546,-19.730997691614004,25.17906367868164,-8.31295092788035,9.124482990828264
Livestock,Northern Africa,Warm Temperate,Moist,Volcanic,11,-2.118221269969253,-0.1925655699972048,-2.6540752701475165,-21.141841028466754,26.663199575764057,-11.138421867523004,9.460727539325596
Livestock,Central Asia,Tropical,Dry,High Activity Clay,11,-2.1437648073104283,-0.1948877097554935,-2.5606363217848367,-22.500439883077203,24.745514470340403,-10.073912206810505,8.68241541356392
Livestock,Caribbean,Cool Temperate,Moist,Sandy,11,-2.1560737385944857,-0.19600670350858962,0.23751336707510806,-28.819389197147142,23.574705971522135,-8.458143536193422,8.542375864164573
Livestock,Caribbean,Cool Temperate,Dry,Wetland,11,-2.1730471380920084,-0.19754973982654622,0.20270154741838642,-21.112582673787756,18.162811714545004,-6.904584774089207,8.01237021754509
Livestock,Europe,Boreal,Dry,Spodic,7,-2.2889806497029994,-0.32699723567185707,-0.7664042707200003,-6.250060710000003,6.250060710000003,-4.39582275,3.69249111
Livestock,Caribbean,Tropical,Moist,Spodic,11,-2.291319469366678,-0.20830176994242527,0.10359695787792982,-23.429335331016002,22.884467067504005,-9.412178674875825,8.504902672953422
Livestock,South-Eastern Asia,Tropical Montane,Dry,Sandy,11,-2.325215027060029,-0.21138318427818445,0.9727995038176296,-22.2719289531568,17.974627856196474,-8.175214330739454,7.207441599039269
Livestock,Western Africa,Warm Temperate,Dry,Wetland,12,-2.330359649486228,-0.19419663745718566,-0.40290331699165804,-12.001512269424747,16.56046403873474,-7.017069584055002,5.969169305021965
Livestock,Northern Africa,Tropical,Dry,Volcanic,11,-2.3359302972630314,-0.21235729975118467,-3.0512215040006594,-24.183116414196306,22.500439883077203,-9.54887754854121,10.818814018140289
Livestock,Central America,Tropical,Wet,High Activity Clay,11,-2.3792634780821333,-0.21629667982564849,0.4717696469285243,-25.093355138036998,22.932854248075717,-9.256851075117854,8.967941711860048
Livestock,Northern Africa,Boreal,Dry,Volcanic,11,-2.391097943727258,-0.21737254033884162,-2.2628206247100917,-23.975621607060745,31.64481014540165,-9.264253403634738,7.700681021303994
Livestock,South-Eastern Asia,Warm Temperate,Dry,Volcanic,12,-2.4257833277567995,-0.20214861064639997,-0.14359957534412132,-18.06205816919298,17.25930002833996,-5.962068048647016,8.032232807710827
Livestock,South America,Boreal,Moist,Spodic,11,-2.4652872632922946,-0.22411702393566316,0.26578876791738243,-29.45982006819485,26.898096584003994,-7.633612474359831,7.6459317167612575
Livestock,Eastern Africa,Warm Temperate,Moist,Wetland,12,-2.4750848237660383,-0.20625706864716986,0.006100571271429267,-14.055647409381697,10.664983646867674,-6.007365017766966,6.832175175419624
Livestock,South America,Warm Temperate,Moist,Sandy,11,-2.507767158613916,-0.22797883260126509,0.11431144039717521,-24.37403247394485,22.657278077154004,-7.83233890768337,9.388397908131825
Livestock,Central America,Cool Temperate,Moist,High Activity Clay,11,-2.542136303362601,-0.231103300305691,0.3875415350355779,-23.050823616599427,22.703902035719988,-8.834061026690907,7.77878817557184
Livestock,Central Africa,Warm Temperate,Dry,Volcanic,12,-2.587333399925217,-0.21561111666043475,-0.3151628384522309,-16.56046403873474,13.67808481204311,-7.006759095263354,6.489205451077649
Livestock,South America,Warm Temperate,Moist,High Activity Clay,11,-2.5976965797454716,-0.2361542345223156,0.27718242164892765,-24.90390274511757,24.080124740697126,-9.388397908131825,8.672451191106164
Livestock,Southern Africa,Warm Temperate,Dry,Sandy,12,-2.6021561978748275,-0.2168463498229023,-0.5154973803260559,-14.542951834668749,11.722407332926498,-7.361388434770116,7.411631579198539
Livestock,Caribbean,Warm Temperate,Dry,Volcanic,12,-2.725737991191076,-0.22714483259925633,-0.06438656107483548,-23.805717397316595,20.328932350911,-1.2794409276245424,6.4727586439673885
Livestock,North America,Tropical Montane,Dry,Spodic,7,-2.8024463361375416,-0.4003494765910774,-0.5832506988000001,-33.65528010390002,36.31679460191249,-30.764818122187506,25.842447222637492
Livestock,Caribbean,Tropical Montane,Dry,Spodic,11,-2.8092288539701893,-0.2553844412700172,0.012829796890052748,-22.126126262427004,23.557254588041776,-9.59592700224623,7.359284233517169
Livestock,Europe,Boreal,Moist,Spodic,5,-2.8097560978800002,-0.561951219576,-0.45185064623999993,-3.8603316150000007,1.3471985604000003,-0.49488404111999995,0.6501116440799999
Livestock,Central Asia,Tropical,Moist,Volcanic,11,-2.81681836946596,-0.2560743972241782,-3.0397427294357184,-25.833370162405306,25.833370162405306,-10.372070455014892,10.192069893310803
Livestock,Caribbean,Warm Temperate,Dry,Low Activity Clay,12,-2.8235892970714884,-0.2352991080892907,-0.0033891125071799644,-23.299212771841777,18.811543147460366,-1.3874151012358835,9.569881400574232
Livestock,South-Eastern Asia,Tropical,Dry,Spodic,11,-2.8284129509268414,-0.25712845008425833,1.3791377433886072,-25.113887394920752,20.929362444122397,-7.050758086016677,6.652292892845167
Livestock,Western Africa,Cool Temperate,Dry,Low Activity Clay,11,-2.912349810559429,-0.26475907368722085,-2.700556197878396,-9.932426702718747,16.92317873945949,-7.126268157788849,5.66886454707255
Livestock,South America,Cool Temperate,Moist,Wetland,11,-2.9193021024138117,-0.2653911002194374,0.2774062579631731,-23.78504022789713,24.866178420074274,-7.479715809875142,7.633612474359832
Livestock,South America,Tropical,Dry,High Activity Clay,11,-2.9327079956044106,-0.26660981778221915,0.2832708762338245,-25.600597161560994,22.006384850529635,-7.523462479341752,7.091312433553145
Livestock,Western Asia,Warm Temperate,Dry,Volcanic,12,-2.942954753147337,-0.24524622942894472,0.15341529386004304,-29.450536173478095,26.24407363272872,-6.00739880618922,12.69706781193668
Livestock,Western Asia,Tropical,Wet,Volcanic,11,-2.96573992263813,-0.26961272023983,-3.142702341696071,-27.95608730347785,34.156393772586966,-8.46802696333499,9.822533774057124
Livestock,Central America,Boreal,Moist,High Activity Clay,11,-3.0902319518840913,-0.2809301774440083,0.06616696196838502,-24.866178420074274,20.165972459130007,-8.178870508242676,10.25053593764762
Livestock,Southern Africa,Tropical,Dry,Spodic,11,-3.0902979790377567,-0.28093617991252334,-3.457083237404342,-10.718323138518747,14.385464245950734,-7.703477262130119,6.021888173565002
Livestock,Oceania,Boreal,Dry,Low Activity Clay,11,-3.111170714676346,-0.28283370133421326,1.2159682416000008,-18.983702680737295,23.74409452239575,-5.54576732786367,6.002344074970743
Livestock,Eastern Asia,Tropical,Dry,High Activity Clay,8,-3.1136469029626035,-0.38920586287032544,-1.4719616071388706,-28.103635894316078,26.309786794678885,-5.198809227458628,14.924799949481221
Livestock,Oceania,Tropical Montane,Dry,High Activity Clay,11,-3.1456069522531314,-0.2859642683866483,1.5662769097448408,-22.824398449705132,22.2719289531568,-4.970111328144559,6.272212180883541
Livestock,South America,Tropical,Dry,Volcanic,11,-3.205289696902058,-0.29138997244564163,0.17387118297313642,-27.429211244529633,21.02832330161721,-6.3369174938134485,7.5688156221311695
Livestock,Northern Africa,Warm Temperate,Moist,High Activity Clay,11,-3.248413256036466,-0.2953102960033151,-3.288115875694852,-25.00247496512475,30.562956683093663,-8.878001523519991,9.953483370978002
Livestock,South America,Warm Temperate,Moist,Low Activity Clay,11,-3.2486443173951742,-0.2953313015813795,0.08603357514547488,-23.736196080828005,22.657278077154004,-8.566413107064571,7.83233890768337
Livestock,Caribbean,Tropical,Dry,Spodic,11,-3.2601967077250564,-0.29638151888409603,0.21266326780388858,-28.03874927218585,22.020911897517305,-7.690650534438236,7.740834158997787
Livestock,North America,Cool Temperate,Dry,High Activity Clay,7,-3.2844231980189775,-0.4692033140027111,-0.28247522301899997,-31.08616031468999,24.16083298551,-18.791758988730002,22.857470819625014
Livestock,Oceania,Cool Temperate,Dry,Sandy,10,-3.291953006125331,-0.3291953006125331,-0.10268208849732441,-21.755935876929936,16.854411934546214,-8.353958468617027,6.633925504438327
Livestock,Southern Africa,Warm Temperate,Dry,High Activity Clay,12,-3.298126832089263,-0.27484390267410524,0.30635718776685694,-12.838827078919499,10.642735435432497,-7.017069584055002,7.518288840058932
Livestock,Eastern Asia,Tropical,Moist,High Activity Clay,9,-3.3009589784520674,-0.3667732198280075,1.3465221403247563,-23.415729349986517,14.039052925695925,-5.174501780643542,5.404479637561033
Livestock,Caribbean,Cool Temperate,Dry,Spodic,11,-3.3065284891780666,-0.30059349901618787,0.142645097353906,-27.350808740485853,21.033508433573424,-7.866761546772405,8.708504878940293
Livestock,Central America,Warm Temperate,Moist,Low Activity Clay,11,-3.3745906588489647,-0.3067809689862695,0.1568353466067549,-22.657278077154004,24.903902745117566,-10.506064325766566,7.83233890768337
Livestock,Central America,Tropical,Moist,Sandy,11,-3.3951427300159756,-0.3086493390923614,0.3769828935254277,-29.492374499897135,24.8798325144857,-7.514785162445142,7.180794710780914
Livestock,Central Asia,Boreal,Moist,High Activity Clay,11,-3.4270833886356575,-0.3115530353305143,-2.5110434070002445,-24.071494030344205,25.09853001859171,-9.907354321746004,10.113848877976803
Livestock,South America,Tropical,Moist,Spodic,11,-3.446539464968949,-0.31332176954263175,0.3945169815963777,-23.429335331016002,21.532687201645714,-9.636278167134773,8.565716293765918
Livestock,Central America,Tropical,Dry,Wetland,11,-3.4714704179345826,-0.3155882198122348,0.17387118297313642,-24.069368818216596,22.98444639944207,-8.761498567268294,6.638675469709328
Livestock,Central Asia,Warm Temperate,Moist,Sandy,11,-3.4891681189838266,-0.3171971017258024,-2.7260128408424067,-26.083564802377886,25.521736616720137,-10.391367918879,9.953483370978002
Livestock,Western Africa,Cool Temperate,Dry,Sandy,11,-3.529925847254939,-0.320902349750449,-2.8434592633417126,-9.490985515931245,14.192127815189375,-7.525824822913574,6.561869976249515
Livestock,Northern Africa,Boreal,Dry,Sandy,11,-3.5552704002575295,-0.3232064000234118,-2.404297924033305,-24.682612127444873,22.962291025552208,-7.700681021303994,12.361029764173708
Livestock,South America,Boreal,Dry,Sandy,11,-3.5586884854770044,-0.32351713504336405,0.03495596993530463,-19.460155408441075,18.162811714545004,-9.53788629598223,7.647973544538234
Livestock,Western Asia,Cool Temperate,Moist,Volcanic,11,-3.571365388765352,-0.3246695807968502,-3.1589912714598527,-24.528108881805526,24.528108881805526,-10.850911876198005,10.379133098972003
Livestock,Southern Africa,Tropical Montane,Dry,Volcanic,11,-3.5971354552937633,-0.32701231411761483,-2.289960225972568,-10.956508097152495,14.636069397028127,-7.4568155224042885,5.896063463878476
Livestock,Western Asia,Cool Temperate,Moist,Sandy,11,-3.6658209248907934,-0.33325644771734486,-2.496467503114163,-20.833696071066754,20.34919151127451,-10.075669108583195,9.032286104605992
Livestock,South-Eastern Asia,Warm Temperate,Dry,Sandy,12,-3.674890250351141,-0.30624085419592845,0.12072914059192508,-26.24299014427045,21.366226173316058,-6.597710515388114,7.9837283569078865
Livestock,North America,Boreal,Moist,Low Activity Clay,7,-3.7021862728499886,-0.528883753264284,-0.20804979194999998,-20.94871461637501,19.55213364195001,-16.485132286349998,14.376568854375009
Livestock,Oceania,Tropical,Wet,Wetland,10,-3.716815144037179,-0.3716815144037179,0.03321223786920552,-27.0855913430984,24.077746107497294,-8.019557745721357,7.602505340868902
Livestock,Caribbean,Cool Temperate,Dry,High Activity Clay,11,-3.7414422209177727,-0.3401311109925248,0.23853087907624673,-25.56706034436721,20.991522689542485,-7.489824333792148,7.664006295043129
Livestock,Central America,Tropical,Moist,Spodic,11,-3.7528424293362304,-0.34116749357602094,0.10134485009797484,-25.139305799492572,22.464911565503996,-8.31590483577668,8.037939298881728
Livestock,Western Asia,Warm Temperate,Moist,Wetland,11,-3.761442584768971,-0.3419493258880883,-2.6181805204307222,-25.5580855199053,29.85219024860312,-9.929529344706603,8.878001523519991
Livestock,Central America,Tropical,Dry,Low Activity Clay,11,-3.788256406936001,-0.344386946085091,0.012283848086220704,-26.819673216873422,21.508797667342485,-7.534505286696148,8.060168446233089
Livestock,Western Asia,Warm Temperate,Dry,Wetland,12,-3.8396336092556105,-0.31996946743796756,0.07413705909214463,-24.532503613202937,22.249093035577204,-6.094666853857526,7.735277808227994
Livestock,Eastern Africa,Boreal,Dry,Wetland,11,-3.863191408424041,-0.35119921894764006,-2.792458358016459,-9.932426702718747,11.190246311926497,-6.561869976249516,7.689429710368217
Livestock,Northern Africa,Cool Temperate,Moist,Low Activity Clay,11,-3.8695911182336613,-0.35178101074851464,-2.5110434070002445,-23.524414620563658,25.71273225968586,-9.199523968706393,10.113848877976803
Livestock,South America,Tropical,Moist,Wetland,11,-3.888200942156926,-0.3534728129233569,0.260126907181898,-24.60442695269485,22.464911565503996,-10.532676136170565,8.31590483577668
Livestock,Central Asia,Tropical Montane,Dry,Volcanic,11,-3.8886171202995485,-0.35351064729995896,-2.616913160537143,-25.39794058744487,27.129618354770653,-10.073912206810505,9.973272106254152
Livestock,South America,Boreal,Dry,Volcanic,11,-3.8986675591014306,-0.3544243235546755,0.133540091139827,-21.603572968527,18.595259612510365,-7.149192661198786,6.6043854360853285
Livestock,Southern Africa,Boreal,Moist,Volcanic,11,-3.92843164088607,-0.3571301491714609,-3.6156162441188555,-11.010610699066497,13.417054184181698,-6.346484716319197,7.530602311761676
Livestock,Western Asia,Tropical,Dry,Volcanic,11,-3.9402683504801286,-0.3582062136800117,-2.921382291064461,-23.620718358052205,24.745514470340403,-10.12825142123772,11.630984353882795
Livestock,Oceania,Tropical,Wet,Volcanic,11,-3.9405791445120357,-0.35823446768291234,0.9742256441633574,-24.32485478588991,29.020276439034003,-8.974267001164378,5.9748399995320245
Livestock,North America,Cool Temperate,Dry,Spodic,7,-3.9508403022629834,-0.5644057574661405,-0.2858814703250001,-29.76334498214999,24.686068485195,-22.585126486455003,23.96630131896001
Livestock,Western Asia,Boreal,Dry,Wetland,11,-3.9518605916272267,-0.3592600537842933,-2.372062488367337,-25.149175885128603,23.975621607060745,-9.549739510411202,12.91040886480365
Livestock,Central America,Tropical Montane,Dry,Wetland,11,-3.9709084197603417,-0.3609916745236674,0.20321156701260462,-23.045140357866952,18.992452899035364,-7.5688156221311695,7.534505286696148
Livestock,Caribbean,Tropical,Wet,Spodic,11,-4.014925176912524,-0.3649931979011385,0.41785361170748847,-32.09088893404971,23.46617643989143,-8.001129439676056,8.672713716884628
Livestock,Eastern Africa,Warm Temperate,Dry,Sandy,12,-4.095822030006592,-0.34131850250054935,-1.6442461379115023,-13.594498454146875,10.642735435432497,-5.369798391756748,5.969169305021965
Livestock,Western Asia,Boreal,Moist,High Activity Clay,11,-4.121333546099761,-0.37466668600906916,-3.0245661109722,-20.833696071066754,26.278824425776882,-10.113848877976803,10.113848877976803
Livestock,South America,Warm Temperate,Dry,Sandy,12,-4.130046888404317,-0.3441705740336931,0.017388378825929987,-22.79270814636695,21.296976748573424,-1.6548255551735773,6.322229373177448
Livestock,Central Asia,Warm Temperate,Dry,Wetland,12,-4.141822092846164,-0.34515184107051367,0.08768529914569889,-25.573003168728604,22.778833345948087,-7.71555072703832,9.86601675184286
Livestock,Central Asia,Warm Temperate,Moist,Spodic,11,-4.156324787926558,-0.3778477079933235,-2.5455186604488693,-22.61685319324351,24.928207858191758,-9.698610057620405,10.190471070287005
Livestock,South America,Cool Temperate,Dry,Low Activity Clay,11,-4.17809591304968,-0.37982690118633455,0.23310972273360459,-20.55547415099221,20.6215923790485,-7.31564237254117,6.304186098081448
Livestock,Central Africa,Warm Temperate,Moist,Spodic,11,-4.25964297203474,-0.38724027018497637,-2.452486206291425,-10.43806910118964,13.201725407755484,-6.9716692566785134,6.9716692566785134
Livestock,Eastern Africa,Tropical Montane,Dry,Wetland,11,-4.267846977673092,-0.387986088879372,-3.37851316382697,-10.003768262617495,14.385464245950734,-7.597978724860698,6.4120798632562845
Livestock,Central Africa,Tropical,Dry,Volcanic,11,-4.278077818164731,-0.38891616528770284,-2.289960225972568,-10.956508097152495,12.637915267922999,-7.24311769087971,7.626288602458932
Livestock,Central America,Warm Temperate,Dry,Wetland,12,-4.301829857766413,-0.35848582148053443,-0.10152430593762589,-23.38049048159475,18.811543147460366,-1.2510089070106638,7.074875727127146
Livestock,Central America,Tropical,Dry,Sandy,11,-4.431158229096067,-0.4028325662814607,0.2897088506936843,-27.429211244529633,27.429211244529625,-8.23538949941207,7.709726339875129
Livestock,Europe,Tropical Montane,Dry,High Activity Clay,7,-4.433505793109994,-0.6333579704442849,-1.8623267863200006,-18.84345231374999,20.450258324999986,-18.664918312499985,14.996856104999994
Livestock,Europe,Cool Temperate,Dry,Sandy,6,-4.446594195834004,-0.7410990326390007,-1.1368106445150004,-8.795403539999999,9.195194609999998,-6.596552655000001,4.023788678195999
Livestock,North America,Boreal,Moist,Sandy,7,-4.463484236640013,-0.6376406052342876,-0.19417980582,-20.48318762490001,16.6357439600625,-15.8963775618375,15.526694362725001
Livestock,Western Africa,Boreal,Dry,High Activity Clay,11,-4.47724709105584,-0.4070224628232582,-2.778835189174855,-13.06229848774311,13.890167648908749,-7.223452991836068,7.154739448067741
Livestock,Eastern Africa,Tropical,Moist,Spodic,11,-4.491042344187195,-0.40827657674429046,-1.9661958340036574,-13.822030938644733,17.243326784060134,-6.678016409116876,6.208300381586173
Livestock,Central America,Boreal,Dry,Volcanic,11,-4.495984941693669,-0.4087259037903335,0.23310972273360459,-20.325051204371785,18.595259612510365,-9.745231650242712,7.182695325313935
Livestock,Central America,Warm Temperate,Moist,Sandy,11,-4.516376027082672,-0.4105796388256975,0.16777734753280735,-24.90390274511757,24.37403247394485,-8.566413107064571,9.611931191658773
Livestock,Central Africa,Cool Temperate,Moist,Wetland,11,-4.537070617431562,-0.4124609652210511,-2.8005731755103964,-9.14825487890207,11.534925494260142,-5.892608470266966,5.771867648951251
Livestock,Western Asia,Boreal,Dry,High Activity Clay,11,-4.547581443536856,-0.41341649486698695,-2.484528755795663,-22.933203276318977,30.298222479639872,-10.503821209955433,7.884030569430279
Livestock,Western Africa,Boreal,Dry,Spodic,11,-4.548990481700543,-0.4135445892455039,-2.269251112932568,-13.890167648908749,17.29107392944774,-5.98231602559643,5.629608612310725
Livestock,North America,Warm Temperate,Dry,Sandy,8,-4.566529238212001,-0.5708161547765002,0.029187937844999873,-32.73580985220002,27.98463988125002,-0.5206263283759998,26.118997222500017
Livestock,Central America,Tropical,Wet,Low Activity Clay,11,-4.609525561815973,-0.41904777834690665,0.323425116052828,-25.979768793094273,24.532820823522858,-8.768654118263159,8.768654118263159
Livestock,Northern Africa,Tropical,Moist,Volcanic,11,-4.628651057117432,-0.42078645973794837,-2.741580412487517,-27.01041035077688,27.610641691905258,-9.268658704481393,9.930705754801497
Livestock,Eastern Africa,Tropical,Wet,Wetland,11,-4.6664821906626,-0.4242256536966,2.511788509481625,-13.672641096826874,10.564891421152497,-8.508409023724388,6.321124233206251
Livestock,Western Asia,Cool Temperate,Dry,Wetland,11,-4.679208010818273,-0.42538254643802487,-2.2113928832394074,-25.695897100022705,23.454412441689865,-9.053702189915764,9.590445452568003
Livestock,Western Asia,Tropical,Moist,Low Activity Clay,11,-4.705581106482021,-0.4277801005892746,-2.8850986786534523,-25.202213055555525,23.586990148283107,-10.222518207381006,11.987357346392393
Livestock,Central Asia,Cool Temperate,Moist,Volcanic,11,-4.712017637924376,-0.4283652398113069,-2.4384101193208103,-20.34919151127451,23.957687745019356,-9.856632823613996,10.573569281521202
Livestock,Central Africa,Tropical Montane,Dry,Sandy,11,-4.759027653678016,-0.4326388776070924,-3.5356533109817128,-10.480138179884998,13.985577423826875,-7.960396060974597,7.117869362295002
Livestock,South America,Boreal,Moist,Volcanic,11,-4.7892560761607355,-0.4353869160146123,0.3463137121594525,-27.53852745505171,22.003058906753996,-8.458143536193422,10.02769819987267
Livestock,Western Asia,Cool Temperate,Dry,Sandy,11,-4.808802537937179,-0.4371638670851981,-2.372062488367337,-25.149175885128603,26.365517499770654,-8.843150976196794,9.895907044791652
Livestock,Central Africa,Boreal,Dry,Sandy,11,-4.831053568424675,-0.43918668803860683,-2.714211115007997,-9.932426702718747,12.522418491917747,-6.4439212586546235,5.552444501257502
Livestock,Eastern Africa,Cool Temperate,Dry,Low Activity Clay,11,-4.949526747723113,-0.44995697706573756,-1.4845313871286117,-9.711706109324998,16.18738835948299,-6.561869976249516,4.401730672493621
Livestock,Western Asia,Tropical,Wet,Spodic,11,-4.955012665830056,-0.45045569689364146,-3.0222818166629555,-23.457330721174824,25.749680798338836,-10.274190171006005,10.050964792058451
Livestock,North America,Tropical,Dry,Sandy,7,-5.003705351525003,-0.7148150502178575,-0.5143275369539997,-46.21399084575,39.870894062999994,-36.699345671625004,38.446933560750004
Livestock,Central Africa,Tropical,Wet,Low Activity Clay,11,-5.024938828607974,-0.4568126207825431,-3.2699808671611406,-12.277825656723,14.308577892028126,-7.7842891068116735,7.124172608108848
Livestock,Southern Africa,Tropical,Dry,Sandy,11,-5.049634460356971,-0.4590576782142701,-2.394049327153139,-14.385464245950734,13.760009278735485,-7.24311769087971,6.335746067450896
Livestock,Eastern Asia,Cool Temperate,Moist,High Activity Clay,7,-5.061667816811017,-0.7230954024015739,5.330044812023195,-21.7761384302357,14.860611865108538,-16.811774513482845,6.430137918268085
Livestock,Central America,Tropical Montane,Dry,High Activity Clay,11,-5.070347960226504,-0.4609407236569549,0.011464924880472715,-23.63472578031975,18.550767947895,-7.091312433553145,7.359284233517169
Livestock,Eastern Asia,Tropical Montane,Dry,Low Activity Clay,7,-5.0747626772049745,-0.7249660967435678,-1.4404327542058786,-17.32365405605731,19.200170664573502,-8.555456857750594,8.365335594245026
Livestock,Western Asia,Boreal,Moist,Wetland,11,-5.0790717221638095,-0.4617337929239827,-2.5545248869075166,-26.239372292164052,25.09853001859171,-10.143243710359005,10.615022487585007
Livestock,Southern Africa,Cool Temperate,Dry,Low Activity Clay,11,-5.080650586221159,-0.4618773260201054,-3.037331485842283,-16.92317873945949,16.92317873945949,-5.545628361266624,6.213449799026253
Livestock,Eastern Asia,Tropical,Dry,Sandy,10,-5.0996202847095455,-0.5099620284709545,0.02181233802687288,-20.014884289956047,21.395826412437742,-6.136932079165279,6.652292892845167
Livestock,Western Asia,Cool Temperate,Moist,Spodic,11,-5.146703107524338,-0.46788210068403074,-2.593653978182048,-21.318200630859003,22.977335210783107,-10.850911876198005,11.893334105738393
Livestock,Central Asia,Boreal,Dry,Low Activity Clay,11,-5.183525230483024,-0.47122956640754765,-2.250832099095009,-23.454412441689865,24.05573345534041,-9.590445452568005,9.7718264757696
Livestock,Central Asia,Warm Temperate,Dry,Low Activity Clay,12,-5.210677918611666,-0.43422315988430554,-0.14787125312219906,-25.10302695304487,25.573003168728608,-7.387229419504773,7.735277808227994
Livestock,Northern Africa,Tropical,Moist,Spodic,11,-5.213887354836307,-0.4739897595305733,-3.319831618600582,-25.833370162405306,26.39496516593586,-10.655345797552203,9.489341054588095
Livestock,Western Africa,Tropical,Moist,High Activity Clay,11,-5.218854565289801,-0.47444132411725465,-3.406580154057599,-13.015622195453785,13.50058835867625,-7.447168012160675,7.649233036676538
Livestock,Western Asia,Tropical,Moist,High Activity Clay,11,-5.328916202413417,-0.4844469274921288,-2.8209853746833744,-21.854696975859003,24.710180155344204,-10.935717152082004,9.489341054588095
Livestock,Western Africa,Boreal,Moist,High Activity Clay,10,-5.332963863964379,-0.5332963863964378,-1.0266438674781755,-11.272768096663322,12.313268150722859,-6.230983683879786,6.154502180056609
Livestock,North America,Boreal,Dry,Wetland,7,-5.33898048079499,-0.7627114972564272,-0.20804979194999998,-17.120314605712498,17.120314605712505,-16.998893934749994,11.899225754324997
Livestock,Europe,Warm Temperate,Moist,Low Activity Clay,7,-5.401798840251001,-0.7716855486072858,-1.4893420488749989,-11.72317292999999,9.769310774999989,-9.11802338999999,9.33511918499999
Livestock,Eastern Asia,Cool Temperate,Dry,Low Activity Clay,8,-5.403202091574892,-0.6754002614468615,0.2088056704868695,-25.556967128207948,21.335143801886545,-6.643258116611166,14.98216132370283
Livestock,Northern Africa,Tropical Montane,Dry,Spodic,11,-5.411910517997596,-0.4919918652725087,-2.391123743280009,-31.186576817139873,29.800506736378097,-9.402318059689806,8.68241541356392
Livestock,Eastern Africa,Tropical Montane,Dry,Spodic,11,-5.439035623629484,-0.4944577839663167,-2.578895722046974,-13.760009278735485,15.286561370229375,-6.240513897719754,6.47654042450536
Livestock,Europe,Boreal,Dry,Volcanic,6,-5.475442051500003,-0.9125736752500004,-0.5724978425999999,-6.385931595000003,3.9442518675000007,-3.524650605,1.6358839661999998
Livestock,Caribbean,Cool Temperate,Moist,High Activity Clay,11,-5.516796423347977,-0.5015269475770888,0.15261177394082526,-22.003058906754,20.165972459130007,-7.815365152320781,9.582022724322773
Livestock,Caribbean,Warm Temperate,Moist,Spodic,11,-5.565330237906355,-0.5059391125369413,0.12519824424452508,-27.88870079735171,21.83274229760357,-6.9991113643128,8.019620781081729
Livestock,Central Asia,Boreal,Moist,Volcanic,11,-5.568810217737582,-0.5062554743397801,-2.957353530728372,-27.446772178033637,24.528108881805526,-9.418560253675595,10.113848877976803
Livestock,South America,Tropical,Moist,Sandy,11,-5.607867718758748,-0.5098061562507953,0.09684063453806482,-25.139305799492572,25.063940121552005,-8.585980614714572,8.007082622433357
Livestock,Central America,Warm Temperate,Dry,Volcanic,12,-5.6644131172482295,-0.47203442643735244,0.13147231928781739,-26.519960051473422,21.888118748727003,-1.0307421888955983,7.205893821865934
Livestock,South-Eastern Asia,Warm Temperate,Moist,Volcanic,11,-5.699021798726883,-0.518092890793353,1.2376355018107286,-27.90882481131817,20.091195210124177,-6.595754148230474,7.3809629754007675
Livestock,South America,Tropical,Wet,Spodic,11,-5.70252464702191,-0.5184113315474463,0.07405932933791864,-25.979768793094273,25.39331375263885,-10.726799932889856,8.546660992381241
Livestock,Southern Africa,Boreal,Dry,Volcanic,11,-5.751984849521131,-0.5229077135928301,-2.6377525653695972,-12.2559840559195,13.642845087198358,-6.902410636643355,6.299800113776286
Livestock,Central Asia,Warm Temperate,Dry,Volcanic,12,-5.771695000765814,-0.4809745833971512,-0.10727448431198594,-29.450536173478095,23.34926376275221,-6.034154320857277,9.595280178913203
Livestock,Central Africa,Boreal,Dry,Low Activity Clay,11,-5.79347111185195,-0.5266791919865409,-2.778835189174855,-12.772025188015485,15.451597979506493,-6.741889459046996,5.629608612310725
Livestock,Northern Africa,Tropical,Wet,Low Activity Clay,11,-5.8141908779180955,-0.5285628070834633,-2.9535935935569784,-27.33456716533166,25.525123190131957,-10.981881943259403,10.265672251307702
Livestock,Central Asia,Tropical,Wet,High Activity Clay,11,-5.851809160336143,-0.5319826509396494,-3.7193136609450415,-21.893508673096502,25.525123190131957,-10.736257846062436,13.19228721210728
Livestock,Central America,Warm Temperate,Dry,Sandy,12,-5.862000262887547,-0.48850002190729563,0.08044229963028379,-23.805717397316595,22.385575993016253,-1.2794409276245424,7.074875727127146
Livestock,Eastern Asia,Warm Temperate,Dry,Volcanic,12,-5.9812486628913755,-0.49843738857428127,-0.229197545226,-26.24299014427045,19.41383653454533,-6.499994874108277,7.512147613910061
Livestock,North America,Warm Temperate,Dry,Spodic,8,-6.056106872906002,-0.7570133591132503,-0.06334863547099989,-30.895042428900013,31.34279666700002,-0.50808632545,22.46233761135
Livestock,Europe,Warm Temperate,Moist,Sandy,7,-6.0797218948290075,-0.8685316992612868,-1.4686207681949994,-16.168467779999993,16.168467779999993,-13.315208759999992,12.839665589999989
Livestock,Europe,Tropical,Dry,Spodic,6,-6.080971226100014,-1.0134952043500023,-0.8421567632775027,-24.218311004999997,18.586145654999992,-3.9465293481450052,5.182036998600001
Livestock,Caribbean,Boreal,Dry,Wetland,11,-6.102883992248951,-0.5548076356589955,0.3349846287645437,-21.033508433573427,18.162811714545004,-9.53788629598223,7.664006295043129
Livestock,North America,Cool Temperate,Dry,Sandy,7,-6.179029968219981,-0.8827185668885688,-0.32018724676400023,-29.76334498214999,29.76334498214999,-29.76334498214999,23.96630131896001
Livestock,Central Africa,Tropical,Dry,Low Activity Clay,11,-6.1825875484389226,-0.5620534134944475,-2.342004776562854,-13.660331437226251,17.43151647372299,-8.14992930052161,6.139225400990061
Livestock,Western Asia,Warm Temperate,Dry,Low Activity Clay,12,-6.211042172012368,-0.5175868476676974,-0.16266537027533579,-23.349263762752205,24.532503613202937,-6.034154320857277,9.86601675184286
Livestock,Western Africa,Tropical,Moist,Volcanic,11,-6.258401436896942,-0.5689455851724493,-2.7505850603917734,-13.298570504050604,16.45953920296649,-7.9667378734742105,6.535930953603751
Livestock,North America,Boreal,Dry,Spodic,7,-6.279533358247492,-0.897076194035356,-0.2586862492500002,-19.26541312605,15.663266554162501,-14.84030422874999,12.465855552149996
Livestock,Northern Africa,Tropical,Dry,Sandy,11,-6.2796284360855115,-0.5708753123714101,-2.338518143458723,-25.307912526484508,25.870310582628605,-9.667876356636006,8.912285711971796
Livestock,Eastern Africa,Cool Temperate,Dry,Spodic,11,-6.4201071013757725,-0.5836461001250702,-1.3268109307725737,-13.286247316347499,13.588207482628126,-6.718104975684027,5.710392569887502
Livestock,Western Asia,Tropical Montane,Dry,Wetland,11,-6.462703290933857,-0.587518480993987,-2.5606363217848367,-26.432708638772706,24.243488742561013,-10.12825142123772,9.667876356636004
Livestock,Western Asia,Warm Temperate,Moist,Spodic,11,-6.486482869799171,-0.5896802608908337,-2.7747150551542212,-25.00247496512475,26.708794133776884,-10.120778297883195,8.492001457279994
Livestock,Central Africa,Warm Temperate,Moist,Volcanic,11,-6.504237853451223,-0.5912943503137476,-2.397986512818282,-13.50176462156811,14.680342849798661,-7.60711686157774,7.635637757314562
Livestock,South America,Tropical,Wet,Wetland,11,-6.506502649849575,-0.591500240895416,0.0709078685150285,-32.78851695435514,25.676921536596005,-10.011679937363867,8.874404733556363
Livestock,Europe,Boreal,Dry,Sandy,7,-6.641667905490002,-0.9488097007842861,-0.4626089949599999,-6.250060710000003,3.69249111,-4.747488569999999,1.05632614395
Livestock,Western Asia,Tropical,Dry,Spodic,11,-6.674640696176214,-0.6067855178342012,-2.616302328780159,-21.610140328910575,27.129618354770653,-10.588626485839432,10.588626485839434
Livestock,Central Africa,Tropical,Wet,High Activity Clay,11,-6.676859992172956,-0.6069872720157232,-3.7543849826708557,-11.998784164524746,10.794562973786245,-6.040490226262323,5.700733622019643
Livestock,Oceania,Tropical,Dry,High Activity Clay,11,-6.684501513378993,-0.6076819557617266,1.6408615244945952,-22.87627988078494,21.395826412437742,-7.985093067233887,7.105858317357337
Livestock,Western Asia,Boreal,Dry,Spodic,11,-6.733582132240498,-0.6121438302036816,-2.372062488367337,-23.454412441689865,21.506850346984717,-10.503821209955433,9.474804617353708
Livestock,Northern Africa,Tropical Montane,Dry,Low Activity Clay,11,-6.742911935326254,-0.6129919941205686,-2.2824363004036448,-30.493541776758985,29.107471695997216,-9.626182775396703,12.184840751686739
Livestock,North America,Boreal,Moist,Spodic,7,-6.763243348680001,-0.9661776212400002,-0.20342646324,-20.94871461637501,14.376568854375009,-13.226443346025004,13.226443346025004
Livestock,Eastern Asia,Cool Temperate,Dry,Volcanic,10,-6.7755787404813965,-0.6775578740481396,-0.11565158175676304,-19.441474613426752,21.755935876929936,-6.945224394638949,6.341291838583385
Livestock,Central Africa,Boreal,Dry,Wetland,11,-6.7774292871736845,-0.6161299351976077,-2.269251112932568,-11.190246311926497,13.06229848774311,-6.410212771383382,5.422392175460699
Livestock,Central America,Warm Temperate,Dry,Spodic,12,-6.7927480245604075,-0.5660623353800339,0.08311896840677932,-27.122686416279635,23.805717397316595,-0.984469646998383,7.004412456152301
Livestock,South America,Warm Temperate,Moist,Volcanic,11,-6.855664096094932,-0.6232421905540847,0.38506001765512776,-24.37403247394485,22.254551389253997,-10.05899775871267,7.499047890335142
Livestock,Caribbean,Boreal,Moist,Sandy,11,-6.893238846864577,-0.6266580769876888,0.05912792346111001,-30.100250939242564,23.574705971522135,-7.6459317167612575,7.479715809875142
Livestock,Southern Africa,Tropical Montane,Dry,High Activity Clay,11,-6.8995569945354855,-0.6272324540486806,-2.342004776562854,-14.385464245950734,17.43151647372299,-9.478115084660786,6.021888173565002
Livestock,Western Africa,Tropical,Dry,Volcanic,10,-6.936083158356427,-0.6936083158356426,-0.9387477136337252,-17.035345644774733,14.96131538362875,-7.441750656846949,6.295610363272502
Livestock,Southern Africa,Cool Temperate,Moist,High Activity Clay,11,-6.96181693013237,-0.6328924481938518,-2.5481100455977104,-9.732209636611604,12.313268150722859,-6.612580950577527,6.346484716319199
Livestock,Europe,Cool Temperate,Moist,Volcanic,7,-6.9756531534124955,-0.996521879058928,-0.6551091195074995,-7.243986734999993,5.7566947724999995,-6.124143375,2.353211399070001
Livestock,Central Africa,Tropical Montane,Dry,Low Activity Clay,11,-7.001819176456155,-0.6365290160414686,-2.342004776562854,-12.350689920924747,14.07273676234311,-8.253725637996554,7.1181962804623
Livestock,Southern Africa,Tropical,Dry,Wetland,11,-7.01885390000008,-0.6380776272727345,-2.4460938777434253,-12.925140614921249,14.07273676234311,-7.603527845039273,4.953157464907146
Livestock,Central Asia,Tropical,Moist,Wetland,11,-7.12420703591193,-0.6476551850829027,-2.6702635394311636,-24.148585151813656,25.209716327391764,-9.268658704481393,8.323036776980492
Livestock,Western Asia,Tropical,Dry,High Activity Clay,11,-7.147545424780982,-0.6497768567982711,-2.499811186156373,-25.97516650988679,25.17906367868164,-9.33668026968474,9.89806388893686
Livestock,Western Africa,Tropical Montane,Dry,Low Activity Clay,11,-7.155671279982921,-0.6505155709075383,-2.394049327153139,-10.480138179884998,11.194693055786246,-7.279973468654625,4.840585704341074
Livestock,Western Africa,Cool Temperate,Moist,Wetland,11,-7.158391406720858,-0.6507628551564416,-2.930832392975996,-11.797082891856963,16.36281682140696,-8.799451286819622,5.923385735231251
Livestock,Central Asia,Tropical,Dry,Low Activity Clay,11,-7.160270726402543,-0.6509337024002312,-2.2824363004036448,-22.079925988234717,23.036164642198088,-12.184840751686739,9.8500474911036
Livestock,Western Africa,Cool Temperate,Dry,Spodic,11,-7.165233187669098,-0.6513848352426452,-2.9727074116754264,-13.286247316347499,13.286247316347499,-6.992131733338929,6.390201209159823
Livestock,Southern Africa,Cool Temperate,Dry,Sandy,11,-7.167575687325778,-0.6515977897568889,-2.8889670954047957,-12.191478588560237,11.723115183923,-7.383974169432426,7.362219935458932
Livestock,Central Africa,Tropical Montane,Dry,Volcanic,11,-7.194562713317152,-0.6540511557561047,-2.638870041164345,-12.350689920924747,14.3108234104275,-7.287342442349646,5.626365012276748
Livestock,Eastern Africa,Boreal,Moist,Sandy,11,-7.224178134627374,-0.6567434667843067,-2.8005731755103964,-10.485497276810092,12.52258390523625,-5.595344508024835,5.1695870786116105
Livestock,Eastern Asia,Warm Temperate,Dry,Sandy,10,-7.255106023187981,-0.725510602318798,-0.22760495940493874,-21.366226173316058,18.06205816919298,-7.011337772982723,6.671838054438328
Livestock,Western Asia,Boreal,Moist,Volcanic,11,-7.262486641395737,-0.6602260583087034,-2.5920710473259585,-27.446772178033637,20.34919151127451,-10.143243710359005,10.850911876198007
Livestock,Western Africa,Tropical,Wet,Sandy,10,-7.315344367568637,-0.7315344367568637,-0.11304779328080272,-12.835908641119499,11.998784164524746,-7.576408413622502,6.399075695743379
Livestock,Caribbean,Warm Temperate,Dry,High Activity Clay,12,-7.328589541163637,-0.6107157950969697,-0.04826895553546981,-28.328139145892067,21.888118748727003,-1.307872948238421,6.4727586439673885
Livestock,Southern Africa,Cool Temperate,Moist,Volcanic,11,-7.340416513431591,-0.6673105921301447,-2.5481100455977104,-10.164752287127675,9.94848096186964,-6.76636190291654,7.049925568457741
Livestock,Western Asia,Warm Temperate,Moist,Low Activity Clay,11,-7.343753951850247,-0.6676139956227497,-2.8471689671020695,-25.503930028991704,24.446864410344205,-10.190471070287005,9.460727539325596
Livestock,North America,Boreal,Dry,Volcanic,7,-7.3609326709425025,-1.0515618101346431,-0.20342646324,-19.26541312605,14.50302458718749,-14.503024587187488,12.182540653237496
Livestock,Caribbean,Tropical Montane,Dry,High Activity Clay,11,-7.369145995347022,-0.6699223632133656,0.2079374174082466,-27.429211244529633,26.2101351892172,-9.178712784757263,6.3369174938134485
Livestock,Southern Africa,Tropical,Wet,Spodic,11,-7.39077215215943,-0.6718883774690391,-2.985914605449596,-10.335219868518745,13.114950133317747,-7.124172608108848,6.120855013319753
Livestock,Central Africa,Cool Temperate,Dry,Volcanic,11,-7.43236845041241,-0.6756698591284009,-2.8261634628959955,-11.989549619921249,12.772025188015485,-6.871405273095002,6.300723008462299
Livestock,North America,Tropical Montane,Dry,Sandy,7,-7.433899950407951,-1.0619857072011358,-0.6110245416000002,-45.73225986907499,36.860544875700015,-32.453305814474994,34.456596296850016
Livestock,Western Asia,Tropical Montane,Dry,Volcanic,11,-7.508826211682231,-0.6826205646983846,-2.393638300798868,-20.200783350938146,19.730997691614004,-9.402318059689806,8.497683170722134
Livestock,Eastern Africa,Tropical Montane,Dry,High Activity Clay,11,-7.527961570406338,-0.6843601427642125,-2.0159523502454877,-10.280516737446947,12.925140614921249,-7.117869362295002,5.760326083997624
Livestock,Caribbean,Tropical,Wet,Sandy,11,-7.553492004151985,-0.6866810912865441,0.07248359892647344,-26.844054333714002,26.844054333714002,-10.011679937363867,8.364817141479515
Livestock,Central Africa,Cool Temperate,Dry,Sandy,11,-7.590864796211142,-0.6900786178373766,-2.700556197878396,-12.522418491917747,12.984287150066875,-7.198615048004289,6.081248739472501
Livestock,Central Africa,Boreal,Moist,Volcanic,11,-7.609766788156099,-0.6917969807414636,-3.0765669361097125,-12.522583905236251,12.026913077450235,-9.066292490429634,7.957460462731611
Livestock,Oceania,Warm Temperate,Dry,Sandy,10,-7.619933061862152,-0.7619933061862152,-3.0525671539502226,-19.547823945799795,20.457025059557928,-6.316956876435429,7.567086897432721
Livestock,Central Asia,Cool Temperate,Moist,Sandy,11,-7.655124376045354,-0.6959203978223049,-3.0917786912160254,-26.239372292164052,26.239372292164056,-10.379133098972003,10.573569281521202
Livestock,Northern Africa,Boreal,Moist,Spodic,11,-7.671949067787693,-0.6974499152534267,-2.6125822707008695,-27.446772178033637,23.957687745019356,-10.113848877976803,12.176508727303599
Livestock,Europe,Tropical,Wet,Sandy,7,-7.677896486782507,-1.0968423552546438,-3.978529705889996,-25.083167737500002,23.22515531249999,-19.94266669499999,19.07559422999999
Livestock,Central Africa,Tropical,Wet,Wetland,11,-7.688858016091853,-0.6989870923719866,-3.0472460778362302,-17.459413836671246,17.84740081081949,-7.633042080116622,7.972288394788474
Livestock,Central Africa,Boreal,Moist,Low Activity Clay,11,-7.724737330119634,-0.702248848192694,-2.8005731755103964,-9.732209636611604,13.458688443813358,-7.530602311761676,6.154502180056609
Livestock,Eastern Africa,Tropical,Moist,Low Activity Clay,11,-7.728767035804417,-0.7026151850731288,-3.487689205344684,-15.107801258518661,18.027114365153775,-8.146529624759053,6.0375692972083
Livestock,Western Asia,Warm Temperate,Moist,Sandy,11,-7.738166683441435,-0.7034696984946759,-2.7747150551542212,-22.61685319324351,24.446864410344205,-12.233856235787599,10.622287205965202
Livestock,Western Africa,Cool Temperate,Moist,Sandy,11,-7.763680280117382,-0.7057891163743074,-2.9959620017087962,-12.313268150722859,12.820740664884733,-7.563365534587338,7.280229785052325
Livestock,Central Africa,Tropical Montane,Dry,High Activity Clay,11,-7.807288496920467,-0.7097534997200424,-2.2379156753822826,-13.44728179512786,12.063464573926497,-6.956419092269975,7.117869362295002
Livestock,Western Asia,Boreal,Dry,Volcanic,11,-7.814479102220936,-0.7104071911109942,-2.1996768241155773,-24.60245467023451,24.49683077243164,-9.327652545052807,9.474804617353708
Livestock,Central Asia,Tropical,Moist,Sandy,11,-7.880586996201389,-0.7164169996546718,-3.2568672101096987,-25.202213055555525,24.148585151813656,-9.984785225814004,8.710154766607493
Livestock,Central Asia,Tropical,Moist,High Activity Clay,11,-7.909224190491365,-0.7190203809537604,-2.741580412487517,-23.586990148283107,24.710180155344204,-9.268658704481393,8.323036776980492
Livestock,Northern Africa,Tropical,Dry,Wetland,11,-7.931694118550763,-0.7210631016864331,-2.662929926701913,-26.552392432328723,30.493541776758985,-9.973272106254152,11.630984353882795
Livestock,Eastern Africa,Warm Temperate,Moist,Sandy,11,-7.946842212692631,-0.7224402011538755,-3.393927017337599,-13.430951968964733,12.642083312453785,-7.801629882473575,6.331122892863216
Livestock,Western Africa,Warm Temperate,Moist,High Activity Clay,11,-7.999263283406711,-0.7272057530369737,-2.881802227603197,-13.201725407755484,12.901686193942862,-6.9716692566785134,6.136182827595467
Livestock,Eastern Africa,Tropical,Moist,Sandy,11,-8.036745255067112,-0.730613205006101,-2.2968022985519974,-13.298570504050604,10.751841762909638,-7.159428517919625,6.126356161631251
Livestock,Eastern Asia,Boreal,Moist,Sandy,10,-8.08945311020588,-0.8089453110205881,0.012847322434166641,-20.498204062808668,15.301866172320315,-7.992417246515077,8.563304192694725
Livestock,Central Africa,Tropical,Dry,Wetland,11,-8.096118839866152,-0.7360108036241957,-2.936323037108569,-12.637915267922999,15.286561370229375,-7.626288602458932,6.19495171039643
Livestock,Eastern Africa,Warm Temperate,Moist,Low Activity Clay,11,-8.104079577614792,-0.7367345070558902,-2.6162546897376022,-13.118604248756252,10.211154555511605,-7.306974429592345,7.13704479169485
Livestock,Central Africa,Warm Temperate,Dry,Low Activity Clay,12,-8.170897121758793,-0.6809080934798994,-0.4763629761173698,-18.10097232140774,10.180007807804998,-5.969169305021967,6.621358760695191
Livestock,Southern Africa,Boreal,Dry,Wetland,11,-8.244087495337862,-0.7494624995761693,-2.423972779723425,-9.932426702718747,10.153147296112497,-6.270860319831568,5.5626738986411235
Livestock,Eastern Africa,Cool Temperate,Moist,High Activity Clay,11,-8.299625032105041,-0.7545113665550037,-2.9428031562788552,-12.599623223995485,9.732209636611607,-6.463895781428949,6.230983683879786
Livestock,Western Africa,Cool Temperate,Moist,Volcanic,11,-8.319637573526137,-0.7563306885023761,-2.33124961618514,-15.271962366646493,13.172333370540732,-7.227215955272345,7.370376730660366
Livestock,Southern Africa,Warm Temperate,Moist,High Activity Clay,11,-8.330229445834432,-0.7572935859849483,-2.8654218030459453,-14.101843049193358,12.916911210550603,-6.007365017766966,6.274359018556608
Livestock,Northern Africa,Tropical,Wet,High Activity Clay,11,-8.396156962991942,-0.763286996635631,-3.118403652775255,-24.499878753227033,24.499878753227033,-11.252684473006575,10.736257846062436
Livestock,Eastern Asia,Warm Temperate,Moist,Sandy,9,-8.400160306849289,-0.9333511452054766,-1.3464933357647417,-20.56955700084142,19.606231179220735,-5.573498601994559,4.24145508384398
Livestock,Europe,Tropical,Moist,Low Activity Clay,7,-8.421342274547982,-1.2030488963639974,-3.0767461766999964,-31.07305151999999,24.47698176,-20.861063999999985,17.94051503999999
Livestock,Central Africa,Tropical,Wet,Spodic,11,-8.512051949064347,-0.7738229044603951,-3.053776301027996,-9.683388833224072,12.835908641119499,-9.38964412292997,6.8926664713423
Livestock,Western Africa,Tropical Montane,Dry,High Activity Clay,11,-8.524017068781625,-0.7749106426165113,-2.7265770639383957,-12.063464573926497,14.96131538362875,-9.012143870214743,7.597978724860698
Livestock,South America,Tropical Montane,Dry,Sandy,11,-8.538359012092357,-0.7762144556447598,0.11105288674504643,-22.495415624985853,21.02832330161721,-9.178712784757263,7.189086369148785
Livestock,North America,Warm Temperate,Dry,Wetland,8,-8.55903829386802,-1.0698797867335026,0.03264724899699989,-32.73580985220002,29.551779714600013,-0.5327339174079998,24.551857389150005
Livestock,Northern Africa,Tropical,Moist,Low Activity Clay,11,-8.602299615450791,-0.7820272377682538,-2.8038890582258693,-27.01041035077688,25.809947668520138,-9.728793989069404,8.710154766607493
Livestock,Southern Africa,Tropical,Moist,Volcanic,11,-8.614938347219661,-0.7831762133836055,-3.037924745794283,-11.883828961066497,13.822030938644733,-8.233265514931608,7.356572136312344
Livestock,Central Asia,Boreal,Moist,Spodic,11,-8.618312641917774,-0.7834829674470704,-2.6125822707008695,-26.809793428950233,26.809793428950233,-10.075669108583195,9.637596538644795
Livestock,Europe,Tropical,Wet,Spodic,6,-8.6383181907,-1.43971969845,-0.407010711599999,-31.586211224999964,32.28812702999996,-27.16827056999999,18.64205799749999
Livestock,Western Africa,Tropical,Dry,Low Activity Clay,11,-8.643244339535812,-0.7857494854123466,-2.8710714140617126,-13.660331437226251,18.620028960567737,-9.61004825456997,6.139225400990061
Livestock,Southern Africa,Cool Temperate,Dry,Volcanic,11,-8.680887575310928,-0.7891715977555389,-2.792458358016459,-11.723115183923,13.588207482628126,-6.87433997511854,5.545628361266624
Livestock,Northern Africa,Boreal,Dry,Spodic,11,-8.683307331099234,-0.7893915755544758,-2.569566472285764,-25.149175885128603,21.890784945577202,-9.053702189915764,11.811650663543768
Livestock,Eastern Africa,Boreal,Dry,Volcanic,11,-8.725750726842397,-0.7932500660765816,-2.495388319929602,-13.06229848774311,12.2559840559195,-7.8049603632925475,7.362219935458932
Livestock,Eastern Africa,Tropical,Dry,Volcanic,11,-8.753391323007483,-0.7957628475461348,-3.066826283202283,-14.96131538362875,17.035345644774733,-8.52899577961564,6.7946419040776505
Livestock,Eastern Africa,Tropical,Wet,Spodic,11,-8.764265054642664,-0.7967513686038785,-1.5412545348524909,-10.335219868518745,9.171280306117644,-6.321443260041965,6.321443260041965
Livestock,Central Africa,Cool Temperate,Moist,Low Activity Clay,11,-8.770794621725441,-0.7973449656114038,-2.787884339718859,-12.599623223995485,9.19053801067827,-7.563365534587338,7.899515113902331
Livestock,Western Asia,Boreal,Moist,Low Activity Clay,11,-8.78843698717485,-0.7989488170158954,-2.768803164189093,-23.524414620563658,25.694850549648514,-11.893334105738393,8.455757204311993
Livestock,North America,Tropical,Moist,Low Activity Clay,7,-8.828359483257511,-1.26119421189393,-0.5128338461399997,-50.32545201645001,42.34545706754999,-36.489170451824975,36.199573860937484
Livestock,Western Africa,Tropical,Moist,Wetland,11,-8.844551050480096,-0.8040500954981905,-2.35148806756514,-13.500588358676252,12.166777269663319,-7.823079242055548,6.343263433359785
Livestock,Southern Africa,Boreal,Moist,Spodic,11,-8.858772752655536,-0.8053429775141396,-2.7354435667775974,-11.797082891856963,10.164752287127673,-6.889699987356428,5.901817887391649
Livestock,Northern Africa,Tropical Montane,Dry,Sandy,11,-8.862220832505209,-0.8056564393186553,-2.9863018975325604,-25.97516650988679,25.307912526484508,-9.54887754854121,9.626182775396703
Livestock,Northern Africa,Warm Temperate,Moist,Sandy,11,-8.905637468375577,-0.8096034062159615,-2.5334354851408105,-25.5580855199053,24.446864410344205,-10.664446468905005,10.391367918879
Livestock,Oceania,Warm Temperate,Moist,Volcanic,11,-8.93887341841616,-0.8126248562196509,0.9674699172463297,-20.032453596160316,21.853209601660968,-6.971728072096792,6.470332839601275
Livestock,Central Africa,Tropical,Moist,High Activity Clay,11,-8.991728979413084,-0.8174299072193713,-2.7505850603917734,-12.732673886856961,10.518106072411605,-7.477625340938273,7.869821355124833
Livestock,Central Asia,Tropical Montane,Dry,Low Activity Clay,11,-9.003331865237014,-0.8184847150215467,-2.5541549075945547,-24.107614160439862,24.243488742561013,-10.521641638224304,7.943486442196779
Livestock,Southern Africa,Tropical Montane,Dry,Spodic,11,-9.034051262192625,-0.8212773874720568,-2.7265770639383957,-14.636069397028127,17.43151647372299,-7.795761682513574,5.700592498904286
Livestock,Western Africa,Boreal,Moist,Sandy,11,-9.055578238155007,-0.8232343852868188,-3.0765669361097125,-11.797082891856963,13.417054184181698,-7.530602311761676,4.969429027382625
Livestock,Central America,Cool Temperate,Moist,Sandy,11,-9.125439578833404,-0.8295854162575822,0.14936471492080736,-30.100250939242564,24.62247068136757,-7.6459317167612575,8.14920666012288
Livestock,Central Asia,Tropical Montane,Dry,Sandy,11,-9.180991041318062,-0.8346355492107329,-2.2824363004036448,-20.670569010262287,20.200783350938146,-13.01562534839265,12.184840751686739
Livestock,Central Asia,Tropical,Wet,Volcanic,11,-9.182990629833608,-0.8348173299848735,-3.6401793277334447,-23.978604737200932,22.936056705148715,-10.265672251307702,12.899125274060452
Livestock,Northern Africa,Tropical,Wet,Spodic,11,-9.230835566617818,-0.839166869692529,-2.9535935935569784,-28.56382833181433,26.092086839634764,-12.605963336013627,12.312801397966794
Livestock,Western Africa,Tropical Montane,Dry,Sandy,10,-9.240430819313861,-0.9240430819313861,-1.5690305882898348,-18.620028960567737,13.134554311520237,-6.956419092269975,6.089269260193215
Livestock,North America,Tropical,Wet,Volcanic,7,-9.254044536046498,-1.3220063622923568,-0.6981327963720002,-38.91875548275001,37.14972114262501,-38.49287684531251,31.646058751125008
Livestock,Northern Africa,Warm Temperate,Moist,Low Activity Clay,11,-9.265968247971207,-0.8423607498155643,-2.6805181518695482,-27.895851650833634,27.242834349150232,-10.160448631792804,9.900761378363997
Livestock,Northern Africa,Warm Temperate,Dry,Sandy,12,-9.267335618005003,-0.7722779681670836,0.34014636400855713,-22.778833345948087,20.914142506836438,-5.647187963944384,9.941996868641652
Livestock,Central Africa,Cool Temperate,Dry,High Activity Clay,11,-9.286075315821975,-0.844188665074725,-2.9080833375085686,-10.863582182640636,13.06229848774311,-7.362219935458932,5.552444501257502
Livestock,Northern Africa,Boreal,Dry,Low Activity Clay,11,-9.346244249808153,-0.8496585681643776,-2.372062488367337,-31.64481014540165,25.243580584886793,-12.91040886480365,11.536961113228795
Livestock,Western Africa,Cool Temperate,Dry,High Activity Clay,11,-9.348033590705437,-0.8498212355186762,-3.5013622471817123,-11.989549619921249,15.451597979506493,-6.157524758269974,5.63598328183393
Livestock,Central Africa,Tropical Montane,Dry,Spodic,11,-9.418155105890204,-0.8561959187172913,-2.342004776562854,-10.480138179884998,13.134554311520237,-8.620557888574178,5.896063463878476
Livestock,Central Asia,Tropical,Dry,Wetland,11,-9.448759658922047,-0.8589781508110952,-2.391123743280009,-25.39794058744487,21.14035466958644,-10.588626485839432,10.12825142123772
Livestock,Europe,Warm Temperate,Dry,Spodic,8,-9.449279117078003,-1.1811598896347504,-0.08918104860000065,-16.611234862499998,13.679840474999999,-6.967575212378,11.214287831250001
Livestock,Central Africa,Tropical,Moist,Wetland,11,-9.456713806681838,-0.8597012551528944,-3.105434184589712,-12.732673886856961,14.205225829020733,-7.869821355124833,7.527655209249841
Livestock,Central Asia,Boreal,Dry,Wetland,11,-9.460955166353827,-0.8600868333048933,-2.6293238321063623,-30.97151631252075,26.365517499770654,-9.327652545052807,12.91040886480365
Livestock,Western Africa,Boreal,Dry,Low Activity Clay,11,-9.542395708895448,-0.8674905189904952,-3.656978347056457,-10.373867889506249,12.522418491917747,-7.8049603632925475,6.992131733338929
Livestock,Central Africa,Boreal,Moist,Wetland,11,-9.558821201683237,-0.868983745607567,-2.875921266363426,-12.321397687050604,12.599623223995485,-7.049925568457741,6.098409562946173
Livestock,Southern Africa,Tropical,Dry,Low Activity Clay,11,-9.559093777091519,-0.869008525190138,-2.394049327153139,-10.956508097152495,10.956508097152495,-7.795761682513574,6.139225400990061
Livestock,Northern Africa,Boreal,Moist,Sandy,11,-9.605761400683322,-0.8732510364257565,-2.890140950484546,-21.318200630859003,25.668951155377886,-10.850911876198005,8.647933504409993
Livestock,Western Africa,Boreal,Dry,Sandy,11,-9.607658989704795,-0.8734235445186177,-2.9080833375085686,-12.984287150066875,12.682326983786249,-8.385201758689645,6.131507868279753
Livestock,Northern Africa,Tropical,Moist,Wetland,11,-9.648116457608637,-0.8771014961462398,-3.172283546662778,-23.586990148283107,22.84809229294351,-9.930705754801497,8.710154766607493
Livestock,Western Asia,Boreal,Dry,Low Activity Clay,11,-9.66920444673025,-0.8790185860663864,-2.148521549136145,-28.951634813878098,20.134072665262288,-8.067380117556564,12.91040886480365
Livestock,Eastern Africa,Boreal,Moist,Volcanic,11,-9.787834253384753,-0.8898031139440685,-2.8090393764479975,-9.732209636611604,10.164752287127673,-7.440172089291854,5.473706583937338
Livestock,Europe,Warm Temperate,Dry,Volcanic,8,-9.8283432762,-1.228542909525,-0.24418620450000061,-13.350342656250005,13.066292812500004,-2.1176960111999987,2.1709510515000012
Livestock,Central Asia,Tropical Montane,Dry,Spodic,11,-9.845512163858897,-0.8950465603508089,-2.616302328780159,-25.307912526484508,19.730997691614004,-8.128218685038563,9.402318059689806
Livestock,Eastern Africa,Tropical,Moist,Volcanic,11,-9.849210506001949,-0.8953827732729045,-2.515545374604568,-16.45953920296649,16.85143299351331,-7.996925447434562,6.393845498090627
Livestock,Southern Africa,Cool Temperate,Moist,Wetland,11,-9.89855467278235,-0.8998686066165772,-2.439679830891425,-11.272768096663322,12.026913077450235,-8.40836456296097,6.064418728927232
Livestock,Central Africa,Tropical Montane,Dry,Wetland,11,-9.910957478265793,-0.9009961343877994,-2.663168295009597,-15.286561370229375,14.07273676234311,-7.88689338741893,6.5241736203433796
Livestock,Southern Africa,Boreal,Dry,Low Activity Clay,11,-9.914417297916943,-0.9013106634469948,-2.166103335071998,-12.772025188015485,10.153147296112497,-7.035010160549646,5.5626738986411235
Livestock,Caribbean,Boreal,Moist,Spodic,11,-9.949398398283048,-0.9044907634802771,0.35455927673467763,-30.100250939242564,20.64611466053786,-10.473373675422565,8.3344159023984
Livestock,Eastern Africa,Tropical,Moist,Wetland,11,-10.010881210201804,-0.9100801100183458,-2.2968022985519974,-13.822030938644733,13.822030938644733,-7.869821355124833,8.040904428062332
Livestock,Central Africa,Boreal,Dry,Volcanic,11,-10.053550824613742,-0.9139591658739765,-2.614216335164345,-15.819493169494741,12.984287150066875,-7.2959412091647735,7.198615048004289
Livestock,Western Africa,Cool Temperate,Moist,High Activity Clay,10,-10.164772813841022,-1.0164772813841023,0.6150757602902872,-15.271962366646493,11.272768096663322,-7.449537454472144,5.1695870786116105
Livestock,Western Africa,Tropical,Wet,Wetland,11,-10.168880237075602,-0.9244436579159637,-3.130832745154283,-11.871965425837814,14.308577892028126,-7.69089642471893,5.879526941776948
Livestock,Central America,Tropical,Dry,Spodic,11,-10.169506825843872,-0.924500620531261,0.012556822488136719,-26.819673216873422,20.539292527161,-9.59592700224623,7.709726339875129
Livestock,Southern Africa,Boreal,Dry,Sandy,11,-10.196496644971889,-0.9269542404519899,-2.166103335071998,-11.190246311926497,9.93242670271875,-7.642562592254176,5.629608612310725
Livestock,Western Asia,Cool Temperate,Moist,Low Activity Clay,11,-10.227472391517308,-0.9297702174106643,-2.5110434070002445,-24.618573440124752,22.771714310235755,-9.637596538644795,11.893334105738393
Livestock,Central Asia,Boreal,Dry,Volcanic,11,-10.228221437936607,-0.9298383125396916,-2.1996768241155773,-24.12164367000294,19.218887544114004,-10.503821209955433,9.68535583107268
Livestock,Central Africa,Cool Temperate,Moist,Spodic,11,-10.249486948297342,-0.9317715407543038,-2.9428031562788552,-13.172333370540732,12.313268150722859,-7.899515113902331,5.901817887391649
Livestock,Central Asia,Tropical,Dry,Spodic,11,-10.26835830336752,-0.9334871184879564,-2.5496137596082145,-24.107614160439862,22.079925988234717,-9.33668026968474,7.943486442196779
Livestock,Western Asia,Boreal,Moist,Spodic,11,-10.278839637522413,-0.9344399670474921,-2.890140950484546,-26.27882442577688,24.618573440124752,-10.615022487585007,9.654128474432405
Livestock,Northern Africa,Boreal,Dry,Wetland,11,-10.318934964407903,-0.9380849967643549,-2.372062488367337,-21.506850346984717,24.60245467023451,-9.053702189915764,8.067380117556564
Livestock,Central Asia,Tropical,Dry,Volcanic,11,-10.332070991432275,-0.9392791810392978,-2.5049703147895137,-27.129618354770653,23.571889401318977,-9.402318059689806,10.818814018140289
Livestock,Central Asia,Tropical Montane,Dry,High Activity Clay,11,-10.397488154484186,-0.9452261958621988,-2.5541549075945547,-25.39794058744487,24.183116414196302,-9.76107482739768,9.973272106254152
Livestock,Eastern Africa,Tropical,Wet,Volcanic,11,-10.438597610769328,-0.948963419160848,-3.504092650492799,-12.819668139920235,13.124898333727861,-8.406328650274178,8.048612537496554
Livestock,Western Africa,Tropical,Wet,Volcanic,11,-10.460402957916095,-0.9509457234469177,-3.8378157600635427,-14.944514687229375,14.345819108958361,-7.463418922780698,6.040490226262323
Livestock,Northern Africa,Tropical,Wet,Wetland,11,-10.475266976691156,-0.9522969978810142,-3.3235104272219282,-28.56382833181433,22.414782689122607,-10.736257846062436,9.072886032144634
Livestock,Europe,Tropical Montane,Dry,Spodic,7,-10.476928656719988,-1.4967040938171412,-2.317830956999998,-23.72879180249998,16.019369021249993,-14.656018466249995,14.315180827499994
Livestock,Eastern Africa,Boreal,Moist,Low Activity Clay,11,-10.614980253744625,-0.964998204885875,-2.5481100455977104,-11.733770762144626,15.999198669820137,-6.458799998238515,5.3993465043276805
Livestock,Southern Africa,Cool Temperate,Moist,Spodic,11,-10.624911826633898,-0.9659010751485362,-2.9428031562788552,-15.271962366646493,15.999198669820137,-8.603907924890297,6.068971856075467
Livestock,Central Asia,Cool Temperate,Dry,High Activity Clay,11,-10.63208677689645,-0.9665533433542227,-2.2730794999832664,-28.951634813878098,24.12164367000294,-10.275477270608576,7.700681021303994
Livestock,Central Africa,Boreal,Moist,Spodic,11,-10.659124074914738,-0.9690112795377034,-2.725931354391774,-15.271962366646493,9.94848096186964,-5.923385735231252,6.482765391716978
Livestock,Central Africa,Tropical,Moist,Sandy,11,-10.66236941174577,-0.9693063101587064,-2.460859605591425,-13.587607314715484,12.166777269663319,-9.49486085720097,7.882913790891968
Livestock,Central Asia,Cool Temperate,Dry,Spodic,11,-10.725684214610153,-0.9750622013281958,-2.5098091124651645,-22.933203276318977,22.962291025552208,-8.434079213809135,7.884030569430279
Livestock,North America,Tropical,Wet,High Activity Clay,7,-10.765722641734504,-1.5379603773906434,-0.7075352582760004,-46.781130327749985,46.781130327749985,-40.68778982287501,30.958100952187507
Livestock,Central Asia,Tropical,Moist,Low Activity Clay,11,-10.804518972444962,-0.9822289974949965,-2.756872070713298,-27.610641691905258,24.148585151813656,-9.489341054588095,9.930705754801497
Livestock,Central Africa,Tropical,Dry,Sandy,11,-10.842695221325345,-0.9856995655750314,-3.5356533109817128,-14.3108234104275,14.69819172955836,-7.757211108878538,5.959710339763571
Livestock,Central Africa,Boreal,Moist,Sandy,11,-10.929143122049295,-0.993558465640845,-2.8498373250459452,-12.88597829726811,12.321397687050604,-7.101982448869496,5.316133378130249
Livestock,Eastern Africa,Warm Temperate,Dry,Low Activity Clay,12,-10.976366124949346,-0.9146971770791121,-0.3151628384522309,-16.56046403873474,9.717280180177497,-7.547227583100699,8.252068838068626
Livestock,Southern Africa,Cool Temperate,Moist,Sandy,11,-10.97903250291572,-0.9980938639014291,-2.875921266363426,-12.026913077450235,12.820740664884733,-7.073923807594563,5.499767905582499
Livestock,Western Africa,Cool Temperate,Moist,Low Activity Clay,11,-11.052331639719561,-1.0047574217926873,-2.385464723538282,-11.010610699066497,12.820740664884733,-7.947456549925389,4.824947940037503
Livestock,Eastern Africa,Cool Temperate,Moist,Wetland,11,-11.070608873216472,-1.0064189884742247,-2.9959620017087962,-11.272768096663322,9.083395660837496,-7.059141165614849,5.761661615372142
Livestock,Eastern Africa,Tropical,Moist,High Activity Clay,11,-11.071788812922296,-1.0065262557202088,-2.460859605591425,-13.27879805756286,10.751841762909638,-7.996925447434562,7.532562066852324
Livestock,Northern Africa,Warm Temperate,Moist,Spodic,11,-11.086201511375716,-1.007836501034156,-3.288115875694852,-26.113696074685862,24.344660482219357,-11.138421867523004,12.233856235787602
Livestock,Western Africa,Tropical,Dry,Sandy,11,-11.103693271708625,-1.0094266610644205,-2.936323037108569,-13.44728179512786,13.499591308917747,-7.441750656846949,5.700592498904286
Livestock,Southern Africa,Tropical Montane,Dry,Wetland,11,-11.167559302313006,-1.015232663846637,-2.818792998516459,-11.194693055786248,10.480138179884998,-7.580910856404027,5.729943707590724
Livestock,Western Africa,Cool Temperate,Moist,Spodic,11,-11.236156308613166,-1.0214687553284696,-3.009685046194283,-15.999198669820137,13.417054184181698,-7.210151149559053,5.965835442012562
Livestock,Western Asia,Cool Temperate,Moist,High Activity Clay,11,-11.240237543527863,-1.0218397766843512,-2.822928370240719,-26.862798301905258,21.802705190651256,-9.637596538644795,10.850911876198007
Livestock,Eastern Africa,Boreal,Dry,High Activity Clay,11,-11.279483332745931,-1.0254075757041756,-2.320825001862854,-14.192127815189375,9.93242670271875,-6.587119508846949,7.035010160549646
Livestock,Eastern Africa,Cool Temperate,Dry,Sandy,11,-11.286198391902586,-1.0260180356275077,-3.579170297119085,-10.139343370464594,9.93242670271875,-6.992131733338929,6.014326508077649
Livestock,Central Asia,Warm Temperate,Moist,Volcanic,11,-11.374649591668902,-1.034059053788082,-2.9298686776248553,-26.113696074685862,21.633511750059004,-9.698610057620405,9.929529344706603
Livestock,Western Asia,Tropical Montane,Dry,Sandy,11,-11.416658282569154,-1.0378780256881048,-2.449304307794191,-24.643338919560748,21.610140328910575,-8.497683170722134,10.358438953538576
Livestock,Western Africa,Cool Temperate,Dry,Volcanic,11,-11.466515922133816,-1.0424105383758013,-2.9517707279135967,-11.190246311926497,12.522418491917747,-9.316440514779272,7.186809973987563
Livestock,Southern Africa,Warm Temperate,Moist,Low Activity Clay,11,-11.511220931095313,-1.046474630099574,-3.555542589591771,-13.430951968964733,14.055647409381697,-7.9528949007403655,6.274359018556608
Livestock,Southern Africa,Tropical,Moist,Sandy,11,-11.515196671268871,-1.046836061024443,-3.023798277028796,-17.635220574606958,18.027114365153775,-9.274050139591646,6.682133283391651
Livestock,Western Asia,Cool Temperate,Dry,Volcanic,11,-11.574710297189029,-1.052246390653548,-2.3204959125332643,-25.695897100022705,25.149175885128606,-12.91040886480365,9.264253403634738
Livestock,Central Africa,Tropical,Wet,Volcanic,11,-11.605311090081262,-1.0550282809164784,-2.5695444350314256,-12.835908641119499,12.277825656723,-6.259965354531568,5.452875638453573
Livestock,Southern Africa,Tropical,Moist,High Activity Clay,11,-11.680491366214266,-1.0618628514740243,-2.760859296417597,-14.51403508617336,13.015622195453785,-7.882913790891968,7.698738282187337
Livestock,Southern Africa,Tropical,Wet,Wetland,11,-11.68268446717913,-1.0620622242890116,-3.5875234278854844,-17.459413836671246,16.29545291422649,-7.756799090137324,6.538186036955192
Livestock,Europe,Tropical,Moist,Spodic,7,-11.700101586599999,-1.6714430837999998,-2.7690715590299977,-30.39755039999999,29.04654815999999,-24.675658559999995,17.94051503999999
Livestock,Southern Africa,Tropical,Wet,Sandy,11,-11.77293573469252,-1.0702668849720474,-2.3982414726959975,-12.399608333652827,9.646205210617495,-7.463418922780698,6.902550921819376
Livestock,Northern Africa,Boreal,Moist,Low Activity Clay,11,-11.915700444237832,-1.083245494930712,-2.452647048697913,-29.36489124620312,26.278824425776882,-13.30920721356439,9.654128474432405
Livestock,Southern Africa,Tropical,Wet,High Activity Clay,11,-11.94689183737882,-1.0860810761253472,-2.985914605449596,-13.672641096826874,9.875876763251247,-7.293795765444773,5.659675609318498
Livestock,Eastern Africa,Tropical Montane,Dry,Sandy,11,-12.012695433550698,-1.0920632212318817,-3.001574660155426,-13.985577423826875,13.66033143722625,-7.287342442349646,5.729943707590724
Livestock,Northern Africa,Cool Temperate,Moist,Wetland,11,-12.039362859624877,-1.0944875326931707,-2.8349241156873553,-25.098530018591703,22.287209750443505,-9.856632823613996,9.199523968706394
Livestock,Western Africa,Tropical,Moist,Sandy,10,-12.090766203376639,-1.209076620337664,-3.5290791091012603,-14.143473518613215,13.822030938644733,-7.301540625918514,6.2220383101617855
Livestock,Southern Africa,Boreal,Dry,High Activity Clay,11,-12.103679880044124,-1.100334534549466,-2.9080833375085686,-12.2559840559195,11.989549619921249,-8.523551960329968,5.44431913484025
Livestock,Southern Africa,Tropical,Dry,High Activity Clay,11,-12.209674377503472,-1.109970397954861,-3.37851316382697,-14.3108234104275,12.925140614921249,-8.620557888574178,6.002798169856948
Livestock,Central Africa,Boreal,Dry,High Activity Clay,11,-12.226676025617772,-1.1115160023288884,-2.166103335071998,-11.723115183923,9.93242670271875,-7.689429710368217,5.629608612310725
Livestock,Central Africa,Tropical,Wet,Sandy,11,-12.23411143812308,-1.11219194892028,-2.7879059861054882,-14.944514687229375,12.819668139920235,-6.8926664713423,6.399075695743379
Livestock,Central Africa,Cool Temperate,Moist,Sandy,11,-12.329055154071149,-1.12082319582465,-2.875921266363426,-15.271962366646493,11.272768096663322,-6.612580950577527,6.628550703711163
Livestock,Eastern Asia,Tropical,Wet,Sandy,7,-12.36274203154158,-1.76610600450594,0.9299426603377501,-24.865407114465246,23.784302457314585,-21.19180148084784,8.507565500496154
Livestock,Central Asia,Warm Temperate,Dry,Sandy,12,-12.409147718454644,-1.0340956432045536,-0.1989425237327982,-30.82032855363987,20.449383784462288,-5.817636542318548,8.103624370524564
Livestock,Central Africa,Tropical,Moist,Volcanic,11,-12.502454114682589,-1.1365867376984171,-2.875611654045945,-18.419008155700592,14.464916098581698,-7.159428517919625,5.9028491176143705
Livestock,North America,Tropical,Wet,Wetland,7,-12.58734115507948,-1.7981915935827828,-0.7139994508350003,-46.781130327749985,38.525636740500005,-32.33401655006251,28.894227555375007
Livestock,Southern Africa,Cool Temperate,Dry,High Activity Clay,11,-12.605750144749429,-1.1459772858863118,-2.9517707279135967,-13.642845087198358,10.153147296112497,-7.465614260540699,6.587119508846949
Livestock,Southern Africa,Tropical,Wet,Low Activity Clay,11,-12.631229806560494,-1.1482936187782267,-2.917576031970859,-14.944514687229375,11.719742672326499,-8.327379044496212,7.463418922780698
Livestock,Central Africa,Tropical,Dry,Spodic,11,-12.732630814879844,-1.157511892261804,-2.342004776562854,-17.035345644774733,14.3108234104275,-7.965234762568216,6.295610363272502
Livestock,Central Asia,Cool Temperate,Dry,Wetland,11,-12.757147308701818,-1.159740664427438,-2.3259418139363652,-23.56067521256101,22.933203276318977,-12.91040886480365,9.327652545052807
Livestock,Southern Africa,Warm Temperate,Moist,Volcanic,11,-12.759712455409671,-1.1599738595826974,-3.393927017337599,-14.680342849798661,13.743299689173215,-7.256586426592502,5.50002624866768
Livestock,Eastern Asia,Tropical Montane,Dry,Spodic,9,-12.76233125145422,-1.4180368057171355,-0.9501762595428009,-21.303584216063022,22.824398449705136,-6.59176622844523,5.169329150118316
Livestock,Western Asia,Cool Temperate,Dry,Low Activity Clay,11,-12.770307480805045,-1.1609370437095494,-2.1996768241155773,-25.149175885128603,22.41199411094809,-9.81878939191486,9.895907044791652
Livestock,Northern Africa,Tropical,Wet,Sandy,11,-12.799766584690847,-1.1636151440628042,-3.481910661310252,-26.92012083462696,25.525123190131957,-12.899125274060452,9.274505721747849
Livestock,Central Asia,Warm Temperate,Moist,High Activity Clay,11,-12.865147429897254,-1.1695588572633868,-2.5334354851408105,-31.27372311758421,27.895851650833634,-9.929529344706603,8.492001457279994
Livestock,Eastern Africa,Boreal,Dry,Spodic,11,-12.870641762325054,-1.1700583420295503,-2.6377525653695972,-9.711706109324998,9.270264922537498,-8.678929785709672,5.545628361266624
Livestock,Southern Africa,Cool Temperate,Moist,Low Activity Clay,11,-12.928146580502894,-1.1752860527729903,-3.143448826025141,-12.026913077450235,12.599623223995485,-6.612580950577527,5.923385735231251
Livestock,Western Africa,Tropical,Wet,Low Activity Clay,11,-12.964307400486238,-1.1785734000442034,-2.985914605449596,-14.62654628962875,10.794562973786245,-9.447877170557094,7.124172608108848
Livestock,Eastern Africa,Cool Temperate,Moist,Spodic,11,-13.073933703966635,-1.1885394276333303,-3.009685046194283,-12.026913077450235,14.01336770347866,-7.957460462731611,6.346484716319199
Livestock,Southern Africa,Boreal,Dry,Spodic,11,-13.116247836676528,-1.1923861669705935,-2.7633598303871967,-13.06229848774311,9.711706109324998,-7.8049603632925475,6.118277753450895
Livestock,Eastern Asia,Warm Temperate,Dry,Wetland,12,-13.188297291111555,-1.0990247742592962,0.022242133576328482,-26.826167703032013,18.06205816919298,-7.362867437839863,7.049553929846677
Livestock,Central Africa,Tropical,Dry,High Activity Clay,11,-13.215445087566408,-1.2014040988696735,-2.289960225972568,-14.07273676234311,10.718323138518748,-8.070309512707743,6.295610363272502
Livestock,Eastern Africa,Boreal,Moist,Wetland,11,-13.24153786074247,-1.2037761691584064,-2.8498373250459452,-11.534925494260142,12.599623223995485,-6.612580950577527,4.853860910466748
Livestock,Northern Africa,Cool Temperate,Dry,High Activity Clay,11,-13.312012162552312,-1.210182923868392,-2.2628206247100917,-28.278340980997214,24.49683077243164,-11.536961113228795,7.884030569430279
Livestock,Western Asia,Tropical,Moist,Sandy,11,-13.321149123469334,-1.2110135566790303,-2.9285063497025736,-32.35073781557477,27.546604967700233,-10.423707845431503,9.489341054588095
Livestock,Southern Africa,Tropical,Moist,Low Activity Clay,11,-13.394921690628294,-1.2177201536934812,-3.56879825663177,-12.969988800410235,10.050634691415533,-6.45879506212981,5.2016956776748495
Livestock,Western Africa,Boreal,Moist,Spodic,9,-13.458117205426888,-1.4953463561585432,-2.439679830891425,-11.48411606507772,10.164752287127673,-7.530602311761676,6.068971856075467
Livestock,Eastern Africa,Warm Temperate,Moist,High Activity Clay,11,-13.713970984000264,-1.246724634909115,-2.6785464680646873,-12.916911210550603,12.642083312453785,-6.9840012904289495,6.136182827595467
Livestock,Southern Africa,Tropical,Moist,Wetland,11,-13.740720985591416,-1.2491564532355832,-2.2968022985519974,-12.166777269663319,10.050634691415533,-7.477625340938273,6.343263433359785
Livestock,Caribbean,Tropical,Wet,Wetland,11,-13.831751330371892,-1.2574319391247175,0.41785361170748847,-32.78851695435514,22.932854248075717,-9.256851075117854,8.672713716884628
Livestock,Eastern Africa,Cool Temperate,Dry,Volcanic,11,-13.900945449467304,-1.2637223135879367,-2.320825001862854,-12.772025188015485,9.490985515931246,-6.7303177590392735,5.816846620365001
Livestock,Western Africa,Tropical Montane,Dry,Volcanic,11,-13.930376716576802,-1.266397883325164,-3.5356533109817128,-17.82768730267124,12.637915267922999,-7.757211108878538,7.965234762568216
Livestock,Southern Africa,Warm Temperate,Moist,Sandy,11,-13.97123610350926,-1.2701123730462962,-2.2889871258719974,-10.43806910118964,9.757325464155533,-7.816763343284833,5.383004413589646
Livestock,Eastern Africa,Boreal,Moist,Spodic,11,-14.013349278358948,-1.273940843487177,-3.776310299413028,-14.01336770347866,11.797082891856963,-5.761661615372142,5.630714760477322
Livestock,Western Africa,Tropical,Dry,Wetland,11,-14.066436292862614,-1.278766935714783,-2.289960225972568,-11.194693055786248,10.003768262617497,-7.960396060974597,5.956854175096129
Livestock,Southern Africa,Boreal,Moist,Sandy,11,-14.066944035801255,-1.2788130941637503,-3.5352692164717707,-11.272768096663322,9.515938311353569,-7.073923807594563,5.595344508024835
Livestock,Northern Africa,Boreal,Moist,Volcanic,11,-14.106864517446068,-1.2824422288587334,-2.686232481907239,-30.763219400784212,25.165652849905303,-9.907354321746004,8.840109804507993
Livestock,Western Asia,Warm Temperate,Moist,Volcanic,11,-14.242315578697223,-1.2947559616997475,-3.1481960511971994,-26.663199575764054,22.61685319324351,-9.240710619806393,9.240710619806393
Livestock,Eastern Africa,Tropical,Dry,Spodic,11,-14.25615937934292,-1.2960144890311744,-2.638870041164345,-14.69819172955836,14.3108234104275,-8.116022728828472,5.729943707590724
Livestock,Central Africa,Cool Temperate,Dry,Wetland,11,-14.273743088780023,-1.2976130080709112,-2.5548023275469736,-12.68232698378625,9.93242670271875,-8.190197066627096,6.014326508077649
Livestock,Oceania,Warm Temperate,Dry,Spodic,10,-14.274298922232,-1.4274298922231998,-0.7567810822994997,-18.864816310046002,19.94993873121425,-10.20438186338006,6.590643305032729
Livestock,Central Africa,Warm Temperate,Moist,Sandy,11,-14.528528409736502,-1.3207753099760458,-2.892237537243427,-16.376551387473317,12.642083312453785,-8.120465763091609,5.166074889674849
Livestock,Eastern Africa,Boreal,Dry,Low Activity Clay,11,-14.556862639300272,-1.3233511490272976,-2.166103335071998,-16.92317873945949,9.270264922537498,-6.561869976249516,5.63598328183393
Livestock,Southern Africa,Tropical,Moist,Spodic,11,-14.5980368840473,-1.3270942621861181,-3.812125410493028,-17.243326784060134,13.822030938644733,-7.475386831297527,6.126356161631251
Livestock,Europe,Tropical,Wet,Wetland,7,-14.617801469384974,-2.088257352769282,-2.6710077948749986,-32.28812702999996,26.012173949999987,-23.22515531249999,24.52576401
Livestock,Western Africa,Warm Temperate,Moist,Spodic,10,-14.651292638794065,-1.4651292638794065,-4.681198980812903,-14.055647409381697,14.367995129590177,-7.46964563215555,4.685047095499391
Livestock,Eastern Asia,Boreal,Moist,Wetland,10,-14.735411371686004,-1.4735411371686005,0.11758925983313717,-21.259517694610967,21.259517694610967,-6.711425229102299,5.4484902522903775
Livestock,Northern Africa,Cool Temperate,Moist,Volcanic,11,-14.897633645513302,-1.3543303314103001,-2.6539715125583747,-31.46238347807476,26.809793428950233,-8.455757204311993,8.455757204311993
Livestock,Central Africa,Cool Temperate,Dry,Spodic,11,-14.912895340650376,-1.3557177582409432,-2.700556197878396,-12.772025188015485,9.711706109324998,-8.325329821717647,6.299800113776286
Livestock,Central Asia,Tropical,Wet,Wetland,11,-14.942280913005078,-1.3583891739095526,-3.1596582628749075,-34.89892407199105,27.348346275141385,-9.072886032144634,12.60596333601363
Livestock,Central Asia,Boreal,Dry,High Activity Clay,11,-15.03877386609811,-1.3671612605543737,-2.3259418139363652,-23.509012240446303,19.218887544114004,-9.81878939191486,9.264253403634738
Livestock,North America,Warm Temperate,Moist,Low Activity Clay,7,-15.349421245653026,-2.192774463664718,-0.6070074955560001,-35.91883386000001,29.15764160399999,-34.322441244000004,26.622194507999993
Livestock,Southern Africa,Warm Temperate,Moist,Spodic,11,-15.452236967323136,-1.4047488152111942,-2.9594988753188556,-15.99570135520649,13.430951968964733,-8.858656563511648,5.873868017372142
Livestock,Northern Africa,Warm Temperate,Dry,Volcanic,12,-15.488610992176614,-1.2907175826813846,-0.285077280661197,-31.505224743720753,20.449383784462288,-7.058908111971228,9.595280178913203
Livestock,Western Africa,Boreal,Dry,Volcanic,10,-15.578028478787441,-1.5578028478787442,-4.60982612284879,-13.352571787470733,12.191478588560237,-7.544495347028782,6.300723008462299
Livestock,Northern Africa,Cool Temperate,Dry,Wetland,11,-15.583459723002692,-1.4166781566366085,-2.250832099095009,-30.97151631252075,22.933203276318977,-11.811650663543764,8.250729665682849
Livestock,North America,Cool Temperate,Moist,Volcanic,7,-15.60283364147551,-2.228976234496501,-0.21542340850799974,-24.54926263335001,16.967872702462504,-24.54926263335001,16.60685413432501
Livestock,Eastern Africa,Cool Temperate,Dry,Wetland,11,-15.610336219001015,-1.4191214744546377,-2.6377525653695972,-12.2559840559195,11.723115183923,-6.871405273095002,5.510739208904287
Livestock,Northern Africa,Cool Temperate,Moist,High Activity Clay,11,-15.679095412270451,-1.4253723102064046,-2.890140950484546,-32.86071163265587,25.694850549648514,-8.071404604115992,8.455757204311993
Livestock,Western Africa,Tropical,Moist,Spodic,9,-15.875688994737951,-1.7639654438597723,-2.892328786723197,-18.419008155700592,10.751841762909638,-7.475386831297527,6.343263433359785
Livestock,Western Africa,Cool Temperate,Dry,Wetland,11,-15.939628527050875,-1.4490571388228068,-3.3457461473069703,-12.68232698378625,9.270264922537498,-7.755639382974597,4.708828161272247
Livestock,Western Africa,Boreal,Moist,Wetland,10,-15.99104845832969,-1.599104845832969,-3.388822397984229,-11.272768096663322,7.280229785052325,-5.909293069164376,6.098409562946173
Livestock,Southern Africa,Boreal,Moist,Low Activity Clay,11,-16.138820572307093,-1.4671655065733722,-2.875921266363426,-15.635580518233313,12.059240289453786,-6.628550703711164,6.1841439095906265
Livestock,Western Asia,Tropical Montane,Dry,High Activity Clay,11,-16.263101405969756,-1.4784637641790688,-2.726623471660164,-31.186576817139873,23.62071835805221,-9.402318059689806,10.12825142123772
Livestock,Central Africa,Tropical,Moist,Low Activity Clay,11,-16.348039107181453,-1.486185373380132,-2.813098357218859,-17.243326784060134,10.751841762909638,-7.965495633097742,7.603427649775118
Livestock,Europe,Tropical Montane,Dry,Sandy,7,-16.400436093489994,-2.3429194419271417,-2.595970671839999,-20.596331598749988,18.259159218749986,-14.656018466249995,4.015082548400002
Livestock,Eastern Africa,Cool Temperate,Moist,Volcanic,11,-16.54421623689871,-1.5040196578998826,-2.8498373250459452,-9.94848096186964,12.026913077450235,-7.3952907449298415,5.2844667914696455
Livestock,Central Africa,Boreal,Dry,Spodic,11,-16.64645851113617,-1.5133144101032883,-2.269251112932568,-15.819493169494741,9.490985515931246,-8.385201758689645,5.7636469126038365
Livestock,Central Asia,Tropical,Dry,Sandy,11,-16.660768730104216,-1.5146153391003834,-2.449876150290092,-32.572646897901656,26.432708638772706,-13.01562534839265,9.76107482739768
Livestock,Central Asia,Boreal,Moist,Low Activity Clay,11,-16.74318215881246,-1.5221074689829508,-2.670639654494221,-32.16154755536531,24.528108881805526,-9.654128474432405,9.654128474432405
Livestock,Western Asia,Boreal,Moist,Sandy,11,-16.792108482232194,-1.526555316566563,-2.452647048697913,-31.46238347807476,25.71273225968586,-10.294705393552393,8.647933504409993
Livestock,Western Asia,Tropical,Moist,Volcanic,11,-16.84227022561002,-1.5311154750554563,-3.1844923832183714,-27.546604967700233,24.148585151813656,-11.173450133649002,8.903713761420992
Livestock,Southern Africa,Cool Temperate,Dry,Spodic,11,-16.858142109678635,-1.5325583736071486,-2.2176772240022826,-16.55528354947124,9.93242670271875,-6.992131733338929,5.761227354763571
Livestock,Eastern Africa,Warm Temperate,Moist,Volcanic,11,-16.868170034634026,-1.5334700031485478,-2.452486206291425,-12.642083312453785,13.430951968964733,-7.375425727700675,6.762790362831162
Livestock,Central Asia,Cool Temperate,Dry,Low Activity Clay,11,-16.869725976841107,-1.5336114524401006,-2.4171038491221433,-30.97151631252075,22.933203276318977,-12.361029764173708,10.503821209955435
Livestock,Western Africa,Tropical,Wet,High Activity Clay,10,-16.87430294622492,-1.687430294622492,-4.65044667681536,-13.73535872134311,17.459413836671246,-8.47836179619661,6.399075695743379
Livestock,Central Asia,Warm Temperate,Moist,Wetland,11,-16.89815030046681,-1.5361954818606192,-2.787949009063048,-29.85219024860312,24.924295255605525,-11.138421867523004,8.492001457279994
Livestock,Western Asia,Cool Temperate,Dry,High Activity Clay,11,-17.046635968244043,-1.5496941789312766,-2.3788041278894645,-30.298222479639872,19.218887544114004,-9.993913441128004,9.895907044791652
Livestock,Central Africa,Cool Temperate,Dry,Low Activity Clay,11,-17.205608698446028,-1.5641462453132753,-3.579170297119085,-13.06229848774311,12.772025188015485,-8.4246036848955,5.44431913484025
Livestock,Southern Africa,Tropical,Dry,Volcanic,11,-17.257140631838073,-1.5688309665307338,-2.8710714140617126,-13.44728179512786,10.480138179884998,-7.943341394172547,7.441750656846949
Livestock,Western Africa,Warm Temperate,Moist,Volcanic,10,-17.268216756380443,-1.7268216756380443,-3.750676908964893,-17.51910148427378,13.11860424875625,-7.60711686157774,5.658082022024835
Livestock,Southern Africa,Cool Temperate,Dry,Wetland,11,-17.290658978026464,-1.5718780889114967,-2.778835189174855,-13.588207482628126,10.153147296112497,-7.642562592254176,4.684733412641075
Livestock,Oceania,Tropical Montane,Dry,Spodic,10,-17.29223170781004,-1.729223170781004,-0.11195137312287828,-21.787756584609912,20.819411847516143,-5.435118737797657,5.201279296895469
Livestock,Central Asia,Warm Temperate,Dry,Spodic,12,-17.302452245462856,-1.441871020455238,-0.04612127947163458,-30.82032855363987,20.449383784462288,-5.769952919682303,9.941996868641652
Livestock,Southern Africa,Boreal,Moist,Wetland,11,-17.304247893518735,-1.5731134448653394,-3.0610916104415966,-16.726434972993776,11.272768096663322,-8.940339995290659,6.1841439095906265
Livestock,Eastern Africa,Tropical,Wet,Sandy,11,-17.40963006224136,-1.5826936420219417,-2.9824110549035456,-13.73535872134311,14.308577892028126,-6.8926664713423,4.3448301450536215
Livestock,Western Africa,Tropical,Moist,Low Activity Clay,11,-17.633741194066694,-1.6030673812787903,-2.826594041570396,-17.635220574606958,13.822030938644733,-9.351909029966619,5.816253202977323
Livestock,Western Asia,Cool Temperate,Moist,Wetland,11,-17.63586444761176,-1.6032604043283418,-2.957353530728372,-30.064055323493665,26.862798301905258,-10.850911876198005,9.637596538644795
Livestock,Oceania,Cool Temperate,Moist,High Activity Clay,10,-17.91728406937398,-1.791728406937398,0.3292637339945244,-27.19707356630317,16.811774513482845,-6.322192910169725,6.9634695781547915
Livestock,Southern Africa,Tropical Montane,Dry,Sandy,11,-18.33615756608486,-1.6669234150986236,-3.37851316382697,-17.035345644774733,13.499591308917747,-7.703477262130119,6.028248227439372
Livestock,Europe,Warm Temperate,Dry,Sandy,8,-18.479014223220002,-2.3098767779025002,0.15429736980000064,-13.498048575000004,10.975685962500002,-7.29164847807,2.429397605250001
Livestock,Europe,Tropical Montane,Dry,Volcanic,7,-18.483852978287988,-2.6405504254697125,-1.9893036126600006,-25.936121272499978,19.28167213499999,-19.541357954999988,14.996856104999994
Livestock,Eastern Asia,Tropical,Dry,Spodic,9,-18.50104697514362,-2.055671886127069,-1.1408822693678407,-27.505686194437015,17.066511072428373,-4.975884702504559,6.59176622844523
Livestock,Central Asia,Boreal,Dry,Spodic,11,-18.734327007337583,-1.7031206370306895,-2.159965141768723,-31.64481014540165,19.218887544114004,-11.811650663543764,9.7718264757696
Livestock,Eastern Africa,Tropical Montane,Dry,Low Activity Clay,11,-18.77262058867715,-1.7066018716979228,-2.4460938777434253,-18.620028960567737,13.44728179512786,-8.437141763285368,5.959710339763571
Livestock,Southern Africa,Boreal,Moist,High Activity Clay,11,-18.849762773123874,-1.7136147975567158,-2.787884339718859,-15.999198669820137,11.272768096663322,-8.487592969763911,5.316133378130249
Livestock,Eastern Africa,Tropical,Dry,High Activity Clay,11,-18.925842543115763,-1.7205311402832513,-2.936323037108569,-17.82768730267124,14.96131538362875,-8.253725637996554,6.617334781559823
Livestock,Central Asia,Tropical,Wet,Low Activity Clay,11,-18.989186391814986,-1.7262896719831806,-2.976658032194561,-27.95608730347785,25.749680798338836,-12.605963336013627,8.669646652938209
Livestock,Northern Africa,Tropical,Wet,Volcanic,11,-19.966092089851724,-1.8150992808956112,-3.6401793277334447,-27.95608730347785,22.936056705148715,-10.274190171006005,10.27939581005978
Livestock,Europe,Warm Temperate,Moist,Wetland,7,-20.20282110382498,-2.886117300546426,-1.4686207681949994,-12.28141925999999,3.6167385993749996,-9.55221497999999,2.9784906112500007
Livestock,Western Africa,Tropical Montane,Dry,Wetland,10,-20.27316538934785,-2.0273165389347847,-4.649573564878182,-15.286561370229375,17.43151647372299,-8.908062258709672,4.794298797992247
Livestock,Eastern Africa,Cool Temperate,Dry,High Activity Clay,11,-20.449567093098324,-1.8590515539180295,-2.8889670954047957,-12.191478588560237,10.373867889506247,-7.06293181423971,4.902627989973217
Livestock,Europe,Tropical,Wet,High Activity Clay,7,-20.518973274640004,-2.9312818963771434,-10.901358406400004,-30.182379614999967,29.480463809999968,-23.22515531249999,23.74126987499999
Livestock,Western Africa,Tropical,Dry,High Activity Clay,9,-20.901254984761202,-2.322361664973467,-5.5197189874607,-13.985577423826875,9.386558760277646,-6.47654042450536,5.956854175096129
Livestock,Eastern Africa,Boreal,Dry,Sandy,11,-21.10300873244147,-1.918455339312861,-3.3457461473069703,-15.819493169494741,9.490985515931246,-7.479954877525366,5.011575278639287
Livestock,Eastern Asia,Cool Temperate,Moist,Sandy,7,-21.27384413046067,-3.03912059006581,-5.007234340184795,-22.76569967568933,22.28132308684487,-16.5996438805556,6.277108932446062
Livestock,Eastern Asia,Warm Temperate,Dry,Low Activity Clay,10,-21.593461851012016,-2.1593461851012017,-0.053938524426315526,-22.324931437311186,18.531389419338723,-10.431145904788508,6.9534828885809485
Livestock,Central Asia,Boreal,Moist,Sandy,11,-21.91198799036925,-1.9919989082153864,-2.7142890469347023,-30.064055323493665,20.833696071066754,-10.615022487585007,9.637596538644795
Livestock,Northern Africa,Tropical,Dry,High Activity Clay,11,-21.963086569192335,-1.9966442335629395,-2.436297592514516,-31.879611857520754,21.14035466958644,-9.76107482739768,9.667876356636004
Livestock,Central Africa,Cool Temperate,Moist,Volcanic,11,-22.15445518023962,-2.0140413800217836,-2.33124961618514,-17.090053124580596,9.083395660837496,-8.603907924890297,5.499767905582499
Livestock,Eastern Africa,Tropical,Wet,Low Activity Clay,11,-22.256664967690348,-2.0233331788809408,-2.9824110549035456,-13.9906094944275,8.227470593885366,-7.049317982054625,5.7523291298384756
Livestock,Western Africa,Boreal,Moist,Low Activity Clay,10,-22.673162214234633,-2.2673162214234632,-3.831941592528773,-15.271962366646493,6.463895781428949,-7.530602311761676,5.2844667914696455
Livestock,Eastern Asia,Boreal,Dry,Volcanic,9,-23.132555699926243,-2.5702839666584714,-1.4963119333628412,-25.44010127399545,14.55159759654015,-6.063564357725278,6.560701663340113
Livestock,Europe,Tropical,Dry,Sandy,7,-24.188243695649984,-3.455463385092855,-2.9734801847100014,-29.407949077499982,23.35337132624999,-19.430970457499992,4.40908610175
Livestock,Oceania,Tropical,Dry,Wetland,10,-25.74881014033801,-2.5748810140338008,-0.21849287248980676,-22.87627988078494,14.924799949481221,-6.803481367682557,5.2279588307653
Livestock,Europe,Tropical,Dry,High Activity Clay,6,-31.86812892800248,-5.3113548213337465,-2.70552121457625,-28.724043284999983,18.163733253749992,-19.008558056249992,3.1117815886500013
Livestock,North America,Tropical,Dry,Volcanic,7,-35.44829257141552,-5.064041795916503,-0.5388193244279997,-51.715656422625,37.573139616187504,-49.514990191875,28.54393552237498
Livestock,Europe,Tropical,Wet,Volcanic,5,-47.273058609089986,-9.454611721817997,-3.0220545336299973,-26.590222259999987,3.3996878800499983,-23.410956555,2.3504868594900006
Livestock,Eastern Asia,Warm Temperate,Dry,High Activity Clay,8,-53.22006066992966,-6.652507583741207,-6.420131235829386,-19.85506009214863,7.567086897432721,-10.431145904788508,1.2286673758183497
