module,region,climate,moisture,soil_type,count,sum,mean,median,min,max,q1,q3
Grassland,North America,Warm Temperate,Moist,Spodic,496,2170.8065904995124,4.3766261905232104,0.0,-299.06202040366685,319.1135509381549,-123.34685280499986,132.36398559559981
Grassland,Northern Africa,Warm Temperate,Moist,Spodic,496,2167.3116512379784,4.369579942012053,-0.06822810224999953,-299.21472139441687,321.3874931060546,-123.33097932814988,131.7709209346618
Grassland,South-Eastern Asia,Warm Temperate,Moist,Spodic,496,2162.771674634831,4.360426763376675,0.0,-299.6219549788668,321.6621014041549,-123.14199750049988,132.79871202242842
Grassland,Oceania,Warm Temperate,Moist,Spodic,496,2161.2512024647363,4.357361295291807,-0.027701635499999933,-299.6219549788668,320.7639825912435,-123.08334527224983,131.846394217057
Grassland,Europe,Warm Temperate,Moist,Spodic,496,2160.0714623227195,4.354982786940967,-0.055403270999999865,-299.3468342560667,321.80776556866687,-123.25930195699985,132.7987120224284
Grassland,Caribbean,Warm Temperate,Moist,Spodic,496,2158.261338678071,4.351333344109014,0.0,-299.55317479816676,321.80776556866687,-123.38932864609984,132.38582180937127
Grassland,Central Asia,Warm Temperate,Moist,Spodic,496,2157.810531403468,4.350424458474733,0.061866985949999176,-299.15674338586683,320.9352411694264,-123.27263001019985,132.10485995017126
Grassland,Western Africa,Warm Temperate,Moist,Spodic,496,2155.5469352561504,4.34586075656482,0.0,-299.3468342560667,321.40045276242637,-123.19999016599986,131.89994448074475
Grassland,Southern Africa,Warm Temperate,Moist,Spodic,496,2154.667080817655,4.344086856487207,-0.027701635499999933,-299.2004846103169,321.08067497806684,-123.31795418524987,132.70405296604747
Grassland,Southern Asia,Warm Temperate,Moist,Spodic,496,2153.932424093945,4.342605693737792,-0.027701635499999933,-299.0974169379168,320.7639825912435,-123.45765934699988,131.92061021637127
Grassland,South America,Warm Temperate,Moist,Spodic,496,2153.6192801142693,4.341974355069091,-0.027701635499999933,-299.2004846103169,321.80776556866687,-122.88245222989988,132.2057926411618
Grassland,Central Africa,Warm Temperate,Moist,Spodic,496,2151.728780686026,4.338162864286343,-0.027701635499999933,-299.4156144367667,321.0322947244614,-123.34685280499986,132.2057926411618
Grassland,Western Asia,Warm Temperate,Moist,Spodic,496,2148.4888978815216,4.331630842503068,0.0,-298.9801124814167,319.2038118316669,-123.33097932814988,132.79871202242842
Grassland,Eastern Africa,Warm Temperate,Moist,Spodic,496,2148.015542061515,4.3306764960917645,0.0,-299.6219549788668,319.91059511145954,-123.38932864609984,132.70405296604747
Grassland,Central America,Warm Temperate,Moist,Spodic,496,2147.0500580161397,4.328729955677701,0.0,-299.4156144367667,321.3874931060546,-123.08265639559983,131.89994448074475
Grassland,Eastern Asia,Warm Temperate,Moist,Spodic,496,2127.3123078744056,4.2889361045854955,0.0,-299.21541027106684,321.40045276242637,-123.23604626299984,132.35504277824475
Grassland,Central America,Warm Temperate,Moist,Volcanic,496,2097.432534952769,4.228694626920905,0.0,-289.3250684929001,310.23734115112256,-118.85930195699993,127.66258759508564
Grassland,Eastern Asia,Warm Temperate,Moist,Volcanic,496,2089.9801065980687,4.21366956975417,0.027701635499999933,-288.79107671920013,310.646793127,-118.74132328079995,127.5755497726285
Grassland,Southern Asia,Warm Temperate,Moist,Volcanic,496,2088.788223122772,4.211266578876556,0.027701635499999933,-288.84905472775006,310.27330015927157,-118.89144953399995,127.66258759508564
Grassland,North America,Warm Temperate,Moist,Volcanic,496,2088.63646769979,4.21096062036248,-0.006463714949999311,-289.3250684929001,309.2575395061955,-118.91732393639998,127.66258759508564
Grassland,Southern Africa,Warm Temperate,Moist,Volcanic,496,2086.1991312551104,4.206046635594981,-0.0405264667499996,-289.04994777010023,310.0011681280307,-118.81428069224998,127.4950070221143
Grassland,South America,Warm Temperate,Moist,Volcanic,496,2081.7909402764913,4.197159153783248,0.0,-289.1187279508001,310.27330015927157,-118.69758205634994,127.66258759508564
Grassland,South-Eastern Asia,Warm Temperate,Moist,Volcanic,496,2080.1369359987675,4.193824467739451,0.0,-289.3250684929001,309.6542743870323,-118.91795418524998,127.179837746051
Grassland,Northern Africa,Warm Temperate,Moist,Volcanic,496,2080.011852498885,4.193572283263881,0.055403270999999865,-289.1187279508001,310.27330015927157,-118.87263001019993,128.07016461171418
Grassland,Europe,Warm Temperate,Moist,Volcanic,496,2078.992358321792,4.1915168514552255,-0.027701635499999933,-289.3250684929001,310.5042849377858,-118.83604626299994,127.634936043551
Grassland,Central Asia,Warm Temperate,Moist,Volcanic,496,2077.472360529389,4.188452339776994,-0.027701635499999933,-288.84974360440003,309.5460698305307,-118.91732393639998,127.63946359559993
Grassland,Western Asia,Warm Temperate,Moist,Volcanic,496,2075.090624364128,4.183650452347032,0.0,-289.3250684929001,310.5042849377858,-118.93097932814999,127.19737600208563
Grassland,Eastern Africa,Warm Temperate,Moist,Volcanic,496,2072.4822679118215,4.178391669177059,0.0,-288.9811675894002,309.6542743870323,-118.85930195699993,127.634936043551
Grassland,Caribbean,Warm Temperate,Moist,Volcanic,496,2071.989521372765,4.177398228574123,0.0,-289.2562883122001,310.23734115112256,-119.00225607599992,127.634936043551
Grassland,Central Africa,Warm Temperate,Moist,Volcanic,496,2070.0206785418586,4.17342878738278,-0.055403270999999865,-288.6597699898001,310.646793127,-118.81428069224998,127.87593447514281
Grassland,Oceania,Warm Temperate,Moist,Volcanic,496,2067.7051356559996,4.16876035414516,0.027701635499999933,-289.04994777010023,310.23734115112256,-118.80064972874999,127.634936043551
Grassland,Southern Africa,Cool Temperate,Moist,Volcanic,496,2065.9350631902944,4.165191659657852,-0.024623676000000483,-284.34495708373345,305.5002640141499,-117.38604618399997,126.44960608342852
Grassland,South America,Cool Temperate,Moist,Volcanic,496,2061.3120581226412,4.15587108492468,0.024623676000000483,-284.26075887733333,305.75798607723823,-117.43762127679999,126.05602630719997
Grassland,Western Africa,Warm Temperate,Moist,Volcanic,496,2060.868700533802,4.154977218818149,0.0,-288.69635373700004,308.1653661806501,-118.74199750049993,127.16413870709994
Grassland,South America,Warm Temperate,Moist,Wetland,496,2058.801123062874,4.150808715852569,-0.027701635499999933,-282.55706862569986,303.80959505796415,-116.2514495339999,125.29777015193865
Grassland,North America,Cool Temperate,Moist,Volcanic,496,2058.2708768584544,4.149739671085594,0.024623675999999595,-284.7584784997334,305.8930759573334,-117.33332459199993,126.04022777567339
Grassland,Caribbean,Cool Temperate,Moist,Volcanic,496,2057.3133558198024,4.147809185120569,0.0,-284.7584784997334,305.47089597220963,-117.34602728199992,125.50443748689523
Grassland,Northern Africa,Cool Temperate,Moist,Volcanic,496,2055.8144613474883,4.144787220458646,0.0,-284.24008714933353,305.47089597220963,-117.28117624959995,126.07314687817137
Grassland,Central America,Cool Temperate,Moist,Volcanic,496,2053.8719383066896,4.140870843360261,0.0,-284.8196164381334,304.07106993727626,-117.36537445599998,125.79135144777139
Grassland,Western Asia,Cool Temperate,Moist,Volcanic,496,2053.239914821476,4.139596602462653,0.0,-284.2801060513336,305.47089597220963,-117.38604618399997,126.05602630719997
Grassland,South-Eastern Asia,Cool Temperate,Moist,Volcanic,496,2052.8681069180348,4.138846989754103,0.0,-284.29280874133354,305.47089597220963,-117.41462180799995,125.63351529519998
Grassland,Europe,Cool Temperate,Moist,Volcanic,496,2052.7219810686497,4.138552381186794,0.024623675999999595,-284.7584784997334,305.6145535021334,-117.4497594028,126.04022777567339
Grassland,Eastern Asia,Cool Temperate,Moist,Volcanic,496,2050.9376486836736,4.134954936862245,0.04924735200000008,-284.7584784997334,303.4926078852382,-117.48976961919996,126.2474849302857
Grassland,Central Asia,Cool Temperate,Moist,Volcanic,496,2050.6481562959634,4.134371282854765,0.04924735200000008,-284.69734056133353,305.2093533115376,-117.33332459199993,125.58049165325713
Grassland,Central Africa,Cool Temperate,Moist,Volcanic,496,2050.643468146557,4.134361830940639,0.0,-284.22823999093356,305.2093533115376,-117.33391086999993,125.97603387725712
Grassland,Eastern Africa,Cool Temperate,Moist,Volcanic,496,2050.1434184567556,4.133353666243459,0.0,-284.39649309133335,304.78043291631764,-117.33332459199993,125.89099011489525
Grassland,Northern Africa,Warm Temperate,Moist,Wetland,496,2046.6977249391732,4.126406703506397,-0.027701635499999933,-283.1056684929,303.80959505796415,-116.1013232807999,124.15177319631415
Grassland,Oceania,Cool Temperate,Moist,Volcanic,496,2046.6834894705748,4.126378002964868,0.024623675999999595,-284.7584784997334,305.8930759573334,-117.28117624959995,126.07314687817137
Grassland,Europe,Warm Temperate,Moist,Wetland,496,2046.2516574354718,4.125507373861838,-0.061866985949999176,-283.1056684929,303.5970085973785,-116.2326300101999,124.8047503955999
Grassland,Caribbean,Warm Temperate,Moist,Wetland,496,2045.7690234773356,4.124534321526887,0.0,-282.51235027124994,302.59884403367136,-116.2186570511999,124.57653160731415
Grassland,Western Africa,Warm Temperate,Moist,Wetland,496,2042.367217433063,4.117675841598917,-0.06822810224999953,-283.1056684929,303.7477016079,-116.2186570511999,124.82864706651418
Grassland,Southern Asia,Cool Temperate,Moist,Volcanic,496,2040.9999552498064,4.114919264616545,-0.024623675999999595,-284.2406603989336,305.2093533115376,-117.36537445599998,125.7913514477714
Grassland,Western Asia,Warm Temperate,Moist,Wetland,496,2040.304548283009,4.1135172344415505,0.06822810224999953,-282.4403699897999,303.7477016079,-116.2514495339999,124.82864706651418
Grassland,Western Africa,Cool Temperate,Moist,Volcanic,496,2040.0256240459441,4.112954887189404,0.0,-284.8196164381334,303.3067706687334,-117.41462180799995,126.54782245599998
Grassland,Central Africa,Warm Temperate,Moist,Wetland,496,2038.749622773565,4.1103823039789615,0.0,-282.76176758939994,303.2088233510088,-116.2326300101999,125.2330361652856
Grassland,Central Asia,Warm Temperate,Moist,Wetland,496,2034.2139026016728,4.101237706858211,0.0,-282.96810813149995,301.346255925,-116.19604626299991,125.04543726085701
Grassland,Oceania,Warm Temperate,Moist,Wetland,496,2033.9136520569973,4.10063236301814,0.0,-282.51300983399994,303.95020966199996,-116.1013232807999,124.80287200273456
Grassland,South-Eastern Asia,Warm Temperate,Moist,Wetland,496,2033.6768999547162,4.100155040231282,0.0,-282.63034360439997,303.7477016079,-116.17428069224987,124.8047503955999
Grassland,Southern Asia,Warm Temperate,Moist,Wetland,496,2033.4655286973984,4.09972888850282,0.06822810224999953,-282.4543429487999,303.80959505796415,-116.2514495339999,124.11109712429987
Grassland,Central America,Warm Temperate,Moist,Wetland,496,2031.2613741122655,4.095285028452148,-0.027701635499999933,-282.62965472775,303.2723767194,-116.1159313742999,124.57653160731415
Grassland,Southern Africa,Warm Temperate,Moist,Wetland,496,2026.8129790216678,4.08631648996304,0.061866985949999176,-282.61541794365,302.87419896104075,-116.17428069224987,125.33020917685702
Grassland,North America,Warm Temperate,Moist,Wetland,496,2025.9809978671753,4.084639108603176,-0.027701635499999933,-282.62965472775,303.5970085973785,-116.27732393639992,125.29777015193865
Grassland,Eastern Africa,Warm Temperate,Moist,Wetland,496,2025.5493853249998,4.083768922026209,0.0,-282.83054777009994,303.32929725854075,-116.2193019569999,124.74605210477132
Grassland,Eastern Asia,Warm Temperate,Moist,Wetland,496,2022.8043136825065,4.07823450339215,-0.027701635499999933,-283.0368883121999,302.81967569228567,-116.2186570511999,124.80287200273456
Grassland,North America,Cool Temperate,Moist,Spodic,496,1945.7540646391146,3.9228912593530536,-0.024623676000000483,-268.23454977146673,287.80625524346675,-110.39762127679995,118.49679110719995
Grassland,Southern Asia,Cool Temperate,Moist,Wetland,496,1940.7335754593958,3.9127693053616848,0.0,-267.75929111066665,287.3837442314667,-110.30602728199995,117.967180496419
Grassland,Western Asia,Cool Temperate,Moist,Wetland,496,1940.1423275161217,3.911577273217987,0.0,-267.81203875946676,287.66002088625856,-110.30602728199995,118.948590792653
Grassland,Eastern Africa,Cool Temperate,Moist,Spodic,496,1939.8913731738294,3.9110713168827207,-0.05499287640000028,-267.6431733242668,287.90547973104765,-110.24117624959992,118.07428009519995
Grassland,Eastern Asia,Cool Temperate,Moist,Spodic,496,1938.459978904034,3.908185441338778,0.0,-267.60344538986686,286.3355830828953,-110.35789334239996,118.43070676297138
Grassland,Eastern Asia,Cool Temperate,Moist,Wetland,496,1936.662916650619,3.9045623319568934,-0.05499287640000028,-267.75929111066665,287.90547973104765,-110.35789334239996,118.948590792653
Grassland,South-Eastern Asia,Cool Temperate,Moist,Wetland,496,1935.978690233019,3.903182843211732,-0.04924735200000008,-268.23454977146673,288.0355200506667,-110.34604618399996,118.6994923588571
Grassland,Southern Africa,Cool Temperate,Moist,Spodic,496,1935.1968096854232,3.9016064711399663,0.024623675999999595,-267.92886007946674,286.57738877638104,-110.34547293439996,118.5159721353142
Grassland,Western Africa,Cool Temperate,Moist,Spodic,496,1934.5404549107507,3.900283175223288,-0.024623675999999595,-268.0511359562668,287.09859931740965,-110.34604618399996,118.5159721353142
Grassland,Europe,Cool Temperate,Moist,Wetland,496,1934.3123896781046,3.899823366286501,0.04924735200000008,-267.74690544506666,287.6674518071619,-110.24177555599992,118.48805700016321
Grassland,South America,Cool Temperate,Moist,Wetland,496,1932.8801980526819,3.8969358831707295,0.024623675999999595,-267.64317332426674,286.97673898806363,-110.39818149799996,118.07428009519995
Grassland,Central America,Cool Temperate,Moist,Wetland,496,1932.8676088074817,3.8969105016279872,0.0,-268.17341183306667,287.09859931740965,-110.25416122159992,117.83476282159991
Grassland,Western Asia,Cool Temperate,Moist,Spodic,496,1932.347771990374,3.89586244352898,0.060647201999999734,-267.6756922106667,287.3837442314667,-110.37462180799992,118.88393022628567
Grassland,Northern Africa,Cool Temperate,Moist,Spodic,496,1932.0826264027214,3.8953278758119385,0.024623675999999595,-267.79877150546673,286.57738877638104,-110.39818149799996,118.35373312441901
Grassland,Western Africa,Cool Temperate,Moist,Wetland,496,1928.8758193262133,3.8888625389641396,0.0,-267.81203875946676,285.72855537746676,-110.37462180799992,118.43070676297138
Grassland,Central Asia,Cool Temperate,Moist,Wetland,496,1927.9900402514136,3.8870766940552692,0.0,-267.6950393846667,286.3355830828953,-110.37462180799992,118.35373312441901
Grassland,Southern Africa,Cool Temperate,Moist,Wetland,496,1926.9398909001852,3.884959457460051,0.024623675999999595,-268.23454977146673,285.64010153904763,-110.18964024199995,118.07428009519995
Grassland,South-Eastern Asia,Cool Temperate,Moist,Spodic,496,1926.5268760878625,3.8841267663061747,0.024623675999999595,-267.75929111066665,287.90547973104765,-110.37462180799992,118.1024507193142
Grassland,Central America,Cool Temperate,Moist,Spodic,496,1926.4618989390515,3.8839957639900233,-0.024623675999999595,-267.7071557966667,285.95802005089536,-110.39762127679995,118.0835251801632
Grassland,North America,Cool Temperate,Moist,Wetland,496,1926.3942738410155,3.8838594230665637,0.024623676000000483,-267.75929111066665,286.70305709340965,-110.32537445599996,118.35373312441901
Grassland,Europe,Cool Temperate,Moist,Spodic,496,1926.144187270955,3.883355216272087,0.0,-267.69503938466676,288.0355200506667,-110.44976961919996,118.79885605447615
Grassland,Oceania,Cool Temperate,Moist,Wetland,496,1925.6809092674168,3.882421188039147,0.05499287640000028,-267.7077420746667,286.3355830828953,-110.34604618399996,118.1024507193142
Grassland,Southern Asia,Cool Temperate,Moist,Spodic,496,1924.8115520539661,3.880668451721706,0.0,-267.8114264246667,287.25393039116193,-110.24177555599992,118.5159721353142
Grassland,Northern Africa,Cool Temperate,Moist,Wetland,496,1924.4663071253706,3.8799723933979244,0.0,-267.92886007946674,286.3355830828953,-110.34547293439996,118.43070676297138
Grassland,Central Asia,Cool Temperate,Moist,Spodic,496,1923.0813799466823,3.877180201505408,0.0,-268.1122738946667,287.4176976595647,-110.37462180799992,118.49679110719995
Grassland,Caribbean,Cool Temperate,Moist,Wetland,496,1922.9957917688673,3.877007644695297,-0.024623675999999595,-267.7071557966667,287.80625524346675,-110.18964024199995,118.49679110719995
Grassland,Oceania,Cool Temperate,Moist,Spodic,496,1921.582811878101,3.874158894915526,0.05499287640000028,-267.75929111066665,286.70305709340965,-110.24177555599992,118.35373312441901
Grassland,Eastern Africa,Cool Temperate,Moist,Wetland,496,1921.1674146355638,3.873321400474927,-0.060647201999999734,-268.17341183306667,287.0131658395647,-110.30602728199995,118.07428009519995
Grassland,Central Africa,Cool Temperate,Moist,Wetland,496,1919.6160326738286,3.8701936142617512,0.0,-267.7598904170667,288.0355200506667,-110.44976961919996,118.98263095085706
Grassland,South America,Cool Temperate,Moist,Spodic,496,1918.7921207877114,3.868532501588128,0.0,-267.7071557966667,287.66002088625856,-110.29332459199995,118.96767845599996
Grassland,Caribbean,Cool Temperate,Moist,Spodic,496,1915.9779017075462,3.862858672797472,0.024623675999999595,-267.74690544506666,286.97673898806363,-110.34547293439996,117.81328213914279
Grassland,Central Africa,Cool Temperate,Moist,Spodic,496,1915.5519234059896,3.861999845576592,0.024623676000000483,-267.75929111066665,287.90547973104765,-110.40975940279996,118.6994923588571
Grassland,Eastern Asia,Boreal,Moist,Spodic,496,1777.6468400409785,3.5839654033084245,-0.017441770499999953,-244.25534231450004,262.4817458989,-101.22432850475,109.11313360671429
Grassland,Central Africa,Boreal,Moist,Spodic,496,1776.323345783674,3.5812970681122462,-0.017441770500000064,-244.50537178650012,262.1824672654,-101.37204522775001,108.81770956760002
Grassland,Southern Asia,Boreal,Moist,Spodic,496,1775.697128516731,3.580034533299861,0.03895328745000004,-244.5919838659,262.3674487400215,-101.39024065500003,108.82451379108568
Grassland,Central Asia,Boreal,Moist,Spodic,496,1772.445416112984,3.573478661518113,-0.017441770499999953,-244.29227149525,262.806281562,-101.30676932475002,108.78826917783675
Grassland,Europe,Boreal,Moist,Spodic,496,1771.910530913247,3.5724002639379977,0.0,-244.50537178650012,262.2031446407411,-101.29818686625002,108.55038882788573
Grassland,North America,Boreal,Moist,Spodic,496,1770.991215903253,3.5705468062565586,0.017441770499999953,-244.50537178650012,262.15173569660215,-101.38024624365,109.02523887985714
Grassland,Central America,Boreal,Moist,Spodic,496,1770.873770406214,3.57031002098027,0.0,-244.4620657468,261.8790159637144,-101.35535711399996,109.220079573
Grassland,Oceania,Boreal,Moist,Spodic,496,1769.2410265124038,3.5670181986137175,-0.017441770500000064,-244.24656913470002,262.07453773702144,-101.33511604700001,109.220079573
Grassland,South-Eastern Asia,Boreal,Moist,Spodic,496,1767.7152822092544,3.5639421012283354,0.0,-244.5919838659,262.69754819903574,-101.320473573,108.78826917783675
Grassland,Northern Africa,Boreal,Moist,Spodic,496,1765.5263991276302,3.559529030499254,0.03488354100000002,-244.24656913470002,261.59246198334466,-101.30676932475002,108.78826917783675
Grassland,Western Africa,Boreal,Moist,Spodic,496,1765.2788625180708,3.559029964754175,0.017441770499999953,-244.5919838659,262.3674487400215,-101.320473573,108.92428263514287
Grassland,Western Asia,Boreal,Moist,Spodic,496,1765.1712377932129,3.5588129794218,0.0,-244.29227149525,262.15173569660215,-101.41698470310001,108.51843093410001
Grassland,Caribbean,Boreal,Moist,Spodic,496,1765.100255793429,3.558669870551268,0.0255166642500001,-244.4187597071001,262.48331509040827,-101.34350778420001,109.02523887985714
Grassland,Southern Africa,Boreal,Moist,Wetland,496,1761.9698092956771,3.55235848648322,-0.017441770499999953,-242.38893241346662,260.5740870736667,-100.39003086529993,108.27636539971421
Grassland,Western Asia,Boreal,Moist,Wetland,496,1761.168998386435,3.5507439483597483,-0.017441770499999953,-242.47554449286667,260.2557086165667,-100.49204522774991,107.84424783089788
Grassland,Western Africa,Boreal,Moist,Wetland,496,1760.507600759484,3.5494104854021855,-0.03895328745000004,-242.38893241346662,259.64123536760536,-100.39003086529993,107.98078356371418
Grassland,Eastern Africa,Boreal,Moist,Spodic,496,1759.8278932876751,3.548040107434829,0.0,-244.4620657468,262.3674487400215,-101.34350778420001,109.02523887985716
Grassland,Central Asia,Boreal,Moist,Wetland,496,1754.3450635626082,3.536986015247194,-0.017441770499999953,-242.47554449286667,259.95642998306676,-100.42676932474993,108.27256157299986
Grassland,Central Africa,Boreal,Moist,Wetland,496,1754.147664017858,3.5365880322940684,-0.03488354100000002,-242.47554449286667,260.5740870736667,-100.5369847030999,107.8798669482285
Grassland,Eastern Asia,Boreal,Moist,Wetland,496,1753.2120330875953,3.534701679612087,0.0,-242.47554449286667,259.9277787401054,-100.44047357299986,107.84424783089788
Grassland,South America,Boreal,Moist,Spodic,496,1752.1923118876157,3.5326457900959993,0.0,-244.4620657468,262.3674487400215,-101.29777158600002,109.02523887985714
Grassland,Oceania,Boreal,Moist,Wetland,496,1751.7864803562777,3.531827581363463,-0.017441770499999953,-242.21017426081673,259.3013899650952,-100.47535711399993,108.08057878461895
Grassland,South-Eastern Asia,Boreal,Moist,Wetland,496,1749.6222333714322,3.527464180184339,0.0,-242.30232033406662,260.2557086165667,-100.38083317679992,107.5869559452285
Grassland,South America,Boreal,Moist,Wetland,496,1749.451434612315,3.5271198278474096,-0.017441770499999953,-242.51885053256672,260.2532846994217,-100.35329240584987,107.87280516759986
Grassland,Southern Africa,Boreal,Moist,Spodic,496,1747.2892172634897,3.5227605186763906,0.0,-244.5919838659,262.48331509040827,-101.35535711399996,108.28294834688572
Grassland,Europe,Boreal,Moist,Wetland,496,1744.0225428099632,3.5161744814716998,0.0,-242.51885053256672,260.2557086165667,-100.41818686624993,108.16742412457135
Grassland,Caribbean,Boreal,Moist,Wetland,496,1743.5178843112208,3.5151570248210096,0.0,-242.12299309366674,260.5740870736667,-100.47535711399993,107.84424783089788
Grassland,North America,Boreal,Moist,Wetland,496,1742.7752492541172,3.5136597767220104,0.03895328745000004,-242.47554449286665,260.4659849057619,-100.45470999519993,107.57352653409987
Grassland,Central America,Boreal,Moist,Wetland,496,1741.7382996307158,3.511569152481282,0.0,-242.51885053256672,260.5740870736667,-100.42676932474993,108.23576963459176
Grassland,Eastern Africa,Boreal,Moist,Wetland,496,1738.767809925326,3.5055802619462217,-0.017441770499999953,-242.51885053256672,260.2557086165667,-100.58000773699992,107.5577044583979
Grassland,Northern Africa,Boreal,Moist,Wetland,496,1738.212252486299,3.5044601864643123,0.0,-242.2191381619167,258.9834130559238,-100.46350778419993,107.8798669482285
Grassland,Southern Asia,Boreal,Moist,Wetland,496,1737.6124906899097,3.503250989294173,-0.03895328745000004,-242.21957189906672,259.3013899650952,-100.45470999519993,107.17604933419992
Grassland,Europe,Boreal,Dry,Spodic,496,1615.4456706111453,3.2569469165547282,0.0,-244.28330759415002,261.01242953421433,-101.27003086529996,107.90113409931429
Grassland,Southern Asia,Boreal,Dry,Spodic,496,1613.4421610858099,3.252907582834294,0.03488354100000002,-244.29227149525,260.7475604751286,-101.34350778420001,107.82808413410001
Grassland,Oceania,Boreal,Dry,Spodic,496,1612.1546859963,3.2503118669280244,0.017441770499999953,-244.5919838659,260.8554038959,-101.42512419600001,108.33749059414285
Grassland,Southern Africa,Boreal,Dry,Spodic,496,1610.8461616462757,3.247673712996524,-0.02551666425000021,-244.4187597071001,260.2898584545678,-101.34350778420001,108.05326367377143
Grassland,Western Africa,Boreal,Dry,Spodic,496,1610.0006479642475,3.245969048315015,-0.017441770499999953,-244.5919838659,261.114449277,-101.27003086529996,108.5083192568571
Grassland,Western Asia,Boreal,Dry,Spodic,496,1608.8050023210255,3.2435584724214226,0.017441770500000064,-244.18189000479998,260.4546494721286,-101.33511604700001,107.90113409931429
Grassland,North America,Boreal,Dry,Spodic,496,1607.7762523293322,3.2414843796962343,0.017441770499999953,-244.37545366740002,260.26097742318376,-101.30676932475002,107.77308793177143
Grassland,Caribbean,Boreal,Dry,Spodic,496,1606.2473312784023,3.238401877577424,-0.00019379744999981074,-244.4187597071001,260.8145009317348,-101.29818686625002,108.10731485130614
Grassland,Northern Africa,Boreal,Dry,Spodic,496,1605.662529714852,3.2372228421670406,0.0,-244.37545366740002,260.7475604751286,-101.26083317679996,108.41422366028571
Grassland,Central Africa,Boreal,Dry,Spodic,496,1605.2828637454854,3.23645738658364,0.021511516950000087,-244.29227149525,260.26097742318376,-101.40858681360001,108.13690646251425
Grassland,Eastern Asia,Boreal,Dry,Spodic,496,1603.411141088479,3.2326837521945144,0.017441770499999953,-244.21841313375012,260.8554038959,-101.30676932475002,107.84399545951425
Grassland,South America,Boreal,Dry,Spodic,496,1602.5980153336352,3.2310443857532967,0.0,-244.4187597071001,260.26097742318376,-101.33470999520001,107.82808413410001
Grassland,Southern Asia,Boreal,Dry,Wetland,496,1602.0226040332868,3.229884282325175,0.043152232199999974,-242.17343580136665,258.3439883390667,-100.44047357299986,107.04639964249516
Grassland,Central Asia,Boreal,Dry,Spodic,496,1602.0151403579973,3.2298692345927367,0.0,-244.4620657468,260.26097742318376,-101.29818686625002,108.24888342085715
Grassland,Central Africa,Boreal,Dry,Wetland,496,1598.0285937363656,3.2218318422104146,0.0,-242.18220898116667,258.59873390962576,-100.51024065499993,107.53344881826523
Grassland,South-Eastern Asia,Boreal,Dry,Spodic,496,1597.8369279145545,3.2214454191825697,-0.017441770499999953,-244.16124288600003,261.01242953421433,-101.35535711399996,108.13690646251425
Grassland,Central America,Boreal,Dry,Spodic,496,1596.7069442109375,3.219167226231729,-0.017441770499999953,-244.25576682320005,260.4546494721286,-101.26083317679996,108.41422366028571
Grassland,Eastern Asia,Boreal,Dry,Wetland,496,1595.7228065191125,3.217183077659501,-0.017441770499999953,-242.1456950806666,257.2571884666667,-100.49164840439991,107.04639964249515
Grassland,Eastern Africa,Boreal,Dry,Spodic,496,1594.7417460962233,3.215205133258515,0.0,-244.4620657468,259.47492285,-101.22432850475,108.41422366028571
Grassland,Central Asia,Boreal,Dry,Wetland,496,1592.7575360326257,3.211204709743197,0.0,-242.4322384531666,258.3427681510238,-100.45511604699993,107.16911362681626
Grassland,Caribbean,Boreal,Dry,Wetland,496,1592.6864295682453,3.2110613499359784,-0.017441770499999953,-242.09995888246664,258.3427681510238,-100.46350778419993,107.47448776742849
Grassland,North America,Boreal,Dry,Wetland,496,1590.7659038298584,3.207189322237618,0.03895328745000004,-242.1452798004166,258.3439883390667,-100.45511604699993,107.39870868938087
Grassland,Central America,Boreal,Dry,Wetland,496,1588.931362083817,3.2034906493625344,0.017441770499999953,-242.1087566714666,258.8967148936667,-100.46350778419993,107.39870868938087
Grassland,Oceania,Boreal,Dry,Wetland,496,1588.0290696400202,3.2016715113710084,0.017441770499999953,-242.3456263737667,258.59873390962576,-100.49164840439991,107.4744877674285
Grassland,Northern Africa,Boreal,Dry,Wetland,496,1587.0880701423082,3.199774334964331,0.0,-242.4322384531666,258.8967148936667,-100.50024624364991,107.53344881826523
Grassland,Eastern Africa,Boreal,Dry,Wetland,496,1586.9121935728158,3.1994197451064834,0.017441770499999953,-242.4322384531666,258.3427681510238,-100.47535711399993,107.47448776742849
Grassland,Southern Africa,Boreal,Dry,Wetland,496,1586.6061490114923,3.1988027197812348,0.017441770499999953,-242.2191381619167,257.8012690996809,-100.45511604699993,106.96564224217133
Grassland,Europe,Boreal,Dry,Wetland,496,1582.2533214763787,3.1900268578152797,0.021511516950000087,-242.51885053256672,258.04718192331745,-100.44047357299986,106.88257025431626
Grassland,South-Eastern Asia,Boreal,Dry,Wetland,496,1582.240500158942,3.190001008384964,0.0,-242.47554449286667,258.04718192331745,-100.42676932474993,106.96564224217133
Grassland,Western Africa,Boreal,Dry,Wetland,496,1580.7522706361751,3.1870005456374497,0.017441770499999953,-242.21017426081673,258.8967148936667,-100.39003086529993,107.39870868938085
Grassland,Western Asia,Boreal,Dry,Wetland,496,1580.567825659185,3.186628680764486,0.017441770499999953,-242.51885053256672,258.6432669725667,-100.46350778419993,106.83566439605707
Grassland,South America,Boreal,Dry,Wetland,496,1579.7632621797989,3.185006576975401,0.0,-242.2191381619167,256.88651489636663,-100.49164840439991,107.18835876759988
Grassland,Western Asia,Tropical Montane,Dry,Volcanic,496,1396.8453864980704,2.816220537294497,-0.023597689499999852,-209.1840482556,221.87618596385002,-89.17173856524988,95.3331923820571
Grassland,South America,Tropical Montane,Dry,Volcanic,496,1393.5483176410048,2.809573221050413,-0.047195378999999926,-209.58895464210002,223.18946487132652,-89.18386619614988,95.29312594308564
Grassland,Southern Asia,Tropical Montane,Dry,Volcanic,496,1387.9782284936625,2.7983432026081907,-0.05270150655000028,-209.17133380385002,221.60392088332142,-89.34901256599997,95.60391679823802
Grassland,Caribbean,Tropical,Wet,Volcanic,496,1387.7095720450475,2.7978015565424346,0.0,-175.66643298306667,189.55560514995244,-70.30247174719997,76.34028339959993
Grassland,Western Africa,Tropical Montane,Dry,Volcanic,496,1387.1311735273518,2.7966354304986933,0.0,-209.1840482556,222.53094960548572,-89.30181718699988,95.32403008093874
Grassland,Central Africa,Tropical Montane,Dry,Volcanic,496,1386.001888649179,2.7943586464701187,0.0,-209.35459254490002,223.15138939758162,-89.05919797939994,95.70720113742854
Grassland,Central America,Tropical Montane,Dry,Volcanic,496,1385.9249162018893,2.7942034600844545,0.023597689499999852,-209.17133380385002,222.53094960548572,-89.28327614524997,95.5413426534285
Grassland,Europe,Tropical Montane,Dry,Volcanic,496,1385.6752261869785,2.7937000527963276,0.0,-209.084097266,222.76371307008162,-89.32162759299995,94.83035112225707
Grassland,Eastern Africa,Tropical Montane,Dry,Volcanic,496,1385.119980203139,2.792580605248264,-0.023597689499999852,-209.5889546421,222.63587470870954,-89.37159060224992,95.24772724740944
Grassland,Central Asia,Tropical Montane,Dry,Volcanic,496,1384.5011224190853,2.7913329081029947,0.023597689499999852,-209.29600202060004,222.91001090348573,-89.30181718699988,95.69287733275507
Grassland,South-Eastern Asia,Tropical Montane,Dry,Volcanic,496,1381.0206525737328,2.7843158318018806,0.0,-209.17133380385002,222.91001090348573,-89.33298111979994,95.60391679823802
Grassland,North America,Tropical Montane,Dry,Volcanic,496,1380.3570004249814,2.7829778234374625,-0.023597689499999852,-209.41318306920002,223.37569360542855,-89.33298111979994,95.5413426534285
Grassland,Caribbean,Tropical Montane,Dry,Volcanic,496,1380.35173757944,2.782967212861774,-0.047195378999999926,-209.41318306920002,223.4572548021,-89.38268609434992,95.68533718699987
Grassland,Europe,Tropical,Wet,Volcanic,496,1378.2708215092082,2.7787718175588876,-0.12722232600000005,-175.82437265726668,189.55560514995244,-70.43863553649999,76.79863747285707
Grassland,Central Africa,Tropical,Wet,Volcanic,496,1377.1638956209806,2.776540112139074,0.0,-175.33037083356672,190.0565238520667,-70.63221765599998,76.27164828469996
Grassland,Northern Africa,Tropical Montane,Dry,Volcanic,496,1376.7676476554257,2.7757412251117453,0.0,-209.08353541625,223.3436313406571,-89.28327614524997,95.29312594308566
Grassland,Eastern Asia,Tropical Montane,Dry,Volcanic,496,1376.726052894818,2.7756573647072944,0.0,-209.35459254490002,223.48013801300002,-89.38268609434992,95.60391679823802
Grassland,Oceania,Tropical Montane,Dry,Volcanic,496,1376.70942772868,2.7756238462271776,-0.023597689500000074,-209.17133380385002,222.6807001922381,-89.37159060224992,94.83035112225707
Grassland,Southern Africa,Tropical,Wet,Volcanic,496,1375.2134220905727,2.7726077058277676,0.0,-175.3646445730667,189.1604752986667,-70.03303864479996,76.34028339959993
Grassland,Eastern Asia,Tropical,Wet,Volcanic,496,1374.1512753245881,2.770466280896347,0.0,-175.3303708335667,190.0565238520667,-70.03458685299996,76.79863747285707
Grassland,Central Asia,Tropical,Wet,Volcanic,496,1373.811334225864,2.7697809157779516,0.0,-174.9604949194666,190.0565238520667,-70.43863553649999,76.21777248171422
Grassland,Eastern Africa,Tropical,Wet,Volcanic,496,1372.3295787692068,2.7667935055830783,-0.06361116299999958,-176.4561313540667,189.21840860184162,-70.03303864479996,76.03178789359993
Grassland,North America,Tropical,Wet,Volcanic,496,1370.082002709462,2.7622621022368183,0.06361116300000003,-175.98231233146663,188.51056461495241,-70.37777300399996,75.84962082389998
Grassland,Southern Africa,Tropical Montane,Dry,Volcanic,496,1369.8919963829837,2.761879024965693,0.0,-209.53036411779996,222.33880812345717,-89.44340332399995,95.65593618114279
Grassland,South-Eastern Asia,Tropical,Wet,Volcanic,496,1363.06586369464,2.7481166606746776,0.0,-176.29819167986668,187.6063613411167,-70.63221765599998,76.31103649839999
Grassland,Central America,Tropical,Wet,Volcanic,496,1363.0367734047747,2.7480580108967234,0.15667193849999927,-175.3646445730667,187.48190714256666,-70.30247174719997,75.54931867607137
Grassland,Western Africa,Tropical,Wet,Volcanic,496,1361.6987316502561,2.7453603460690648,0.06361116300000003,-175.0952114706667,187.6063613411167,-70.30395264199997,76.27164828469996
Grassland,South America,Tropical,Wet,Volcanic,496,1358.5195812413756,2.7389507686318058,-0.06361116299999958,-174.92840886546662,188.45727830856666,-70.37777300399996,76.84176371849998
Grassland,Oceania,Tropical,Wet,Volcanic,496,1358.4028575307593,2.7387154385700794,-0.06361116299999958,-175.82437265726668,189.21840860184162,-70.46854512389999,76.84176371849998
Grassland,Southern Asia,Tropical,Wet,Volcanic,496,1357.4618440993104,2.7368182340711904,-0.06361116299999958,-176.1402520056667,188.05272634133334,-69.93259583309992,75.74303597849993
Grassland,Northern Africa,Tropical,Wet,Volcanic,496,1357.2909114238962,2.7364736117417263,4.440892098500626e-16,-175.82437265726668,189.21840860184162,-70.16926974749994,75.74303597849992
Grassland,Western Asia,Tropical,Wet,Volcanic,496,1348.127762823344,2.717999521821258,-0.06361116299999958,-176.1402520056667,188.45727830856666,-70.30247174719997,75.84962082389998
Grassland,Central America,Cool Temperate,Moist,High Activity Clay,496,1234.0732785531727,2.488050964824945,0.024623675999999595,-170.79728310480004,183.18250297380004,-68.98547293439997,74.39983157828566
Grassland,Northern Africa,Cool Temperate,Moist,High Activity Clay,496,1233.5291278681855,2.486953886831019,0.030369200400000684,-170.49159341280006,182.89172070422447,-68.88177555599992,73.70404910502849
Grassland,Western Africa,Cool Temperate,Moist,High Activity Clay,496,1231.8235373668506,2.4835151963041344,-0.04924735200000008,-170.61386928959996,182.48718888422448,-69.03762127679994,74.07234830537136
Grassland,Caribbean,Cool Temperate,Moist,High Activity Clay,496,1228.450273637059,2.476714261365038,0.0,-170.37415975800008,182.66734219782316,-69.09031681199994,73.71452187404077
Grassland,South-Eastern Asia,Cool Temperate,Moist,High Activity Clay,496,1227.7131526532723,2.4752281303493393,0.0,-170.18917819200004,183.02200494717857,-69.01462180799992,74.11757052102848
Grassland,Western Asia,Cool Temperate,Moist,High Activity Clay,496,1227.083525363294,2.4739587204905122,-0.0057455244000002015,-170.5527313512001,182.65869592150716,-69.03818149799994,74.35503600171424
Grassland,North America,Cool Temperate,Moist,High Activity Clay,496,1227.0204646944162,2.473831582045194,0.04924735200000008,-170.73614516640004,182.65869592150716,-68.98547293439997,74.10190996654282
Grassland,South America,Cool Temperate,Moist,High Activity Clay,496,1223.2656544127497,2.466261400025705,-0.024623675999999595,-170.79728310480004,182.84859250989794,-68.96537445599998,74.45841956816321
Grassland,Central Africa,Cool Temperate,Moist,High Activity Clay,496,1222.1589786476845,2.464030198886461,0.0,-170.61386928959996,183.12237909900006,-69.03818149799994,74.03409409062853
Grassland,Europe,Cool Temperate,Moist,High Activity Clay,496,1221.3878252467593,2.462475454126531,0.024623675999999595,-170.21775381599997,182.1395978134072,-68.98604618399996,74.11905369404077
Grassland,Central Asia,Cool Temperate,Moist,High Activity Clay,496,1219.3107050238102,2.4582877117415527,0.05499287640000028,-170.37415975800008,181.38786199050006,-69.01462180799992,73.71452187404077
Grassland,Eastern Africa,Cool Temperate,Moist,High Activity Clay,496,1218.3196984898468,2.456289714697272,0.04924735200000008,-170.67500722799997,183.18250297380004,-68.89416122159992,74.03409409062851
Grassland,Eastern Asia,Cool Temperate,Moist,High Activity Clay,496,1214.3789463937687,2.448344649987437,0.05499287640000028,-170.32202444400002,183.02200494717857,-69.03818149799994,74.10190996654282
Grassland,Southern Asia,Cool Temperate,Moist,High Activity Clay,496,1214.035159047982,2.4476515303386734,0.0,-170.55273135120007,182.84859250989794,-69.03762127679994,74.43433245599998
Grassland,Oceania,Cool Temperate,Moist,High Activity Clay,496,1212.7136285682373,2.444987154371446,0.0,-170.36150483880004,183.07221733750717,-68.93391086999996,74.35503600171424
Grassland,Southern Africa,Cool Temperate,Moist,High Activity Clay,496,1208.8391869158665,2.4371757800723115,0.0,-170.55273135120007,182.48718888422448,-69.03762127679994,74.39983157828566
Grassland,Central Africa,Cool Temperate,Dry,Wetland,496,1201.4702263028087,2.4223190046427594,0.0,-182.09827149524997,194.4912961959,-74.87003086529998,79.88771183297142
Grassland,Central America,Cool Temperate,Dry,Wetland,496,1201.2884972735133,2.4219526154707927,0.017441770499999953,-182.3979838659,194.34149026846936,-74.99024065499998,79.67473474411223
Grassland,Eastern Africa,Cool Temperate,Dry,Wetland,496,1200.423502282635,2.420208673956925,-0.017441770499999953,-182.06176682320003,194.40000082155714,-74.98024624364997,79.88771183297142
Grassland,Southern Asia,Tropical Montane,Dry,Wetland,496,1196.9427963942817,2.4131911217626647,0.047195378999999926,-179.3083069268334,190.95072091894565,-75.82448507773331,81.40327513947618
Grassland,North America,Cool Temperate,Dry,Wetland,496,1196.2751323928273,2.411845024985539,-0.017441770499999953,-181.897475804,194.1920175624,-74.8612576855,79.97381074822856
Grassland,Western Asia,Cool Temperate,Dry,Wetland,496,1196.0796940040868,2.4114509959759816,0.017441770499999953,-182.06134231450002,193.16808029915,-74.89777158599998,79.96127811661222
Grassland,Southern Africa,Cool Temperate,Dry,Wetland,496,1195.1453584781052,2.4095672549961797,0.0,-182.002126427,193.80618580090962,-74.94350778419997,79.83637838502854
Grassland,South America,Cool Temperate,Dry,Wetland,496,1194.8467695129862,2.4089652611148913,-0.017441770499999953,-181.97909221580002,194.1920175624,-74.89818686624997,79.88771183297142
Grassland,Europe,Cool Temperate,Dry,Wetland,496,1194.3386633858333,2.4079408536004703,0.017441770499999953,-182.3979838659,194.34149026846936,-74.89777158599998,79.95724276759996
Grassland,Caribbean,Cool Temperate,Dry,Wetland,496,1194.3275305914897,2.407918408450584,-0.017441770499999953,-181.967242886,194.34149026846936,-74.87003086529998,79.95724276759996
Grassland,Western Africa,Cool Temperate,Dry,Wetland,496,1192.2935228826038,2.4038175864568627,-0.017441770499999953,-182.2680657468,194.14079506426785,-75.01698470309996,79.96127811661222
Grassland,Central Asia,Cool Temperate,Dry,Wetland,496,1191.3006095801027,2.4018157451211746,-0.017441770499999953,-182.3979838659,193.9103845082382,-74.97204522774997,79.68089974522856
Grassland,Oceania,Cool Temperate,Dry,Wetland,496,1190.9977320246269,2.4012051048883607,0.03488354100000002,-182.0987052324,194.58241777699996,-75.00897440849997,80.26053357299995
Grassland,Eastern Asia,Cool Temperate,Dry,Wetland,496,1190.1995562805848,2.3995958795979533,0.0,-182.1814536673999,193.80618580090962,-74.93470999519997,80.25764677744895
Grassland,Northern Africa,Cool Temperate,Dry,Wetland,496,1189.7625709276408,2.398714860741211,-0.017441770500000064,-181.97909221580002,193.16808029915,-74.94350778419997,80.22214687457138
Grassland,Southern Asia,Cool Temperate,Dry,Wetland,496,1189.7436965312838,2.3986768075227496,-0.04295843475000016,-182.3113717865,194.03745006796072,-74.94350778419997,79.97381074822856
Grassland,Eastern Asia,Tropical Montane,Dry,Wetland,496,1188.9827012818596,2.397142542906975,0.0,-178.7955253883334,190.3991955463191,-75.8750349078333,81.31915848676188
Grassland,Central Africa,Tropical Montane,Dry,Wetland,496,1187.311019985473,2.3937722177126473,0.023597689499999852,-178.97003175883336,190.76943851365718,-75.97496092633332,81.07553565141902
Grassland,South-Eastern Asia,Tropical Montane,Dry,Wetland,496,1186.5998841650705,2.392338476139255,-0.07079306849999978,-179.13253535393335,191.21276954633336,-76.00234589933329,81.00388919459046
Grassland,Central America,Tropical Montane,Dry,Wetland,496,1184.377305868933,2.3878574715099457,-0.023597689499999852,-179.2497164025334,190.77825684431912,-76.03601942768334,81.0951828820571
Grassland,Western Africa,Tropical Montane,Dry,Wetland,496,1183.7461708339458,2.3865850218426328,-0.047195378999999926,-178.88991614633335,191.1166739554286,-76.07488694483332,81.00388919459046
Grassland,Central Asia,Tropical Montane,Dry,Wetland,496,1183.4356447283471,2.385958961145861,0.0,-179.2497164025334,191.16572987065717,-75.8750349078333,81.07553565141905
Grassland,Caribbean,Tropical Montane,Dry,Wetland,496,1182.7249464191877,2.384526101651588,-0.023597689499999852,-178.90845718808342,190.53555439315403,-76.07436255173332,80.67307590715473
Grassland,Eastern Africa,Tropical Montane,Dry,Wetland,496,1181.9512171389424,2.3829661635865773,0.0,-179.01999476808334,191.27132769543337,-75.97441156213331,80.67307590715473
Grassland,South-Eastern Asia,Cool Temperate,Dry,Wetland,496,1181.701724035263,2.382463153296901,-0.0040697464500000224,-182.08930759415,194.4912961959,-74.89777158599998,80.11709056371424
Grassland,Southern Africa,Tropical Montane,Dry,Wetland,496,1179.0110635331293,2.3770384345425994,0.0,-178.97003175883336,190.76943851365718,-75.8744605725333,81.0951828820571
Grassland,North America,Tropical Montane,Dry,Wetland,496,1174.1631823341636,2.3672644805124268,0.0,-179.01999476808334,190.77825684431912,-75.98631445313332,81.3657245760159
Grassland,Western Asia,Tropical Montane,Dry,Wetland,496,1173.8185237200391,2.3665696042742725,-0.05270150655000028,-179.36689745113335,190.24328947276192,-75.98631445313332,81.3657245760159
Grassland,South America,Tropical Montane,Dry,Wetland,496,1172.4529829050962,2.3638164977925324,-0.047195378999999926,-179.02058158893334,190.99297875948648,-76.00234589933329,81.40774052033332
Grassland,Europe,Tropical Montane,Dry,Wetland,496,1171.2854854187292,2.36146267221518,0.023597689499999852,-178.8706551045334,190.3991955463191,-76.08572440223332,81.42794638037411
Grassland,Northern Africa,Tropical Montane,Dry,Wetland,496,1169.6823806617685,2.3582306061729206,0.023597689499999852,-179.2497164025334,190.27326556679049,-75.93660947858329,81.40327513947618
Grassland,Oceania,Tropical Montane,Dry,Wetland,496,1168.710985428752,2.356272148041839,0.023597689499999852,-179.36689745113335,190.16510812465404,-75.8744605725333,81.00388919459046
Grassland,North America,Warm Temperate,Dry,Volcanic,496,1164.1142926699,2.3470046223183467,0.01641578399999999,-176.01809677760002,187.7351569632,-72.39069745599993,77.24445258514278
Grassland,Northern Africa,Warm Temperate,Dry,Volcanic,496,1160.1863616000685,2.339085406451751,0.01641578399999999,-175.77677317200002,187.832771896,-72.50824257599996,77.17162485119997
Grassland,Central Asia,Cool Temperate,Moist,Low Activity Clay,496,1159.1705052185303,2.337037308908327,-0.024623675999999595,-159.9048087413333,171.4898615357976,-64.58547293439995,69.69674245599991
Grassland,Central Africa,Warm Temperate,Dry,Volcanic,496,1157.7637094285428,2.334201027073675,0.03283156799999998,-175.7771813952,187.40892482950005,-72.42545433199996,77.17162485119997
Grassland,Central Asia,Warm Temperate,Dry,Volcanic,496,1157.6570800493805,2.333986048486654,0.01641578399999999,-175.67250254400003,186.83634588519996,-72.39859556159993,77.52835086857135
Grassland,Eastern Africa,Warm Temperate,Dry,Volcanic,496,1156.8231200068192,2.332304677433103,0.01641578399999999,-175.97733815200002,187.75173997800002,-72.39031528959993,77.49322600799992
Grassland,Western Asia,Warm Temperate,Dry,Volcanic,496,1154.7105506742141,2.32804546506898,-0.01641578399999999,-175.70725942000004,187.7351569632,-72.36401818799993,77.2574521663999
Grassland,Oceania,Tropical,Moist,Volcanic,496,1154.1170509375568,2.326848893019268,-0.06361116299999958,-159.96373750023335,171.31166808115552,-63.2705704785,68.63759317799995
Grassland,Southern Asia,Tropical,Moist,Volcanic,496,1152.7815326781338,2.324156315883334,0.1420649307000006,-159.99642937483335,171.6457592234458,-63.53854512389999,68.4020617984
Grassland,Eastern Asia,Warm Temperate,Dry,Volcanic,496,1152.41535007555,2.323418044507157,-0.01641578399999999,-175.70725942000004,187.6018504171429,-72.45984641279995,77.2574521663999
Grassland,Central America,Warm Temperate,Dry,Volcanic,496,1151.8363941747139,2.3222507947070845,-0.03283156799999998,-175.7683365592,187.30012300890004,-72.46775030879995,77.24235460479991
Grassland,Southern Africa,Warm Temperate,Dry,Volcanic,496,1151.5703232556812,2.321714361402583,-0.01641578399999999,-175.77677317200002,187.6480638076,-72.43317293519996,76.9817712223999
Grassland,Western Africa,Tropical,Moist,Volcanic,496,1151.1946615444367,2.3209569789202353,-0.06361116300000003,-160.9315583465333,172.42315843573334,-63.373952641999956,67.96156337932496
Grassland,Western Africa,Warm Temperate,Dry,Volcanic,496,1151.1898534464954,2.3209472851743858,0.036661917599999816,-175.97733815200004,187.6018504171429,-72.46775030879995,77.24235460479991
Grassland,South-Eastern Asia,Warm Temperate,Dry,Volcanic,496,1150.4012195636717,2.319357297507403,0.0,-175.9365795264,187.75173997800002,-72.45984641279995,77.12116241279995
Grassland,Eastern Asia,Cool Temperate,Moist,Low Activity Clay,496,1149.6828653075797,2.3179090026362497,0.0,-159.90422246333333,171.4898615357976,-64.53332459199993,69.70703715485706
Grassland,Central America,Tropical,Moist,Volcanic,496,1149.5723088732261,2.317686106599246,-0.1420649307000006,-159.8617464803333,171.6457592234458,-63.00259583309995,68.87683937474996
Grassland,South America,Warm Temperate,Dry,Volcanic,496,1149.17237341555,2.316879785111996,0.03283156799999998,-176.01809677760002,187.7351569632,-72.45984641279995,77.2574521663999
Grassland,South-Eastern Asia,Cool Temperate,Moist,Low Activity Clay,496,1148.2055998362328,2.314930644831114,0.0,-160.1259267461332,171.53154331835222,-64.66386915999992,69.63754064457137
Grassland,Northern Africa,Cool Temperate,Moist,Low Activity Clay,496,1147.7422147876541,2.3139964007815608,0.0,-160.3704784997332,171.86418848080936,-64.6146218079999,69.70703715485708
Grassland,Eastern Africa,Cool Temperate,Moist,Low Activity Clay,496,1147.4756443541523,2.313458960391436,0.04924735200000008,-159.74836371413318,171.16209176961186,-64.54602728199993,68.99441513934686
Grassland,Caribbean,Warm Temperate,Dry,Volcanic,496,1147.2858745298504,2.3130763599392146,0.01641578399999999,-175.63774566800006,187.45348295520003,-72.43317293519996,77.39009414399995
Grassland,Europe,Warm Temperate,Dry,Volcanic,496,1146.6505825488475,2.311795529332354,0.0,-175.89582090080006,187.7351569632,-72.37691630399992,77.12116241279995
Grassland,Southern Asia,Warm Temperate,Dry,Volcanic,496,1145.903899590214,2.3102901201415604,0.0,-175.77718139520002,187.37238286360002,-72.39069745599993,77.54520787199989
Grassland,Northern Africa,Tropical,Moist,Volcanic,496,1145.6029952355966,2.3096834581362833,0.0,-159.99801123973333,171.31166808115552,-63.13658315579998,68.81969711571428
Grassland,North America,Tropical,Moist,Volcanic,496,1145.4845376652047,2.3094446323895257,-0.07845376770000057,-160.77361867233333,172.42315843573334,-63.00259583309995,68.74371612899998
Grassland,Western Africa,Cool Temperate,Moist,Low Activity Clay,496,1145.1000649826735,2.3086694858521644,-0.024623676000000483,-160.43161643813332,171.96140665733333,-64.44229516119991,69.70703715485706
Grassland,Oceania,Warm Temperate,Dry,Volcanic,496,1144.0618102544981,2.3065762303518107,-0.0038303495999999493,-175.89582090080006,186.25039391200005,-72.36401818799993,76.9817712223999
Grassland,Oceania,Cool Temperate,Moist,Low Activity Clay,496,1143.8509747222454,2.3061511587142043,0.0,-160.18706468453328,171.94506473435223,-64.58547293439995,68.97501005832373
Grassland,Central Africa,Cool Temperate,Moist,Low Activity Clay,496,1143.529593419645,2.3055032125396067,0.0,-160.2482026229333,171.6298055501333,-64.63818149799992,69.36156268632374
Grassland,Central America,Cool Temperate,Moist,Low Activity Clay,496,1143.1966002383783,2.304831855319311,-0.024623675999999595,-160.3704784997332,171.55763399361186,-64.66386915999992,69.0034598534285
Grassland,Europe,Tropical,Moist,Volcanic,496,1142.422479295908,2.303271127612718,0.0,-159.82975017753333,171.9530796259048,-63.53854512389999,68.34678552844996
Grassland,Caribbean,Tropical,Moist,Volcanic,496,1142.302852461897,2.303029944479631,4.440892098500626e-16,-159.59386158613327,172.42315843573334,-63.57499532999999,68.921422482
Grassland,South America,Tropical,Moist,Volcanic,496,1141.9424508180825,2.3023033282622634,4.440892098500626e-16,-159.69576285483333,171.6457592234458,-63.507188298399996,68.27943626742857
Grassland,Caribbean,Cool Temperate,Moist,Low Activity Clay,496,1141.0261694595983,2.300455986813706,0.0,-160.3704784997332,171.6298055501333,-64.59789334239994,69.36176230719991
Grassland,Western Asia,Cool Temperate,Moist,Low Activity Clay,496,1140.659462638327,2.299716658545014,0.0,-160.18706468453328,170.6773554974189,-64.58604618399994,69.39433630674274
Grassland,South-Eastern Asia,Tropical,Moist,Volcanic,496,1140.653562908658,2.299704763928746,0.0,-160.45773932393328,171.02097859261906,-63.237755195999995,68.4020617984
Grassland,Southern Asia,Cool Temperate,Moist,Low Activity Clay,496,1139.7714730404869,2.2979263569364656,-0.03602352600000014,-159.9569570837332,171.94506473435223,-64.4941612215999,69.36156268632374
Grassland,Southern Africa,Cool Temperate,Moist,Low Activity Clay,496,1139.5446275329207,2.297469007122824,0.05499287640000028,-159.95635777733318,171.36740410174147,-64.4941612215999,68.99441513934686
Grassland,Western Asia,Tropical,Moist,Volcanic,496,1139.3717565645136,2.297120476944584,0.0,-159.99642937483335,170.0750200123333,-63.507188298399996,68.19397751979997
Grassland,Europe,Cool Temperate,Moist,Low Activity Clay,496,1139.2671127268254,2.296909501465374,-0.030369200400000684,-160.3704784997332,171.86418848080936,-64.54602728199993,69.38608052011422
Grassland,Central Asia,Tropical,Moist,Volcanic,496,1138.6202673656016,2.2956053777532293,0.0,-160.6156789981333,172.42315843573334,-63.508635536499995,68.02277487389999
Grassland,Southern Africa,Tropical,Moist,Volcanic,496,1137.9511340647057,2.2942563186788423,-0.06361116299999958,-159.8617464803333,171.31166808115552,-63.507188298399996,68.27943626742857
Grassland,North America,Cool Temperate,Moist,Low Activity Clay,496,1137.2030767631368,2.2927481386353565,0.024623675999999595,-160.00849309133335,171.69844055496597,-64.59789334239994,68.99441513934686
Grassland,Eastern Africa,Tropical,Moist,Volcanic,496,1135.8696742734417,2.290059827164197,-0.06361116299999958,-160.6156789981333,171.02097859261906,-63.53854512389999,68.44888697459999
Grassland,South America,Cool Temperate,Moist,Low Activity Clay,496,1135.1830239401384,2.2886754514922143,0.0,-159.8921060513333,171.86418848080936,-64.66386915999992,69.0034598534285
Grassland,Central Africa,Tropical,Moist,Volcanic,496,1130.2747428863736,2.2787797235612373,0.06361116300000003,-159.86174648033332,171.9530796259048,-63.239269747499996,68.63759317799995
Grassland,Eastern Asia,Tropical,Moist,Volcanic,496,1128.6379130346738,2.2754796633763585,0.0,-160.9315583465333,172.42315843573334,-63.447773003999984,68.07954359359995
Grassland,South America,Tropical,Moist,Wetland,496,1121.407203603911,2.2609016201691756,0.0,-155.90933298306675,167.70887290006675,-61.52718829840002,66.06852212337144
Grassland,Central Asia,Tropical,Moist,Wetland,496,1116.5906367205869,2.251190799839893,0.0,-155.12809366266677,167.507243378462,-61.022595833100006,66.33154462817143
Grassland,Northern Africa,Tropical,Moist,Wetland,496,1115.801246014643,2.249599286319845,0.0,-155.43928351086674,167.507243378462,-61.34055067800001,65.77732826421429
Grassland,Western Asia,Tropical,Moist,Wetland,496,1110.7896076030017,2.2394951766189553,0.12722232600000005,-155.90933298306675,166.19815925413616,-61.392471747200005,65.52241612085716
Grassland,Southern Asia,Tropical,Moist,Wetland,496,1109.262020949891,2.2364153648183285,0.06361116300000003,-155.60754457306675,166.94014740748466,-61.52863553650002,66.28220826982859
Grassland,Western Africa,Tropical,Moist,Wetland,496,1108.754312481535,2.2353917590353527,-0.14544742905000074,-155.47282802186677,166.26382681799532,-61.15658315580001,66.33154462817143
Grassland,Oceania,Tropical,Moist,Wetland,496,1108.5397924572994,2.234959258986491,0.06361116300000003,-155.60596270816677,166.02005798236323,-61.46777300400001,66.22466227755714
Grassland,Southern Africa,Tropical,Moist,Wetland,496,1107.989368854177,2.2338495339801954,4.440892098500626e-16,-156.54109167986675,165.2230590087263,-61.66331843100001,66.28220826982859
Grassland,North America,Tropical,Moist,Wetland,496,1105.567680652605,2.2289670980899294,0.07845376770000101,-156.0672726572667,167.70887290006675,-61.42455780120001,65.81585044885715
Grassland,Eastern Africa,Tropical,Moist,Wetland,496,1105.1188715943922,2.228062241117726,0.0,-155.43928351086674,167.70887290006675,-61.66331843100001,66.06852212337142
Grassland,Central Africa,Tropical,Moist,Wetland,496,1101.2638314416802,2.220289982745323,0.06361116300000003,-155.90933298306675,166.70850685866677,-61.52718829840002,65.81585044885715
Grassland,Europe,Tropical,Moist,Wetland,496,1100.019990598982,2.217782239110851,0.0,-155.47282802186675,167.24319978913618,-61.392471747200005,66.79593726771431
Grassland,Caribbean,Tropical,Moist,Wetland,496,1096.8496104230744,2.2113903435949083,0.0,-155.90933298306675,166.438979720462,-61.66331843100001,66.61240346828572
Grassland,South-Eastern Asia,Tropical,Moist,Wetland,496,1095.374649972236,2.2084166330085404,-0.029449612499999223,-155.90933298306675,165.4854560401168,-61.661904849600006,66.79593726771431
Grassland,Central America,Tropical,Moist,Wetland,496,1092.7795046669712,2.203184485215668,-0.06361116300000003,-155.57327083356677,166.29823648054435,-61.59499532999999,66.15538823681631
Grassland,Eastern Asia,Tropical,Moist,Wetland,496,1084.305836054615,2.1861004759165623,-0.06361116299999958,-155.90933298306675,165.28845565199532,-61.34055067800001,66.505677678
Grassland,Northern Africa,Tropical,Wet,High Activity Clay,496,1084.2417954018129,2.185971361697203,0.0,-137.91096135520002,148.97718691444283,-53.102595833099954,58.579132064693816
Grassland,Central Africa,Tropical,Wet,High Activity Clay,496,1075.3332283073962,2.168010540942331,0.030156403199999904,-137.50681170160001,149.53487905462856,-53.203038644799946,58.39233067799996
Grassland,Central Asia,Tropical,Wet,High Activity Clay,496,1071.9675881917358,2.1612249761930156,-0.06361116299999958,-138.34746631639996,148.65453417917146,-53.60718829839996,58.05205437967339
Grassland,Southern Africa,Tropical,Wet,High Activity Clay,496,1068.3670959484616,2.153965919250931,0.06361116300000003,-137.64152825279996,148.65453417917146,-53.60863553649996,58.49982371828566
Grassland,Europe,Tropical,Wet,High Activity Clay,496,1064.6466276864446,2.1464649751742835,0.0,-138.04567790639996,147.54752943920002,-53.67499532999993,58.49982371828566
Grassland,Western Asia,Tropical,Wet,High Activity Clay,496,1064.420100611012,2.1460082673609113,-0.07845376770000057,-139.13716468739997,148.46661539662855,-53.67499532999993,58.499823718285654
Grassland,Caribbean,Tropical,Wet,High Activity Clay,496,1063.2696078630545,2.143688725530352,0.06361116300000003,-137.91096135520002,148.64338634639995,-53.67499532999993,57.76565392619995
Grassland,Central America,Tropical,Wet,High Activity Clay,496,1062.4489359194406,2.1420341449988722,0.06361116300000003,-138.82128533899999,147.07064740556123,-53.92943998199996,58.05205437967339
Grassland,Southern Asia,Tropical,Wet,High Activity Clay,496,1061.3570034421582,2.1398326682301576,4.440892098500626e-16,-138.821285339,148.46661539662855,-53.370570478499936,58.18421286982853
Grassland,Western Africa,Tropical,Wet,High Activity Clay,496,1060.6346172593285,2.1383762444744527,0.06361116300000047,-137.91096135520002,149.27480726961227,-53.370570478499936,57.76565392619995
Grassland,South America,Tropical,Wet,High Activity Clay,496,1059.8534974166855,2.1368014060820273,0.06361116300000003,-138.9792250132,147.07064740556123,-53.23658315579995,58.123778140057084
Grassland,Eastern Africa,Tropical,Wet,High Activity Clay,496,1058.0169431242487,2.133098675653727,4.440892098500626e-16,-137.64152825279996,148.64338634639995,-53.23658315579995,57.963397073371375
Grassland,Eastern Asia,Tropical,Wet,High Activity Clay,496,1053.7324711356703,2.124460627289658,0.06361116300000003,-138.9792250132,148.22976673461224,-53.60863553649996,58.39233067799996
Grassland,Oceania,Tropical,Wet,High Activity Clay,496,1052.0015821836153,2.120970931821805,0.0,-138.9792250132,147.54752943920002,-53.54777300399995,58.69077426771425
Grassland,South-Eastern Asia,Tropical,Wet,High Activity Clay,496,1049.5654977607976,2.1160594712919307,4.440892098500626e-16,-137.7747302525,149.53487905462856,-53.63854512389996,58.18421286982853
Grassland,North America,Tropical,Wet,High Activity Clay,496,1046.120140069535,2.1091131856240626,0.12722232600000005,-137.8774168442,148.31435877782852,-53.67499532999993,57.76565392619995
Grassland,Southern Asia,Warm Temperate,Dry,Wetland,496,1023.6029593419888,2.0637156438346547,0.0,-154.95495036266675,165.2703134202738,-63.52118370399999,67.76624384137143
Grassland,Western Asia,Warm Temperate,Dry,Wetland,496,1021.7654462252482,2.060010980292839,-0.03666191759999993,-155.32752206986675,165.44418019605448,-63.60974787199999,67.8396569324571
Grassland,Northern Africa,Warm Temperate,Dry,Wetland,496,1020.6935031007129,2.057849804638534,0.0,-155.2867634442667,165.25652964574292,-63.56401818799996,68.01282985828571
Grassland,Oceania,Warm Temperate,Dry,Wetland,496,1020.6074148836238,2.0576762396847257,-0.01641578399999999,-154.95495036266675,164.19262238866676,-63.63317293520001,67.51356381439999
Grassland,North America,Warm Temperate,Dry,Wetland,496,1019.4333946270625,2.0553092633610133,-0.01641578399999999,-155.1644875674667,165.2703134202738,-63.60974787199999,67.59275246024485
Grassland,Central Africa,Warm Temperate,Dry,Wetland,496,1018.0030649722597,2.0524255342182656,0.01641578399999999,-155.12372894186677,165.5322105897429,-63.59069745599996,67.86975359497141
Grassland,Eastern Asia,Warm Temperate,Dry,Wetland,496,1016.7753338635683,2.0499502698862266,0.0,-155.32752206986675,164.95229206403093,-63.59069745599996,67.8396569324571
Grassland,South America,Warm Temperate,Dry,Wetland,496,1015.4043153887942,2.047186119735472,0.01641578399999999,-155.32752206986675,165.44418019605448,-63.60974787199999,68.09586707942854
Grassland,Eastern Africa,Warm Temperate,Dry,Wetland,496,1015.1042776741316,2.0465812049881684,-0.020246133599999938,-155.00242585226673,165.2703134202738,-63.60974787199999,67.80656008929525
Grassland,Caribbean,Warm Temperate,Dry,Wetland,496,1014.8620425774766,2.0460928277771706,0.01641578399999999,-154.97631693866668,164.85433702623817,-63.59069745599996,67.57064059679996
Grassland,Central Asia,Warm Temperate,Dry,Wetland,496,1013.6772334301944,2.04370409965765,-0.01641578399999999,-155.2052461930666,165.61378772986674,-63.6250808512,67.54885833729524
Grassland,South-Eastern Asia,Warm Temperate,Dry,Wetland,496,1013.1741571357072,2.0426898329348937,-0.01641578399999999,-155.00242585226673,165.58013428157147,-63.625454332000004,68.01282985828571
Grassland,Western Africa,Warm Temperate,Dry,Wetland,496,1011.6584141879129,2.039633899572405,0.0,-155.04584806186674,165.39232128601364,-63.6250808512,67.85231460479996
Grassland,Southern Africa,Warm Temperate,Dry,Wetland,496,1011.0940124432639,2.038495992829161,0.0,-155.24600481866668,165.5322105897429,-63.708242576,67.86975359497141
Grassland,Central America,Warm Temperate,Dry,Wetland,496,1010.9465349220153,2.0381986591169663,-0.01641578399999999,-155.04584806186674,165.65542806266674,-63.576916303999965,68.12290188897956
Grassland,Europe,Warm Temperate,Dry,Wetland,496,998.8226763550807,2.0137553958771788,0.036661917599999816,-155.20524619306664,164.46032713586675,-63.52078416639999,67.85231460479996
Grassland,Oceania,Warm Temperate,Moist,High Activity Clay,496,977.5744138633758,1.9709161569826124,-0.055403270999999865,-135.37921005253335,145.23059296470484,-53.79732393639998,57.76261756445712
Grassland,Caribbean,Warm Temperate,Moist,High Activity Clay,496,972.142451441282,1.9599646198412943,-0.061866985949999176,-135.36460195903334,145.59144163258094,-53.75263001019998,57.447908120821396
Grassland,Eastern Asia,Warm Temperate,Moist,High Activity Clay,496,971.6094671180618,1.9588900546735117,0.027701635499999933,-135.43718806108333,145.69905456223336,-53.679990165999975,57.762617564457116
Grassland,Southern Asia,Warm Temperate,Moist,High Activity Clay,496,969.6912649273374,1.9550227115470513,-0.027701635499999933,-135.31988360458334,145.59144163258094,-53.73930195699998,58.03719826299998
Grassland,Eastern Africa,Warm Temperate,Moist,High Activity Clay,496,964.8393709433384,1.9452406672244726,0.027701635499999933,-135.7068612841334,145.23059296470484,-53.82685280499997,57.7587212236571
Grassland,Western Asia,Boreal,Moist,High Activity Clay,496,964.1065425821411,1.9437631906898005,0.017441770500000064,-132.5994778262,141.8877891198625,-53.740833176799974,58.01359373699998
Grassland,Central America,Warm Temperate,Moist,High Activity Clay,496,963.3359768786171,1.9422096308036634,0.055403270999999865,-135.42295127698335,145.46440099033336,-53.73865705119998,57.33628896348569
Grassland,Europe,Warm Temperate,Moist,High Activity Clay,496,962.5134543215141,1.940551319196601,0.027701635499999933,-135.84442164553334,145.23059296470484,-53.82685280499997,57.7587212236571
Grassland,Central Africa,Warm Temperate,Moist,High Activity Clay,496,962.4812247177124,1.9404863401566783,0.027701635499999933,-135.6380811034334,145.59144163258094,-53.79795418524998,57.78127396548569
Grassland,Southern Africa,Warm Temperate,Moist,High Activity Clay,496,961.9821019135655,1.9394800441805757,-0.055403270999999865,-135.43787693773336,144.78560796270483,-53.85660641349998,57.777356370081606
Grassland,Northern Africa,Warm Temperate,Moist,High Activity Clay,496,960.6565727075953,1.936807606265313,-0.027701635499999933,-135.77564146483337,145.00971785060804,-53.63593137429996,57.44821824609998
Grassland,North America,Warm Temperate,Moist,High Activity Clay,496,960.3479552404683,1.9361853936299764,0.0,-135.43787693773336,145.00971785060804,-53.85599082159998,57.7587212236571
Grassland,South America,Warm Temperate,Moist,High Activity Clay,496,960.0265655142271,1.935537430472232,-0.027701635499999933,-135.91320182623335,145.12623003958095,-53.75263001019998,58.0892136213265
Grassland,Western Africa,Boreal,Moist,High Activity Clay,496,959.1006131589236,1.9336705910462169,0.017441770499999953,-132.26921313375001,142.27573265290007,-53.85164840439998,57.81358427679997
Grassland,Europe,Boreal,Moist,High Activity Clay,496,958.4261184575399,1.9323107226966532,0.03488354100000002,-132.23228395300004,142.26777919200006,-53.778186866249975,58.01359373699998
Grassland,Western Africa,Warm Temperate,Moist,High Activity Clay,496,957.2640740238367,1.9299678911770901,0.0,-135.5693009227334,144.78560796270483,-53.81097932814998,57.71653799559998
Grassland,Eastern Africa,Boreal,Moist,High Activity Clay,496,957.1752030139559,1.9297887157539433,0.0,-132.30656682320003,141.97645401940008,-53.80047357299998,58.07211161399997
Grassland,North America,Boreal,Moist,High Activity Clay,496,955.9650025256183,1.927348795414553,0.0,-132.2973691347,142.26777919200006,-53.778186866249975,57.52457307064283
Grassland,South-Eastern Asia,Warm Temperate,Moist,High Activity Clay,496,955.861270997731,1.927139659269619,0.0,-135.91320182623335,145.69905456223336,-53.85599082159998,57.762617564457116
Grassland,Central Asia,Boreal,Moist,High Activity Clay,496,955.2520982586416,1.9259114884246806,0.017441770499999953,-132.269628414,141.90128962295,-53.82350778419997,57.52457307064283
Grassland,Central Asia,Warm Temperate,Moist,High Activity Clay,496,954.5828168704508,1.9245621307871992,0.027701635499999933,-135.43718806108333,144.57484614410802,-53.73865705119998,57.78127396548569
Grassland,Western Asia,Warm Temperate,Moist,High Activity Clay,496,953.7103430595818,1.9228031110072212,0.0,-135.84442164553334,144.58143737819054,-53.79732393639998,57.3405081537095
Grassland,Central America,Boreal,Moist,High Activity Clay,496,952.6108204769257,1.920586331606705,-0.04295843475000016,-132.30614231450002,141.90128962295,-53.85164840439998,57.81358427679997
Grassland,Northern Africa,Boreal,Moist,High Activity Clay,496,952.5202133222289,1.9204036558915905,0.0,-132.2973691347,141.4968821557501,-53.85204522774998,58.044821570999964
Grassland,Southern Africa,Boreal,Moist,High Activity Clay,496,952.0716301689023,1.919499254372787,0.0,-132.33410759415008,141.97645401940008,-53.835357113999976,57.975332777999974
Grassland,South America,Boreal,Moist,High Activity Clay,496,951.6850624376467,1.9187198839468684,0.008074893750000034,-132.30656682320003,141.48581264565007,-53.81511604699997,58.01359373699998
Grassland,Eastern Asia,Boreal,Moist,High Activity Clay,496,951.3727396851466,1.9180902009781182,0.0,-132.30656682320003,141.70408194800007,-53.870240654999975,57.41995415309997
Grassland,Caribbean,Boreal,Moist,High Activity Clay,496,948.8605030129202,1.913025207687339,0.0,-132.64278386590007,142.06167397714287,-53.86024624364998,57.767547204399975
Grassland,Oceania,Boreal,Moist,High Activity Clay,496,948.1622576196175,1.9116174548782612,0.03488354100000002,-132.34307149525006,142.27573265290007,-53.82350778419997,57.49359333409997
Grassland,South-Eastern Asia,Boreal,Moist,High Activity Clay,496,947.8122902582614,1.9109118755206884,0.0,-132.46955970710007,142.19420062595,-53.81511604699997,57.767547204399975
Grassland,Central Africa,Boreal,Moist,High Activity Clay,496,945.0916812516339,1.9054267767170037,0.0,-132.42625366740006,140.96538065775002,-53.778186866249975,58.054107572999975
Grassland,Southern Asia,Boreal,Moist,High Activity Clay,496,940.0051147097477,1.8951716022373946,0.017441770499999953,-132.55617178650002,142.19313036225,-53.870240654999975,58.01359373699998
Grassland,South America,Tropical,Wet,Low Activity Clay,496,938.2191463925644,1.8915708596624283,0.06361116300000003,-120.21437813733331,129.4235731163048,-45.28458685299996,50.135929696285686
Grassland,Northern Africa,Tropical,Wet,Low Activity Clay,496,937.5539884555842,1.8902298154346455,-0.06361116299999958,-120.48381123973328,129.4235731163048,-45.55649802073335,50.005247166734684
Grassland,Oceania,Tropical,Wet,Low Activity Clay,496,935.4902760561397,1.8860691049518945,0.0,-120.34754648033326,128.69631442653326,-45.68863553649997,49.65394292697139
Grassland,North America,Tropical,Wet,Low Activity Clay,496,934.8111054951353,1.8846998094659986,0.0,-121.25941867233331,129.73945042069522,-45.754995329999986,50.135929696285686
Grassland,Caribbean,Tropical,Wet,Low Activity Clay,496,932.138335934255,1.8793111611577722,0.07845376770000101,-120.2128635858333,130.04014141449045,-45.14832209359997,49.65394292697139
Grassland,Southern Africa,Tropical,Wet,Low Activity Clay,496,932.0161125396037,1.8790647430233944,0.0,-120.94353932393332,129.4973281911047,-45.182595833099974,49.408682616228525
Grassland,Europe,Tropical,Wet,Low Activity Clay,496,930.1370624323266,1.8752763355490456,0.12722232600000005,-120.31555017753327,129.73945042069522,-45.500550677999975,50.135929696285686
Grassland,Eastern Africa,Tropical,Wet,Low Activity Clay,496,926.7817790002135,1.8685116512101079,0.06361116300000003,-120.48222937483328,130.5655918491047,-45.41926974749999,49.80942667799997
Grassland,Central Asia,Tropical,Wet,Low Activity Clay,496,923.6427649676972,1.8621829938864862,0.0,-120.78559964973336,129.68611621533327,-45.41926974749999,49.91955028971424
Grassland,Central Africa,Tropical,Wet,Low Activity Clay,496,922.9332055330995,1.8607524305102812,0.0,-121.57529802073329,130.5655918491047,-44.688594009399964,49.58360395434282
Grassland,South-Eastern Asia,Tropical,Wet,Low Activity Clay,496,922.8693283473267,1.8606236458615457,0.0,-120.1815628548333,130.04014141449045,-45.45057047849999,49.58360395434282
Grassland,Central America,Tropical,Wet,Low Activity Clay,496,919.486238819616,1.853802900846,0.0,-121.25941867233331,129.6684918877333,-45.55395264199997,49.58360395434282
Grassland,Southern Asia,Tropical,Wet,Low Activity Clay,496,916.2695831822721,1.8473177080287744,0.06361116300000047,-120.78559964973336,129.52097907361897,-45.718545123899965,49.58360395434282
Grassland,Eastern Asia,Tropical,Wet,Low Activity Clay,496,915.8313709329377,1.8464342155906002,4.440892098500626e-16,-120.48381123973328,129.6684918877333,-45.68863553649997,49.27750777619996
Grassland,Western Africa,Tropical,Wet,Low Activity Clay,496,915.0771589446292,1.8449136269044943,0.06361116300000003,-120.94353932393332,129.73945042069522,-45.28303864479996,49.503481155183664
Grassland,Western Asia,Tropical,Wet,Low Activity Clay,496,899.6525820048233,1.8138156895258535,-0.06361116299999958,-120.34909468853327,128.86369124823327,-45.68863553649997,50.005247166734684
Grassland,Southern Asia,Tropical,Wet,Wetland,496,896.6878083363749,1.8078383232588204,4.440892098500626e-16,-113.89652937483336,122.38624337683338,-42.212595833099996,46.92786298199999
Grassland,South-Eastern Asia,Tropical,Wet,Wetland,496,884.0096275688794,1.782277474937257,0.0,-113.86383750023337,122.64629401126673,-42.56679964973336,46.247694020733356
Grassland,Eastern Africa,Tropical,Wet,Wetland,496,883.4189500829921,1.7810865929092583,0.0,-113.89811123973337,122.64629401126673,-42.8519048496,46.45509169839999
Grassland,Eastern Asia,Tropical,Wet,Wetland,496,879.3176064351251,1.7728177549095263,-0.06361116299999958,-114.3578393239334,122.38384548903339,-42.61455780119998,46.117608306
Grassland,Caribbean,Tropical,Wet,Wetland,496,879.0194613028124,1.7722166558524444,0.06361116300000003,-114.51577899813337,123.21076158233335,-42.78499533,46.245366921599995
Grassland,Oceania,Tropical,Wet,Wetland,496,875.8891827957791,1.7659056104753612,0.0,-113.62716358583334,121.92636604545837,-42.853318431,46.790040330000004
Grassland,North America,Tropical,Wet,Wetland,496,875.3164423940297,1.764750891923447,0.0,-113.22311490233332,122.93874935200837,-42.212595833099996,46.5226911996
Grassland,Central Africa,Tropical,Wet,Wetland,496,874.1650899860084,1.762429616907275,0.12722232600000005,-113.49248069133337,122.93874935200837,-42.447755195999996,46.863746968499974
Grassland,Western Africa,Tropical,Wet,Wetland,496,873.0932177705831,1.7602685842148853,-0.12722232600000005,-113.89811123973337,123.64439324673336,-42.882532446599996,46.790040330000004
Grassland,Western Asia,Boreal,Dry,High Activity Clay,496,870.8361237322994,1.7557179913957648,0.017441770499999953,-132.34307149525006,140.9077086497143,-53.81470999519997,57.61165627799996
Grassland,Western Africa,Boreal,Dry,High Activity Clay,496,870.5796110711061,1.7552008287723913,0.017441770499999953,-132.19535477225008,140.755347616675,-53.835357113999976,57.152217003199965
Grassland,Central Asia,Tropical,Wet,Wetland,496,868.9246146439376,1.7518641424272936,0.12722232600000005,-114.51577899813337,122.38384548903339,-42.23073750023335,46.863746968499974
Grassland,Southern Africa,Boreal,Dry,High Activity Clay,496,868.5387597055914,1.7510862090838535,-0.017441770499999953,-132.5994778262,141.40001003590007,-53.81511604699997,57.44444872885711
Grassland,Eastern Asia,Boreal,Dry,High Activity Clay,496,867.1674957967408,1.7483215641063323,-0.017441770499999953,-132.2973691347,141.1942520222143,-53.82350778419997,57.44333417679997
Grassland,North America,Boreal,Dry,High Activity Clay,496,866.1046841740462,1.7461787987379962,-0.017441770499999953,-132.46955970710007,141.10073140240007,-53.85164840439998,57.11713333259997
Grassland,South America,Boreal,Dry,High Activity Clay,496,865.7868746343535,1.7455380536982932,0.0,-132.2469264270001,141.35679257700008,-53.80047357299998,57.44333417679997
Grassland,Central Africa,Boreal,Dry,High Activity Clay,496,865.5236716952375,1.7450074026113658,0.017441770499999953,-132.64278386590007,141.10073140240007,-53.778186866249975,57.42114676759997
Grassland,Northern Africa,Boreal,Dry,High Activity Clay,496,865.0179964610056,1.7439878960907371,-0.03488354100000002,-132.42625366740006,141.10073140240007,-53.81511604699997,57.41155640439998
Grassland,Europe,Tropical,Wet,Wetland,496,864.9867918070044,1.7439249834818635,0.0,-114.3578393239334,122.33952849323333,-42.61455780119998,46.297766196000005
Grassland,Southern Africa,Tropical,Wet,Wetland,496,864.9304804552497,1.7438114525307453,0.1420649307000006,-114.98959802073337,121.91693194000837,-42.582471747199975,46.5226911996
Grassland,Central America,Boreal,Dry,High Activity Clay,496,862.8633708958018,1.7396438929350844,-0.021511516950000087,-132.64278386590007,141.008127682125,-53.85204522774998,57.44444872885712
Grassland,Caribbean,Boreal,Dry,High Activity Clay,496,861.8119110200482,1.737524014153323,0.0,-132.5128657468,140.39477589390006,-53.81511604699997,57.41155640439998
Grassland,South America,Tropical,Wet,Wetland,496,861.1583293462418,1.73620630916581,0.0,-114.19989964973333,122.93874935200837,-42.882532446599996,46.381038634699976
Grassland,Western Asia,Tropical,Wet,Wetland,496,860.8985610450958,1.7356825827522093,0.0,-113.49248069133337,122.16572104733335,-42.71863553649999,46.04261003649999
Grassland,Northern Africa,Tropical,Wet,Wetland,496,860.2289913882956,1.7343326439280153,0.0,-113.89652937483336,122.55290646573337,-43.03943998199999,46.701947753999995
Grassland,Eastern Africa,Boreal,Dry,High Activity Clay,496,859.9776764713554,1.7338259606277326,0.017441770499999953,-132.30656682320003,141.1942520222143,-53.81470999519997,57.41155640439998
Grassland,South-Eastern Asia,Boreal,Dry,High Activity Clay,496,859.6761494072124,1.7332180431597024,-0.017441770499999953,-132.59947782620003,140.64012093450006,-53.77777158599998,57.42114676759997
Grassland,Central America,Tropical,Wet,Wetland,496,859.6324090337498,1.7331298569228826,-0.06361116299999958,-114.83165834653337,121.42768360158338,-42.4492697475,46.863746968499974
Grassland,Oceania,Boreal,Dry,High Activity Clay,496,859.5316393342841,1.732926692206218,-0.017441770499999953,-132.42625366740006,140.85610963710008,-53.741257685499974,57.64326773699998
Grassland,Europe,Boreal,Dry,High Activity Clay,496,859.1071054570517,1.7320707771311528,0.0,-132.59947782620003,141.40001003590007,-53.85204522774998,57.11869440584997
Grassland,Southern Asia,Boreal,Dry,High Activity Clay,496,856.0229193155158,1.7258526599103141,-0.03488354100000002,-132.5994778262,140.64012093450006,-53.85204522774998,57.43239274519997
Grassland,Central Asia,Boreal,Dry,High Activity Clay,496,850.534517987472,1.7147873346521612,0.017441770499999953,-132.59947782620003,140.3566671391501,-53.71329240584998,57.14583932474997
Grassland,Western Africa,Warm Temperate,Moist,Low Activity Clay,496,833.5088276696246,1.6804613461081142,0.0,-116.7647512769834,125.23311819712447,-45.832630010199985,49.25689963794283
Grassland,Oceania,Tropical,Wet,Sandy,496,832.293108995614,1.6780103003943831,-0.06361116300000003,-107.3108293748333,115.25150768004758,-39.74863553649999,43.870682020733355
Grassland,North America,Warm Temperate,Moist,Low Activity Clay,496,831.9837177520279,1.6773865277258628,0.055403270999999865,-116.72101005253332,125.28453159605951,-45.76064972874998,49.015300572699985
Grassland,Southern Asia,Warm Temperate,Moist,Low Activity Clay,496,830.9766845238576,1.6753562187981,0.027701635499999933,-117.04866128413339,124.57689831622625,-45.77428069224998,49.29278096191427
Grassland,Central America,Warm Temperate,Moist,Low Activity Clay,496,830.8602635862455,1.6751214991658177,0.055403270999999865,-116.77898806108341,125.66471902123341,-45.701323280799976,49.02493689609997
Grassland,Oceania,Warm Temperate,Moist,Low Activity Clay,496,829.600068026577,1.6725807823116472,-0.027701635499999933,-117.04866128413339,125.56256694690236,-45.70199750049998,48.92784905634998
Grassland,Central Africa,Warm Temperate,Moist,Low Activity Clay,496,829.4634875455843,1.6723054184386779,-0.055403270999999865,-117.04866128413339,123.90945413935006,-45.70199750049998,49.29278096191427
Grassland,Southern Africa,Warm Temperate,Moist,Low Activity Clay,496,829.3622340769098,1.6721012783808664,0.0,-116.47300468723338,125.3746505953334,-45.75999016599999,49.5502034625714
Grassland,Europe,Warm Temperate,Moist,Low Activity Clay,496,829.0819424551206,1.6715361743046786,-0.027701635499999933,-116.77967693773341,124.957642441313,-45.906852804999986,49.28116424763264
Grassland,Western Asia,Warm Temperate,Moist,Low Activity Clay,496,828.7626289081868,1.6708923969923122,0.027701635499999933,-117.18622164553332,125.09735535390236,-45.64334527224998,49.29596574592379
Grassland,South America,Tropical,Wet,Sandy,496,827.9299719916445,1.6692136532089608,0.06361116300000047,-107.3108293748333,115.27036278696188,-39.77854512389999,43.651816602428546
Grassland,Central Asia,Tropical,Wet,Sandy,496,826.8467548914704,1.6670297477650613,0.0,-107.1761464803333,113.93842078267264,-39.883318430999985,43.651816602428546
Grassland,South-Eastern Asia,Warm Temperate,Moist,Low Activity Clay,496,826.8149211539296,1.6669655668426,0.0,-116.77967693773341,125.56256694690236,-45.70199750049998,49.29278096191427
Grassland,Eastern Asia,Warm Temperate,Moist,Low Activity Clay,496,826.6037629722214,1.6665398447020592,-0.027701635499999933,-117.18622164553332,125.56256694690236,-45.70199750049998,49.29278096191427
Grassland,South America,Warm Temperate,Moist,Low Activity Clay,496,826.4272342723463,1.6661839400652143,0.0,-117.25500182623341,125.03363143303658,-45.76064972874998,49.56551154657141
Grassland,Central America,Tropical,Wet,Sandy,496,824.9180042985693,1.6631411376987284,0.0,-107.2781375002333,114.5579031670333,-39.74863553649999,42.91139816369998
Grassland,Eastern Asia,Tropical,Wet,Sandy,496,823.6443697818792,1.6605733261731435,0.0,-108.08801867233332,115.83735728952621,-39.74718829839999,43.71979626771427
Grassland,Northern Africa,Warm Temperate,Moist,Low Activity Clay,496,822.0276974428639,1.6573139061348061,0.0,-116.72033583283333,125.3746505953334,-45.877323936399975,49.57396458509521
Grassland,Central Asia,Warm Temperate,Moist,Low Activity Clay,496,820.6623441313126,1.654561177684098,0.027701635499999933,-116.9798811034334,125.412740738813,-45.819301956999986,49.50953626299998
Grassland,South-Eastern Asia,Tropical,Wet,Sandy,496,819.1537128138384,1.6515195822859645,0.0,-108.24595834653331,115.4373210437333,-39.81499532999999,43.57483349326529
Grassland,Central Africa,Tropical,Wet,Sandy,496,818.4744574760865,1.6501501158792067,-0.06361116299999958,-108.08801867233332,115.4373210437333,-39.74863553649999,43.32794917817141
Grassland,Caribbean,Warm Temperate,Moist,Low Activity Clay,496,817.6643037920546,1.6485167415162392,0.055403270999999865,-117.04866128413339,125.14481869925179,-45.79604626299998,49.25689963794283
Grassland,Eastern Africa,Warm Temperate,Moist,Low Activity Clay,496,815.8079842156537,1.6447741617251084,-0.027701635499999933,-117.18622164553332,125.28453159605951,-45.75999016599999,49.25689963794283
Grassland,North America,Tropical,Wet,Sandy,496,813.9963201972846,1.641121613300977,0.0,-107.93007899813335,116.5288078247333,-39.881904849599984,43.71979626771427
Grassland,Western Asia,Tropical,Wet,Sandy,496,813.8067232948733,1.6407393614815995,-0.12722232600000005,-108.24595834653331,115.27036278696188,-39.74718829839999,43.372248677999984
Grassland,Southern Asia,Tropical,Wet,Sandy,496,812.213067225435,1.6375263452125706,0.0,-108.08801867233332,114.27305796604763,-39.52614503493335,42.91139816369998
Grassland,Europe,Tropical,Wet,Sandy,496,810.5990099849939,1.6342721975503909,0.06361116300000003,-107.01016285483331,114.53600084483331,-39.76276285483333,42.82165376421427
Grassland,Southern Africa,Tropical,Wet,Sandy,496,810.0374285024476,1.6331399768194508,0.0,-108.08801867233332,115.4122700353333,-39.79557813733334,43.32794917817141
Grassland,Eastern Africa,Tropical,Wet,Sandy,496,809.1056889343623,1.6312614696257304,-0.06361116299999958,-106.74218820943335,116.33862644496189,-39.64455780119998,43.701971775104774
Grassland,Western Africa,Tropical,Wet,Sandy,496,807.6034240191667,1.6282327097160618,0.0,-107.1761464803333,115.27036278696188,-40.03073750023335,43.57483349326529
Grassland,Caribbean,Tropical,Wet,Sandy,496,803.4932648813867,1.6199460985511829,-0.15667193849999927,-107.31241123973331,114.7214273542333,-39.883318430999985,43.701971775104774
Grassland,Northern Africa,Tropical,Wet,Sandy,496,802.1752732524969,1.617288857363905,0.06361116300000003,-107.3108293748333,115.04283099721087,-39.883318430999985,43.4843452182857
Grassland,Central America,Cool Temperate,Moist,Sandy,496,780.271085861872,1.5731271892376453,0.024623675999999595,-108.11563877840003,115.42744346846433,-42.6376212768,46.05006385885713
Grassland,North America,Cool Temperate,Moist,Sandy,496,778.6034622938638,1.569765044947306,0.0,-108.16750483880001,115.94768078030611,-42.44229516119998,45.79841328587755
Grassland,Central Asia,Cool Temperate,Moist,Sandy,496,778.5806986175647,1.5697191504386385,-0.024623676000000483,-108.01190665760002,115.94768078030611,-42.597893342399985,46.05006385885713
Grassland,Caribbean,Cool Temperate,Moist,Sandy,496,777.5077836207009,1.5675560153643164,-0.024623675999999595,-108.35873135120002,115.42744346846433,-42.58547293439998,45.51455717159998
Grassland,Western Asia,Cool Temperate,Moist,Sandy,496,775.5597309539272,1.563628489826466,-0.024623675999999595,-108.29759341280003,116.07510614896431,-42.6376212768,46.0604379355102
Grassland,South-Eastern Asia,Cool Temperate,Moist,Sandy,496,772.4038646258778,1.55726585610056,0.0,-108.54214516640002,116.40138450380002,-42.6376212768,46.044375450857125
Grassland,Southern Asia,Cool Temperate,Moist,Sandy,496,772.3751792515977,1.5572080226846727,0.024623675999999595,-108.180159758,116.00909297255538,-42.61462180799998,46.05006385885713
Grassland,Eastern Africa,Cool Temperate,Moist,Sandy,496,770.6751553135587,1.5537805550676587,0.024623675999999595,-108.35873135120002,116.17301200932651,-42.49416122159998,45.51455717159998
Grassland,Eastern Asia,Cool Temperate,Moist,Sandy,496,766.8062342472556,1.5459803109823702,-0.03602352600000014,-108.41986928960003,116.17301200932651,-42.6376212768,45.5538320028
Grassland,Northern Africa,Cool Temperate,Moist,Sandy,496,766.6517679709891,1.5456688870382844,0.04924735200000008,-108.48100722799998,115.97887349180002,-42.61462180799998,46.00879245599999
Grassland,Central Africa,Cool Temperate,Moist,Sandy,496,764.6302879417838,1.5415933224632736,-0.024623675999999595,-108.07647540799998,115.97887349180002,-42.61462180799998,45.798413285877544
Grassland,Europe,Cool Temperate,Moist,Sandy,496,764.3858346875983,1.5411004731604805,-0.024623675999999595,-108.07647540799998,116.15654444900001,-42.649759402799994,45.54909695489998
Grassland,South America,Cool Temperate,Moist,Sandy,496,763.4703672447965,1.5392547726709607,0.0,-108.044425544,115.79151349375896,-42.48117624959998,45.54909695489999
Grassland,Oceania,Cool Temperate,Moist,Sandy,496,763.1760050236514,1.5386613004509102,-0.024623675999999595,-108.18015975800002,116.17301200932651,-42.49416122159998,45.73915230719999
Grassland,Western Africa,Cool Temperate,Moist,Sandy,496,762.6470750178825,1.5375949093102468,0.024623676000000483,-108.60328310480001,116.15654444900001,-42.58604618399998,45.8076345910857
Grassland,Southern Africa,Cool Temperate,Moist,Sandy,496,760.2827209009414,1.532828066332543,0.0,-108.35873135120002,115.63152210947861,-42.58547293439998,46.06002872114285
Grassland,Southern Asia,Tropical Montane,Dry,Sandy,496,758.9192327945867,1.530079098376183,0.0,-114.38458158893339,122.30148389543339,-47.28690450403329,50.846364708857095
Grassland,Europe,Tropical Montane,Dry,Sandy,496,757.0343535232473,1.526278938554934,-0.023597689499999852,-114.73089745113339,122.30148389543339,-47.42438705693331,50.58516252491423
Grassland,South America,Tropical Montane,Dry,Sandy,496,754.4139230142474,1.5209958125287246,-0.023597689499999852,-114.32216216263339,122.21308386351434,-47.436019427683306,50.86023719670066
Grassland,Western Africa,Tropical Montane,Dry,Sandy,496,753.9785486970164,1.5201180417278557,-0.023597689499999852,-114.2840687495834,122.08209882071095,-47.40234589933329,50.846364708857095
Grassland,Central Asia,Tropical Montane,Dry,Sandy,496,753.7841730239461,1.519726155290214,0.047195378999999926,-114.33460609413338,122.08209882071095,-47.374411562133304,50.86023719670066
Grassland,Southern Africa,Tropical Montane,Dry,Sandy,496,749.7769795390346,1.5116471361674086,0.023597689499999852,-114.20672076733338,121.99020327685719,-47.47436255173331,50.31986300403329
Grassland,Eastern Africa,Tropical Montane,Dry,Sandy,496,749.6486541711135,1.5113884156675677,-0.03452254575000002,-114.49653535393337,122.30148389543339,-47.3749609263333,50.861858621619014
Grassland,Northern Africa,Tropical Montane,Dry,Sandy,496,748.631053070659,1.5093368005456835,0.023597689499999852,-114.38458158893339,122.06840854633339,-47.47488694483331,50.60927074070473
Grassland,South-Eastern Asia,Tropical Montane,Dry,Sandy,496,748.0058385983515,1.5080762874966764,0.023597689499999852,-114.2846305993334,120.98765390407146,-47.40234589933329,50.60310504692515
Grassland,Caribbean,Tropical Montane,Dry,Sandy,496,746.6577729852931,1.5053584132768008,0.0,-114.49653535393337,122.06840854633339,-47.3749609263333,50.5483770777333
Grassland,Central America,Tropical Montane,Dry,Sandy,496,746.4778851323973,1.504995736154027,0.023597689499999852,-114.61371640253331,121.06412536808338,-47.324997917083316,50.34022233572617
Grassland,Central Africa,Tropical,Dry,Volcanic,496,746.193827720021,1.5044230397581069,-0.047195378999999926,-112.11051492226666,119.3908547340143,-47.163866196149996,50.767936673142856
Grassland,Eastern Asia,Tropical Montane,Dry,Sandy,496,744.674962555226,1.5013608116032782,0.0,-114.55512587823338,121.25366205718339,-47.3863144531333,50.34022233572617
Grassland,South-Eastern Asia,Tropical Montane,Dry,High Activity Clay,496,743.7920036997235,1.4995806526204103,0.047195378999999926,-112.21733380385001,119.62937285616437,-46.47105372360001,49.59372857701429
Grassland,Oceania,Tropical Montane,Dry,Sandy,496,743.1887892206959,1.4983644943965642,0.05270150655000028,-114.78948797543339,122.21308386351434,-47.47436255173331,50.5483770777333
Grassland,Central Asia,Tropical,Dry,Volcanic,496,741.751010815085,1.4954657476110584,0.058382431800000356,-112.09780047051666,119.47003467226666,-47.301078228799994,50.53115211272856
Grassland,North America,Tropical Montane,Dry,Sandy,496,741.5705806574637,1.4951019771319831,0.0,-114.6723069268334,121.06412536808338,-47.3863144531333,50.86023719670066
Grassland,Central Africa,Tropical Montane,Dry,Sandy,496,741.3229042405993,1.4946026295173374,0.0,-114.2846305993334,122.08209882071095,-47.40234589933329,50.5483770777333
Grassland,Western Asia,Tropical Montane,Dry,Sandy,496,740.8509662914382,1.4936511417166094,0.0,-114.37186713718339,121.89657750893338,-47.35515052033331,50.60310504692515
Grassland,Southern Asia,Tropical Montane,Dry,High Activity Clay,496,740.6911719671209,1.493328975740163,-0.05270150655000028,-112.18007276080004,119.59758271560001,-46.449012565999986,49.793062186999975
Grassland,Eastern Africa,Tropical,Dry,Volcanic,496,740.2221782389065,1.4923834238687632,0.0,-112.11051492226666,119.3908547340143,-47.362686094349996,50.272075651049995
Grassland,Northern Africa,Tropical Montane,Dry,High Activity Clay,496,740.0863252029443,1.4921095266188393,-0.047195378999999926,-112.51777359350004,119.3973931619184,-46.432981119800004,49.59303653312381
Grassland,Eastern Asia,Tropical Montane,Dry,High Activity Clay,496,739.7087631049193,1.4913483127115308,0.023597689499999852,-112.51777359350004,119.25040383509528,-46.37166458375,49.826800244571416
Grassland,Europe,Tropical,Dry,Volcanic,496,739.6396511061943,1.4912089740044239,-0.047195378999999926,-112.45683078446669,119.32906489807462,-47.3510537236,50.52244618268571
Grassland,Northern Africa,Tropical,Dry,Volcanic,496,739.0589074935411,1.4900381199466555,0.0,-111.96003907366669,119.87494105876667,-47.25166458375002,50.767936673142856
Grassland,Southern Asia,Tropical,Dry,Volcanic,496,738.9496860970673,1.489817915518281,0.047195378999999926,-112.09780047051666,119.26995416225851,-47.4123910689,50.506931703485705
Grassland,Central Africa,Tropical Montane,Dry,High Activity Clay,496,738.5246541734083,1.4889609963173553,-0.023597689499999852,-112.12953541625004,119.7850694894184,-46.100607455100004,49.53112274439997
Grassland,South America,Tropical,Dry,Volcanic,496,738.2714583347175,1.488450520836124,0.047195378999999926,-112.39824026016667,119.55814988935715,-47.362686094349996,50.47012674439999
Grassland,Caribbean,Tropical,Dry,Volcanic,496,738.0072427044811,1.487917828033228,0.0,-112.45683078446667,119.50203949256311,-47.30162759299999,50.77708084585714
Grassland,Western Asia,Tropical Montane,Dry,High Activity Clay,496,737.595646825915,1.487087997632893,0.0,-112.23004825560001,119.91466232994291,-46.27115174439997,49.53112274439997
Grassland,Central America,Tropical,Dry,Volcanic,496,737.2859689629593,1.4864636471027404,-0.05270150655000028,-112.51542130876666,119.87494105876667,-47.42340332399999,50.77708084585714
Grassland,Oceania,Tropical,Dry,Volcanic,496,736.8892978531962,1.4856639069620892,0.03452254575000002,-112.51542130876666,119.87494105876667,-47.35159060225,50.506931703485705
Grassland,South-Eastern Asia,Tropical,Dry,Volcanic,496,736.5538723637782,1.484987645894714,0.0,-112.51542130876666,118.78209054648096,-47.329012565999996,50.506931703485705
Grassland,Southern Africa,Tropical Montane,Dry,High Activity Clay,496,736.4570214760412,1.4847923820081474,0.023597689500000074,-112.63495464210001,119.59758271560001,-46.421078228800006,49.59303653312381
Grassland,Central America,Tropical Montane,Dry,High Activity Clay,496,736.2305552021957,1.4843357967786204,-0.05270150655000028,-112.23004825560001,119.45627369442386,-46.33357117069998,49.593728577014296
Grassland,Caribbean,Tropical Montane,Dry,High Activity Clay,496,735.9280786570754,1.483725965034426,-0.047195378999999926,-112.63495464210001,119.5649307386735,-46.32112723919998,49.53112274439997
Grassland,Central Asia,Tropical Montane,Dry,High Activity Clay,496,734.9455069068902,1.4817449736026012,-0.047195378999999926,-112.51777359350004,119.5183709729429,-46.432981119800004,49.3411076939
Grassland,Southern Africa,Tropical,Dry,Volcanic,496,734.1936394149479,1.4802291117236854,0.0,-111.97984947966665,118.76345146471668,-47.4015536115,50.242043045699994
Grassland,North America,Tropical Montane,Dry,High Activity Clay,496,733.730460434232,1.4792952831335322,0.0,-112.45918306920007,119.91466232994291,-46.421078228800006,49.83829894109524
Grassland,Western Asia,Tropical,Dry,Volcanic,496,733.4596720303913,1.4787493387709503,0.0,-112.28105921156669,119.12297819456312,-47.35159060225,50.73444218699999
Grassland,Western Africa,Tropical Montane,Dry,High Activity Clay,496,733.3659900930619,1.4785604638973022,0.023597689499999852,-112.63495464210001,119.45627369442386,-46.496207944999995,49.586954325542855
Grassland,Europe,Tropical Montane,Dry,High Activity Clay,496,733.1193699289753,1.4780632458245468,-0.047195378999999926,-112.63495464210001,119.68598758757147,-46.32112723919998,49.34275759435001
Grassland,Western Africa,Tropical,Dry,Volcanic,496,732.1105877364324,1.4760294107589362,0.0,-112.39824026016667,119.12288595969842,-47.281817186999994,50.78354729721428
Grassland,Eastern Africa,Tropical Montane,Dry,High Activity Clay,496,731.9185889940289,1.4756423165202197,0.00550612755000035,-112.51777359350004,119.45627369442386,-46.471590602250004,49.793062186999975
Grassland,Eastern Asia,Tropical,Dry,Volcanic,496,731.479643076557,1.4747573449124132,-0.058382431800000356,-111.86011305516668,118.95861862957462,-47.31298111979999,50.27452359435001
Grassland,North America,Tropical,Dry,Volcanic,496,731.3767528759474,1.4745499049918296,0.023597689499999852,-112.51542130876666,119.26995416225851,-47.329012565999996,50.52244618268571
Grassland,South America,Tropical Montane,Dry,High Activity Clay,496,731.0054810108378,1.4738013730057213,-0.058120235249999874,-112.45918306920008,119.7850694894184,-46.371102734,49.83829894109524
Grassland,Oceania,Tropical Montane,Dry,High Activity Clay,496,729.372048961295,1.4705081632284174,0.0,-112.40059254490005,119.7850694894184,-46.521553611499996,49.82717926057143
Grassland,Caribbean,Tropical,Moist,High Activity Clay,496,663.5593486408131,1.3378212674209942,0.0,-94.60073932393337,101.30488207437418,-35.05833800333333,37.427229376952376
Grassland,Eastern Asia,Tropical,Moist,High Activity Clay,496,662.7435512262135,1.3361765145689788,-0.12722232600000005,-94.00474648033334,100.45697215829524,-34.96080088673333,37.291788075629256
Grassland,Southern Asia,Tropical,Moist,High Activity Clay,496,661.8704967088811,1.334416324009841,0.014607007799998684,-94.14101123973336,100.37199662338097,-35.31278265533333,37.291788075629256
Grassland,South-Eastern Asia,Tropical,Moist,High Activity Clay,496,659.021696191029,1.3286727745786875,0.0,-94.13942937483336,101.30488207437418,-34.67667102533333,37.427229376952376
Grassland,Northern Africa,Tropical,Moist,High Activity Clay,496,655.7766247701608,1.3221302918753242,0.15667193849999927,-94.00474648033334,101.70887540073336,-35.260861586133345,38.91997802073333
Grassland,Oceania,Tropical,Moist,High Activity Clay,496,655.4675526264903,1.3215071625534078,0.06361116300000003,-93.83876285483336,100.5336783761619,-34.803893351333336,37.68518945043809
Grassland,Eastern Africa,Tropical,Moist,High Activity Clay,496,652.3387185974838,1.3151990294304108,0.0,-94.44279964973333,101.30488207437418,-35.12469779683333,37.61271750023332
Grassland,Western Asia,Tropical,Moist,High Activity Clay,496,651.1588894496092,1.3128203416322766,4.440892098500626e-16,-93.73538069133338,100.45697215829524,-35.39557813733333,37.1141205222857
Grassland,Central Africa,Tropical,Moist,High Activity Clay,496,651.1439784958037,1.3127902792254107,-0.1420649307000006,-94.60073932393337,101.52523581629524,-34.931115677333345,37.19804916191747
Grassland,Central America,Tropical,Moist,High Activity Clay,496,650.3205986635304,1.3111302392409887,-0.1420649307000006,-94.60073932393337,100.80298432806035,-34.96080088673333,37.31777714054762
Grassland,Western Africa,Tropical,Moist,High Activity Clay,496,645.2229332172307,1.300852687937965,0.0,-93.97275017753334,100.45697215829524,-35.18556032933332,37.61271750023332
Grassland,Central Asia,Tropical,Moist,High Activity Clay,496,643.5315210476499,1.2974425827573586,-0.06361116299999958,-94.14101123973336,100.80298432806035,-34.99142848373334,36.95922985926984
Grassland,Europe,Tropical,Moist,High Activity Clay,496,642.2581654503851,1.2948753335693248,-0.06361116299999958,-94.13942937483336,101.06158198402623,-35.05833800333333,37.427229376952376
Grassland,North America,Tropical,Moist,High Activity Clay,496,641.6170687462379,1.2935827998916087,0.07845376770000101,-94.13942937483336,99.9638268371548,-34.67667102533333,38.00150107830476
Grassland,Southern Africa,Tropical Montane,Dry,Low Activity Clay,496,639.8404286270197,1.2900008641673784,0.0,-97.37744973586669,103.55647776257146,-39.69776940066665,42.68984899457141
Grassland,North America,Tropical Montane,Dry,Low Activity Clay,496,639.3718786355739,1.2890562069265603,0.0,-97.37744973586669,103.9095255487667,-39.610532862816655,42.65426385366665
Grassland,Central America,Tropical Montane,Dry,Low Activity Clay,496,639.2616443940872,1.2888339604719499,0.0,-97.43604026016675,102.87639024540957,-39.74774489546667,42.484933431180956
Grassland,Eastern Africa,Tropical Montane,Dry,Low Activity Clay,496,638.5009185823443,1.287300239077307,0.0,-97.31885921156669,103.9095255487667,-39.64779390586665,42.44915709634284
Grassland,Central Africa,Tropical Montane,Dry,Low Activity Clay,496,637.4742649312154,1.2852303728451924,0.023597689499999852,-97.43604026016675,103.70586417037083,-39.79825726891665,42.44915709634284
Grassland,South America,Tropical Montane,Dry,Low Activity Clay,496,637.4167051672545,1.2851143249339807,0.0,-97.0983394274667,103.23822148440956,-39.70994281191665,42.484933431180956
Grassland,South-Eastern Asia,Tropical Montane,Dry,Low Activity Clay,496,637.4119165314203,1.2851046704262505,0.058382431800000356,-97.37744973586669,103.56349582658099,-39.809352761016655,42.484933431180956
Grassland,Europe,Tropical Montane,Dry,Low Activity Clay,496,636.9345400757717,1.284142217894701,0.023597689499999852,-97.37744973586669,103.50461916226669,-39.847695885066656,42.27686542768332
Grassland,Western Africa,Tropical Montane,Dry,Low Activity Clay,496,636.8351220325637,1.283941778291459,0.00550612755000035,-97.43604026016675,103.8257115949429,-39.847695885066656,42.41034241106665
Grassland,Western Asia,Tropical Montane,Dry,Low Activity Clay,496,636.4204476050219,1.283105741139157,0.0,-97.5532213087667,103.56349582658099,-39.72848385366665,42.65426385366665
Grassland,Southern Asia,Tropical Montane,Dry,Low Activity Clay,496,635.904954553909,1.282066440632881,0.0,-97.43604026016675,103.62991227966668,-39.79825726891665,42.71608717723808
Grassland,Eastern Asia,Tropical Montane,Dry,Low Activity Clay,496,635.8500052636699,1.281955655773528,-0.023597689500000074,-97.14831492226669,103.40611353664606,-39.84822027816666,42.484933431180956
Grassland,Caribbean,Tropical Montane,Dry,Low Activity Clay,496,635.3724386117296,1.280992819781713,0.0,-97.01764947966669,103.70586417037083,-39.775679232666654,42.484933431180956
Grassland,Oceania,Tropical Montane,Dry,Low Activity Clay,496,635.1244609366995,1.2804928647917329,0.0,-97.5532213087667,103.8257115949429,-39.70994281191665,42.41034241106665
Grassland,Central Asia,Tropical Montane,Dry,Low Activity Clay,496,633.4787699627783,1.2771749394410852,0.0,-97.5532213087667,103.50461916226669,-39.72848385366665,42.484933431180956
Grassland,Southern Africa,Tropical,Moist,High Activity Clay,496,632.5969935991156,1.275397164514346,0.06361116300000003,-93.70477553213337,100.25984153937418,-34.80389335133333,36.95922985926984
Grassland,Northern Africa,Tropical Montane,Dry,Low Activity Clay,496,632.1558030428544,1.2745076674251097,0.0,-97.3774497358667,103.31818784287083,-39.82287461166665,42.708848081054406
Grassland,South America,Tropical,Moist,High Activity Clay,496,631.3878149630965,1.2729593043610816,-0.06361116299999958,-95.23249802073336,100.52595375533335,-35.05833800333333,37.1141205222857
Grassland,Caribbean,Tropical,Moist,Low Activity Clay,496,630.3747593995434,1.2709168536281117,4.440892098500626e-16,-90.52615200566669,95.4571047994218,-33.79271402466668,35.84847925790478
Grassland,South America,Tropical,Moist,Low Activity Clay,496,629.8758394517347,1.2699109666365618,0.0,-89.21023113016669,95.19632110074168,-33.210004358666694,35.882532016047634
Grassland,Eastern Asia,Tropical,Moist,Low Activity Clay,496,624.5316991242846,1.2591364901699287,0.06361116300000047,-90.6840916798667,95.54996170260546,-33.65803113016669,35.431303876100024
Grassland,South-Eastern Asia,Tropical,Moist,Low Activity Clay,496,621.839246422858,1.2537081581106007,-0.1420649307000006,-90.05233298306665,95.35267510706669,-33.79419491946668,36.1107780456762
Grassland,Central America,Tropical,Moist,Low Activity Clay,496,620.9673972773812,1.2519503977366557,-0.09306077549999925,-90.21027265726669,95.54996170260546,-33.33722668466669,35.905492760866686
Grassland,Northern Africa,Tropical,Moist,Low Activity Clay,496,620.2033249329247,1.2504099293002515,4.440892098500626e-16,-89.21167836826669,96.99458986506667,-33.762108865466686,36.43309934020956
Grassland,Central Asia,Tropical,Moist,Low Activity Clay,496,620.149298595874,1.250301005233617,-0.06361116299999958,-90.52615200566669,95.64600814201192,-33.59167133666669,36.25365057306669
Grassland,North America,Tropical,Moist,Low Activity Clay,496,618.9842138928044,1.2479520441387186,0.15667193849999927,-89.61427981366668,96.99458986506667,-33.523348235666695,35.70065194891159
Grassland,Western Asia,Tropical,Moist,Low Activity Clay,496,617.7615475150832,1.245486990957829,0.0,-90.52615200566669,96.35597016806489,-33.4941342200667,35.73023518447281
Grassland,Europe,Tropical,Moist,Low Activity Clay,496,616.3827220153489,1.242707100837397,-0.06361116300000003,-90.84203135406668,95.24552461249701,-33.33722668466669,36.43309934020956
Grassland,Southern Asia,Tropical,Moist,Low Activity Clay,496,613.8502804710021,1.2376013719173429,0.0,-90.21027265726669,95.54996170260546,-33.62812154276669,35.84847925790478
Grassland,Eastern Africa,Tropical,Moist,Low Activity Clay,496,613.4253692944153,1.2367446961580955,0.06361116300000047,-89.75054457306668,96.99458986506667,-33.210004358666694,36.02446770816669
Grassland,Southern Africa,Tropical,Moist,Low Activity Clay,496,606.1022084293625,1.2219802589301663,0.0,-89.48111147066669,95.64600814201192,-33.84611598866669,35.45772817420956
Grassland,Oceania,Tropical,Moist,Low Activity Clay,496,605.3168573850626,1.220396889889239,0.0,-89.34639491946666,95.7439716181405,-33.658031130166684,35.545249278523826
Grassland,Western Africa,Tropical,Moist,Low Activity Clay,496,604.5393272149612,1.218829288739841,-0.06361116300000003,-90.21027265726669,96.10240541118732,-33.71889366266668,35.57146264073812
Grassland,Central Africa,Tropical,Moist,Low Activity Clay,496,604.0711286516593,1.2178853400235066,0.0,-89.44829618816668,96.35597016806489,-33.464449010666684,36.816265492180975
Grassland,Eastern Asia,Cool Temperate,Dry,High Activity Clay,496,594.0021375532167,1.1975849547443884,-0.03488354100000002,-90.76961728633329,96.73104616725878,-36.29698470309998,38.68042423906119
Grassland,Central Asia,Cool Temperate,Dry,High Activity Clay,496,592.6206755233886,1.19479974903909,0.0,-91.13681115953334,96.84774129568025,-36.21511604699998,38.68392203091427
Grassland,South America,Cool Temperate,Dry,High Activity Clay,496,592.3132842817154,1.1941800086324907,0.017441770499999953,-91.18011719923334,96.94254738064285,-36.20047357299998,38.857127706571404
Grassland,Northern Africa,Cool Temperate,Dry,High Activity Clay,496,591.7992678281585,1.1931436851374162,0.05232531149999997,-90.88083856573333,97.15727156923333,-36.22350778419998,38.68392203091427
Grassland,Oceania,Cool Temperate,Dry,High Activity Clay,496,590.2551667156523,1.1900305780557505,0.017441770499999953,-91.13681115953334,96.84774129568025,-36.10432850474998,38.87376758885712
Grassland,Central America,Cool Temperate,Dry,High Activity Clay,496,590.2142618906989,1.1899481086506027,0.017441770499999953,-91.09350511983331,97.00210491033334,-36.20047357299998,38.68392203091427
Grassland,Western Asia,Cool Temperate,Dry,High Activity Clay,496,589.2026891475477,1.1879086474748946,-0.03895328745000004,-90.88040482858334,96.34715617248334,-36.18676932474997,38.48557115919998
Grassland,Southern Asia,Cool Temperate,Dry,High Activity Clay,496,589.1777741991674,1.1878584157241279,0.017441770499999953,-90.96358700073337,97.09024666298572,-36.21470999519998,38.43761440584998
Grassland,Caribbean,Cool Temperate,Dry,High Activity Clay,496,589.1651714381317,1.1878330069317171,-0.04295843475000016,-90.88083856573333,96.86725110093687,-36.141257685499966,38.873671267244866
Grassland,Southern Africa,Cool Temperate,Dry,High Activity Clay,496,588.3158274458214,1.1861206198504464,0.043152232199999974,-91.18011719923334,96.58495837251908,-36.20047357299998,38.68392203091427
Grassland,Eastern Africa,Cool Temperate,Dry,High Activity Clay,496,588.2679011850184,1.186023994324634,0.0,-90.88040482858334,96.73090486367258,-36.25204522774999,38.465129365299966
Grassland,North America,Cool Temperate,Dry,High Activity Clay,496,588.0299005240684,1.185544154282396,0.03895328745000004,-90.84390015653334,97.09024666298572,-36.20047357299998,38.40374628891427
Grassland,South-Eastern Asia,Cool Temperate,Dry,High Activity Clay,496,587.8025847593732,1.185085856369704,0.0,-91.0501990801333,97.15727156923333,-36.15003086529997,38.68392203091427
Grassland,Europe,Cool Temperate,Dry,High Activity Clay,496,587.8003058504564,1.185081261795275,-0.017441770499999953,-90.88040482858334,96.98933766167006,-36.17777158599997,38.64106676759998
Grassland,Central Africa,Cool Temperate,Dry,High Activity Clay,496,586.1689210973922,1.1817921796318391,0.017441770499999953,-90.69575892483337,97.09024666298572,-36.178186866249966,38.857127706571404
Grassland,Western Africa,Cool Temperate,Dry,High Activity Clay,496,582.2368510740218,1.1738646191008504,-0.017441770499999953,-91.0501990801333,96.98933766167006,-36.29698470309998,38.864223542571395
Grassland,Central Africa,Warm Temperate,Moist,Sandy,496,550.2917230512091,1.109459119054857,0.027701635499999933,-77.79668831219999,82.86189344038573,-28.99593137429999,31.37262906548572
Grassland,Northern Africa,Warm Temperate,Moist,Sandy,496,549.0449468953935,1.1069454574503903,-0.027701635499999933,-77.21349804299999,82.89468576840001,-29.15732393640001,31.344758655795935
Grassland,Caribbean,Warm Temperate,Moist,Sandy,496,548.2477725767933,1.1053382511628898,0.0,-77.8654684929,83.27938705491428,-29.242256076000007,31.506694263
Grassland,Central America,Warm Temperate,Moist,Sandy,496,545.9181292261267,1.1006413895688039,0.027701635499999933,-77.72790813150003,82.86189344038573,-29.216606413499992,31.506694263
Grassland,North America,Warm Temperate,Moist,Sandy,496,545.1003474455114,1.0989926359788535,0.055403270999999865,-77.72790813150003,83.01622702112141,-29.17097932815001,31.552452105428557
Grassland,Eastern Asia,Warm Temperate,Moist,Sandy,496,543.9653601979875,1.096704355237878,-0.055403270999999865,-77.38945472775,83.15755856537758,-29.156654727749988,31.242454046099994
Grassland,South-Eastern Asia,Warm Temperate,Moist,Sandy,496,543.9229922243576,1.0966189359362049,-0.027701635499999933,-77.52156758940002,82.77424127051025,-29.17097932815001,31.607797433142863
Grassland,Europe,Warm Temperate,Moist,Sandy,496,542.7639950758984,1.094282248136892,-0.027701635499999933,-77.38945472775,82.89468576840001,-29.17097932815001,31.394980393542873
Grassland,Oceania,Warm Temperate,Moist,Sandy,496,542.4330857132952,1.0936150921639016,-0.055403270999999865,-77.33080249949998,82.34509362985716,-29.040649728750015,31.127975574299988
Grassland,South America,Warm Temperate,Moist,Sandy,496,541.0876964558047,1.090902613822187,-0.055403270999999865,-77.27280983400003,83.15755856537758,-29.353062617999992,31.37262906548573
Grassland,Southern Africa,Warm Temperate,Moist,Sandy,496,540.9479867160511,1.0906209409597805,-0.061866985949999176,-77.39014360440001,82.86189344038573,-29.15732393640001,31.584430764183683
Grassland,Central Asia,Warm Temperate,Moist,Sandy,496,540.5801248734742,1.0898792840191012,-0.027701635499999933,-77.27215027125003,83.01622702112141,-29.242256076000007,31.506694263
Grassland,Western Africa,Warm Temperate,Moist,Sandy,496,540.0784013438786,1.0888677446449164,0.027701635499999933,-77.31686862569998,82.70246026787758,-29.17097932815001,31.506694263
Grassland,Southern Asia,Warm Temperate,Moist,Sandy,496,538.5726922756492,1.0858320408783249,0.027701635499999933,-77.21414294879999,82.77424127051025,-29.112630010200007,31.121458278428577
Grassland,Eastern Africa,Warm Temperate,Moist,Sandy,496,536.6842741486682,1.0820247462674764,0.0,-77.72790813150003,82.34509362985716,-28.99593137429999,31.195832560200007
Grassland,Western Asia,Warm Temperate,Moist,Sandy,496,535.4332375953113,1.0795024951518373,-0.027701635499999933,-77.38945472775,82.77424127051025,-29.17097932815001,31.607797433142863
Grassland,Caribbean,Cool Temperate,Dry,Low Activity Clay,496,461.4779772735589,0.9303991477289494,0.0,-70.23225366740003,74.5463293713286,-27.43535711399999,29.476408660285696
Grassland,Central Asia,Cool Temperate,Dry,Low Activity Clay,496,454.858833969232,0.9170541007444194,-0.017441770500000064,-70.038283953,74.77094168421434,-27.37818686624999,29.31636211868571
Grassland,South America,Cool Temperate,Dry,Low Activity Clay,496,453.90761492415413,0.9151363204116011,0.03895328745000004,-70.07521313375001,74.69007107459184,-27.41470999519998,29.31636211868571
Grassland,Western Asia,Cool Temperate,Dry,Low Activity Clay,496,453.10585596634184,0.9135198708998827,-0.017441770500000064,-70.27555970710002,74.77094168421434,-27.43535711399999,29.110263799178565
Grassland,Northern Africa,Cool Temperate,Dry,Low Activity Clay,496,453.09566759373047,0.9134993298260695,0.017441770500000064,-70.14950523240002,74.34240068915003,-27.460246243649994,29.28023846251428
Grassland,Eastern Africa,Cool Temperate,Dry,Low Activity Clay,496,452.9333442993692,0.913172065119696,0.0,-70.14907149525003,74.21174971453573,-27.31329240584999,29.168524243649994
Grassland,Central Africa,Cool Temperate,Dry,Low Activity Clay,496,452.13079954176203,0.9115540313341977,-0.03488354100000002,-70.00175159560001,74.66851443233813,-27.37777158599999,29.452859256857135
Grassland,Southern Asia,Tropical,Moist,Sandy,496,451.7509065999762,0.9107881181451133,0.28115023943061357,-66.53652501320002,70.24922136838572,-23.066533683600007,25.16169359920407
Grassland,South-Eastern Asia,Cool Temperate,Dry,Low Activity Clay,496,451.5019773679764,0.9102862446935008,0.0,-70.23225366740003,74.82476107700003,-27.41511604699998,29.117418337071417
Grassland,Southern Africa,Cool Temperate,Dry,Low Activity Clay,496,451.1996695297968,0.9096767530842677,-0.02551666425000021,-70.11214231450003,74.77094168421434,-27.38676932474999,29.17458920309999
Grassland,Southern Asia,Cool Temperate,Dry,Low Activity Clay,496,451.12907475959213,0.9095344249185325,0.03488354100000002,-70.44878386590003,74.77094168421434,-27.488586813599987,29.25102676759999
Grassland,Central America,Cool Temperate,Dry,Low Activity Clay,496,450.53287598529323,0.9083324112606719,0.017441770500000064,-70.14950523240002,74.88688048139797,-27.43535711399999,29.126734365299992
Grassland,Europe,Cool Temperate,Dry,Low Activity Clay,496,450.3642620967822,0.9079924639048029,-0.017441770499999953,-70.05292642700003,74.50293923006787,-27.488586813599987,29.29841199416326
Grassland,North America,Cool Temperate,Dry,Low Activity Clay,496,449.66586185457516,0.9065843989003531,0.017441770499999953,-70.11256682320004,74.17510419039289,-27.31329240584999,29.46822228765305
Grassland,Eastern Asia,Tropical,Moist,Sandy,496,449.000948682162,0.9052438481495202,0.8973393852500013,-65.43471684420003,69.97453263790003,-22.77989400940001,25.757560191824997
Grassland,Oceania,Tropical,Moist,Sandy,496,448.80792655458976,0.9048546906342535,0.773482294337497,-65.46826135520003,69.48202318301023,-23.46346631639998,24.744565087284823
Grassland,Eastern Asia,Cool Temperate,Dry,Low Activity Clay,496,448.36322822336524,0.9039581214180751,0.0,-70.31886574680001,74.36630559521431,-27.37777158599999,29.30968667377141
Grassland,Western Africa,Cool Temperate,Dry,Low Activity Clay,496,448.0096755347893,0.9032453135782043,-0.03895328745000004,-70.14907149525003,74.50293923006787,-27.43535711399999,29.319818099314272
Grassland,Central Africa,Tropical,Moist,Sandy,496,445.4744510169158,0.8981339738244271,0.8977703200714302,-66.06270599060001,69.33874312150895,-23.160096041499976,25.798475655183694
Grassland,Western Asia,Tropical,Moist,Sandy,496,444.663277851624,0.8964985440556935,-0.08899957891786037,-65.19882825279998,70.01610945673929,-23.026961355199987,24.882503098592853
Grassland,Oceania,Cool Temperate,Dry,Low Activity Clay,496,444.54513218151664,0.8962603471401545,0.0,-70.31886574680001,74.60033710889796,-27.34125768549999,29.126734365299992
Grassland,Eastern Africa,Tropical,Moist,Sandy,496,441.17551876922363,0.8894667717121444,-0.3212529161285693,-65.46671314700002,69.79833981450001,-23.509055196000002,25.27195464584999
Grassland,Central America,Tropical,Moist,Sandy,496,435.93897896668585,0.8789092317876731,-0.19325120716785982,-66.69446468740003,69.82246864728931,-22.99341684419999,25.30769803286608
Grassland,South-Eastern Asia,Tropical,Moist,Sandy,496,435.8340538336144,0.8786976891806743,0.9767401571714309,-65.33354480400003,70.8907323052893,-23.273895833099992,25.49446133739998
Grassland,Caribbean,Tropical,Moist,Sandy,496,435.3855438161734,0.8777934351132529,0.28115023943061357,-65.33203025250003,70.47510518027767,-23.37433864480001,24.810160983457127
Grassland,Southern Africa,Tropical,Moist,Sandy,496,434.2696158964,0.8755435804362903,-0.17880783221938779,-65.33203025250003,69.97453263790003,-22.99341684419999,25.620397181465624
Grassland,Central Asia,Tropical,Moist,Sandy,496,432.591356643975,0.8721599932338207,-0.10392599477857223,-65.9047663164,69.82246864728931,-23.639269747500016,25.512744817607143
Grassland,North America,Tropical,Moist,Sandy,496,430.3029481015059,0.8675462663336811,0.8711924479500022,-66.06270599060001,69.48885243025002,-22.89073025249999,25.560715793418385
Grassland,Europe,Tropical,Moist,Sandy,496,425.2568146575642,0.857372610196702,-0.3732917837785732,-66.53652501320002,70.8907323052893,-22.99341684419999,25.30769803286608
Grassland,South America,Tropical,Moist,Sandy,496,424.30532896735104,0.8554542922728852,-0.4203815957000012,-65.33354480400003,70.47510518027767,-23.273895833099992,25.63734761382144
Grassland,Western Africa,Tropical,Moist,Sandy,496,422.70621256446003,0.8522302672670565,-0.009613165728571849,-65.9047663164,69.48885243025002,-23.46346631639998,25.4093505831
Grassland,Northern Africa,Tropical,Moist,Sandy,496,421.53823894469514,0.8498754817433369,0.5922176385321416,-66.69446468740003,70.24922136838572,-23.536583155800002,24.61537199819388
Grassland,Caribbean,Warm Temperate,Dry,High Activity Clay,496,332.6046073215907,0.6705738050838522,-0.01641578399999999,-51.38033655920003,54.43654971920003,-19.590697455999983,20.861142561599983
Grassland,Europe,Warm Temperate,Dry,High Activity Clay,496,332.1298419878327,0.6696166169109531,0.0,-51.26545212800001,54.88003538465308,-19.520784166399988,20.843663902285705
Grassland,Western Asia,Warm Temperate,Dry,High Activity Clay,496,331.98710313009997,0.6693288369558467,0.03283156799999998,-51.38918139520003,54.43654971920003,-19.609747871999986,20.844534065142845
Grassland,North America,Warm Temperate,Dry,High Activity Clay,496,331.94783853633805,0.6692496744684235,-0.03666191759999993,-51.311181812000015,54.65582909061226,-19.609747871999986,21.050036303999992
Grassland,Central Africa,Warm Temperate,Dry,High Activity Clay,496,331.3908824932844,0.6681267792203314,0.024015684000000093,-51.31965027200002,54.67726355645715,-19.625080851200003,20.968480146742838
Grassland,Oceania,Warm Temperate,Dry,High Activity Clay,496,331.1236854522669,0.6675880755086027,0.01641578399999999,-51.28450254400002,54.67726355645715,-19.56401818799999,21.095656991020398
Grassland,South America,Warm Temperate,Dry,High Activity Clay,496,330.9249321418782,0.6671873631892705,-0.01641578399999999,-51.46706227520002,55.00694156320003,-19.59031528959998,20.88782630879999
Grassland,Southern Africa,Warm Temperate,Dry,High Activity Clay,496,330.5027152325304,0.6663361194204243,0.01641578399999999,-51.31965027200002,54.57725637414288,-19.55594057999999,20.902114604799987
Grassland,South-Eastern Asia,Warm Temperate,Dry,High Activity Clay,496,330.3232582487544,0.665974310985392,0.036661917599999816,-51.38033655920003,54.61034750465308,-19.625080851200003,20.95237911575509
Grassland,Southern Asia,Warm Temperate,Dry,High Activity Clay,496,330.0278177204384,0.6653786647589484,-0.01641578399999999,-51.232620560000015,54.76870889600003,-19.520784166399988,20.84453406514285
Grassland,Northern Africa,Tropical,Dry,Wetland,496,329.31131683771963,0.6639341065276605,-0.023597689499999852,-50.643394768083326,53.64550659747976,-19.6815536115,20.82609879569999
Grassland,Western Africa,Warm Temperate,Dry,High Activity Clay,496,329.00520714503455,0.6633169498891825,0.0,-51.38033655920003,54.88003538465308,-19.609747871999986,20.931260737828556
Grassland,Northern Africa,Warm Temperate,Dry,High Activity Clay,496,328.93773287322995,0.6631809130508668,0.01641578399999999,-51.35401629600001,54.090826820380975,-19.625454332000004,21.119008290285716
Grassland,South America,Tropical,Dry,Wetland,496,328.75305476196917,0.6628085781491314,0.0,-50.594006094133356,53.91564838029685,-19.581078228799992,20.950594443900002
Grassland,Central America,Tropical,Dry,Wetland,496,328.6281908023567,0.662556836295074,0.023597689499999852,-51.048887975433324,53.80137471714763,-19.561817186999995,20.97158304012244
Grassland,Central Asia,Warm Temperate,Dry,High Activity Clay,496,328.43535545415665,0.6621680553511223,0.01641578399999999,-51.38877317200003,54.604571878057165,-19.55594057999999,20.95237911575509
Grassland,Southern Africa,Tropical,Dry,Wetland,496,327.4979180113512,0.6602780605067564,0.0,-50.581562162633354,53.522992093083325,-19.443866196149994,20.935681203485707
Grassland,Western Asia,Tropical,Dry,Wetland,496,326.86848473883316,0.6590090418121636,0.0,-50.64398158893333,53.81934482901431,-19.53110273399999,21.002310737728564
Grassland,Southern Asia,Tropical,Dry,Wetland,496,326.37424598525325,0.6580125927122041,0.0,-50.513316146333324,53.88217027893333,-19.49357117069999,20.89498271354999
Grassland,Central America,Warm Temperate,Dry,High Activity Clay,496,326.3385484947012,0.6579406219651234,-0.01641578399999999,-51.58933815200002,54.65582909061226,-19.598595561599982,21.11900829028572
Grassland,Europe,Tropical,Dry,Wetland,496,326.22215897553605,0.657705965676484,-0.05270150655000028,-50.54346874958334,54.02456789547976,-19.64268609434999,21.080972186999993
Grassland,Western Africa,Tropical,Dry,Wetland,496,326.03292157731386,0.6573244386639392,0.058382431800000356,-50.593431758833354,53.82133891435716,-19.49357117069999,21.054452682685714
Grassland,Oceania,Tropical,Dry,Wetland,496,325.6407079342371,0.6565336853512845,0.023597689499999852,-51.048887975433324,54.125838627853746,-19.6815536115,20.97158304012244
Grassland,Eastern Africa,Tropical,Dry,Wetland,496,325.4826367601775,0.6562149934680999,0.058382431800000356,-50.755935353933346,53.91564838029685,-19.49357117069999,20.935681203485707
Grassland,Central Asia,Tropical,Dry,Wetland,496,324.82132076524084,0.6548816950912114,0.047195378999999926,-50.873116402533334,53.73816230035375,-19.58162759299999,21.029589009314275
Grassland,Eastern Asia,Warm Temperate,Dry,High Activity Clay,496,324.76641746237505,0.6547710029483368,-0.01641578399999999,-51.311181812000015,54.795306235685736,-19.633172935200005,20.90211460479999
Grassland,Caribbean,Tropical,Dry,Wetland,496,323.0139864785532,0.651237875964825,-0.023597689499999852,-50.531857188083336,53.88190169633332,-19.48170157449999,21.00231073772856
Grassland,Central Africa,Tropical,Dry,Wetland,496,322.7090337611673,0.6506230519378373,0.047195378999999926,-50.593431758833354,54.287076665433325,-19.54327614524999,20.90288655792857
Grassland,South-Eastern Asia,Tropical,Dry,Wetland,496,322.5286745195872,0.6502594244346516,-0.023597689499999852,-50.873116402533334,54.125838627853746,-19.6815536115,21.002310737728564
Grassland,Eastern Asia,Tropical,Dry,Wetland,496,320.82074420683404,0.6468160165460364,0.0,-50.593431758833354,54.21563618601431,-19.561817186999995,21.205450845857133
Grassland,Eastern Africa,Warm Temperate,Dry,High Activity Clay,496,320.0302518529962,0.6452222819616859,-0.03666191759999993,-51.35441583360001,54.67726355645715,-19.66775030879999,20.968480146742838
Grassland,North America,Tropical,Dry,Wetland,496,319.236874312967,0.6436227304696915,0.023597689499999852,-50.54403059933334,53.73816230035375,-19.561817186999995,21.154694169489787
Grassland,Caribbean,Tropical,Dry,High Activity Clay,496,317.0548665752841,0.6392235213211374,0.0,-48.560702020600004,51.47750518955001,-18.2706074551,20.063360690999986
Grassland,Oceania,Tropical,Dry,High Activity Clay,496,314.3715143178306,0.6338135369311101,-0.023597689499999852,-48.386328829300005,51.57945493323338,-18.49112723919999,19.947709260049997
Grassland,Northern Africa,Tropical,Dry,High Activity Clay,496,314.11117046489915,0.633288650130845,0.05270150655000028,-48.73647359350003,51.47359566525,-18.619012565999988,19.976019223599998
Grassland,South-Eastern Asia,Tropical,Dry,High Activity Clay,496,313.32475555004316,0.6317031361896032,-0.023597689499999852,-48.560702020600004,51.47750518955001,-18.441738565249995,19.857371423999986
Grassland,Western Asia,Tropical,Dry,High Activity Clay,496,313.0789657597479,0.6312075922575563,0.023597689499999852,-48.7950641178,51.53355083800002,-18.6029811198,19.87956511419999
Grassland,Central Africa,Tropical,Dry,High Activity Clay,496,312.7009816353863,0.6304455274906983,-0.023597689499999852,-48.67788306920002,51.19686797225002,-18.70239106889999,20.021919686999997
Grassland,Southern Asia,Tropical,Dry,High Activity Clay,496,312.01188837413565,0.6290562265607573,0.0,-48.398198425500006,51.3977411624286,-18.65268609435,19.87565784435
Grassland,Eastern Africa,Tropical,Dry,High Activity Clay,496,311.804525715614,0.6286381566847056,-0.023597689499999852,-48.43603380385002,51.30583609318752,-18.5910782288,19.976019223599998
Grassland,Eastern Asia,Tropical,Dry,High Activity Clay,496,311.586897171226,0.6281993894581169,0.0,-48.43603380385002,51.53974655060002,-18.541664583750002,19.87565784435
Grassland,Western Africa,Tropical,Dry,High Activity Clay,496,311.24533943077165,0.6275107649813945,0.023597689499999852,-48.34879726600003,51.19686797225002,-18.666207945000004,19.94770926005
Grassland,South America,Tropical,Dry,High Activity Clay,496,310.9405299856626,0.6268962298098036,0.0,-48.386328829300005,51.209008664733375,-18.69155361149999,20.063360690999986
Grassland,Southern Africa,Tropical,Dry,High Activity Clay,496,309.5737374416567,0.6241405996807595,0.0,-48.7950641178,51.53355083800002,-18.50357117069999,19.91610666257143
Grassland,Europe,Tropical,Dry,High Activity Clay,496,309.3945804831097,0.6237793961353018,0.029103817050000425,-48.386328829300005,51.68608676701252,-18.666207945000004,19.976019223599998
Grassland,Central America,Tropical,Dry,High Activity Clay,496,308.39952544654534,0.6217732367873898,-0.023597689499999852,-48.85365464210002,51.68608676701252,-18.619012565999988,20.063360690999986
Grassland,Central Asia,Tropical,Dry,High Activity Clay,496,305.0408148329173,0.615001642808301,-0.00550612755000035,-48.436033803850016,51.53355083800002,-18.6029811198,19.91610666257143
Grassland,Eastern Africa,Boreal,Moist,Volcanic,496,304.7639420082002,0.6144434314681456,0.0,-43.07915888246667,46.50068823881904,-16.32889508066667,17.48451189906666
Grassland,North America,Tropical,Dry,High Activity Clay,496,304.62304493894493,0.61415936479626,0.023597689499999852,-48.44816143475002,51.47359566525,-18.666207945000004,19.87956511419999
Grassland,Western Asia,Boreal,Moist,Volcanic,496,304.25503997882896,0.6134174193121552,0.017441770500000064,-43.19877189906667,46.23590875147618,-16.201542470666674,17.379313838857126
Grassland,Southern Africa,Boreal,Moist,Volcanic,496,304.1717458922632,0.6132494876860145,0.017441770500000064,-43.28152033406668,46.093554237630954,-16.209681963566666,17.624897234895244
Grassland,Central America,Boreal,Moist,Volcanic,496,303.9711086565882,0.6128449771302182,0.0,-43.15263580136666,46.15757080335239,-16.291550619666673,17.431493093666663
Grassland,South-Eastern Asia,Boreal,Moist,Volcanic,496,303.670837877084,0.612239592494121,0.0255166642500001,-43.18937426081667,46.23590875147618,-16.209681963566666,17.443280870819045
Grassland,South America,Boreal,Moist,Volcanic,496,303.1613048197972,0.6112123081044298,-0.04315223219999986,-43.41143845316667,46.15757080335239,-16.218079853066666,17.431493093666663
Grassland,Eastern Asia,Boreal,Moist,Volcanic,496,303.13942660458486,0.6111681987995662,0.017441770499999953,-43.324826373766676,46.00922708363493,-16.218079853066666,17.404872706571417
Grassland,North America,Boreal,Moist,Volcanic,496,303.1062458317498,0.6111013020801407,-0.03488354100000002,-43.324826373766676,46.42791091643197,-16.23642601166667,17.395917529646262
Grassland,Southern Asia,Boreal,Moist,Volcanic,496,302.19604989062674,0.6092662296181991,0.017441770499999953,-43.19877189906667,46.55612951256667,-16.209681963566666,17.269407670742847
Grassland,Northern Africa,Boreal,Moist,Volcanic,496,302.01201300710085,0.6088951875143163,0.0,-43.28152033406668,46.23590875147618,-16.131775388666668,17.384364260816664
Grassland,Western Africa,Boreal,Moist,Volcanic,496,300.0180960612553,0.6048751936718857,0.0,-43.00568196356668,46.28341619366667,-16.255018262266667,17.39214407647619
Grassland,Europe,Boreal,Moist,Volcanic,496,299.96484021087207,0.6047678230057905,0.017441770499999953,-43.368132413466675,45.91963997080953,-16.328895080666666,17.404872706571417
Grassland,Caribbean,Boreal,Moist,Volcanic,496,299.3475648476903,0.6035233162251821,0.0,-43.08755061966667,45.87931003477381,-16.13489127799999,17.379313838857126
Grassland,Oceania,Boreal,Moist,Volcanic,496,299.27370539254036,0.6033744060333475,0.017441770499999953,-43.45474449286666,46.170367164727885,-16.217692258166664,17.29740448477381
Grassland,Central Africa,Boreal,Moist,Volcanic,496,297.8146349829462,0.600432731820456,0.0,-43.324826373766676,46.20777723581904,-16.20154247066667,17.310833572999982
Grassland,Central Asia,Boreal,Moist,Volcanic,496,297.3453830995668,0.5994866594749331,-0.03895328745000004,-43.49805053256667,46.170367164727885,-16.209681963566666,17.48451189906666
Grassland,Central Africa,Tropical,Dry,Low Activity Clay,496,284.26895412744335,0.5731228913859745,0.0,-44.17023535393332,46.83684912133334,-16.511316402533343,18.06169649271427
Grassland,South-Eastern Asia,Tropical,Dry,Low Activity Clay,496,284.0146135358744,0.5726101079352306,0.0,-44.008306094133346,47.259805480433336,-16.290607455099988,17.89716766482855
Grassland,Eastern Asia,Tropical,Dry,Low Activity Clay,496,283.5297260433802,0.5716325121842343,0.023597689499999852,-44.04556713718333,47.10457521407824,-16.561664583749987,17.945803726714274
Grassland,Europe,Tropical,Dry,Low Activity Clay,496,281.9911504746115,0.5685305453117168,0.0,-44.04556713718333,46.79382591062144,-16.611078228799986,17.980355138877538
Grassland,Western Asia,Tropical,Dry,Low Activity Clay,496,281.90924708772843,0.5683654175155816,0.0,-44.228825878233344,47.19011726762144,-16.71102921839998,17.945803726714274
Grassland,Western Africa,Tropical,Dry,Low Activity Clay,496,281.8937218753137,0.5683341166841002,0.0,-43.957768749583344,47.259805480433336,-16.611627592999984,18.010258033821415
Grassland,Central Asia,Tropical,Dry,Low Activity Clay,496,281.63243499984833,0.5678073286287265,0.0,-43.957768749583344,46.85489909393334,-16.639012565999987,17.94580372671427
Grassland,South America,Tropical,Dry,Low Activity Clay,496,281.6011441383469,0.5677442422144091,0.0,-43.957768749583344,46.60756907968334,-16.611627592999984,17.89716766482855
Grassland,Eastern Africa,Tropical,Dry,Low Activity Clay,496,281.22489958469157,0.5669856846465556,0.00550612755000035,-43.957768749583344,46.70287696231294,-16.611627592999984,17.868879652171415
Grassland,Southern Asia,Tropical,Dry,Low Activity Clay,496,280.4778835888116,0.5654796040097009,0.05270150655000028,-44.04556713718334,46.70287696231294,-16.611078228799986,18.010258033821415
Grassland,Western Africa,Boreal,Dry,Volcanic,496,279.75543794646643,0.5640230603759404,-0.021511516950000087,-43.19877189906667,45.86714277454421,-16.291550619666673,17.289419849428562
Grassland,Northern Africa,Cool Temperate,Dry,Volcanic,496,278.92213064099116,0.5623430053245789,0.0,-43.10219309366667,46.15368614704421,-16.217692258166668,17.38617189906666
Grassland,Central America,Tropical,Dry,Low Activity Clay,496,278.4429969463777,0.5613770099725357,-0.023597689499999852,-44.228825878233344,46.544619730583335,-16.611627592999984,18.010258033821415
Grassland,Caribbean,Tropical,Dry,Low Activity Clay,496,278.1726056326093,0.5608318661947769,0.0,-43.85837960973335,46.77810916703572,-16.611627592999984,17.89716766482855
Grassland,Southern Asia,Boreal,Dry,Volcanic,496,278.1575688639786,0.5608015501289891,0.017441770499999953,-43.324826373766676,45.930873258914275,-16.166658929666667,17.47060097694127
Grassland,Northern Africa,Tropical,Dry,Low Activity Clay,496,278.09930755995197,0.5606840878224838,-0.023597689500000074,-44.34600692683334,46.85489909393334,-16.68620794499999,17.766341156142836
Grassland,Oceania,Tropical,Dry,Low Activity Clay,496,277.9875497645144,0.560458769686521,0.0,-43.958330599333344,47.10457521407824,-16.473866196149974,17.722362244399967
Grassland,Southern Asia,Cool Temperate,Dry,Volcanic,496,277.73226173402696,0.5599440760766673,-0.017441770499999953,-43.49805053256667,46.223784261914275,-16.131775388666668,17.345331108914284
Grassland,North America,Boreal,Dry,Volcanic,496,277.35900332328674,0.5591915389582394,-0.017441770499999953,-43.08795667146667,46.15368614704421,-16.283158882466672,17.298915488829934
Grassland,Northern Africa,Boreal,Dry,Volcanic,496,277.016918772202,0.5585018523633105,0.0,-43.19833816191667,46.15368614704421,-16.31989734191667,17.19679286544127
Grassland,South-Eastern Asia,Cool Temperate,Dry,Volcanic,496,276.7167439280133,0.5578966611451881,0.0,-43.19877189906667,45.81209862245239,-16.20154247066667,17.638242111914284
Grassland,Central America,Boreal,Dry,Volcanic,496,276.71554456258247,0.5578942430697227,0.0,-43.45474449286666,45.94785427885713,-16.201542470666674,17.294274260816664
Grassland,Central Asia,Cool Temperate,Dry,Volcanic,496,276.6193283167523,0.5577002587031296,0.017441770499999953,-43.08755061966667,45.98722317694128,-16.24642042301667,17.47060097694127
Grassland,Central America,Cool Temperate,Dry,Volcanic,496,276.39883778078536,0.5572557213322286,0.0,-43.45474449286666,46.0737380045381,-16.217692258166664,17.410384619780952
Grassland,Central Asia,Boreal,Dry,Volcanic,496,276.21130095103683,0.5568776228851549,0.017441770499999953,-43.45474449286666,45.97884369906667,-16.201542470666674,17.345331108914284
Grassland,North America,Tropical,Dry,Low Activity Clay,496,275.96513178071194,0.556381314074016,-0.047195378999999926,-44.05769476808334,47.259805480433336,-16.561664583749987,17.735663995107128
Grassland,Eastern Africa,Cool Temperate,Dry,Volcanic,496,275.5593611488978,0.5555632281227778,0.0,-43.19833816191667,45.97884369906667,-16.166658929666667,17.19679286544127
Grassland,Western Asia,Boreal,Dry,Volcanic,496,275.0732649361625,0.5545831954358115,0.0040697464500000224,-43.36813241346667,45.930873258914275,-16.201542470666674,17.38617189906666
Grassland,Eastern Asia,Cool Temperate,Dry,Volcanic,496,274.9536325409273,0.5543420010905792,0.017441770499999953,-43.49805053256667,45.670549661916674,-16.201542470666674,17.289419849428562
Grassland,South America,Boreal,Dry,Volcanic,496,274.87890697076125,0.5541913446991155,0.0,-43.05062143891668,45.99421409366667,-16.31989734191667,17.294274260816664
Grassland,Central Africa,Cool Temperate,Dry,Volcanic,496,274.78088806193233,0.5539937259313151,-0.03488354100000002,-43.12447980041666,46.15368614704421,-16.209681963566666,17.236438743071425
Grassland,Southern Africa,Boreal,Dry,Volcanic,496,274.6186132489255,0.5536665589696078,-0.017441770499999953,-43.28152033406668,45.81209862245239,-16.24642042301667,17.208540199059527
Grassland,Europe,Boreal,Dry,Volcanic,496,274.4402668588764,0.5533069896348314,0.03488354100000002,-43.49805053256667,45.88509978717687,-16.209681963566666,17.236438743071425
Grassland,North America,Cool Temperate,Dry,Volcanic,496,274.0236409109386,0.5524670179656019,0.0,-43.12489508066667,46.223784261914275,-16.32847980041667,17.25984205314284
Grassland,Oceania,Boreal,Dry,Volcanic,496,273.88156152866526,0.5521805675981154,0.017441770499999953,-43.28152033406668,45.97884369906667,-16.528826373766666,17.289419849428562
Grassland,Caribbean,Cool Temperate,Dry,Volcanic,496,273.70374815875925,0.5518220729007243,0.017441770499999953,-43.05101826226668,46.278122332566674,-16.271309552666665,17.253960801366663
Grassland,Eastern Africa,Boreal,Dry,Volcanic,496,273.6563716193862,0.5517265556842464,-0.03488354100000002,-43.41143845316666,46.223784261914275,-16.166658929666667,17.47060097694127
Grassland,Southern Africa,Tropical,Dry,Low Activity Clay,496,273.38762696326086,0.5511847317807679,0.047195378999999926,-44.17023535393332,46.71689888657824,-16.523571170699988,17.747437041674985
Grassland,Oceania,Cool Temperate,Dry,Volcanic,496,273.158296048939,0.5507223710664093,0.0,-43.49805053256667,45.81209862245239,-16.32889508066667,17.47060097694127
Grassland,Southern Africa,Cool Temperate,Dry,Volcanic,496,272.9265151092332,0.5502550707847443,0.017441770499999953,-43.45474449286666,46.278122332566674,-16.24642042301667,17.208540199059527
Grassland,Eastern Asia,Boreal,Dry,Volcanic,496,272.91929707951374,0.5502405183054713,0.03488354100000002,-43.19877189906667,45.86714277454421,-16.218079853066666,17.276838161916665
Grassland,Caribbean,Boreal,Dry,Volcanic,496,271.49176508659053,0.5473624296100615,0.0,-43.45474449286666,45.97884369906667,-16.166658929666667,17.38617189906666
Grassland,Central Africa,Boreal,Dry,Volcanic,496,271.00214255328166,0.5463752874058098,0.017441770500000064,-43.368132413466675,45.670549661916674,-16.31989734191667,17.25984205314284
Grassland,Western Asia,Cool Temperate,Dry,Volcanic,496,270.54375570848896,0.5454511203800181,0.0,-43.324826373766676,45.930873258914275,-16.615438453166668,17.25984205314284
Grassland,Western Africa,Cool Temperate,Dry,Volcanic,496,270.3570651130592,0.5450747280505226,0.017441770499999953,-43.16183348986666,45.94785427885713,-16.32889508066667,17.2490156000381
Grassland,Europe,Cool Temperate,Dry,Volcanic,496,270.06965904140435,0.544495280325412,0.0,-43.05062143891668,45.88509978717687,-16.23642601166667,17.275645832238087
Grassland,South America,Cool Temperate,Dry,Volcanic,496,269.05947761399216,0.5424586242217584,-0.017441770500000064,-43.15263580136666,45.732266342365094,-16.328895080666666,17.2490156000381
Grassland,South-Eastern Asia,Boreal,Dry,Volcanic,496,268.40328528168305,0.5411356558098449,0.0,-43.10219309366667,45.732266342365094,-16.306193093666664,17.19679286544127
Grassland,Europe,Warm Temperate,Dry,Low Activity Clay,496,265.32099745698497,0.5349213658406955,0.04061386560000013,-41.30518873653333,43.43417197753333,-15.312259189333348,16.4103929722857
Grassland,Central America,Warm Temperate,Dry,Low Activity Clay,496,264.4378192135216,0.5331407645433903,0.0,-40.9883496293333,43.664582938533336,-15.428252482133345,16.580640107149218
Grassland,Western Asia,Warm Temperate,Dry,Low Activity Clay,496,262.6493178975344,0.5295349151159967,0.01641578399999999,-41.014669892533334,43.61933694752853,-15.393122125333347,16.523816679961918
Grassland,Central Asia,Warm Temperate,Dry,Low Activity Clay,496,261.6749924351206,0.5275705492643561,0.03283156799999998,-41.014669892533334,43.63630295121425,-15.312259189333348,16.371340014857115
Grassland,North America,Warm Temperate,Dry,Low Activity Clay,496,261.6183959272104,0.5274564434016338,-1.1102230246251565e-16,-41.14215423413333,43.585257377461865,-15.462635877333343,16.4103929722857
Grassland,Southern Africa,Warm Temperate,Dry,Low Activity Clay,496,260.7208800449793,0.5256469355745551,0.0,-41.18291285973333,43.68003697933333,-15.345090757333345,16.4103929722857
Grassland,Northern Africa,Warm Temperate,Dry,Low Activity Clay,496,260.6426592942844,0.525489232448154,0.0,-41.023514728533335,43.664582938533336,-15.385583024533346,16.39293250122447
Grassland,Eastern Africa,Warm Temperate,Dry,Low Activity Clay,496,260.6352557121038,0.525474305871177,-0.020246133599999938,-40.88445248213333,43.828806794517,-15.393122125333347,16.42509876647617
Grassland,Southern Asia,Warm Temperate,Dry,Low Activity Clay,496,260.5021739414401,0.5252059958496776,0.0,-41.023514728533335,43.57699398006802,-15.393122125333347,16.448267029333348
Grassland,South America,Warm Temperate,Dry,Low Activity Clay,496,259.9186832617463,0.524029603350295,0.0,-41.18291285973333,43.61933694752853,-15.393122125333347,16.6359188418762
Grassland,Eastern Asia,Warm Temperate,Dry,Low Activity Clay,496,259.5719259615441,0.5233304958902099,0.0,-40.91883587733333,43.4137294451492,-15.312259189333348,16.37635126893334
Grassland,Oceania,Warm Temperate,Dry,Low Activity Clay,496,258.9537882117245,0.5220842504268639,0.01641578399999999,-41.14215423413333,43.61933694752853,-15.420160398133344,16.39293250122447
Grassland,Caribbean,Warm Temperate,Dry,Low Activity Clay,496,258.91333397182103,0.5220026894593166,0.036661917599999816,-40.9883496293333,43.3899934051833,-15.476417029333346,16.371340014857115
Grassland,Central Africa,Warm Temperate,Dry,Low Activity Clay,496,258.26773209634,0.5207010727748791,-0.03283156799999998,-41.22367148533333,43.4137294451492,-15.420160398133342,16.448267029333348
Grassland,South-Eastern Asia,Warm Temperate,Dry,Low Activity Clay,496,258.0008258463138,0.52016295533531,0.0,-40.91883587733333,43.94625694653333,-15.558469892533346,16.4103929722857
Grassland,Western Africa,Warm Temperate,Dry,Low Activity Clay,496,257.16293068505485,0.5184736505747074,0.0,-41.2644301109333,43.828806794517,-15.345090757333345,16.371340014857115
Grassland,Western Asia,Cool Temperate,Dry,Sandy,496,181.47101256448335,0.36586897694452286,0.0,-28.899505119833336,30.493885235733337,-10.745267586533332,11.734751877383326
Grassland,Europe,Cool Temperate,Dry,Sandy,496,180.98860900923563,0.36489638913152345,0.0,-28.899505119833336,30.469071368947617,-10.745267586533332,11.764181865726197
Grassland,Northern Africa,Cool Temperate,Dry,Sandy,496,180.88170716744654,0.3646808612246906,-0.004198944749999822,-28.575617286333323,30.61484271432975,-10.701961546833324,11.685908305447624
Grassland,Western Africa,Cool Temperate,Dry,Sandy,496,180.54478620263572,0.3640015850859591,-0.017441770499999953,-28.603964008583336,30.427730291357136,-10.831879665933334,11.627077380233338
Grassland,South-Eastern Asia,Cool Temperate,Dry,Sandy,496,180.36165521969008,0.36363236939453647,-0.017441770499999953,-28.899505119833336,30.427730291357136,-10.951566510133325,11.670129564587308
Grassland,Central Africa,Cool Temperate,Dry,Sandy,496,180.33996765214727,0.36358864445997435,-0.021511516950000087,-28.899505119833336,30.493885235733337,-10.988920199583324,11.685908305447624
Grassland,Central Asia,Cool Temperate,Dry,Sandy,496,179.97503305811122,0.3628528892300629,0.03488354100000002,-28.530487089683326,30.395422748353745,-10.615349467433328,11.755837793613951
Grassland,Southern Asia,Cool Temperate,Dry,Sandy,496,179.71786478104013,0.3623344048004841,-0.017441770499999953,-28.68683856573334,30.793163869233336,-10.615349467433328,11.703297739964277
Grassland,Eastern Asia,Cool Temperate,Dry,Sandy,496,179.41921796884702,0.3617322942920303,0.03488354100000002,-28.612546467083337,30.61484271432975,-11.025443328533331,11.809108908797619
Grassland,Central America,Cool Temperate,Dry,Sandy,496,179.07013579845142,0.3610284995936521,0.04295843475000005,-28.942811159533324,30.61484271432975,-10.745267586533332,11.703297739964277
Grassland,Oceania,Cool Temperate,Dry,Sandy,496,178.6243751036691,0.3601297885154619,-0.0040697464500000224,-28.76958700073333,30.37473063241497,-10.78857362623333,11.570778765372618
Grassland,Caribbean,Cool Temperate,Dry,Sandy,496,178.58213456892867,0.3600446261470336,-0.017441770499999953,-28.899505119833336,30.543450962496813,-10.960764198633326,11.80028752885715
Grassland,South America,Cool Temperate,Dry,Sandy,496,178.46746889163327,0.3598134453460348,0.0,-28.68640482858334,30.37473063241497,-10.658655507133327,11.629621355576191
Grassland,North America,Cool Temperate,Dry,Sandy,496,177.97905254286565,0.3588287349654549,0.0,-28.68683856573334,30.25003638682142,-11.025443328533331,11.627077380233338
Grassland,Southern Africa,Cool Temperate,Dry,Sandy,496,174.2436404622198,0.3512976622222173,-0.021511516950000087,-28.640702468033325,30.793163869233336,-11.084358924833339,11.53865264989455
Grassland,Eastern Africa,Cool Temperate,Dry,Sandy,496,173.84914822611336,0.35050231497200274,0.017441770500000064,-28.612961747333333,30.139511793252964,-10.658655507133327,11.734751877383326
Grassland,Oceania,Boreal,Moist,Sandy,496,153.9831387185463,0.31044987644868205,0.0,-22.42130246803333,24.295756689233333,-7.869173626233334,8.854932345861906
Grassland,Eastern Africa,Boreal,Moist,Sandy,496,152.56879648666154,0.30759838001343054,0.0,-22.723411159533327,23.953472029509516,-7.825867586533333,8.92309488602976
Grassland,Caribbean,Boreal,Moist,Sandy,496,152.46523784113245,0.307389592421638,0.0,-22.723411159533327,23.858805292483336,-8.032591018833333,8.726678647369045
Grassland,Northern Africa,Boreal,Moist,Sandy,496,152.44039918980147,0.30733951449556746,-0.017441770499999953,-22.430500156533327,24.124882155222622,-8.004625739183332,8.806701695183335
Grassland,Western Asia,Boreal,Moist,Sandy,496,152.12807279397984,0.30670982418141096,0.03488354100000002,-22.31108708968334,23.961471310333334,-8.032166510133333,8.587491864861907
Grassland,Central Asia,Boreal,Moist,Sandy,496,151.86762551714588,0.3061847288652135,-0.021511516950000087,-22.723411159533327,24.05781128217937,-8.004625739183332,8.78126982865
Grassland,North America,Boreal,Moist,Sandy,496,151.4296203168309,0.3053016538645784,0.0,-22.467438565733335,23.814215020815475,-8.106043328533332,8.806701695183335
Grassland,Central America,Boreal,Moist,Sandy,496,151.4038536034238,0.30524970484561254,-0.017441770499999953,-22.467438565733335,24.188341351465986,-7.739255507133334,8.66214760418333
Grassland,Europe,Boreal,Moist,Sandy,496,150.44054781556264,0.3033075560797634,0.0,-22.723411159533327,23.953472029509516,-8.142981737733333,8.727607120735119
Grassland,South America,Boreal,Moist,Sandy,496,150.0025408656992,0.3024244775518129,-0.017441770499999953,-22.467004828583335,24.295756689233333,-8.078102658083331,8.830335931860319
Grassland,Southern Africa,Boreal,Moist,Sandy,496,149.42996919798398,0.30127009918948383,-0.017441770499999953,-22.593493040433337,23.988212235376196,-7.739255507133334,8.747052847395238
Grassland,Southern Asia,Boreal,Moist,Sandy,496,149.18937007201373,0.3007850203064793,0.0,-22.42130246803333,23.870063254863943,-7.825867586533333,8.78126982865
Grassland,Eastern Asia,Boreal,Moist,Sandy,496,148.93666553203965,0.30027553534685414,0.0255166642500001,-22.766717199233334,24.246383032509517,-7.695949467433332,8.780570267726192
Grassland,Western Africa,Boreal,Moist,Sandy,496,147.93953558548304,0.29826519271266744,0.021511516950000087,-22.593493040433337,23.901797978965988,-8.004625739183332,8.726678647369045
Grassland,South-Eastern Asia,Boreal,Moist,Sandy,496,146.82205117539434,0.2960121999503918,0.017441770499999953,-22.593493040433337,23.84470641322262,-8.069520199583332,8.556527820360317
Grassland,Central Africa,Boreal,Moist,Sandy,496,146.6244796813702,0.29561387032534314,0.03488354100000002,-22.356217286333337,23.996478055733334,-8.032591018833333,8.668312090559525
Grassland,Southern Asia,Boreal,Dry,Sandy,496,142.37394713185512,0.2870442482497079,0.0,-22.384564008583332,23.727429566088436,-7.869173626233334,8.671138235244044
Grassland,Central Africa,Boreal,Dry,Sandy,496,140.3494163831671,0.28296253303057883,0.017441770499999953,-22.55018700073334,23.76468559427211,-7.739255507133334,8.494041075439682
Grassland,Central Asia,Boreal,Dry,Sandy,496,140.19050464319562,0.2826421464580557,0.0,-22.393561747333333,24.10793104405714,-8.032591018833333,8.857036944511902
Grassland,South-Eastern Asia,Boreal,Dry,Sandy,496,139.96899630500448,0.2821955570665413,-0.03488354100000002,-22.467438565733335,23.76468559427211,-7.869173626233334,8.741051927640473
Grassland,Eastern Africa,Warm Temperate,Dry,Sandy,496,139.20560357574686,0.2806564588220703,0.036661917599999816,-22.330149629333327,23.492050399858336,-7.937953806933332,8.816951951866669
Grassland,Northern Africa,Boreal,Dry,Sandy,496,139.18456964905644,0.28061405171180737,0.03488354100000002,-22.467438565733335,23.81502004105714,-7.695949467433332,8.671138235244046
Grassland,North America,Boreal,Dry,Sandy,496,138.9649802737291,0.2801713311970345,-0.03895328745000004,-22.458040927483335,24.156753099233335,-7.782561546833332,8.671138235244044
Grassland,Oceania,Boreal,Dry,Sandy,496,138.92760608561704,0.2800959800113247,0.0,-22.356623338133335,24.051228966772108,-7.695949467433332,8.526127119504764
Grassland,Central America,Boreal,Dry,Sandy,496,138.89719394303103,0.28003466520772385,0.04295843475000005,-22.393146467083334,23.731463077483337,-8.032591018833333,8.767849186939682
Grassland,Europe,Tropical,Dry,Sandy,496,138.80398649621574,0.2798467469681769,-0.09182069324999925,-22.005435416250005,23.771720872978563,-7.797018880199997,8.173740870075001
Grassland,Eastern Asia,Warm Temperate,Dry,Sandy,496,138.09039499569036,0.27840805442679506,0.01641578399999999,-22.524712859733334,23.750491276390484,-8.106196774133332,8.969605806158729
Grassland,Southern Africa,Boreal,Dry,Sandy,496,138.08267842473398,0.2783924968240605,0.0,-22.33597621933333,24.156753099233335,-8.041364198633334,8.667717193797618
Grassland,Western Africa,Boreal,Dry,Sandy,496,137.9890159894409,0.27820366126903406,0.0,-22.636799080133333,23.689671355533328,-8.032591018833333,8.767849186939682
Grassland,South America,Boreal,Dry,Sandy,496,137.9555045626938,0.27813609790865684,0.0,-22.393561747333333,23.989601875669052,-7.912479665933336,8.426170087649657
Grassland,Central Africa,Tropical,Dry,Sandy,496,137.88970445032945,0.27800343639179326,0.3204570803668363,-22.005997266000005,23.46376357827858,-7.733307945000002,8.341096890028572
Grassland,Central Africa,Warm Temperate,Dry,Sandy,496,137.79825490642622,0.2778190623113432,0.03283156799999998,-22.565471485333333,24.037024636533335,-8.166883061333332,8.710445284357142
Grassland,Southern Asia,Warm Temperate,Dry,Sandy,496,137.70966463734058,0.2776404528978641,-0.01641578399999999,-22.565471485333333,23.750491276390484,-8.019471058133336,8.810491602149657
Grassland,Southern Africa,Warm Temperate,Dry,Sandy,496,137.5038168714577,0.27722543724084214,0.04043146800000008,-22.24158546133333,23.720427529333335,-7.937953806933332,8.739610367414965
Grassland,Eastern Africa,Boreal,Dry,Sandy,496,137.3501648167605,0.276915654872501,0.0,-22.370859760333335,24.10793104405714,-8.091806906333332,8.671138235244044
Grassland,Western Asia,Boreal,Dry,Sandy,496,137.33452971939943,0.2768841324987892,-0.03488354100000002,-22.723411159533327,23.76468559427211,-7.695949467433332,8.575892588083331
Grassland,Caribbean,Warm Temperate,Dry,Sandy,496,137.2181493262767,0.2766494946094288,0.01641578399999999,-22.22625248213334,23.66690745227211,-7.8564365557333335,8.703943924133332
Grassland,Central America,Warm Temperate,Dry,Sandy,496,136.75633885840563,0.2757184251177533,-0.01641578399999999,-22.646988736533334,23.990749995457136,-8.097760161333332,8.677990911333332
Grassland,Eastern Asia,Boreal,Dry,Sandy,496,136.64575620948278,0.27549547622879594,0.017441770499999953,-22.430075647833327,23.816870260333335,-7.695949467433332,8.682063180371427
Grassland,Europe,Warm Temperate,Dry,Sandy,496,136.51755093925382,0.2752369978613988,-0.01641578399999999,-22.356469892533333,23.990749995457136,-7.815677930133332,8.816951951866669
Grassland,Central Asia,Warm Temperate,Dry,Sandy,496,136.50459974420048,0.27521088658104936,0.01641578399999999,-22.524712859733334,23.635090781088433,-8.209928894933332,8.884827199704763
Grassland,Oceania,Warm Temperate,Dry,Sandy,496,136.40013149797974,0.2750002651168946,-0.01641578399999999,-22.44319560853334,23.990749995457136,-8.097351938133333,8.603579881739682
Grassland,South America,Warm Temperate,Dry,Sandy,496,136.28288317050684,0.2747638773598928,0.0,-22.261018043733337,24.037024636533335,-7.8971951813333305,8.506333225971428
Grassland,Caribbean,Boreal,Dry,Sandy,496,135.9121525761863,0.2740164366455369,0.0,-22.680105119833332,24.10793104405714,-7.782561546833332,8.767849186939682
Grassland,Western Asia,Tropical,Dry,Sandy,496,135.75130470471422,0.2736921465820851,-0.041092598906631916,-22.510854642100004,23.30067667596428,-7.708970781599999,8.341096890028572
Grassland,Western Africa,Warm Temperate,Dry,Sandy,496,135.31876824456867,0.2728200972672756,-0.03283156799999998,-22.356469892533333,23.613820839269053,-8.202030789333332,8.841250604633334
Grassland,South-Eastern Asia,Warm Temperate,Dry,Sandy,496,135.31787470076318,0.2728182957676677,0.0,-22.48395423413334,23.755350628533336,-7.8971951813333305,8.633118511704764
Grassland,Western Asia,Warm Temperate,Dry,Sandy,496,135.27756957134193,0.2727370354260926,0.01641578399999999,-22.48395423413334,23.720427529333335,-8.167273913333332,8.7924583835873
Grassland,Europe,Boreal,Dry,Sandy,496,135.13800804257582,0.27245566137616095,-0.017441770499999953,-22.356623338133335,23.989601875669052,-8.032166510133333,8.793567600504764
Grassland,Oceania,Tropical,Dry,Sandy,496,135.1144242929896,0.2724081134939307,0.08089821999285729,-22.45226411779999,23.240200695306125,-7.769491068899997,8.301393608219641
Grassland,Western Africa,Tropical,Dry,Sandy,496,134.71356658118512,0.2715999326233571,-0.12829717025714238,-21.894413905649998,23.252292903674995,-7.7337920549999986,8.241467309428568
Grassland,Caribbean,Tropical,Dry,Sandy,496,134.449762839512,0.27106807024095164,-0.1168084406499999,-22.276492544899998,23.8355681971,-7.697608931099999,8.260129199816326
Grassland,South-Eastern Asia,Tropical,Dry,Sandy,496,134.20054677422058,0.2705656184964125,-0.19204012217500127,-22.055398425499995,23.312687507326537,-7.797018880199998,8.23071442369196
Grassland,Southern Africa,Tropical,Dry,Sandy,496,133.92815721748283,0.2700164460029896,0.28810056962499986,-22.335083069200007,23.624313225405363,-7.697608931099999,8.219480312999996
Grassland,Northern Africa,Warm Temperate,Dry,Sandy,496,133.76754125892637,0.26969262350589995,0.01641578399999999,-22.44319560853334,23.750491276390484,-8.132117499733333,8.677990911333332
Grassland,North America,Warm Temperate,Dry,Sandy,496,133.650540633336,0.26945673514785484,0.036661917599999816,-22.48395423413334,23.51468073802721,-8.175351521333333,8.603579881739682
Grassland,Eastern Africa,Tropical,Dry,Sandy,496,132.74793668848693,0.26763696913001395,0.11421845077500004,-22.005435416250005,23.353340538,-7.7473139056499996,8.305866509510203
Grassland,North America,Tropical,Dry,Sandy,496,132.05441116326674,0.2662387321840055,0.24253732937499994,-22.105948255600005,23.700363834826536,-7.801553611499999,8.449619993866069
Grassland,Northern Africa,Tropical,Dry,Sandy,496,131.90004454756243,0.26592750916847263,-0.038107990485713894,-22.217902020600008,23.4306618106,-7.751053723600002,8.372342187
Grassland,Southern Asia,Tropical,Dry,Sandy,496,131.12117956103862,0.2643572168569327,-0.11709560830000021,-22.45226411779999,23.174687299971428,-7.762686094350002,8.3349987556
Grassland,Central Asia,Tropical,Dry,Sandy,496,130.9058656814225,0.26392311629319054,0.10717102825000024,-22.276492544899998,23.46376357827858,-7.762686094350002,8.34709300558571
Grassland,South America,Tropical,Dry,Sandy,496,130.82812251973337,0.2637663760478495,0.10770847587500054,-22.45226411779999,23.4306618106,-7.797018880199997,8.170732166142853
Grassland,Eastern Asia,Tropical,Dry,Sandy,496,130.78145266372823,0.2636722835962263,0.2706019286535708,-22.45226411779999,23.28337852225,-7.7589462764,8.217610793464287
Grassland,Central America,Tropical,Dry,Sandy,496,129.58664717703851,0.26126340156660993,0.0783738673142852,-22.335083069200007,23.771720872978563,-7.7809874339999965,8.283530600085712
