id,livestock_production_type,manure_management_type,livestock_category_type,ipcc_region,value,value_min,value_max,"Source: 2019 Refinement to the 2006 IPCC Guidelines for National Greenhouse Gas Inventories, IPCC (2019), Volume 4 AFOLU, table 10A.6."
15753,High-Productivity,Lagoon,Dairy Cattle,Sub-Saharan Africa,0,N/A,N/A,
15754,High-Productivity,Liquid/Slurry,Dairy Cattle,Sub-Saharan Africa,0,N/A,N/A,
15755,High-Productivity,Solid Storage,Dairy Cattle,Sub-Saharan Africa,20,N/A,N/A,
15756,High-Productivity,Dry Lot,Dairy Cattle,Sub-Saharan Africa,29,N/A,N/A,
15757,High-Productivity,Pasture/Range/Paddock,Dairy Cattle,Sub-Saharan Africa,45,N/A,N/A,
15758,High-Productivity,Daily Spread,Dairy Cattle,Sub-Saharan Africa,0,N/A,N/A,
15759,High-Productivity,Digester,Dairy Cattle,Sub-Saharan Africa,0,N/A,N/A,
15760,High-Productivity,Burned For Fuel,Dairy Cattle,Sub-Saharan Africa,6,N/A,N/A,
15761,High-Productivity,Pit<1Month,Dairy Cattle,Sub-Saharan Africa,0,N/A,N/A,
15763,High-Productivity,Poultry Manure,Dairy Cattle,Sub-Saharan Africa,0,N/A,N/A,
15764,High-Productivity,Deep Bedding,Dairy Cattle,Sub-Saharan Africa,0,N/A,N/A,
15765,High-Productivity,Composting,Dairy Cattle,Sub-Saharan Africa,0,N/A,N/A,
15766,High-Productivity,Aerobic Treatment,Dairy Cattle,Sub-Saharan Africa,0,N/A,N/A,
15767,High-Productivity,Lagoon,Dairy Cattle,East Asia And South-East Asia,0,N/A,N/A,
15768,High-Productivity,Liquid/Slurry,Dairy Cattle,East Asia And South-East Asia,1,N/A,N/A,
15769,High-Productivity,Solid Storage,Dairy Cattle,East Asia And South-East Asia,21,N/A,N/A,
15770,High-Productivity,Dry Lot,Dairy Cattle,East Asia And South-East Asia,29,N/A,N/A,
15771,High-Productivity,Pasture/Range/Paddock,Dairy Cattle,East Asia And South-East Asia,38,N/A,N/A,
15772,High-Productivity,Daily Spread,Dairy Cattle,East Asia And South-East Asia,0,N/A,N/A,
15773,High-Productivity,Digester,Dairy Cattle,East Asia And South-East Asia,0,N/A,N/A,
15774,High-Productivity,Burned For Fuel,Dairy Cattle,East Asia And South-East Asia,11,N/A,N/A,
15775,High-Productivity,Pit<1Month,Dairy Cattle,East Asia And South-East Asia,0,N/A,N/A,
15777,High-Productivity,Poultry Manure,Dairy Cattle,East Asia And South-East Asia,0,N/A,N/A,
15778,High-Productivity,Deep Bedding,Dairy Cattle,East Asia And South-East Asia,0,N/A,N/A,
15779,High-Productivity,Composting,Dairy Cattle,East Asia And South-East Asia,0,N/A,N/A,
15780,High-Productivity,Aerobic Treatment,Dairy Cattle,East Asia And South-East Asia,0,N/A,N/A,
15781,High-Productivity,Lagoon,Dairy Cattle,North America,26,N/A,N/A,
15782,High-Productivity,Liquid/Slurry,Dairy Cattle,North America,24,N/A,N/A,
15783,High-Productivity,Solid Storage,Dairy Cattle,North America,24,N/A,N/A,
15784,High-Productivity,Dry Lot,Dairy Cattle,North America,0,N/A,N/A,
15785,High-Productivity,Pasture/Range/Paddock,Dairy Cattle,North America,15,N/A,N/A,
15786,High-Productivity,Daily Spread,Dairy Cattle,North America,11,N/A,N/A,
15787,High-Productivity,Digester,Dairy Cattle,North America,0,N/A,N/A,
15788,High-Productivity,Burned For Fuel,Dairy Cattle,North America,0,N/A,N/A,
15789,High-Productivity,Pit<1Month,Dairy Cattle,North America,0,N/A,N/A,
15791,High-Productivity,Poultry Manure,Dairy Cattle,North America,0,N/A,N/A,
15792,High-Productivity,Deep Bedding,Dairy Cattle,North America,0,N/A,N/A,
15793,High-Productivity,Composting,Dairy Cattle,North America,0,N/A,N/A,
15794,High-Productivity,Aerobic Treatment,Dairy Cattle,North America,0,N/A,N/A,
15795,High-Productivity,Lagoon,Dairy Cattle,Latin America And The Caribbean,0,N/A,N/A,
15796,High-Productivity,Liquid/Slurry,Dairy Cattle,Latin America And The Caribbean,0,N/A,N/A,
15797,High-Productivity,Solid Storage,Dairy Cattle,Latin America And The Caribbean,5,N/A,N/A,
15798,High-Productivity,Dry Lot,Dairy Cattle,Latin America And The Caribbean,38,N/A,N/A,
15799,High-Productivity,Pasture/Range/Paddock,Dairy Cattle,Latin America And The Caribbean,57,N/A,N/A,
15800,High-Productivity,Daily Spread,Dairy Cattle,Latin America And The Caribbean,0,N/A,N/A,
15801,High-Productivity,Digester,Dairy Cattle,Latin America And The Caribbean,0,N/A,N/A,
15802,High-Productivity,Burned For Fuel,Dairy Cattle,Latin America And The Caribbean,0,N/A,N/A,
15803,High-Productivity,Pit<1Month,Dairy Cattle,Latin America And The Caribbean,0,N/A,N/A,
15805,High-Productivity,Poultry Manure,Dairy Cattle,Latin America And The Caribbean,0,N/A,N/A,
15806,High-Productivity,Deep Bedding,Dairy Cattle,Latin America And The Caribbean,0,N/A,N/A,
15807,High-Productivity,Composting,Dairy Cattle,Latin America And The Caribbean,0,N/A,N/A,
15808,High-Productivity,Aerobic Treatment,Dairy Cattle,Latin America And The Caribbean,0,N/A,N/A,
15809,High-Productivity,Lagoon,Dairy Cattle,Western Europe,0,N/A,N/A,
15810,High-Productivity,Liquid/Slurry,Dairy Cattle,Western Europe,43,N/A,N/A,
15811,High-Productivity,Solid Storage,Dairy Cattle,Western Europe,29,N/A,N/A,
15812,High-Productivity,Dry Lot,Dairy Cattle,Western Europe,0,N/A,N/A,
15813,High-Productivity,Pasture/Range/Paddock,Dairy Cattle,Western Europe,26,N/A,N/A,
15814,High-Productivity,Daily Spread,Dairy Cattle,Western Europe,2,N/A,N/A,
15815,High-Productivity,Digester,Dairy Cattle,Western Europe,0,N/A,N/A,
15816,High-Productivity,Burned For Fuel,Dairy Cattle,Western Europe,0,N/A,N/A,
15817,High-Productivity,Pit<1Month,Dairy Cattle,Western Europe,0,N/A,N/A,
15819,High-Productivity,Poultry Manure,Dairy Cattle,Western Europe,0,N/A,N/A,
15820,High-Productivity,Deep Bedding,Dairy Cattle,Western Europe,0,N/A,N/A,
15821,High-Productivity,Composting,Dairy Cattle,Western Europe,0,N/A,N/A,
15822,High-Productivity,Aerobic Treatment,Dairy Cattle,Western Europe,0,N/A,N/A,
15823,High-Productivity,Lagoon,Dairy Cattle,Eastern Europe,0,N/A,N/A,
15824,High-Productivity,Liquid/Slurry,Dairy Cattle,Eastern Europe,5,N/A,N/A,
15825,High-Productivity,Solid Storage,Dairy Cattle,Eastern Europe,74,N/A,N/A,
15826,High-Productivity,Dry Lot,Dairy Cattle,Eastern Europe,0,N/A,N/A,
15827,High-Productivity,Pasture/Range/Paddock,Dairy Cattle,Eastern Europe,20,N/A,N/A,
15828,High-Productivity,Daily Spread,Dairy Cattle,Eastern Europe,1,N/A,N/A,
15829,High-Productivity,Digester,Dairy Cattle,Eastern Europe,0,N/A,N/A,
15830,High-Productivity,Burned For Fuel,Dairy Cattle,Eastern Europe,0,N/A,N/A,
15831,High-Productivity,Pit<1Month,Dairy Cattle,Eastern Europe,0,N/A,N/A,
15833,High-Productivity,Poultry Manure,Dairy Cattle,Eastern Europe,0,N/A,N/A,
15834,High-Productivity,Deep Bedding,Dairy Cattle,Eastern Europe,0,N/A,N/A,
15835,High-Productivity,Composting,Dairy Cattle,Eastern Europe,0,N/A,N/A,
15836,High-Productivity,Aerobic Treatment,Dairy Cattle,Eastern Europe,0,N/A,N/A,
15837,High-Productivity,Lagoon,Dairy Cattle,Russian Federation,0,N/A,N/A,
15838,High-Productivity,Liquid/Slurry,Dairy Cattle,Russian Federation,5,N/A,N/A,
15839,High-Productivity,Solid Storage,Dairy Cattle,Russian Federation,74,N/A,N/A,
15840,High-Productivity,Dry Lot,Dairy Cattle,Russian Federation,0,N/A,N/A,
15841,High-Productivity,Pasture/Range/Paddock,Dairy Cattle,Russian Federation,20,N/A,N/A,
15842,High-Productivity,Daily Spread,Dairy Cattle,Russian Federation,1,N/A,N/A,
15843,High-Productivity,Digester,Dairy Cattle,Russian Federation,0,N/A,N/A,
15844,High-Productivity,Burned For Fuel,Dairy Cattle,Russian Federation,0,N/A,N/A,
15845,High-Productivity,Pit<1Month,Dairy Cattle,Russian Federation,0,N/A,N/A,
15847,High-Productivity,Poultry Manure,Dairy Cattle,Russian Federation,0,N/A,N/A,
15848,High-Productivity,Deep Bedding,Dairy Cattle,Russian Federation,0,N/A,N/A,
15849,High-Productivity,Composting,Dairy Cattle,Russian Federation,0,N/A,N/A,
15850,High-Productivity,Aerobic Treatment,Dairy Cattle,Russian Federation,0,N/A,N/A,
15851,High-Productivity,Lagoon,Dairy Cattle,Oceania,5,N/A,N/A,
15852,High-Productivity,Liquid/Slurry,Dairy Cattle,Oceania,0,N/A,N/A,
15853,High-Productivity,Solid Storage,Dairy Cattle,Oceania,0,N/A,N/A,
15854,High-Productivity,Dry Lot,Dairy Cattle,Oceania,0,N/A,N/A,
15855,High-Productivity,Pasture/Range/Paddock,Dairy Cattle,Oceania,94,N/A,N/A,
15856,High-Productivity,Daily Spread,Dairy Cattle,Oceania,1,N/A,N/A,
15857,High-Productivity,Digester,Dairy Cattle,Oceania,0,N/A,N/A,
15858,High-Productivity,Burned For Fuel,Dairy Cattle,Oceania,0,N/A,N/A,
15859,High-Productivity,Pit<1Month,Dairy Cattle,Oceania,0,N/A,N/A,
15861,High-Productivity,Poultry Manure,Dairy Cattle,Oceania,0,N/A,N/A,
15862,High-Productivity,Deep Bedding,Dairy Cattle,Oceania,0,N/A,N/A,
15863,High-Productivity,Composting,Dairy Cattle,Oceania,0,N/A,N/A,
15864,High-Productivity,Aerobic Treatment,Dairy Cattle,Oceania,0,N/A,N/A,
15865,High-Productivity,Lagoon,Dairy Cattle,NENA/Middle East,0,N/A,N/A,
15866,High-Productivity,Liquid/Slurry,Dairy Cattle,NENA/Middle East,0,N/A,N/A,
15867,High-Productivity,Solid Storage,Dairy Cattle,NENA/Middle East,14,N/A,N/A,
15868,High-Productivity,Dry Lot,Dairy Cattle,NENA/Middle East,35,N/A,N/A,
15869,High-Productivity,Pasture/Range/Paddock,Dairy Cattle,NENA/Middle East,46,N/A,N/A,
15870,High-Productivity,Daily Spread,Dairy Cattle,NENA/Middle East,0,N/A,N/A,
15871,High-Productivity,Digester,Dairy Cattle,NENA/Middle East,0,N/A,N/A,
15872,High-Productivity,Burned For Fuel,Dairy Cattle,NENA/Middle East,5,N/A,N/A,
15873,High-Productivity,Pit<1Month,Dairy Cattle,NENA/Middle East,0,N/A,N/A,
15875,High-Productivity,Poultry Manure,Dairy Cattle,NENA/Middle East,0,N/A,N/A,
15876,High-Productivity,Deep Bedding,Dairy Cattle,NENA/Middle East,0,N/A,N/A,
15877,High-Productivity,Composting,Dairy Cattle,NENA/Middle East,0,N/A,N/A,
15878,High-Productivity,Aerobic Treatment,Dairy Cattle,NENA/Middle East,0,N/A,N/A,
15879,High-Productivity,Lagoon,Dairy Cattle,South Asia,0,N/A,N/A,
15880,High-Productivity,Liquid/Slurry,Dairy Cattle,South Asia,0,N/A,N/A,
15881,High-Productivity,Solid Storage,Dairy Cattle,South Asia,1,N/A,N/A,
15882,High-Productivity,Dry Lot,Dairy Cattle,South Asia,49,N/A,N/A,
15883,High-Productivity,Pasture/Range/Paddock,Dairy Cattle,South Asia,30,N/A,N/A,
15884,High-Productivity,Daily Spread,Dairy Cattle,South Asia,0,N/A,N/A,
15885,High-Productivity,Digester,Dairy Cattle,South Asia,0,N/A,N/A,
15886,High-Productivity,Burned For Fuel,Dairy Cattle,South Asia,20,N/A,N/A,
15887,High-Productivity,Pit<1Month,Dairy Cattle,South Asia,0,N/A,N/A,
15889,High-Productivity,Poultry Manure,Dairy Cattle,South Asia,0,N/A,N/A,
15890,High-Productivity,Deep Bedding,Dairy Cattle,South Asia,0,N/A,N/A,
15891,High-Productivity,Composting,Dairy Cattle,South Asia,0,N/A,N/A,
15892,High-Productivity,Aerobic Treatment,Dairy Cattle,South Asia,0,N/A,N/A,
15893,Low-Productivity,Lagoon,Dairy Cattle,Sub-Saharan Africa,0,N/A,N/A,
15894,Low-Productivity,Liquid/Slurry,Dairy Cattle,Sub-Saharan Africa,0,N/A,N/A,
15895,Low-Productivity,Solid Storage,Dairy Cattle,Sub-Saharan Africa,20,N/A,N/A,
15896,Low-Productivity,Dry Lot,Dairy Cattle,Sub-Saharan Africa,29,N/A,N/A,
15897,Low-Productivity,Pasture/Range/Paddock,Dairy Cattle,Sub-Saharan Africa,45,N/A,N/A,
15898,Low-Productivity,Daily Spread,Dairy Cattle,Sub-Saharan Africa,0,N/A,N/A,
15899,Low-Productivity,Digester,Dairy Cattle,Sub-Saharan Africa,0,N/A,N/A,
15900,Low-Productivity,Burned For Fuel,Dairy Cattle,Sub-Saharan Africa,6,N/A,N/A,
15901,Low-Productivity,Pit<1Month,Dairy Cattle,Sub-Saharan Africa,0,N/A,N/A,
15903,Low-Productivity,Poultry Manure,Dairy Cattle,Sub-Saharan Africa,0,N/A,N/A,
15904,Low-Productivity,Deep Bedding,Dairy Cattle,Sub-Saharan Africa,0,N/A,N/A,
15905,Low-Productivity,Composting,Dairy Cattle,Sub-Saharan Africa,0,N/A,N/A,
15906,Low-Productivity,Aerobic Treatment,Dairy Cattle,Sub-Saharan Africa,0,N/A,N/A,
15907,Low-Productivity,Lagoon,Dairy Cattle,East Asia And South-East Asia,0,N/A,N/A,
15908,Low-Productivity,Liquid/Slurry,Dairy Cattle,East Asia And South-East Asia,1,N/A,N/A,
15909,Low-Productivity,Solid Storage,Dairy Cattle,East Asia And South-East Asia,21,N/A,N/A,
15910,Low-Productivity,Dry Lot,Dairy Cattle,East Asia And South-East Asia,29,N/A,N/A,
15911,Low-Productivity,Pasture/Range/Paddock,Dairy Cattle,East Asia And South-East Asia,38,N/A,N/A,
15912,Low-Productivity,Daily Spread,Dairy Cattle,East Asia And South-East Asia,0,N/A,N/A,
15913,Low-Productivity,Digester,Dairy Cattle,East Asia And South-East Asia,0,N/A,N/A,
15914,Low-Productivity,Burned For Fuel,Dairy Cattle,East Asia And South-East Asia,11,N/A,N/A,
15915,Low-Productivity,Pit<1Month,Dairy Cattle,East Asia And South-East Asia,0,N/A,N/A,
15917,Low-Productivity,Poultry Manure,Dairy Cattle,East Asia And South-East Asia,0,N/A,N/A,
15918,Low-Productivity,Deep Bedding,Dairy Cattle,East Asia And South-East Asia,0,N/A,N/A,
15919,Low-Productivity,Composting,Dairy Cattle,East Asia And South-East Asia,0,N/A,N/A,
15920,Low-Productivity,Aerobic Treatment,Dairy Cattle,East Asia And South-East Asia,0,N/A,N/A,
15921,Low-Productivity,Lagoon,Dairy Cattle,North America,26,N/A,N/A,
15922,Low-Productivity,Liquid/Slurry,Dairy Cattle,North America,24,N/A,N/A,
15923,Low-Productivity,Solid Storage,Dairy Cattle,North America,24,N/A,N/A,
15924,Low-Productivity,Dry Lot,Dairy Cattle,North America,0,N/A,N/A,
15925,Low-Productivity,Pasture/Range/Paddock,Dairy Cattle,North America,15,N/A,N/A,
15926,Low-Productivity,Daily Spread,Dairy Cattle,North America,11,N/A,N/A,
15927,Low-Productivity,Digester,Dairy Cattle,North America,0,N/A,N/A,
15928,Low-Productivity,Burned For Fuel,Dairy Cattle,North America,0,N/A,N/A,
15929,Low-Productivity,Pit<1Month,Dairy Cattle,North America,0,N/A,N/A,
15931,Low-Productivity,Poultry Manure,Dairy Cattle,North America,0,N/A,N/A,
15932,Low-Productivity,Deep Bedding,Dairy Cattle,North America,0,N/A,N/A,
15933,Low-Productivity,Composting,Dairy Cattle,North America,0,N/A,N/A,
15934,Low-Productivity,Aerobic Treatment,Dairy Cattle,North America,0,N/A,N/A,
15935,Low-Productivity,Lagoon,Dairy Cattle,Latin America And The Caribbean,0,N/A,N/A,
15936,Low-Productivity,Liquid/Slurry,Dairy Cattle,Latin America And The Caribbean,0,N/A,N/A,
15937,Low-Productivity,Solid Storage,Dairy Cattle,Latin America And The Caribbean,5,N/A,N/A,
15938,Low-Productivity,Dry Lot,Dairy Cattle,Latin America And The Caribbean,38,N/A,N/A,
15939,Low-Productivity,Pasture/Range/Paddock,Dairy Cattle,Latin America And The Caribbean,57,N/A,N/A,
15940,Low-Productivity,Daily Spread,Dairy Cattle,Latin America And The Caribbean,0,N/A,N/A,
15941,Low-Productivity,Digester,Dairy Cattle,Latin America And The Caribbean,0,N/A,N/A,
15942,Low-Productivity,Burned For Fuel,Dairy Cattle,Latin America And The Caribbean,0,N/A,N/A,
15943,Low-Productivity,Pit<1Month,Dairy Cattle,Latin America And The Caribbean,0,N/A,N/A,
15945,Low-Productivity,Poultry Manure,Dairy Cattle,Latin America And The Caribbean,0,N/A,N/A,
15946,Low-Productivity,Deep Bedding,Dairy Cattle,Latin America And The Caribbean,0,N/A,N/A,
15947,Low-Productivity,Composting,Dairy Cattle,Latin America And The Caribbean,0,N/A,N/A,
15948,Low-Productivity,Aerobic Treatment,Dairy Cattle,Latin America And The Caribbean,0,N/A,N/A,
15949,Low-Productivity,Lagoon,Dairy Cattle,Western Europe,0,N/A,N/A,
15950,Low-Productivity,Liquid/Slurry,Dairy Cattle,Western Europe,43,N/A,N/A,
15951,Low-Productivity,Solid Storage,Dairy Cattle,Western Europe,29,N/A,N/A,
15952,Low-Productivity,Dry Lot,Dairy Cattle,Western Europe,0,N/A,N/A,
15953,Low-Productivity,Pasture/Range/Paddock,Dairy Cattle,Western Europe,26,N/A,N/A,
15954,Low-Productivity,Daily Spread,Dairy Cattle,Western Europe,2,N/A,N/A,
15955,Low-Productivity,Digester,Dairy Cattle,Western Europe,0,N/A,N/A,
15956,Low-Productivity,Burned For Fuel,Dairy Cattle,Western Europe,0,N/A,N/A,
15957,Low-Productivity,Pit<1Month,Dairy Cattle,Western Europe,0,N/A,N/A,
15959,Low-Productivity,Poultry Manure,Dairy Cattle,Western Europe,0,N/A,N/A,
15960,Low-Productivity,Deep Bedding,Dairy Cattle,Western Europe,0,N/A,N/A,
15961,Low-Productivity,Composting,Dairy Cattle,Western Europe,0,N/A,N/A,
15962,Low-Productivity,Aerobic Treatment,Dairy Cattle,Western Europe,0,N/A,N/A,
15963,Low-Productivity,Lagoon,Dairy Cattle,Eastern Europe,0,N/A,N/A,
15964,Low-Productivity,Liquid/Slurry,Dairy Cattle,Eastern Europe,5,N/A,N/A,
15965,Low-Productivity,Solid Storage,Dairy Cattle,Eastern Europe,74,N/A,N/A,
15966,Low-Productivity,Dry Lot,Dairy Cattle,Eastern Europe,0,N/A,N/A,
15967,Low-Productivity,Pasture/Range/Paddock,Dairy Cattle,Eastern Europe,20,N/A,N/A,
15968,Low-Productivity,Daily Spread,Dairy Cattle,Eastern Europe,1,N/A,N/A,
15969,Low-Productivity,Digester,Dairy Cattle,Eastern Europe,0,N/A,N/A,
15970,Low-Productivity,Burned For Fuel,Dairy Cattle,Eastern Europe,0,N/A,N/A,
15971,Low-Productivity,Pit<1Month,Dairy Cattle,Eastern Europe,0,N/A,N/A,
15973,Low-Productivity,Poultry Manure,Dairy Cattle,Eastern Europe,0,N/A,N/A,
15974,Low-Productivity,Deep Bedding,Dairy Cattle,Eastern Europe,0,N/A,N/A,
15975,Low-Productivity,Composting,Dairy Cattle,Eastern Europe,0,N/A,N/A,
15976,Low-Productivity,Aerobic Treatment,Dairy Cattle,Eastern Europe,0,N/A,N/A,
15977,Low-Productivity,Lagoon,Dairy Cattle,Russian Federation,0,N/A,N/A,
15978,Low-Productivity,Liquid/Slurry,Dairy Cattle,Russian Federation,5,N/A,N/A,
15979,Low-Productivity,Solid Storage,Dairy Cattle,Russian Federation,74,N/A,N/A,
15980,Low-Productivity,Dry Lot,Dairy Cattle,Russian Federation,0,N/A,N/A,
15981,Low-Productivity,Pasture/Range/Paddock,Dairy Cattle,Russian Federation,20,N/A,N/A,
15982,Low-Productivity,Daily Spread,Dairy Cattle,Russian Federation,1,N/A,N/A,
15983,Low-Productivity,Digester,Dairy Cattle,Russian Federation,0,N/A,N/A,
15984,Low-Productivity,Burned For Fuel,Dairy Cattle,Russian Federation,0,N/A,N/A,
15985,Low-Productivity,Pit<1Month,Dairy Cattle,Russian Federation,0,N/A,N/A,
15987,Low-Productivity,Poultry Manure,Dairy Cattle,Russian Federation,0,N/A,N/A,
15988,Low-Productivity,Deep Bedding,Dairy Cattle,Russian Federation,0,N/A,N/A,
15989,Low-Productivity,Composting,Dairy Cattle,Russian Federation,0,N/A,N/A,
15990,Low-Productivity,Aerobic Treatment,Dairy Cattle,Russian Federation,0,N/A,N/A,
15991,Low-Productivity,Lagoon,Dairy Cattle,Oceania,5,N/A,N/A,
15992,Low-Productivity,Liquid/Slurry,Dairy Cattle,Oceania,0,N/A,N/A,
15993,Low-Productivity,Solid Storage,Dairy Cattle,Oceania,0,N/A,N/A,
15994,Low-Productivity,Dry Lot,Dairy Cattle,Oceania,0,N/A,N/A,
15995,Low-Productivity,Pasture/Range/Paddock,Dairy Cattle,Oceania,94,N/A,N/A,
15996,Low-Productivity,Daily Spread,Dairy Cattle,Oceania,1,N/A,N/A,
15997,Low-Productivity,Digester,Dairy Cattle,Oceania,0,N/A,N/A,
15998,Low-Productivity,Burned For Fuel,Dairy Cattle,Oceania,0,N/A,N/A,
15999,Low-Productivity,Pit<1Month,Dairy Cattle,Oceania,0,N/A,N/A,
16001,Low-Productivity,Poultry Manure,Dairy Cattle,Oceania,0,N/A,N/A,
16002,Low-Productivity,Deep Bedding,Dairy Cattle,Oceania,0,N/A,N/A,
16003,Low-Productivity,Composting,Dairy Cattle,Oceania,0,N/A,N/A,
16004,Low-Productivity,Aerobic Treatment,Dairy Cattle,Oceania,0,N/A,N/A,
16005,Low-Productivity,Lagoon,Dairy Cattle,NENA/Middle East,0,N/A,N/A,
16006,Low-Productivity,Liquid/Slurry,Dairy Cattle,NENA/Middle East,0,N/A,N/A,
16007,Low-Productivity,Solid Storage,Dairy Cattle,NENA/Middle East,14,N/A,N/A,
16008,Low-Productivity,Dry Lot,Dairy Cattle,NENA/Middle East,35,N/A,N/A,
16009,Low-Productivity,Pasture/Range/Paddock,Dairy Cattle,NENA/Middle East,46,N/A,N/A,
16010,Low-Productivity,Daily Spread,Dairy Cattle,NENA/Middle East,0,N/A,N/A,
16011,Low-Productivity,Digester,Dairy Cattle,NENA/Middle East,0,N/A,N/A,
16012,Low-Productivity,Burned For Fuel,Dairy Cattle,NENA/Middle East,5,N/A,N/A,
16013,Low-Productivity,Pit<1Month,Dairy Cattle,NENA/Middle East,0,N/A,N/A,
16015,Low-Productivity,Poultry Manure,Dairy Cattle,NENA/Middle East,0,N/A,N/A,
16016,Low-Productivity,Deep Bedding,Dairy Cattle,NENA/Middle East,0,N/A,N/A,
16017,Low-Productivity,Composting,Dairy Cattle,NENA/Middle East,0,N/A,N/A,
16018,Low-Productivity,Aerobic Treatment,Dairy Cattle,NENA/Middle East,0,N/A,N/A,
16019,Low-Productivity,Lagoon,Dairy Cattle,South Asia,0,N/A,N/A,
16020,Low-Productivity,Liquid/Slurry,Dairy Cattle,South Asia,0,N/A,N/A,
16021,Low-Productivity,Solid Storage,Dairy Cattle,South Asia,1,N/A,N/A,
16022,Low-Productivity,Dry Lot,Dairy Cattle,South Asia,49,N/A,N/A,
16023,Low-Productivity,Pasture/Range/Paddock,Dairy Cattle,South Asia,30,N/A,N/A,
16024,Low-Productivity,Daily Spread,Dairy Cattle,South Asia,0,N/A,N/A,
16025,Low-Productivity,Digester,Dairy Cattle,South Asia,0,N/A,N/A,
16026,Low-Productivity,Burned For Fuel,Dairy Cattle,South Asia,20,N/A,N/A,
16027,Low-Productivity,Pit<1Month,Dairy Cattle,South Asia,0,N/A,N/A,
16029,Low-Productivity,Poultry Manure,Dairy Cattle,South Asia,0,N/A,N/A,
16030,Low-Productivity,Deep Bedding,Dairy Cattle,South Asia,0,N/A,N/A,
16031,Low-Productivity,Composting,Dairy Cattle,South Asia,0,N/A,N/A,
16032,Low-Productivity,Aerobic Treatment,Dairy Cattle,South Asia,0,N/A,N/A,
16033,Default,Lagoon,Dairy Cattle,Sub-Saharan Africa,0,N/A,N/A,
16034,Default,Liquid/Slurry,Dairy Cattle,Sub-Saharan Africa,0,N/A,N/A,
16035,Default,Solid Storage,Dairy Cattle,Sub-Saharan Africa,20,N/A,N/A,
16036,Default,Dry Lot,Dairy Cattle,Sub-Saharan Africa,29,N/A,N/A,
16037,Default,Pasture/Range/Paddock,Dairy Cattle,Sub-Saharan Africa,45,N/A,N/A,
16038,Default,Daily Spread,Dairy Cattle,Sub-Saharan Africa,0,N/A,N/A,
16039,Default,Digester,Dairy Cattle,Sub-Saharan Africa,0,N/A,N/A,
16040,Default,Burned For Fuel,Dairy Cattle,Sub-Saharan Africa,6,N/A,N/A,
16041,Default,Pit<1Month,Dairy Cattle,Sub-Saharan Africa,0,N/A,N/A,
16043,Default,Poultry Manure,Dairy Cattle,Sub-Saharan Africa,0,N/A,N/A,
16044,Default,Deep Bedding,Dairy Cattle,Sub-Saharan Africa,0,N/A,N/A,
16045,Default,Composting,Dairy Cattle,Sub-Saharan Africa,0,N/A,N/A,
16046,Default,Aerobic Treatment,Dairy Cattle,Sub-Saharan Africa,0,N/A,N/A,
16047,Default,Lagoon,Dairy Cattle,East Asia And South-East Asia,0,N/A,N/A,
16048,Default,Liquid/Slurry,Dairy Cattle,East Asia And South-East Asia,1,N/A,N/A,
16049,Default,Solid Storage,Dairy Cattle,East Asia And South-East Asia,21,N/A,N/A,
16050,Default,Dry Lot,Dairy Cattle,East Asia And South-East Asia,29,N/A,N/A,
16051,Default,Pasture/Range/Paddock,Dairy Cattle,East Asia And South-East Asia,38,N/A,N/A,
16052,Default,Daily Spread,Dairy Cattle,East Asia And South-East Asia,0,N/A,N/A,
16053,Default,Digester,Dairy Cattle,East Asia And South-East Asia,0,N/A,N/A,
16054,Default,Burned For Fuel,Dairy Cattle,East Asia And South-East Asia,11,N/A,N/A,
16055,Default,Pit<1Month,Dairy Cattle,East Asia And South-East Asia,0,N/A,N/A,
16057,Default,Poultry Manure,Dairy Cattle,East Asia And South-East Asia,0,N/A,N/A,
16058,Default,Deep Bedding,Dairy Cattle,East Asia And South-East Asia,0,N/A,N/A,
16059,Default,Composting,Dairy Cattle,East Asia And South-East Asia,0,N/A,N/A,
16060,Default,Aerobic Treatment,Dairy Cattle,East Asia And South-East Asia,0,N/A,N/A,
16061,Default,Lagoon,Dairy Cattle,North America,26,N/A,N/A,
16062,Default,Liquid/Slurry,Dairy Cattle,North America,24,N/A,N/A,
16063,Default,Solid Storage,Dairy Cattle,North America,24,N/A,N/A,
16064,Default,Dry Lot,Dairy Cattle,North America,0,N/A,N/A,
16065,Default,Pasture/Range/Paddock,Dairy Cattle,North America,15,N/A,N/A,
16066,Default,Daily Spread,Dairy Cattle,North America,11,N/A,N/A,
16067,Default,Digester,Dairy Cattle,North America,0,N/A,N/A,
16068,Default,Burned For Fuel,Dairy Cattle,North America,0,N/A,N/A,
16069,Default,Pit<1Month,Dairy Cattle,North America,0,N/A,N/A,
16071,Default,Poultry Manure,Dairy Cattle,North America,0,N/A,N/A,
16072,Default,Deep Bedding,Dairy Cattle,North America,0,N/A,N/A,
16073,Default,Composting,Dairy Cattle,North America,0,N/A,N/A,
16074,Default,Aerobic Treatment,Dairy Cattle,North America,0,N/A,N/A,
16075,Default,Lagoon,Dairy Cattle,Latin America And The Caribbean,0,N/A,N/A,
16076,Default,Liquid/Slurry,Dairy Cattle,Latin America And The Caribbean,0,N/A,N/A,
16077,Default,Solid Storage,Dairy Cattle,Latin America And The Caribbean,5,N/A,N/A,
16078,Default,Dry Lot,Dairy Cattle,Latin America And The Caribbean,38,N/A,N/A,
16079,Default,Pasture/Range/Paddock,Dairy Cattle,Latin America And The Caribbean,57,N/A,N/A,
16080,Default,Daily Spread,Dairy Cattle,Latin America And The Caribbean,0,N/A,N/A,
16081,Default,Digester,Dairy Cattle,Latin America And The Caribbean,0,N/A,N/A,
16082,Default,Burned For Fuel,Dairy Cattle,Latin America And The Caribbean,0,N/A,N/A,
16083,Default,Pit<1Month,Dairy Cattle,Latin America And The Caribbean,0,N/A,N/A,
16085,Default,Poultry Manure,Dairy Cattle,Latin America And The Caribbean,0,N/A,N/A,
16086,Default,Deep Bedding,Dairy Cattle,Latin America And The Caribbean,0,N/A,N/A,
16087,Default,Composting,Dairy Cattle,Latin America And The Caribbean,0,N/A,N/A,
16088,Default,Aerobic Treatment,Dairy Cattle,Latin America And The Caribbean,0,N/A,N/A,
16089,Default,Lagoon,Dairy Cattle,Western Europe,0,N/A,N/A,
16090,Default,Liquid/Slurry,Dairy Cattle,Western Europe,43,N/A,N/A,
16091,Default,Solid Storage,Dairy Cattle,Western Europe,29,N/A,N/A,
16092,Default,Dry Lot,Dairy Cattle,Western Europe,0,N/A,N/A,
16093,Default,Pasture/Range/Paddock,Dairy Cattle,Western Europe,26,N/A,N/A,
16094,Default,Daily Spread,Dairy Cattle,Western Europe,2,N/A,N/A,
16095,Default,Digester,Dairy Cattle,Western Europe,0,N/A,N/A,
16096,Default,Burned For Fuel,Dairy Cattle,Western Europe,0,N/A,N/A,
16097,Default,Pit<1Month,Dairy Cattle,Western Europe,0,N/A,N/A,
16099,Default,Poultry Manure,Dairy Cattle,Western Europe,0,N/A,N/A,
16100,Default,Deep Bedding,Dairy Cattle,Western Europe,0,N/A,N/A,
16101,Default,Composting,Dairy Cattle,Western Europe,0,N/A,N/A,
16102,Default,Aerobic Treatment,Dairy Cattle,Western Europe,0,N/A,N/A,
16103,Default,Lagoon,Dairy Cattle,Eastern Europe,0,N/A,N/A,
16104,Default,Liquid/Slurry,Dairy Cattle,Eastern Europe,5,N/A,N/A,
16105,Default,Solid Storage,Dairy Cattle,Eastern Europe,74,N/A,N/A,
16106,Default,Dry Lot,Dairy Cattle,Eastern Europe,0,N/A,N/A,
16107,Default,Pasture/Range/Paddock,Dairy Cattle,Eastern Europe,20,N/A,N/A,
16108,Default,Daily Spread,Dairy Cattle,Eastern Europe,1,N/A,N/A,
16109,Default,Digester,Dairy Cattle,Eastern Europe,0,N/A,N/A,
16110,Default,Burned For Fuel,Dairy Cattle,Eastern Europe,0,N/A,N/A,
16111,Default,Pit<1Month,Dairy Cattle,Eastern Europe,0,N/A,N/A,
16113,Default,Poultry Manure,Dairy Cattle,Eastern Europe,0,N/A,N/A,
16114,Default,Deep Bedding,Dairy Cattle,Eastern Europe,0,N/A,N/A,
16115,Default,Composting,Dairy Cattle,Eastern Europe,0,N/A,N/A,
16116,Default,Aerobic Treatment,Dairy Cattle,Eastern Europe,0,N/A,N/A,
16117,Default,Lagoon,Dairy Cattle,Russian Federation,0,N/A,N/A,
16118,Default,Liquid/Slurry,Dairy Cattle,Russian Federation,5,N/A,N/A,
16119,Default,Solid Storage,Dairy Cattle,Russian Federation,74,N/A,N/A,
16120,Default,Dry Lot,Dairy Cattle,Russian Federation,0,N/A,N/A,
16121,Default,Pasture/Range/Paddock,Dairy Cattle,Russian Federation,20,N/A,N/A,
16122,Default,Daily Spread,Dairy Cattle,Russian Federation,1,N/A,N/A,
16123,Default,Digester,Dairy Cattle,Russian Federation,0,N/A,N/A,
16124,Default,Burned For Fuel,Dairy Cattle,Russian Federation,0,N/A,N/A,
16125,Default,Pit<1Month,Dairy Cattle,Russian Federation,0,N/A,N/A,
16127,Default,Poultry Manure,Dairy Cattle,Russian Federation,0,N/A,N/A,
16128,Default,Deep Bedding,Dairy Cattle,Russian Federation,0,N/A,N/A,
16129,Default,Composting,Dairy Cattle,Russian Federation,0,N/A,N/A,
16130,Default,Aerobic Treatment,Dairy Cattle,Russian Federation,0,N/A,N/A,
16131,Default,Lagoon,Dairy Cattle,Oceania,5,N/A,N/A,
16132,Default,Liquid/Slurry,Dairy Cattle,Oceania,0,N/A,N/A,
16133,Default,Solid Storage,Dairy Cattle,Oceania,0,N/A,N/A,
16134,Default,Dry Lot,Dairy Cattle,Oceania,0,N/A,N/A,
16135,Default,Pasture/Range/Paddock,Dairy Cattle,Oceania,94,N/A,N/A,
16136,Default,Daily Spread,Dairy Cattle,Oceania,1,N/A,N/A,
16137,Default,Digester,Dairy Cattle,Oceania,0,N/A,N/A,
16138,Default,Burned For Fuel,Dairy Cattle,Oceania,0,N/A,N/A,
16139,Default,Pit<1Month,Dairy Cattle,Oceania,0,N/A,N/A,
16141,Default,Poultry Manure,Dairy Cattle,Oceania,0,N/A,N/A,
16142,Default,Deep Bedding,Dairy Cattle,Oceania,0,N/A,N/A,
16143,Default,Composting,Dairy Cattle,Oceania,0,N/A,N/A,
16144,Default,Aerobic Treatment,Dairy Cattle,Oceania,0,N/A,N/A,
16145,Default,Lagoon,Dairy Cattle,NENA/Middle East,0,N/A,N/A,
16146,Default,Liquid/Slurry,Dairy Cattle,NENA/Middle East,0,N/A,N/A,
16147,Default,Solid Storage,Dairy Cattle,NENA/Middle East,14,N/A,N/A,
16148,Default,Dry Lot,Dairy Cattle,NENA/Middle East,35,N/A,N/A,
16149,Default,Pasture/Range/Paddock,Dairy Cattle,NENA/Middle East,46,N/A,N/A,
16150,Default,Daily Spread,Dairy Cattle,NENA/Middle East,0,N/A,N/A,
16151,Default,Digester,Dairy Cattle,NENA/Middle East,0,N/A,N/A,
16152,Default,Burned For Fuel,Dairy Cattle,NENA/Middle East,5,N/A,N/A,
16153,Default,Pit<1Month,Dairy Cattle,NENA/Middle East,0,N/A,N/A,
16155,Default,Poultry Manure,Dairy Cattle,NENA/Middle East,0,N/A,N/A,
16156,Default,Deep Bedding,Dairy Cattle,NENA/Middle East,0,N/A,N/A,
16157,Default,Composting,Dairy Cattle,NENA/Middle East,0,N/A,N/A,
16158,Default,Aerobic Treatment,Dairy Cattle,NENA/Middle East,0,N/A,N/A,
16159,Default,Lagoon,Dairy Cattle,South Asia,0,N/A,N/A,
16160,Default,Liquid/Slurry,Dairy Cattle,South Asia,0,N/A,N/A,
16161,Default,Solid Storage,Dairy Cattle,South Asia,1,N/A,N/A,
16162,Default,Dry Lot,Dairy Cattle,South Asia,49,N/A,N/A,
16163,Default,Pasture/Range/Paddock,Dairy Cattle,South Asia,30,N/A,N/A,
16164,Default,Daily Spread,Dairy Cattle,South Asia,0,N/A,N/A,
16165,Default,Digester,Dairy Cattle,South Asia,0,N/A,N/A,
16166,Default,Burned For Fuel,Dairy Cattle,South Asia,20,N/A,N/A,
16167,Default,Pit<1Month,Dairy Cattle,South Asia,0,N/A,N/A,
16169,Default,Poultry Manure,Dairy Cattle,South Asia,0,N/A,N/A,
16170,Default,Deep Bedding,Dairy Cattle,South Asia,0,N/A,N/A,
16171,Default,Composting,Dairy Cattle,South Asia,0,N/A,N/A,
16172,Default,Aerobic Treatment,Dairy Cattle,South Asia,0,N/A,N/A,
16173,High-Productivity,Lagoon,Other Cattle,Sub-Saharan Africa,0,N/A,N/A,
16174,High-Productivity,Liquid/Slurry,Other Cattle,Sub-Saharan Africa,0,N/A,N/A,
16175,High-Productivity,Solid Storage,Other Cattle,Sub-Saharan Africa,15,N/A,N/A,
16176,High-Productivity,Dry Lot,Other Cattle,Sub-Saharan Africa,30,N/A,N/A,
16177,High-Productivity,Pasture/Range/Paddock,Other Cattle,Sub-Saharan Africa,50,N/A,N/A,
16178,High-Productivity,Daily Spread,Other Cattle,Sub-Saharan Africa,0,N/A,N/A,
16179,High-Productivity,Digester,Other Cattle,Sub-Saharan Africa,0,N/A,N/A,
16180,High-Productivity,Burned For Fuel,Other Cattle,Sub-Saharan Africa,5,N/A,N/A,
16181,High-Productivity,Pit<1Month,Other Cattle,Sub-Saharan Africa,0,N/A,N/A,
16183,High-Productivity,Poultry Manure,Other Cattle,Sub-Saharan Africa,0,N/A,N/A,
16184,High-Productivity,Deep Bedding,Other Cattle,Sub-Saharan Africa,0,N/A,N/A,
16185,High-Productivity,Composting,Other Cattle,Sub-Saharan Africa,0,N/A,N/A,
16186,High-Productivity,Aerobic Treatment,Other Cattle,Sub-Saharan Africa,0,N/A,N/A,
16187,High-Productivity,Lagoon,Other Cattle,East Asia And South-East Asia,0,N/A,N/A,
16188,High-Productivity,Liquid/Slurry,Other Cattle,East Asia And South-East Asia,0,N/A,N/A,
16189,High-Productivity,Solid Storage,Other Cattle,East Asia And South-East Asia,29,N/A,N/A,
16190,High-Productivity,Dry Lot,Other Cattle,East Asia And South-East Asia,28,N/A,N/A,
16191,High-Productivity,Pasture/Range/Paddock,Other Cattle,East Asia And South-East Asia,36,N/A,N/A,
16192,High-Productivity,Daily Spread,Other Cattle,East Asia And South-East Asia,0,N/A,N/A,
16193,High-Productivity,Digester,Other Cattle,East Asia And South-East Asia,0,N/A,N/A,
16194,High-Productivity,Burned For Fuel,Other Cattle,East Asia And South-East Asia,7,N/A,N/A,
16195,High-Productivity,Pit<1Month,Other Cattle,East Asia And South-East Asia,0,N/A,N/A,
16197,High-Productivity,Poultry Manure,Other Cattle,East Asia And South-East Asia,0,N/A,N/A,
16198,High-Productivity,Deep Bedding,Other Cattle,East Asia And South-East Asia,0,N/A,N/A,
16199,High-Productivity,Composting,Other Cattle,East Asia And South-East Asia,0,N/A,N/A,
16200,High-Productivity,Aerobic Treatment,Other Cattle,East Asia And South-East Asia,0,N/A,N/A,
16201,High-Productivity,Lagoon,Other Cattle,North America,0,N/A,N/A,
16202,High-Productivity,Liquid/Slurry,Other Cattle,North America,1,N/A,N/A,
16203,High-Productivity,Solid Storage,Other Cattle,North America,43,N/A,N/A,
16204,High-Productivity,Dry Lot,Other Cattle,North America,14,N/A,N/A,
16205,High-Productivity,Pasture/Range/Paddock,Other Cattle,North America,42,N/A,N/A,
16206,High-Productivity,Daily Spread,Other Cattle,North America,0,N/A,N/A,
16207,High-Productivity,Digester,Other Cattle,North America,0,N/A,N/A,
16208,High-Productivity,Burned For Fuel,Other Cattle,North America,0,N/A,N/A,
16209,High-Productivity,Pit<1Month,Other Cattle,North America,0,N/A,N/A,
16211,High-Productivity,Poultry Manure,Other Cattle,North America,0,N/A,N/A,
16212,High-Productivity,Deep Bedding,Other Cattle,North America,0,N/A,N/A,
16213,High-Productivity,Composting,Other Cattle,North America,0,N/A,N/A,
16214,High-Productivity,Aerobic Treatment,Other Cattle,North America,0,N/A,N/A,
16215,High-Productivity,Lagoon,Other Cattle,Latin America And The Caribbean,0,N/A,N/A,
16216,High-Productivity,Liquid/Slurry,Other Cattle,Latin America And The Caribbean,0,N/A,N/A,
16217,High-Productivity,Solid Storage,Other Cattle,Latin America And The Caribbean,3,N/A,N/A,
16218,High-Productivity,Dry Lot,Other Cattle,Latin America And The Caribbean,5,N/A,N/A,
16219,High-Productivity,Pasture/Range/Paddock,Other Cattle,Latin America And The Caribbean,92,N/A,N/A,
16220,High-Productivity,Daily Spread,Other Cattle,Latin America And The Caribbean,0,N/A,N/A,
16221,High-Productivity,Digester,Other Cattle,Latin America And The Caribbean,0,N/A,N/A,
16222,High-Productivity,Burned For Fuel,Other Cattle,Latin America And The Caribbean,0,N/A,N/A,
16223,High-Productivity,Pit<1Month,Other Cattle,Latin America And The Caribbean,0,N/A,N/A,
16225,High-Productivity,Poultry Manure,Other Cattle,Latin America And The Caribbean,0,N/A,N/A,
16226,High-Productivity,Deep Bedding,Other Cattle,Latin America And The Caribbean,0,N/A,N/A,
16227,High-Productivity,Composting,Other Cattle,Latin America And The Caribbean,0,N/A,N/A,
16228,High-Productivity,Aerobic Treatment,Other Cattle,Latin America And The Caribbean,0,N/A,N/A,
16229,High-Productivity,Lagoon,Other Cattle,Western Europe,0,N/A,N/A,
16230,High-Productivity,Liquid/Slurry,Other Cattle,Western Europe,22,N/A,N/A,
16231,High-Productivity,Solid Storage,Other Cattle,Western Europe,26,N/A,N/A,
16232,High-Productivity,Dry Lot,Other Cattle,Western Europe,0,N/A,N/A,
16233,High-Productivity,Pasture/Range/Paddock,Other Cattle,Western Europe,48,N/A,N/A,
16234,High-Productivity,Daily Spread,Other Cattle,Western Europe,4,N/A,N/A,
16235,High-Productivity,Digester,Other Cattle,Western Europe,0,N/A,N/A,
16236,High-Productivity,Burned For Fuel,Other Cattle,Western Europe,0,N/A,N/A,
16237,High-Productivity,Pit<1Month,Other Cattle,Western Europe,0,N/A,N/A,
16239,High-Productivity,Poultry Manure,Other Cattle,Western Europe,0,N/A,N/A,
16240,High-Productivity,Deep Bedding,Other Cattle,Western Europe,0,N/A,N/A,
16241,High-Productivity,Composting,Other Cattle,Western Europe,0,N/A,N/A,
16242,High-Productivity,Aerobic Treatment,Other Cattle,Western Europe,0,N/A,N/A,
16243,High-Productivity,Lagoon,Other Cattle,Eastern Europe,0,N/A,N/A,
16244,High-Productivity,Liquid/Slurry,Other Cattle,Eastern Europe,64,N/A,N/A,
16245,High-Productivity,Solid Storage,Other Cattle,Eastern Europe,5,N/A,N/A,
16246,High-Productivity,Dry Lot,Other Cattle,Eastern Europe,0,N/A,N/A,
16247,High-Productivity,Pasture/Range/Paddock,Other Cattle,Eastern Europe,31,N/A,N/A,
16248,High-Productivity,Daily Spread,Other Cattle,Eastern Europe,0,N/A,N/A,
16249,High-Productivity,Digester,Other Cattle,Eastern Europe,0,N/A,N/A,
16250,High-Productivity,Burned For Fuel,Other Cattle,Eastern Europe,0,N/A,N/A,
16251,High-Productivity,Pit<1Month,Other Cattle,Eastern Europe,0,N/A,N/A,
16253,High-Productivity,Poultry Manure,Other Cattle,Eastern Europe,0,N/A,N/A,
16254,High-Productivity,Deep Bedding,Other Cattle,Eastern Europe,0,N/A,N/A,
16255,High-Productivity,Composting,Other Cattle,Eastern Europe,0,N/A,N/A,
16256,High-Productivity,Aerobic Treatment,Other Cattle,Eastern Europe,0,N/A,N/A,
16257,High-Productivity,Lagoon,Other Cattle,Russian Federation,0,N/A,N/A,
16258,High-Productivity,Liquid/Slurry,Other Cattle,Russian Federation,64,N/A,N/A,
16259,High-Productivity,Solid Storage,Other Cattle,Russian Federation,5,N/A,N/A,
16260,High-Productivity,Dry Lot,Other Cattle,Russian Federation,0,N/A,N/A,
16261,High-Productivity,Pasture/Range/Paddock,Other Cattle,Russian Federation,31,N/A,N/A,
16262,High-Productivity,Daily Spread,Other Cattle,Russian Federation,0,N/A,N/A,
16263,High-Productivity,Digester,Other Cattle,Russian Federation,0,N/A,N/A,
16264,High-Productivity,Burned For Fuel,Other Cattle,Russian Federation,0,N/A,N/A,
16265,High-Productivity,Pit<1Month,Other Cattle,Russian Federation,0,N/A,N/A,
16267,High-Productivity,Poultry Manure,Other Cattle,Russian Federation,0,N/A,N/A,
16268,High-Productivity,Deep Bedding,Other Cattle,Russian Federation,0,N/A,N/A,
16269,High-Productivity,Composting,Other Cattle,Russian Federation,0,N/A,N/A,
16270,High-Productivity,Aerobic Treatment,Other Cattle,Russian Federation,0,N/A,N/A,
16271,High-Productivity,Lagoon,Other Cattle,Oceania,0,N/A,N/A,
16272,High-Productivity,Liquid/Slurry,Other Cattle,Oceania,0,N/A,N/A,
16273,High-Productivity,Solid Storage,Other Cattle,Oceania,0,N/A,N/A,
16274,High-Productivity,Dry Lot,Other Cattle,Oceania,0,N/A,N/A,
16275,High-Productivity,Pasture/Range/Paddock,Other Cattle,Oceania,100,N/A,N/A,
16276,High-Productivity,Daily Spread,Other Cattle,Oceania,0,N/A,N/A,
16277,High-Productivity,Digester,Other Cattle,Oceania,0,N/A,N/A,
16278,High-Productivity,Burned For Fuel,Other Cattle,Oceania,0,N/A,N/A,
16279,High-Productivity,Pit<1Month,Other Cattle,Oceania,0,N/A,N/A,
16281,High-Productivity,Poultry Manure,Other Cattle,Oceania,0,N/A,N/A,
16282,High-Productivity,Deep Bedding,Other Cattle,Oceania,0,N/A,N/A,
16283,High-Productivity,Composting,Other Cattle,Oceania,0,N/A,N/A,
16284,High-Productivity,Aerobic Treatment,Other Cattle,Oceania,0,N/A,N/A,
16285,High-Productivity,Lagoon,Other Cattle,NENA/Middle East,0,N/A,N/A,
16286,High-Productivity,Liquid/Slurry,Other Cattle,NENA/Middle East,0,N/A,N/A,
16287,High-Productivity,Solid Storage,Other Cattle,NENA/Middle East,5,N/A,N/A,
16288,High-Productivity,Dry Lot,Other Cattle,NENA/Middle East,46,N/A,N/A,
16289,High-Productivity,Pasture/Range/Paddock,Other Cattle,NENA/Middle East,42,N/A,N/A,
16290,High-Productivity,Daily Spread,Other Cattle,NENA/Middle East,0,N/A,N/A,
16291,High-Productivity,Digester,Other Cattle,NENA/Middle East,0,N/A,N/A,
16292,High-Productivity,Burned For Fuel,Other Cattle,NENA/Middle East,7,N/A,N/A,
16293,High-Productivity,Pit<1Month,Other Cattle,NENA/Middle East,0,N/A,N/A,
16295,High-Productivity,Poultry Manure,Other Cattle,NENA/Middle East,0,N/A,N/A,
16296,High-Productivity,Deep Bedding,Other Cattle,NENA/Middle East,0,N/A,N/A,
16297,High-Productivity,Composting,Other Cattle,NENA/Middle East,0,N/A,N/A,
16298,High-Productivity,Aerobic Treatment,Other Cattle,NENA/Middle East,0,N/A,N/A,
16299,High-Productivity,Lagoon,Other Cattle,South Asia,0,N/A,N/A,
16300,High-Productivity,Liquid/Slurry,Other Cattle,South Asia,0,N/A,N/A,
16301,High-Productivity,Solid Storage,Other Cattle,South Asia,1,N/A,N/A,
16302,High-Productivity,Dry Lot,Other Cattle,South Asia,49,N/A,N/A,
16303,High-Productivity,Pasture/Range/Paddock,Other Cattle,South Asia,30,N/A,N/A,
16304,High-Productivity,Daily Spread,Other Cattle,South Asia,0,N/A,N/A,
16305,High-Productivity,Digester,Other Cattle,South Asia,0,N/A,N/A,
16306,High-Productivity,Burned For Fuel,Other Cattle,South Asia,20,N/A,N/A,
16307,High-Productivity,Pit<1Month,Other Cattle,South Asia,0,N/A,N/A,
16309,High-Productivity,Poultry Manure,Other Cattle,South Asia,0,N/A,N/A,
16310,High-Productivity,Deep Bedding,Other Cattle,South Asia,0,N/A,N/A,
16311,High-Productivity,Composting,Other Cattle,South Asia,0,N/A,N/A,
16312,High-Productivity,Aerobic Treatment,Other Cattle,South Asia,0,N/A,N/A,
16313,Low-Productivity,Lagoon,Other Cattle,Sub-Saharan Africa,0,N/A,N/A,
16314,Low-Productivity,Liquid/Slurry,Other Cattle,Sub-Saharan Africa,0,N/A,N/A,
16315,Low-Productivity,Solid Storage,Other Cattle,Sub-Saharan Africa,15,N/A,N/A,
16316,Low-Productivity,Dry Lot,Other Cattle,Sub-Saharan Africa,30,N/A,N/A,
16317,Low-Productivity,Pasture/Range/Paddock,Other Cattle,Sub-Saharan Africa,50,N/A,N/A,
16318,Low-Productivity,Daily Spread,Other Cattle,Sub-Saharan Africa,0,N/A,N/A,
16319,Low-Productivity,Digester,Other Cattle,Sub-Saharan Africa,0,N/A,N/A,
16320,Low-Productivity,Burned For Fuel,Other Cattle,Sub-Saharan Africa,5,N/A,N/A,
16321,Low-Productivity,Pit<1Month,Other Cattle,Sub-Saharan Africa,0,N/A,N/A,
16323,Low-Productivity,Poultry Manure,Other Cattle,Sub-Saharan Africa,0,N/A,N/A,
16324,Low-Productivity,Deep Bedding,Other Cattle,Sub-Saharan Africa,0,N/A,N/A,
16325,Low-Productivity,Composting,Other Cattle,Sub-Saharan Africa,0,N/A,N/A,
16326,Low-Productivity,Aerobic Treatment,Other Cattle,Sub-Saharan Africa,0,N/A,N/A,
16327,Low-Productivity,Lagoon,Other Cattle,East Asia And South-East Asia,0,N/A,N/A,
16328,Low-Productivity,Liquid/Slurry,Other Cattle,East Asia And South-East Asia,0,N/A,N/A,
16329,Low-Productivity,Solid Storage,Other Cattle,East Asia And South-East Asia,29,N/A,N/A,
16330,Low-Productivity,Dry Lot,Other Cattle,East Asia And South-East Asia,28,N/A,N/A,
16331,Low-Productivity,Pasture/Range/Paddock,Other Cattle,East Asia And South-East Asia,36,N/A,N/A,
16332,Low-Productivity,Daily Spread,Other Cattle,East Asia And South-East Asia,0,N/A,N/A,
16333,Low-Productivity,Digester,Other Cattle,East Asia And South-East Asia,0,N/A,N/A,
16334,Low-Productivity,Burned For Fuel,Other Cattle,East Asia And South-East Asia,7,N/A,N/A,
16335,Low-Productivity,Pit<1Month,Other Cattle,East Asia And South-East Asia,0,N/A,N/A,
16337,Low-Productivity,Poultry Manure,Other Cattle,East Asia And South-East Asia,0,N/A,N/A,
16338,Low-Productivity,Deep Bedding,Other Cattle,East Asia And South-East Asia,0,N/A,N/A,
16339,Low-Productivity,Composting,Other Cattle,East Asia And South-East Asia,0,N/A,N/A,
16340,Low-Productivity,Aerobic Treatment,Other Cattle,East Asia And South-East Asia,0,N/A,N/A,
16341,Low-Productivity,Lagoon,Other Cattle,North America,0,N/A,N/A,
16342,Low-Productivity,Liquid/Slurry,Other Cattle,North America,1,N/A,N/A,
16343,Low-Productivity,Solid Storage,Other Cattle,North America,43,N/A,N/A,
16344,Low-Productivity,Dry Lot,Other Cattle,North America,14,N/A,N/A,
16345,Low-Productivity,Pasture/Range/Paddock,Other Cattle,North America,42,N/A,N/A,
16346,Low-Productivity,Daily Spread,Other Cattle,North America,0,N/A,N/A,
16347,Low-Productivity,Digester,Other Cattle,North America,0,N/A,N/A,
16348,Low-Productivity,Burned For Fuel,Other Cattle,North America,0,N/A,N/A,
16349,Low-Productivity,Pit<1Month,Other Cattle,North America,0,N/A,N/A,
16351,Low-Productivity,Poultry Manure,Other Cattle,North America,0,N/A,N/A,
16352,Low-Productivity,Deep Bedding,Other Cattle,North America,0,N/A,N/A,
16353,Low-Productivity,Composting,Other Cattle,North America,0,N/A,N/A,
16354,Low-Productivity,Aerobic Treatment,Other Cattle,North America,0,N/A,N/A,
16355,Low-Productivity,Lagoon,Other Cattle,Latin America And The Caribbean,0,N/A,N/A,
16356,Low-Productivity,Liquid/Slurry,Other Cattle,Latin America And The Caribbean,0,N/A,N/A,
16357,Low-Productivity,Solid Storage,Other Cattle,Latin America And The Caribbean,3,N/A,N/A,
16358,Low-Productivity,Dry Lot,Other Cattle,Latin America And The Caribbean,5,N/A,N/A,
16359,Low-Productivity,Pasture/Range/Paddock,Other Cattle,Latin America And The Caribbean,92,N/A,N/A,
16360,Low-Productivity,Daily Spread,Other Cattle,Latin America And The Caribbean,0,N/A,N/A,
16361,Low-Productivity,Digester,Other Cattle,Latin America And The Caribbean,0,N/A,N/A,
16362,Low-Productivity,Burned For Fuel,Other Cattle,Latin America And The Caribbean,0,N/A,N/A,
16363,Low-Productivity,Pit<1Month,Other Cattle,Latin America And The Caribbean,0,N/A,N/A,
16365,Low-Productivity,Poultry Manure,Other Cattle,Latin America And The Caribbean,0,N/A,N/A,
16366,Low-Productivity,Deep Bedding,Other Cattle,Latin America And The Caribbean,0,N/A,N/A,
16367,Low-Productivity,Composting,Other Cattle,Latin America And The Caribbean,0,N/A,N/A,
16368,Low-Productivity,Aerobic Treatment,Other Cattle,Latin America And The Caribbean,0,N/A,N/A,
16369,Low-Productivity,Lagoon,Other Cattle,Western Europe,0,N/A,N/A,
16370,Low-Productivity,Liquid/Slurry,Other Cattle,Western Europe,22,N/A,N/A,
16371,Low-Productivity,Solid Storage,Other Cattle,Western Europe,26,N/A,N/A,
16372,Low-Productivity,Dry Lot,Other Cattle,Western Europe,0,N/A,N/A,
16373,Low-Productivity,Pasture/Range/Paddock,Other Cattle,Western Europe,48,N/A,N/A,
16374,Low-Productivity,Daily Spread,Other Cattle,Western Europe,4,N/A,N/A,
16375,Low-Productivity,Digester,Other Cattle,Western Europe,0,N/A,N/A,
16376,Low-Productivity,Burned For Fuel,Other Cattle,Western Europe,0,N/A,N/A,
16377,Low-Productivity,Pit<1Month,Other Cattle,Western Europe,0,N/A,N/A,
16379,Low-Productivity,Poultry Manure,Other Cattle,Western Europe,0,N/A,N/A,
16380,Low-Productivity,Deep Bedding,Other Cattle,Western Europe,0,N/A,N/A,
16381,Low-Productivity,Composting,Other Cattle,Western Europe,0,N/A,N/A,
16382,Low-Productivity,Aerobic Treatment,Other Cattle,Western Europe,0,N/A,N/A,
16383,Low-Productivity,Lagoon,Other Cattle,Eastern Europe,0,N/A,N/A,
16384,Low-Productivity,Liquid/Slurry,Other Cattle,Eastern Europe,64,N/A,N/A,
16385,Low-Productivity,Solid Storage,Other Cattle,Eastern Europe,5,N/A,N/A,
16386,Low-Productivity,Dry Lot,Other Cattle,Eastern Europe,0,N/A,N/A,
16387,Low-Productivity,Pasture/Range/Paddock,Other Cattle,Eastern Europe,31,N/A,N/A,
16388,Low-Productivity,Daily Spread,Other Cattle,Eastern Europe,0,N/A,N/A,
16389,Low-Productivity,Digester,Other Cattle,Eastern Europe,0,N/A,N/A,
16390,Low-Productivity,Burned For Fuel,Other Cattle,Eastern Europe,0,N/A,N/A,
16391,Low-Productivity,Pit<1Month,Other Cattle,Eastern Europe,0,N/A,N/A,
16393,Low-Productivity,Poultry Manure,Other Cattle,Eastern Europe,0,N/A,N/A,
16394,Low-Productivity,Deep Bedding,Other Cattle,Eastern Europe,0,N/A,N/A,
16395,Low-Productivity,Composting,Other Cattle,Eastern Europe,0,N/A,N/A,
16396,Low-Productivity,Aerobic Treatment,Other Cattle,Eastern Europe,0,N/A,N/A,
16397,Low-Productivity,Lagoon,Other Cattle,Russian Federation,0,N/A,N/A,
16398,Low-Productivity,Liquid/Slurry,Other Cattle,Russian Federation,64,N/A,N/A,
16399,Low-Productivity,Solid Storage,Other Cattle,Russian Federation,5,N/A,N/A,
16400,Low-Productivity,Dry Lot,Other Cattle,Russian Federation,0,N/A,N/A,
16401,Low-Productivity,Pasture/Range/Paddock,Other Cattle,Russian Federation,31,N/A,N/A,
16402,Low-Productivity,Daily Spread,Other Cattle,Russian Federation,0,N/A,N/A,
16403,Low-Productivity,Digester,Other Cattle,Russian Federation,0,N/A,N/A,
16404,Low-Productivity,Burned For Fuel,Other Cattle,Russian Federation,0,N/A,N/A,
16405,Low-Productivity,Pit<1Month,Other Cattle,Russian Federation,0,N/A,N/A,
16407,Low-Productivity,Poultry Manure,Other Cattle,Russian Federation,0,N/A,N/A,
16408,Low-Productivity,Deep Bedding,Other Cattle,Russian Federation,0,N/A,N/A,
16409,Low-Productivity,Composting,Other Cattle,Russian Federation,0,N/A,N/A,
16410,Low-Productivity,Aerobic Treatment,Other Cattle,Russian Federation,0,N/A,N/A,
16411,Low-Productivity,Lagoon,Other Cattle,Oceania,0,N/A,N/A,
16412,Low-Productivity,Liquid/Slurry,Other Cattle,Oceania,0,N/A,N/A,
16413,Low-Productivity,Solid Storage,Other Cattle,Oceania,0,N/A,N/A,
16414,Low-Productivity,Dry Lot,Other Cattle,Oceania,0,N/A,N/A,
16415,Low-Productivity,Pasture/Range/Paddock,Other Cattle,Oceania,100,N/A,N/A,
16416,Low-Productivity,Daily Spread,Other Cattle,Oceania,0,N/A,N/A,
16417,Low-Productivity,Digester,Other Cattle,Oceania,0,N/A,N/A,
16418,Low-Productivity,Burned For Fuel,Other Cattle,Oceania,0,N/A,N/A,
16419,Low-Productivity,Pit<1Month,Other Cattle,Oceania,0,N/A,N/A,
16421,Low-Productivity,Poultry Manure,Other Cattle,Oceania,0,N/A,N/A,
16422,Low-Productivity,Deep Bedding,Other Cattle,Oceania,0,N/A,N/A,
16423,Low-Productivity,Composting,Other Cattle,Oceania,0,N/A,N/A,
16424,Low-Productivity,Aerobic Treatment,Other Cattle,Oceania,0,N/A,N/A,
16425,Low-Productivity,Lagoon,Other Cattle,NENA/Middle East,0,N/A,N/A,
16426,Low-Productivity,Liquid/Slurry,Other Cattle,NENA/Middle East,0,N/A,N/A,
16427,Low-Productivity,Solid Storage,Other Cattle,NENA/Middle East,5,N/A,N/A,
16428,Low-Productivity,Dry Lot,Other Cattle,NENA/Middle East,46,N/A,N/A,
16429,Low-Productivity,Pasture/Range/Paddock,Other Cattle,NENA/Middle East,42,N/A,N/A,
16430,Low-Productivity,Daily Spread,Other Cattle,NENA/Middle East,0,N/A,N/A,
16431,Low-Productivity,Digester,Other Cattle,NENA/Middle East,0,N/A,N/A,
16432,Low-Productivity,Burned For Fuel,Other Cattle,NENA/Middle East,7,N/A,N/A,
16433,Low-Productivity,Pit<1Month,Other Cattle,NENA/Middle East,0,N/A,N/A,
16435,Low-Productivity,Poultry Manure,Other Cattle,NENA/Middle East,0,N/A,N/A,
16436,Low-Productivity,Deep Bedding,Other Cattle,NENA/Middle East,0,N/A,N/A,
16437,Low-Productivity,Composting,Other Cattle,NENA/Middle East,0,N/A,N/A,
16438,Low-Productivity,Aerobic Treatment,Other Cattle,NENA/Middle East,0,N/A,N/A,
16439,Low-Productivity,Lagoon,Other Cattle,South Asia,0,N/A,N/A,
16440,Low-Productivity,Liquid/Slurry,Other Cattle,South Asia,0,N/A,N/A,
16441,Low-Productivity,Solid Storage,Other Cattle,South Asia,1,N/A,N/A,
16442,Low-Productivity,Dry Lot,Other Cattle,South Asia,49,N/A,N/A,
16443,Low-Productivity,Pasture/Range/Paddock,Other Cattle,South Asia,30,N/A,N/A,
16444,Low-Productivity,Daily Spread,Other Cattle,South Asia,0,N/A,N/A,
16445,Low-Productivity,Digester,Other Cattle,South Asia,0,N/A,N/A,
16446,Low-Productivity,Burned For Fuel,Other Cattle,South Asia,20,N/A,N/A,
16447,Low-Productivity,Pit<1Month,Other Cattle,South Asia,0,N/A,N/A,
16449,Low-Productivity,Poultry Manure,Other Cattle,South Asia,0,N/A,N/A,
16450,Low-Productivity,Deep Bedding,Other Cattle,South Asia,0,N/A,N/A,
16451,Low-Productivity,Composting,Other Cattle,South Asia,0,N/A,N/A,
16452,Low-Productivity,Aerobic Treatment,Other Cattle,South Asia,0,N/A,N/A,
16453,Default,Lagoon,Other Cattle,Sub-Saharan Africa,0,N/A,N/A,
16454,Default,Liquid/Slurry,Other Cattle,Sub-Saharan Africa,0,N/A,N/A,
16455,Default,Solid Storage,Other Cattle,Sub-Saharan Africa,15,N/A,N/A,
16456,Default,Dry Lot,Other Cattle,Sub-Saharan Africa,30,N/A,N/A,
16457,Default,Pasture/Range/Paddock,Other Cattle,Sub-Saharan Africa,50,N/A,N/A,
16458,Default,Daily Spread,Other Cattle,Sub-Saharan Africa,0,N/A,N/A,
16459,Default,Digester,Other Cattle,Sub-Saharan Africa,0,N/A,N/A,
16460,Default,Burned For Fuel,Other Cattle,Sub-Saharan Africa,5,N/A,N/A,
16461,Default,Pit<1Month,Other Cattle,Sub-Saharan Africa,0,N/A,N/A,
16463,Default,Poultry Manure,Other Cattle,Sub-Saharan Africa,0,N/A,N/A,
16464,Default,Deep Bedding,Other Cattle,Sub-Saharan Africa,0,N/A,N/A,
16465,Default,Composting,Other Cattle,Sub-Saharan Africa,0,N/A,N/A,
16466,Default,Aerobic Treatment,Other Cattle,Sub-Saharan Africa,0,N/A,N/A,
16467,Default,Lagoon,Other Cattle,East Asia And South-East Asia,0,N/A,N/A,
16468,Default,Liquid/Slurry,Other Cattle,East Asia And South-East Asia,0,N/A,N/A,
16469,Default,Solid Storage,Other Cattle,East Asia And South-East Asia,29,N/A,N/A,
16470,Default,Dry Lot,Other Cattle,East Asia And South-East Asia,28,N/A,N/A,
16471,Default,Pasture/Range/Paddock,Other Cattle,East Asia And South-East Asia,36,N/A,N/A,
16472,Default,Daily Spread,Other Cattle,East Asia And South-East Asia,0,N/A,N/A,
16473,Default,Digester,Other Cattle,East Asia And South-East Asia,0,N/A,N/A,
16474,Default,Burned For Fuel,Other Cattle,East Asia And South-East Asia,7,N/A,N/A,
16475,Default,Pit<1Month,Other Cattle,East Asia And South-East Asia,0,N/A,N/A,
16477,Default,Poultry Manure,Other Cattle,East Asia And South-East Asia,0,N/A,N/A,
16478,Default,Deep Bedding,Other Cattle,East Asia And South-East Asia,0,N/A,N/A,
16479,Default,Composting,Other Cattle,East Asia And South-East Asia,0,N/A,N/A,
16480,Default,Aerobic Treatment,Other Cattle,East Asia And South-East Asia,0,N/A,N/A,
16481,Default,Lagoon,Other Cattle,North America,0,N/A,N/A,
16482,Default,Liquid/Slurry,Other Cattle,North America,1,N/A,N/A,
16483,Default,Solid Storage,Other Cattle,North America,43,N/A,N/A,
16484,Default,Dry Lot,Other Cattle,North America,14,N/A,N/A,
16485,Default,Pasture/Range/Paddock,Other Cattle,North America,42,N/A,N/A,
16486,Default,Daily Spread,Other Cattle,North America,0,N/A,N/A,
16487,Default,Digester,Other Cattle,North America,0,N/A,N/A,
16488,Default,Burned For Fuel,Other Cattle,North America,0,N/A,N/A,
16489,Default,Pit<1Month,Other Cattle,North America,0,N/A,N/A,
16491,Default,Poultry Manure,Other Cattle,North America,0,N/A,N/A,
16492,Default,Deep Bedding,Other Cattle,North America,0,N/A,N/A,
16493,Default,Composting,Other Cattle,North America,0,N/A,N/A,
16494,Default,Aerobic Treatment,Other Cattle,North America,0,N/A,N/A,
16495,Default,Lagoon,Other Cattle,Latin America And The Caribbean,0,N/A,N/A,
16496,Default,Liquid/Slurry,Other Cattle,Latin America And The Caribbean,0,N/A,N/A,
16497,Default,Solid Storage,Other Cattle,Latin America And The Caribbean,3,N/A,N/A,
16498,Default,Dry Lot,Other Cattle,Latin America And The Caribbean,5,N/A,N/A,
16499,Default,Pasture/Range/Paddock,Other Cattle,Latin America And The Caribbean,92,N/A,N/A,
16500,Default,Daily Spread,Other Cattle,Latin America And The Caribbean,0,N/A,N/A,
16501,Default,Digester,Other Cattle,Latin America And The Caribbean,0,N/A,N/A,
16502,Default,Burned For Fuel,Other Cattle,Latin America And The Caribbean,0,N/A,N/A,
16503,Default,Pit<1Month,Other Cattle,Latin America And The Caribbean,0,N/A,N/A,
16505,Default,Poultry Manure,Other Cattle,Latin America And The Caribbean,0,N/A,N/A,
16506,Default,Deep Bedding,Other Cattle,Latin America And The Caribbean,0,N/A,N/A,
16507,Default,Composting,Other Cattle,Latin America And The Caribbean,0,N/A,N/A,
16508,Default,Aerobic Treatment,Other Cattle,Latin America And The Caribbean,0,N/A,N/A,
16509,Default,Lagoon,Other Cattle,Western Europe,0,N/A,N/A,
16510,Default,Liquid/Slurry,Other Cattle,Western Europe,22,N/A,N/A,
16511,Default,Solid Storage,Other Cattle,Western Europe,26,N/A,N/A,
16512,Default,Dry Lot,Other Cattle,Western Europe,0,N/A,N/A,
16513,Default,Pasture/Range/Paddock,Other Cattle,Western Europe,48,N/A,N/A,
16514,Default,Daily Spread,Other Cattle,Western Europe,4,N/A,N/A,
16515,Default,Digester,Other Cattle,Western Europe,0,N/A,N/A,
16516,Default,Burned For Fuel,Other Cattle,Western Europe,0,N/A,N/A,
16517,Default,Pit<1Month,Other Cattle,Western Europe,0,N/A,N/A,
16519,Default,Poultry Manure,Other Cattle,Western Europe,0,N/A,N/A,
16520,Default,Deep Bedding,Other Cattle,Western Europe,0,N/A,N/A,
16521,Default,Composting,Other Cattle,Western Europe,0,N/A,N/A,
16522,Default,Aerobic Treatment,Other Cattle,Western Europe,0,N/A,N/A,
16523,Default,Lagoon,Other Cattle,Eastern Europe,0,N/A,N/A,
16524,Default,Liquid/Slurry,Other Cattle,Eastern Europe,64,N/A,N/A,
16525,Default,Solid Storage,Other Cattle,Eastern Europe,5,N/A,N/A,
16526,Default,Dry Lot,Other Cattle,Eastern Europe,0,N/A,N/A,
16527,Default,Pasture/Range/Paddock,Other Cattle,Eastern Europe,31,N/A,N/A,
16528,Default,Daily Spread,Other Cattle,Eastern Europe,0,N/A,N/A,
16529,Default,Digester,Other Cattle,Eastern Europe,0,N/A,N/A,
16530,Default,Burned For Fuel,Other Cattle,Eastern Europe,0,N/A,N/A,
16531,Default,Pit<1Month,Other Cattle,Eastern Europe,0,N/A,N/A,
16533,Default,Poultry Manure,Other Cattle,Eastern Europe,0,N/A,N/A,
16534,Default,Deep Bedding,Other Cattle,Eastern Europe,0,N/A,N/A,
16535,Default,Composting,Other Cattle,Eastern Europe,0,N/A,N/A,
16536,Default,Aerobic Treatment,Other Cattle,Eastern Europe,0,N/A,N/A,
16537,Default,Lagoon,Other Cattle,Russian Federation,0,N/A,N/A,
16538,Default,Liquid/Slurry,Other Cattle,Russian Federation,64,N/A,N/A,
16539,Default,Solid Storage,Other Cattle,Russian Federation,5,N/A,N/A,
16540,Default,Dry Lot,Other Cattle,Russian Federation,0,N/A,N/A,
16541,Default,Pasture/Range/Paddock,Other Cattle,Russian Federation,31,N/A,N/A,
16542,Default,Daily Spread,Other Cattle,Russian Federation,0,N/A,N/A,
16543,Default,Digester,Other Cattle,Russian Federation,0,N/A,N/A,
16544,Default,Burned For Fuel,Other Cattle,Russian Federation,0,N/A,N/A,
16545,Default,Pit<1Month,Other Cattle,Russian Federation,0,N/A,N/A,
16547,Default,Poultry Manure,Other Cattle,Russian Federation,0,N/A,N/A,
16548,Default,Deep Bedding,Other Cattle,Russian Federation,0,N/A,N/A,
16549,Default,Composting,Other Cattle,Russian Federation,0,N/A,N/A,
16550,Default,Aerobic Treatment,Other Cattle,Russian Federation,0,N/A,N/A,
16551,Default,Lagoon,Other Cattle,Oceania,0,N/A,N/A,
16552,Default,Liquid/Slurry,Other Cattle,Oceania,0,N/A,N/A,
16553,Default,Solid Storage,Other Cattle,Oceania,0,N/A,N/A,
16554,Default,Dry Lot,Other Cattle,Oceania,0,N/A,N/A,
16555,Default,Pasture/Range/Paddock,Other Cattle,Oceania,100,N/A,N/A,
16556,Default,Daily Spread,Other Cattle,Oceania,0,N/A,N/A,
16557,Default,Digester,Other Cattle,Oceania,0,N/A,N/A,
16558,Default,Burned For Fuel,Other Cattle,Oceania,0,N/A,N/A,
16559,Default,Pit<1Month,Other Cattle,Oceania,0,N/A,N/A,
16561,Default,Poultry Manure,Other Cattle,Oceania,0,N/A,N/A,
16562,Default,Deep Bedding,Other Cattle,Oceania,0,N/A,N/A,
16563,Default,Composting,Other Cattle,Oceania,0,N/A,N/A,
16564,Default,Aerobic Treatment,Other Cattle,Oceania,0,N/A,N/A,
16565,Default,Lagoon,Other Cattle,NENA/Middle East,0,N/A,N/A,
16566,Default,Liquid/Slurry,Other Cattle,NENA/Middle East,0,N/A,N/A,
16567,Default,Solid Storage,Other Cattle,NENA/Middle East,5,N/A,N/A,
16568,Default,Dry Lot,Other Cattle,NENA/Middle East,46,N/A,N/A,
16569,Default,Pasture/Range/Paddock,Other Cattle,NENA/Middle East,42,N/A,N/A,
16570,Default,Daily Spread,Other Cattle,NENA/Middle East,0,N/A,N/A,
16571,Default,Digester,Other Cattle,NENA/Middle East,0,N/A,N/A,
16572,Default,Burned For Fuel,Other Cattle,NENA/Middle East,7,N/A,N/A,
16573,Default,Pit<1Month,Other Cattle,NENA/Middle East,0,N/A,N/A,
16575,Default,Poultry Manure,Other Cattle,NENA/Middle East,0,N/A,N/A,
16576,Default,Deep Bedding,Other Cattle,NENA/Middle East,0,N/A,N/A,
16577,Default,Composting,Other Cattle,NENA/Middle East,0,N/A,N/A,
16578,Default,Aerobic Treatment,Other Cattle,NENA/Middle East,0,N/A,N/A,
16579,Default,Lagoon,Other Cattle,South Asia,0,N/A,N/A,
16580,Default,Liquid/Slurry,Other Cattle,South Asia,0,N/A,N/A,
16581,Default,Solid Storage,Other Cattle,South Asia,1,N/A,N/A,
16582,Default,Dry Lot,Other Cattle,South Asia,49,N/A,N/A,
16583,Default,Pasture/Range/Paddock,Other Cattle,South Asia,30,N/A,N/A,
16584,Default,Daily Spread,Other Cattle,South Asia,0,N/A,N/A,
16585,Default,Digester,Other Cattle,South Asia,0,N/A,N/A,
16586,Default,Burned For Fuel,Other Cattle,South Asia,20,N/A,N/A,
16587,Default,Pit<1Month,Other Cattle,South Asia,0,N/A,N/A,
16589,Default,Poultry Manure,Other Cattle,South Asia,0,N/A,N/A,
16590,Default,Deep Bedding,Other Cattle,South Asia,0,N/A,N/A,
16591,Default,Composting,Other Cattle,South Asia,0,N/A,N/A,
16592,Default,Aerobic Treatment,Other Cattle,South Asia,0,N/A,N/A,
16593,High-Productivity,Lagoon,Dairy Buffalo,Sub-Saharan Africa,0,N/A,N/A,
16594,High-Productivity,Liquid/Slurry,Dairy Buffalo,Sub-Saharan Africa,0,N/A,N/A,
16595,High-Productivity,Solid Storage,Dairy Buffalo,Sub-Saharan Africa,0,N/A,N/A,
16596,High-Productivity,Dry Lot,Dairy Buffalo,Sub-Saharan Africa,0,N/A,N/A,
16597,High-Productivity,Pasture/Range/Paddock,Dairy Buffalo,Sub-Saharan Africa,0,N/A,N/A,
16598,High-Productivity,Daily Spread,Dairy Buffalo,Sub-Saharan Africa,0,N/A,N/A,
16599,High-Productivity,Digester,Dairy Buffalo,Sub-Saharan Africa,0,N/A,N/A,
16600,High-Productivity,Burned For Fuel,Dairy Buffalo,Sub-Saharan Africa,0,N/A,N/A,
16601,High-Productivity,Pit<1Month,Dairy Buffalo,Sub-Saharan Africa,0,N/A,N/A,
16603,High-Productivity,Poultry Manure,Dairy Buffalo,Sub-Saharan Africa,0,N/A,N/A,
16604,High-Productivity,Deep Bedding,Dairy Buffalo,Sub-Saharan Africa,0,N/A,N/A,
16605,High-Productivity,Composting,Dairy Buffalo,Sub-Saharan Africa,0,N/A,N/A,
16606,High-Productivity,Aerobic Treatment,Dairy Buffalo,Sub-Saharan Africa,0,N/A,N/A,
16607,High-Productivity,Lagoon,Dairy Buffalo,East Asia And South-East Asia,0,N/A,N/A,
16608,High-Productivity,Liquid/Slurry,Dairy Buffalo,East Asia And South-East Asia,0,N/A,N/A,
16609,High-Productivity,Solid Storage,Dairy Buffalo,East Asia And South-East Asia,10,N/A,N/A,
16610,High-Productivity,Dry Lot,Dairy Buffalo,East Asia And South-East Asia,58,N/A,N/A,
16611,High-Productivity,Pasture/Range/Paddock,Dairy Buffalo,East Asia And South-East Asia,29,N/A,N/A,
16612,High-Productivity,Daily Spread,Dairy Buffalo,East Asia And South-East Asia,0,N/A,N/A,
16613,High-Productivity,Digester,Dairy Buffalo,East Asia And South-East Asia,0,N/A,N/A,
16614,High-Productivity,Burned For Fuel,Dairy Buffalo,East Asia And South-East Asia,3,N/A,N/A,
16615,High-Productivity,Pit<1Month,Dairy Buffalo,East Asia And South-East Asia,0,N/A,N/A,
16617,High-Productivity,Poultry Manure,Dairy Buffalo,East Asia And South-East Asia,0,N/A,N/A,
16618,High-Productivity,Deep Bedding,Dairy Buffalo,East Asia And South-East Asia,0,N/A,N/A,
16619,High-Productivity,Composting,Dairy Buffalo,East Asia And South-East Asia,0,N/A,N/A,
16620,High-Productivity,Aerobic Treatment,Dairy Buffalo,East Asia And South-East Asia,0,N/A,N/A,
16621,High-Productivity,Lagoon,Dairy Buffalo,North America,0,N/A,N/A,
16622,High-Productivity,Liquid/Slurry,Dairy Buffalo,North America,43,N/A,N/A,
16623,High-Productivity,Solid Storage,Dairy Buffalo,North America,40,N/A,N/A,
16624,High-Productivity,Dry Lot,Dairy Buffalo,North America,0,N/A,N/A,
16625,High-Productivity,Pasture/Range/Paddock,Dairy Buffalo,North America,17,N/A,N/A,
16626,High-Productivity,Daily Spread,Dairy Buffalo,North America,0,N/A,N/A,
16627,High-Productivity,Digester,Dairy Buffalo,North America,0,N/A,N/A,
16628,High-Productivity,Burned For Fuel,Dairy Buffalo,North America,0,N/A,N/A,
16629,High-Productivity,Pit<1Month,Dairy Buffalo,North America,0,N/A,N/A,
16631,High-Productivity,Poultry Manure,Dairy Buffalo,North America,0,N/A,N/A,
16632,High-Productivity,Deep Bedding,Dairy Buffalo,North America,0,N/A,N/A,
16633,High-Productivity,Composting,Dairy Buffalo,North America,0,N/A,N/A,
16634,High-Productivity,Aerobic Treatment,Dairy Buffalo,North America,0,N/A,N/A,
16635,High-Productivity,Lagoon,Dairy Buffalo,Latin America And The Caribbean,0,N/A,N/A,
16636,High-Productivity,Liquid/Slurry,Dairy Buffalo,Latin America And The Caribbean,0,N/A,N/A,
16637,High-Productivity,Solid Storage,Dairy Buffalo,Latin America And The Caribbean,2,N/A,N/A,
16638,High-Productivity,Dry Lot,Dairy Buffalo,Latin America And The Caribbean,48,N/A,N/A,
16639,High-Productivity,Pasture/Range/Paddock,Dairy Buffalo,Latin America And The Caribbean,50,N/A,N/A,
16640,High-Productivity,Daily Spread,Dairy Buffalo,Latin America And The Caribbean,0,N/A,N/A,
16641,High-Productivity,Digester,Dairy Buffalo,Latin America And The Caribbean,0,N/A,N/A,
16642,High-Productivity,Burned For Fuel,Dairy Buffalo,Latin America And The Caribbean,0,N/A,N/A,
16643,High-Productivity,Pit<1Month,Dairy Buffalo,Latin America And The Caribbean,0,N/A,N/A,
16645,High-Productivity,Poultry Manure,Dairy Buffalo,Latin America And The Caribbean,0,N/A,N/A,
15762,High-Productivity,Pit>1Month,Dairy Cattle,Sub-Saharan Africa,0,N/A,N/A,
15776,High-Productivity,Pit>1Month,Dairy Cattle,East Asia And South-East Asia,0,N/A,N/A,
15790,High-Productivity,Pit>1Month,Dairy Cattle,North America,0,N/A,N/A,
15804,High-Productivity,Pit>1Month,Dairy Cattle,Latin America And The Caribbean,0,N/A,N/A,
15818,High-Productivity,Pit>1Month,Dairy Cattle,Western Europe,0,N/A,N/A,
15832,High-Productivity,Pit>1Month,Dairy Cattle,Eastern Europe,0,N/A,N/A,
15846,High-Productivity,Pit>1Month,Dairy Cattle,Russian Federation,0,N/A,N/A,
15860,High-Productivity,Pit>1Month,Dairy Cattle,Oceania,0,N/A,N/A,
15874,High-Productivity,Pit>1Month,Dairy Cattle,NENA/Middle East,0,N/A,N/A,
15888,High-Productivity,Pit>1Month,Dairy Cattle,South Asia,0,N/A,N/A,
15902,Low-Productivity,Pit>1Month,Dairy Cattle,Sub-Saharan Africa,0,N/A,N/A,
15916,Low-Productivity,Pit>1Month,Dairy Cattle,East Asia And South-East Asia,0,N/A,N/A,
15930,Low-Productivity,Pit>1Month,Dairy Cattle,North America,0,N/A,N/A,
15944,Low-Productivity,Pit>1Month,Dairy Cattle,Latin America And The Caribbean,0,N/A,N/A,
15958,Low-Productivity,Pit>1Month,Dairy Cattle,Western Europe,0,N/A,N/A,
15972,Low-Productivity,Pit>1Month,Dairy Cattle,Eastern Europe,0,N/A,N/A,
15986,Low-Productivity,Pit>1Month,Dairy Cattle,Russian Federation,0,N/A,N/A,
16000,Low-Productivity,Pit>1Month,Dairy Cattle,Oceania,0,N/A,N/A,
16014,Low-Productivity,Pit>1Month,Dairy Cattle,NENA/Middle East,0,N/A,N/A,
16028,Low-Productivity,Pit>1Month,Dairy Cattle,South Asia,0,N/A,N/A,
16042,Default,Pit>1Month,Dairy Cattle,Sub-Saharan Africa,0,N/A,N/A,
16056,Default,Pit>1Month,Dairy Cattle,East Asia And South-East Asia,0,N/A,N/A,
16070,Default,Pit>1Month,Dairy Cattle,North America,0,N/A,N/A,
16084,Default,Pit>1Month,Dairy Cattle,Latin America And The Caribbean,0,N/A,N/A,
16098,Default,Pit>1Month,Dairy Cattle,Western Europe,0,N/A,N/A,
16112,Default,Pit>1Month,Dairy Cattle,Eastern Europe,0,N/A,N/A,
16126,Default,Pit>1Month,Dairy Cattle,Russian Federation,0,N/A,N/A,
16140,Default,Pit>1Month,Dairy Cattle,Oceania,0,N/A,N/A,
16154,Default,Pit>1Month,Dairy Cattle,NENA/Middle East,0,N/A,N/A,
16168,Default,Pit>1Month,Dairy Cattle,South Asia,0,N/A,N/A,
16182,High-Productivity,Pit>1Month,Other Cattle,Sub-Saharan Africa,0,N/A,N/A,
16196,High-Productivity,Pit>1Month,Other Cattle,East Asia And South-East Asia,0,N/A,N/A,
16210,High-Productivity,Pit>1Month,Other Cattle,North America,0,N/A,N/A,
16224,High-Productivity,Pit>1Month,Other Cattle,Latin America And The Caribbean,0,N/A,N/A,
16238,High-Productivity,Pit>1Month,Other Cattle,Western Europe,0,N/A,N/A,
16252,High-Productivity,Pit>1Month,Other Cattle,Eastern Europe,0,N/A,N/A,
16266,High-Productivity,Pit>1Month,Other Cattle,Russian Federation,0,N/A,N/A,
16280,High-Productivity,Pit>1Month,Other Cattle,Oceania,0,N/A,N/A,
16294,High-Productivity,Pit>1Month,Other Cattle,NENA/Middle East,0,N/A,N/A,
16308,High-Productivity,Pit>1Month,Other Cattle,South Asia,0,N/A,N/A,
16322,Low-Productivity,Pit>1Month,Other Cattle,Sub-Saharan Africa,0,N/A,N/A,
16336,Low-Productivity,Pit>1Month,Other Cattle,East Asia And South-East Asia,0,N/A,N/A,
16350,Low-Productivity,Pit>1Month,Other Cattle,North America,0,N/A,N/A,
16364,Low-Productivity,Pit>1Month,Other Cattle,Latin America And The Caribbean,0,N/A,N/A,
16378,Low-Productivity,Pit>1Month,Other Cattle,Western Europe,0,N/A,N/A,
16392,Low-Productivity,Pit>1Month,Other Cattle,Eastern Europe,0,N/A,N/A,
16406,Low-Productivity,Pit>1Month,Other Cattle,Russian Federation,0,N/A,N/A,
16420,Low-Productivity,Pit>1Month,Other Cattle,Oceania,0,N/A,N/A,
16434,Low-Productivity,Pit>1Month,Other Cattle,NENA/Middle East,0,N/A,N/A,
16448,Low-Productivity,Pit>1Month,Other Cattle,South Asia,0,N/A,N/A,
16462,Default,Pit>1Month,Other Cattle,Sub-Saharan Africa,0,N/A,N/A,
16476,Default,Pit>1Month,Other Cattle,East Asia And South-East Asia,0,N/A,N/A,
16490,Default,Pit>1Month,Other Cattle,North America,0,N/A,N/A,
16504,Default,Pit>1Month,Other Cattle,Latin America And The Caribbean,0,N/A,N/A,
16518,Default,Pit>1Month,Other Cattle,Western Europe,0,N/A,N/A,
16532,Default,Pit>1Month,Other Cattle,Eastern Europe,0,N/A,N/A,
16546,Default,Pit>1Month,Other Cattle,Russian Federation,0,N/A,N/A,
16560,Default,Pit>1Month,Other Cattle,Oceania,0,N/A,N/A,
16574,Default,Pit>1Month,Other Cattle,NENA/Middle East,0,N/A,N/A,
16588,Default,Pit>1Month,Other Cattle,South Asia,0,N/A,N/A,
16602,High-Productivity,Pit>1Month,Dairy Buffalo,Sub-Saharan Africa,0,N/A,N/A,
16616,High-Productivity,Pit>1Month,Dairy Buffalo,East Asia And South-East Asia,0,N/A,N/A,
16630,High-Productivity,Pit>1Month,Dairy Buffalo,North America,0,N/A,N/A,
16644,High-Productivity,Pit>1Month,Dairy Buffalo,Latin America And The Caribbean,0,N/A,N/A,
16756,Low-Productivity,Pit>1Month,Dairy Buffalo,East Asia And South-East Asia,0,N/A,N/A,
16770,Low-Productivity,Pit>1Month,Dairy Buffalo,North America,0,N/A,N/A,
16784,Low-Productivity,Pit>1Month,Dairy Buffalo,Latin America And The Caribbean,0,N/A,N/A,
16798,Low-Productivity,Pit>1Month,Dairy Buffalo,Western Europe,0,N/A,N/A,
16812,Low-Productivity,Pit>1Month,Dairy Buffalo,Eastern Europe,0,N/A,N/A,
16826,Low-Productivity,Pit>1Month,Dairy Buffalo,Russian Federation,0,N/A,N/A,
16840,Low-Productivity,Pit>1Month,Dairy Buffalo,Oceania,0,N/A,N/A,
16854,Low-Productivity,Pit>1Month,Dairy Buffalo,NENA/Middle East,0,N/A,N/A,
16868,Low-Productivity,Pit>1Month,Dairy Buffalo,South Asia,0,N/A,N/A,
16882,Default,Pit>1Month,Dairy Buffalo,Sub-Saharan Africa,0,N/A,N/A,
16896,Default,Pit>1Month,Dairy Buffalo,East Asia And South-East Asia,0,N/A,N/A,
16910,Default,Pit>1Month,Dairy Buffalo,North America,0,N/A,N/A,
16924,Default,Pit>1Month,Dairy Buffalo,Latin America And The Caribbean,0,N/A,N/A,
16938,Default,Pit>1Month,Dairy Buffalo,Western Europe,0,N/A,N/A,
16952,Default,Pit>1Month,Dairy Buffalo,Eastern Europe,0,N/A,N/A,
16966,Default,Pit>1Month,Dairy Buffalo,Russian Federation,0,N/A,N/A,
16980,Default,Pit>1Month,Dairy Buffalo,Oceania,0,N/A,N/A,
16994,Default,Pit>1Month,Dairy Buffalo,NENA/Middle East,0,N/A,N/A,
17008,Default,Pit>1Month,Dairy Buffalo,South Asia,0,N/A,N/A,
17022,High-Productivity,Pit>1Month,Other Buffalo,Sub-Saharan Africa,0,N/A,N/A,
17036,High-Productivity,Pit>1Month,Other Buffalo,East Asia And South-East Asia,0,N/A,N/A,
17050,High-Productivity,Pit>1Month,Other Buffalo,North America,0,N/A,N/A,
17064,High-Productivity,Pit>1Month,Other Buffalo,Latin America And The Caribbean,0,N/A,N/A,
17078,High-Productivity,Pit>1Month,Other Buffalo,Western Europe,0,N/A,N/A,
17092,High-Productivity,Pit>1Month,Other Buffalo,Eastern Europe,0,N/A,N/A,
17106,High-Productivity,Pit>1Month,Other Buffalo,Russian Federation,0,N/A,N/A,
17120,High-Productivity,Pit>1Month,Other Buffalo,Oceania,0,N/A,N/A,
17134,High-Productivity,Pit>1Month,Other Buffalo,NENA/Middle East,0,N/A,N/A,
17148,High-Productivity,Pit>1Month,Other Buffalo,South Asia,0,N/A,N/A,
17162,Low-Productivity,Pit>1Month,Other Buffalo,Sub-Saharan Africa,0,N/A,N/A,
17176,Low-Productivity,Pit>1Month,Other Buffalo,East Asia And South-East Asia,0,N/A,N/A,
17190,Low-Productivity,Pit>1Month,Other Buffalo,North America,0,N/A,N/A,
17204,Low-Productivity,Pit>1Month,Other Buffalo,Latin America And The Caribbean,0,N/A,N/A,
17218,Low-Productivity,Pit>1Month,Other Buffalo,Western Europe,0,N/A,N/A,
17232,Low-Productivity,Pit>1Month,Other Buffalo,Eastern Europe,0,N/A,N/A,
17246,Low-Productivity,Pit>1Month,Other Buffalo,Russian Federation,0,N/A,N/A,
17260,Low-Productivity,Pit>1Month,Other Buffalo,Oceania,0,N/A,N/A,
17274,Low-Productivity,Pit>1Month,Other Buffalo,NENA/Middle East,0,N/A,N/A,
17288,Low-Productivity,Pit>1Month,Other Buffalo,South Asia,0,N/A,N/A,
17302,Default,Pit>1Month,Other Buffalo,Sub-Saharan Africa,0,N/A,N/A,
17316,Default,Pit>1Month,Other Buffalo,East Asia And South-East Asia,0,N/A,N/A,
17330,Default,Pit>1Month,Other Buffalo,North America,0,N/A,N/A,
17344,Default,Pit>1Month,Other Buffalo,Latin America And The Caribbean,0,N/A,N/A,
17358,Default,Pit>1Month,Other Buffalo,Western Europe,0,N/A,N/A,
17372,Default,Pit>1Month,Other Buffalo,Eastern Europe,0,N/A,N/A,
17386,Default,Pit>1Month,Other Buffalo,Russian Federation,0,N/A,N/A,
17400,Default,Pit>1Month,Other Buffalo,Oceania,0,N/A,N/A,
17414,Default,Pit>1Month,Other Buffalo,NENA/Middle East,0,N/A,N/A,
17428,Default,Pit>1Month,Other Buffalo,South Asia,0,N/A,N/A,
17442,High-Productivity,Pit>1Month,Growing Swine,Sub-Saharan Africa,0,N/A,N/A,
17456,High-Productivity,Pit>1Month,Growing Swine,East Asia And South-East Asia,0,N/A,N/A,
17470,High-Productivity,Pit>1Month,Growing Swine,North America,34,N/A,N/A,
17484,High-Productivity,Pit>1Month,Growing Swine,Latin America And The Caribbean,0,N/A,N/A,
17498,High-Productivity,Pit>1Month,Growing Swine,Western Europe,26,N/A,N/A,
17512,High-Productivity,Pit>1Month,Growing Swine,Eastern Europe,4,N/A,N/A,
17526,High-Productivity,Pit>1Month,Growing Swine,Russian Federation,0,N/A,N/A,
17540,High-Productivity,Pit>1Month,Growing Swine,Oceania,0,N/A,N/A,
17554,High-Productivity,Pit>1Month,Growing Swine,NENA/Middle East,0,N/A,N/A,
17568,High-Productivity,Pit>1Month,Growing Swine,South Asia,0,N/A,N/A,
17582,Low-Productivity,Pit>1Month,Growing Swine,Sub-Saharan Africa,5,N/A,N/A,
17596,Low-Productivity,Pit>1Month,Growing Swine,East Asia And South-East Asia,5,N/A,N/A,
17610,Low-Productivity,Pit>1Month,Growing Swine,North America,0,N/A,N/A,
17624,Low-Productivity,Pit>1Month,Growing Swine,Latin America And The Caribbean,5,N/A,N/A,
17638,Low-Productivity,Pit>1Month,Growing Swine,Western Europe,0,N/A,N/A,
17652,Low-Productivity,Pit>1Month,Growing Swine,Eastern Europe,0,N/A,N/A,
17666,Low-Productivity,Pit>1Month,Growing Swine,Russian Federation,0,N/A,N/A,
17680,Low-Productivity,Pit>1Month,Growing Swine,Oceania,0,N/A,N/A,
17694,Low-Productivity,Pit>1Month,Growing Swine,NENA/Middle East,5,N/A,N/A,
17708,Low-Productivity,Pit>1Month,Growing Swine,South Asia,5,N/A,N/A,
17722,Default,Pit>1Month,Growing Swine,Sub-Saharan Africa,5,N/A,N/A,
17736,Default,Pit>1Month,Growing Swine,East Asia And South-East Asia,5,N/A,N/A,
17750,Default,Pit>1Month,Growing Swine,North America,0,N/A,N/A,
17764,Default,Pit>1Month,Growing Swine,Latin America And The Caribbean,5,N/A,N/A,
17778,Default,Pit>1Month,Growing Swine,Western Europe,0,N/A,N/A,
17792,Default,Pit>1Month,Growing Swine,Eastern Europe,0,N/A,N/A,
17806,Default,Pit>1Month,Growing Swine,Russian Federation,0,N/A,N/A,
17820,Default,Pit>1Month,Growing Swine,Oceania,0,N/A,N/A,
17834,Default,Pit>1Month,Growing Swine,NENA/Middle East,5,N/A,N/A,
17848,Default,Pit>1Month,Growing Swine,South Asia,5,N/A,N/A,
17862,High-Productivity,Pit>1Month,Breeding Swine,Sub-Saharan Africa,0,N/A,N/A,
17876,High-Productivity,Pit>1Month,Breeding Swine,East Asia And South-East Asia,0,N/A,N/A,
17890,High-Productivity,Pit>1Month,Breeding Swine,North America,34,N/A,N/A,
17904,High-Productivity,Pit>1Month,Breeding Swine,Latin America And The Caribbean,0,N/A,N/A,
17918,High-Productivity,Pit>1Month,Breeding Swine,Western Europe,25,N/A,N/A,
17932,High-Productivity,Pit>1Month,Breeding Swine,Eastern Europe,4,N/A,N/A,
17946,High-Productivity,Pit>1Month,Breeding Swine,Russian Federation,0,N/A,N/A,
17960,High-Productivity,Pit>1Month,Breeding Swine,Oceania,0,N/A,N/A,
17974,High-Productivity,Pit>1Month,Breeding Swine,NENA/Middle East,0,N/A,N/A,
17988,High-Productivity,Pit>1Month,Breeding Swine,South Asia,0,N/A,N/A,
18002,Low-Productivity,Pit>1Month,Breeding Swine,Sub-Saharan Africa,5,N/A,N/A,
18016,Low-Productivity,Pit>1Month,Breeding Swine,East Asia And South-East Asia,4,N/A,N/A,
18030,Low-Productivity,Pit>1Month,Breeding Swine,North America,0,N/A,N/A,
18044,Low-Productivity,Pit>1Month,Breeding Swine,Latin America And The Caribbean,5,N/A,N/A,
18058,Low-Productivity,Pit>1Month,Breeding Swine,Western Europe,0,N/A,N/A,
18072,Low-Productivity,Pit>1Month,Breeding Swine,Eastern Europe,0,N/A,N/A,
18086,Low-Productivity,Pit>1Month,Breeding Swine,Russian Federation,0,N/A,N/A,
18100,Low-Productivity,Pit>1Month,Breeding Swine,Oceania,0,N/A,N/A,
18114,Low-Productivity,Pit>1Month,Breeding Swine,NENA/Middle East,5,N/A,N/A,
18128,Low-Productivity,Pit>1Month,Breeding Swine,South Asia,5,N/A,N/A,
18142,Default,Pit>1Month,Breeding Swine,Sub-Saharan Africa,5,N/A,N/A,
18156,Default,Pit>1Month,Breeding Swine,East Asia And South-East Asia,4,N/A,N/A,
18170,Default,Pit>1Month,Breeding Swine,North America,0,N/A,N/A,
18184,Default,Pit>1Month,Breeding Swine,Latin America And The Caribbean,5,N/A,N/A,
18198,Default,Pit>1Month,Breeding Swine,Western Europe,0,N/A,N/A,
18212,Default,Pit>1Month,Breeding Swine,Eastern Europe,0,N/A,N/A,
18226,Default,Pit>1Month,Breeding Swine,Russian Federation,0,N/A,N/A,
18240,Default,Pit>1Month,Breeding Swine,Oceania,0,N/A,N/A,
18254,Default,Pit>1Month,Breeding Swine,NENA/Middle East,5,N/A,N/A,
18268,Default,Pit>1Month,Breeding Swine,South Asia,5,N/A,N/A,
18282,High-Productivity,Pit>1Month,Chicken Layer,Sub-Saharan Africa,90,N/A,N/A,
18296,High-Productivity,Pit>1Month,Chicken Layer,East Asia And South-East Asia,94,N/A,N/A,
18310,High-Productivity,Pit>1Month,Chicken Layer,North America,0,N/A,N/A,
18324,High-Productivity,Pit>1Month,Chicken Layer,Latin America And The Caribbean,0,N/A,N/A,
18338,High-Productivity,Pit>1Month,Chicken Layer,Western Europe,43,N/A,N/A,
18352,High-Productivity,Pit>1Month,Chicken Layer,Eastern Europe,34,N/A,N/A,
18366,High-Productivity,Pit>1Month,Chicken Layer,Russian Federation,100,N/A,N/A,
18380,High-Productivity,Pit>1Month,Chicken Layer,Oceania,77,N/A,N/A,
18394,High-Productivity,Pit>1Month,Chicken Layer,NENA/Middle East,67,N/A,N/A,
18408,High-Productivity,Pit>1Month,Chicken Layer,South Asia,0,N/A,N/A,
18422,Low-Productivity,Pit>1Month,Chicken Layer,Sub-Saharan Africa,90,N/A,N/A,
18436,Low-Productivity,Pit>1Month,Chicken Layer,East Asia And South-East Asia,94,N/A,N/A,
18450,Low-Productivity,Pit>1Month,Chicken Layer,North America,0,N/A,N/A,
18464,Low-Productivity,Pit>1Month,Chicken Layer,Latin America And The Caribbean,0,N/A,N/A,
18478,Low-Productivity,Pit>1Month,Chicken Layer,Western Europe,43,N/A,N/A,
18492,Low-Productivity,Pit>1Month,Chicken Layer,Eastern Europe,34,N/A,N/A,
18506,Low-Productivity,Pit>1Month,Chicken Layer,Russian Federation,100,N/A,N/A,
18520,Low-Productivity,Pit>1Month,Chicken Layer,Oceania,77,N/A,N/A,
18534,Low-Productivity,Pit>1Month,Chicken Layer,NENA/Middle East,67,N/A,N/A,
18548,Low-Productivity,Pit>1Month,Chicken Layer,South Asia,0,N/A,N/A,
18562,Default,Pit>1Month,Chicken Layer,Sub-Saharan Africa,90,N/A,N/A,
18576,Default,Pit>1Month,Chicken Layer,East Asia And South-East Asia,94,N/A,N/A,
18590,Default,Pit>1Month,Chicken Layer,North America,0,N/A,N/A,
18604,Default,Pit>1Month,Chicken Layer,Latin America And The Caribbean,0,N/A,N/A,
18618,Default,Pit>1Month,Chicken Layer,Western Europe,43,N/A,N/A,
18632,Default,Pit>1Month,Chicken Layer,Eastern Europe,34,N/A,N/A,
18646,Default,Pit>1Month,Chicken Layer,Russian Federation,100,N/A,N/A,
18660,Default,Pit>1Month,Chicken Layer,Oceania,77,N/A,N/A,
18674,Default,Pit>1Month,Chicken Layer,NENA/Middle East,67,N/A,N/A,
18688,Default,Pit>1Month,Chicken Layer,South Asia,0,N/A,N/A,
18702,High-Productivity,Pit>1Month,Chicken Broiler,Sub-Saharan Africa,0,N/A,N/A,
18716,High-Productivity,Pit>1Month,Chicken Broiler,East Asia And South-East Asia,0,N/A,N/A,
18730,High-Productivity,Pit>1Month,Chicken Broiler,North America,0,N/A,N/A,
18744,High-Productivity,Pit>1Month,Chicken Broiler,Latin America And The Caribbean,0,N/A,N/A,
18758,High-Productivity,Pit>1Month,Chicken Broiler,Western Europe,0,N/A,N/A,
18772,High-Productivity,Pit>1Month,Chicken Broiler,Eastern Europe,0,N/A,N/A,
18786,High-Productivity,Pit>1Month,Chicken Broiler,Russian Federation,0,N/A,N/A,
18800,High-Productivity,Pit>1Month,Chicken Broiler,Oceania,0,N/A,N/A,
18814,High-Productivity,Pit>1Month,Chicken Broiler,NENA/Middle East,0,N/A,N/A,
18828,High-Productivity,Pit>1Month,Chicken Broiler,South Asia,0,N/A,N/A,
18842,Low-Productivity,Pit>1Month,Chicken Broiler,Sub-Saharan Africa,0,N/A,N/A,
18856,Low-Productivity,Pit>1Month,Chicken Broiler,East Asia And South-East Asia,0,N/A,N/A,
18870,Low-Productivity,Pit>1Month,Chicken Broiler,North America,0,N/A,N/A,
18884,Low-Productivity,Pit>1Month,Chicken Broiler,Latin America And The Caribbean,0,N/A,N/A,
18898,Low-Productivity,Pit>1Month,Chicken Broiler,Western Europe,0,N/A,N/A,
18912,Low-Productivity,Pit>1Month,Chicken Broiler,Eastern Europe,0,N/A,N/A,
18926,Low-Productivity,Pit>1Month,Chicken Broiler,Russian Federation,0,N/A,N/A,
18940,Low-Productivity,Pit>1Month,Chicken Broiler,Oceania,0,N/A,N/A,
18954,Low-Productivity,Pit>1Month,Chicken Broiler,NENA/Middle East,0,N/A,N/A,
18968,Low-Productivity,Pit>1Month,Chicken Broiler,South Asia,0,N/A,N/A,
18982,Default,Pit>1Month,Chicken Broiler,Sub-Saharan Africa,0,N/A,N/A,
18996,Default,Pit>1Month,Chicken Broiler,East Asia And South-East Asia,0,N/A,N/A,
19010,Default,Pit>1Month,Chicken Broiler,North America,0,N/A,N/A,
19024,Default,Pit>1Month,Chicken Broiler,Latin America And The Caribbean,0,N/A,N/A,
19038,Default,Pit>1Month,Chicken Broiler,Western Europe,0,N/A,N/A,
19052,Default,Pit>1Month,Chicken Broiler,Eastern Europe,0,N/A,N/A,
19066,Default,Pit>1Month,Chicken Broiler,Russian Federation,0,N/A,N/A,
19080,Default,Pit>1Month,Chicken Broiler,Oceania,0,N/A,N/A,
19094,Default,Pit>1Month,Chicken Broiler,NENA/Middle East,0,N/A,N/A,
19108,Default,Pit>1Month,Chicken Broiler,South Asia,0,N/A,N/A,
19122,High-Productivity,Pit>1Month,Dairy Sheep,Sub-Saharan Africa,0,N/A,N/A,
19136,High-Productivity,Pit>1Month,Dairy Sheep,East Asia And South-East Asia,0,N/A,N/A,
19150,High-Productivity,Pit>1Month,Dairy Sheep,North America,0,N/A,N/A,
19164,High-Productivity,Pit>1Month,Dairy Sheep,Latin America And The Caribbean,0,N/A,N/A,
19178,High-Productivity,Pit>1Month,Dairy Sheep,Western Europe,0,N/A,N/A,
19192,High-Productivity,Pit>1Month,Dairy Sheep,Eastern Europe,0,N/A,N/A,
19206,High-Productivity,Pit>1Month,Dairy Sheep,Russian Federation,0,N/A,N/A,
19220,High-Productivity,Pit>1Month,Dairy Sheep,Oceania,0,N/A,N/A,
19234,High-Productivity,Pit>1Month,Dairy Sheep,NENA/Middle East,0,N/A,N/A,
19248,High-Productivity,Pit>1Month,Dairy Sheep,South Asia,0,N/A,N/A,
19262,Low-Productivity,Pit>1Month,Dairy Sheep,Sub-Saharan Africa,0,N/A,N/A,
19276,Low-Productivity,Pit>1Month,Dairy Sheep,East Asia And South-East Asia,0,N/A,N/A,
19290,Low-Productivity,Pit>1Month,Dairy Sheep,North America,0,N/A,N/A,
19304,Low-Productivity,Pit>1Month,Dairy Sheep,Latin America And The Caribbean,0,N/A,N/A,
19318,Low-Productivity,Pit>1Month,Dairy Sheep,Western Europe,0,N/A,N/A,
19332,Low-Productivity,Pit>1Month,Dairy Sheep,Eastern Europe,0,N/A,N/A,
19346,Low-Productivity,Pit>1Month,Dairy Sheep,Russian Federation,0,N/A,N/A,
19360,Low-Productivity,Pit>1Month,Dairy Sheep,Oceania,0,N/A,N/A,
19374,Low-Productivity,Pit>1Month,Dairy Sheep,NENA/Middle East,0,N/A,N/A,
19388,Low-Productivity,Pit>1Month,Dairy Sheep,South Asia,0,N/A,N/A,
19402,Default,Pit>1Month,Dairy Sheep,Sub-Saharan Africa,0,N/A,N/A,
19416,Default,Pit>1Month,Dairy Sheep,East Asia And South-East Asia,0,N/A,N/A,
19430,Default,Pit>1Month,Dairy Sheep,North America,0,N/A,N/A,
19444,Default,Pit>1Month,Dairy Sheep,Latin America And The Caribbean,0,N/A,N/A,
19458,Default,Pit>1Month,Dairy Sheep,Western Europe,0,N/A,N/A,
19472,Default,Pit>1Month,Dairy Sheep,Eastern Europe,0,N/A,N/A,
19486,Default,Pit>1Month,Dairy Sheep,Russian Federation,0,N/A,N/A,
19500,Default,Pit>1Month,Dairy Sheep,Oceania,0,N/A,N/A,
19514,Default,Pit>1Month,Dairy Sheep,NENA/Middle East,0,N/A,N/A,
19528,Default,Pit>1Month,Dairy Sheep,South Asia,0,N/A,N/A,
19542,High-Productivity,Pit>1Month,Other Sheep,Sub-Saharan Africa,0,N/A,N/A,
19556,High-Productivity,Pit>1Month,Other Sheep,East Asia And South-East Asia,0,N/A,N/A,
19570,High-Productivity,Pit>1Month,Other Sheep,North America,0,N/A,N/A,
19584,High-Productivity,Pit>1Month,Other Sheep,Latin America And The Caribbean,0,N/A,N/A,
19598,High-Productivity,Pit>1Month,Other Sheep,Western Europe,0,N/A,N/A,
19612,High-Productivity,Pit>1Month,Other Sheep,Eastern Europe,0,N/A,N/A,
19626,High-Productivity,Pit>1Month,Other Sheep,Russian Federation,0,N/A,N/A,
19640,High-Productivity,Pit>1Month,Other Sheep,Oceania,0,N/A,N/A,
19654,High-Productivity,Pit>1Month,Other Sheep,NENA/Middle East,0,N/A,N/A,
19668,High-Productivity,Pit>1Month,Other Sheep,South Asia,0,N/A,N/A,
19682,Low-Productivity,Pit>1Month,Other Sheep,Sub-Saharan Africa,0,N/A,N/A,
19696,Low-Productivity,Pit>1Month,Other Sheep,East Asia And South-East Asia,0,N/A,N/A,
19710,Low-Productivity,Pit>1Month,Other Sheep,North America,0,N/A,N/A,
19724,Low-Productivity,Pit>1Month,Other Sheep,Latin America And The Caribbean,0,N/A,N/A,
19738,Low-Productivity,Pit>1Month,Other Sheep,Western Europe,0,N/A,N/A,
19752,Low-Productivity,Pit>1Month,Other Sheep,Eastern Europe,0,N/A,N/A,
19766,Low-Productivity,Pit>1Month,Other Sheep,Russian Federation,0,N/A,N/A,
19780,Low-Productivity,Pit>1Month,Other Sheep,Oceania,0,N/A,N/A,
19794,Low-Productivity,Pit>1Month,Other Sheep,NENA/Middle East,0,N/A,N/A,
19808,Low-Productivity,Pit>1Month,Other Sheep,South Asia,0,N/A,N/A,
19822,Default,Pit>1Month,Other Sheep,Sub-Saharan Africa,0,N/A,N/A,
19836,Default,Pit>1Month,Other Sheep,East Asia And South-East Asia,0,N/A,N/A,
19850,Default,Pit>1Month,Other Sheep,North America,0,N/A,N/A,
19864,Default,Pit>1Month,Other Sheep,Latin America And The Caribbean,0,N/A,N/A,
19878,Default,Pit>1Month,Other Sheep,Western Europe,0,N/A,N/A,
19892,Default,Pit>1Month,Other Sheep,Eastern Europe,0,N/A,N/A,
19906,Default,Pit>1Month,Other Sheep,Russian Federation,0,N/A,N/A,
19920,Default,Pit>1Month,Other Sheep,Oceania,0,N/A,N/A,
19934,Default,Pit>1Month,Other Sheep,NENA/Middle East,0,N/A,N/A,
19948,Default,Pit>1Month,Other Sheep,South Asia,0,N/A,N/A,
19962,High-Productivity,Pit>1Month,Goats,Sub-Saharan Africa,0,N/A,N/A,
19976,High-Productivity,Pit>1Month,Goats,East Asia And South-East Asia,0,N/A,N/A,
19990,High-Productivity,Pit>1Month,Goats,North America,0,N/A,N/A,
20004,High-Productivity,Pit>1Month,Goats,Latin America And The Caribbean,0,N/A,N/A,
20018,High-Productivity,Pit>1Month,Goats,Western Europe,0,N/A,N/A,
20032,High-Productivity,Pit>1Month,Goats,Eastern Europe,0,N/A,N/A,
20046,High-Productivity,Pit>1Month,Goats,Russian Federation,0,N/A,N/A,
20060,High-Productivity,Pit>1Month,Goats,Oceania,0,N/A,N/A,
20074,High-Productivity,Pit>1Month,Goats,NENA/Middle East,0,N/A,N/A,
20088,High-Productivity,Pit>1Month,Goats,South Asia,0,N/A,N/A,
20102,Low-Productivity,Pit>1Month,Goats,Sub-Saharan Africa,0,N/A,N/A,
20116,Low-Productivity,Pit>1Month,Goats,East Asia And South-East Asia,0,N/A,N/A,
20130,Low-Productivity,Pit>1Month,Goats,North America,0,N/A,N/A,
20144,Low-Productivity,Pit>1Month,Goats,Latin America And The Caribbean,0,N/A,N/A,
20158,Low-Productivity,Pit>1Month,Goats,Western Europe,0,N/A,N/A,
20172,Low-Productivity,Pit>1Month,Goats,Eastern Europe,0,N/A,N/A,
20186,Low-Productivity,Pit>1Month,Goats,Russian Federation,0,N/A,N/A,
20200,Low-Productivity,Pit>1Month,Goats,Oceania,0,N/A,N/A,
20214,Low-Productivity,Pit>1Month,Goats,NENA/Middle East,0,N/A,N/A,
20228,Low-Productivity,Pit>1Month,Goats,South Asia,0,N/A,N/A,
20242,Default,Pit>1Month,Goats,Sub-Saharan Africa,0,N/A,N/A,
20256,Default,Pit>1Month,Goats,East Asia And South-East Asia,0,N/A,N/A,
20270,Default,Pit>1Month,Goats,North America,0,N/A,N/A,
20284,Default,Pit>1Month,Goats,Latin America And The Caribbean,0,N/A,N/A,
20298,Default,Pit>1Month,Goats,Western Europe,0,N/A,N/A,
20312,Default,Pit>1Month,Goats,Eastern Europe,0,N/A,N/A,
20326,Default,Pit>1Month,Goats,Russian Federation,0,N/A,N/A,
20340,Default,Pit>1Month,Goats,Oceania,0,N/A,N/A,
20354,Default,Pit>1Month,Goats,NENA/Middle East,0,N/A,N/A,
20368,Default,Pit>1Month,Goats,South Asia,0,N/A,N/A,
20382,High-Productivity,Pit>1Month,Camels,Sub-Saharan Africa,0,N/A,N/A,
20396,High-Productivity,Pit>1Month,Camels,East Asia And South-East Asia,0,N/A,N/A,
20410,High-Productivity,Pit>1Month,Camels,North America,0,N/A,N/A,
20424,High-Productivity,Pit>1Month,Camels,Latin America And The Caribbean,0,N/A,N/A,
20438,High-Productivity,Pit>1Month,Camels,Western Europe,0,N/A,N/A,
20452,High-Productivity,Pit>1Month,Camels,Eastern Europe,0,N/A,N/A,
20466,High-Productivity,Pit>1Month,Camels,Russian Federation,0,N/A,N/A,
20480,High-Productivity,Pit>1Month,Camels,Oceania,0,N/A,N/A,
20494,High-Productivity,Pit>1Month,Camels,NENA/Middle East,0,N/A,N/A,
20508,High-Productivity,Pit>1Month,Camels,South Asia,0,N/A,N/A,
20522,Low-Productivity,Pit>1Month,Camels,Sub-Saharan Africa,0,N/A,N/A,
20536,Low-Productivity,Pit>1Month,Camels,East Asia And South-East Asia,0,N/A,N/A,
20550,Low-Productivity,Pit>1Month,Camels,North America,0,N/A,N/A,
20564,Low-Productivity,Pit>1Month,Camels,Latin America And The Caribbean,0,N/A,N/A,
20578,Low-Productivity,Pit>1Month,Camels,Western Europe,0,N/A,N/A,
20592,Low-Productivity,Pit>1Month,Camels,Eastern Europe,0,N/A,N/A,
20606,Low-Productivity,Pit>1Month,Camels,Russian Federation,0,N/A,N/A,
20620,Low-Productivity,Pit>1Month,Camels,Oceania,0,N/A,N/A,
20634,Low-Productivity,Pit>1Month,Camels,NENA/Middle East,0,N/A,N/A,
20648,Low-Productivity,Pit>1Month,Camels,South Asia,0,N/A,N/A,
20662,Default,Pit>1Month,Camels,Sub-Saharan Africa,0,N/A,N/A,
20676,Default,Pit>1Month,Camels,East Asia And South-East Asia,0,N/A,N/A,
20690,Default,Pit>1Month,Camels,North America,0,N/A,N/A,
20704,Default,Pit>1Month,Camels,Latin America And The Caribbean,0,N/A,N/A,
20718,Default,Pit>1Month,Camels,Western Europe,0,N/A,N/A,
20732,Default,Pit>1Month,Camels,Eastern Europe,0,N/A,N/A,
20746,Default,Pit>1Month,Camels,Russian Federation,0,N/A,N/A,
20760,Default,Pit>1Month,Camels,Oceania,0,N/A,N/A,
20774,Default,Pit>1Month,Camels,NENA/Middle East,0,N/A,N/A,
20788,Default,Pit>1Month,Camels,South Asia,0,N/A,N/A,
20802,High-Productivity,Pit>1Month,Horses,Sub-Saharan Africa,0,N/A,N/A,
20816,High-Productivity,Pit>1Month,Horses,East Asia And South-East Asia,0,N/A,N/A,
20830,High-Productivity,Pit>1Month,Horses,North America,0,N/A,N/A,
20844,High-Productivity,Pit>1Month,Horses,Latin America And The Caribbean,0,N/A,N/A,
20858,High-Productivity,Pit>1Month,Horses,Western Europe,0,N/A,N/A,
20872,High-Productivity,Pit>1Month,Horses,Eastern Europe,0,N/A,N/A,
20886,High-Productivity,Pit>1Month,Horses,Russian Federation,0,N/A,N/A,
20900,High-Productivity,Pit>1Month,Horses,Oceania,0,N/A,N/A,
20914,High-Productivity,Pit>1Month,Horses,NENA/Middle East,0,N/A,N/A,
20928,High-Productivity,Pit>1Month,Horses,South Asia,0,N/A,N/A,
20942,Low-Productivity,Pit>1Month,Horses,Sub-Saharan Africa,0,N/A,N/A,
20956,Low-Productivity,Pit>1Month,Horses,East Asia And South-East Asia,0,N/A,N/A,
20970,Low-Productivity,Pit>1Month,Horses,North America,0,N/A,N/A,
20984,Low-Productivity,Pit>1Month,Horses,Latin America And The Caribbean,0,N/A,N/A,
20998,Low-Productivity,Pit>1Month,Horses,Western Europe,0,N/A,N/A,
21012,Low-Productivity,Pit>1Month,Horses,Eastern Europe,0,N/A,N/A,
21026,Low-Productivity,Pit>1Month,Horses,Russian Federation,0,N/A,N/A,
21040,Low-Productivity,Pit>1Month,Horses,Oceania,0,N/A,N/A,
21054,Low-Productivity,Pit>1Month,Horses,NENA/Middle East,0,N/A,N/A,
21068,Low-Productivity,Pit>1Month,Horses,South Asia,0,N/A,N/A,
21082,Default,Pit>1Month,Horses,Sub-Saharan Africa,0,N/A,N/A,
21096,Default,Pit>1Month,Horses,East Asia And South-East Asia,0,N/A,N/A,
21110,Default,Pit>1Month,Horses,North America,0,N/A,N/A,
21124,Default,Pit>1Month,Horses,Latin America And The Caribbean,0,N/A,N/A,
21138,Default,Pit>1Month,Horses,Western Europe,0,N/A,N/A,
21152,Default,Pit>1Month,Horses,Eastern Europe,0,N/A,N/A,
21166,Default,Pit>1Month,Horses,Russian Federation,0,N/A,N/A,
21180,Default,Pit>1Month,Horses,Oceania,0,N/A,N/A,
21194,Default,Pit>1Month,Horses,NENA/Middle East,0,N/A,N/A,
21208,Default,Pit>1Month,Horses,South Asia,0,N/A,N/A,
21222,High-Productivity,Pit>1Month,Mules And Asses,Sub-Saharan Africa,0,N/A,N/A,
21236,High-Productivity,Pit>1Month,Mules And Asses,East Asia And South-East Asia,0,N/A,N/A,
21250,High-Productivity,Pit>1Month,Mules And Asses,North America,0,N/A,N/A,
21264,High-Productivity,Pit>1Month,Mules And Asses,Latin America And The Caribbean,0,N/A,N/A,
21278,High-Productivity,Pit>1Month,Mules And Asses,Western Europe,0,N/A,N/A,
21292,High-Productivity,Pit>1Month,Mules And Asses,Eastern Europe,0,N/A,N/A,
21306,High-Productivity,Pit>1Month,Mules And Asses,Russian Federation,0,N/A,N/A,
21320,High-Productivity,Pit>1Month,Mules And Asses,Oceania,0,N/A,N/A,
21334,High-Productivity,Pit>1Month,Mules And Asses,NENA/Middle East,0,N/A,N/A,
21348,High-Productivity,Pit>1Month,Mules And Asses,South Asia,0,N/A,N/A,
21362,Low-Productivity,Pit>1Month,Mules And Asses,Sub-Saharan Africa,0,N/A,N/A,
21376,Low-Productivity,Pit>1Month,Mules And Asses,East Asia And South-East Asia,0,N/A,N/A,
21390,Low-Productivity,Pit>1Month,Mules And Asses,North America,0,N/A,N/A,
21404,Low-Productivity,Pit>1Month,Mules And Asses,Latin America And The Caribbean,0,N/A,N/A,
21418,Low-Productivity,Pit>1Month,Mules And Asses,Western Europe,0,N/A,N/A,
21432,Low-Productivity,Pit>1Month,Mules And Asses,Eastern Europe,0,N/A,N/A,
21446,Low-Productivity,Pit>1Month,Mules And Asses,Russian Federation,0,N/A,N/A,
21460,Low-Productivity,Pit>1Month,Mules And Asses,Oceania,0,N/A,N/A,
21474,Low-Productivity,Pit>1Month,Mules And Asses,NENA/Middle East,0,N/A,N/A,
21488,Low-Productivity,Pit>1Month,Mules And Asses,South Asia,0,N/A,N/A,
21502,Default,Pit>1Month,Mules And Asses,Sub-Saharan Africa,0,N/A,N/A,
21516,Default,Pit>1Month,Mules And Asses,East Asia And South-East Asia,0,N/A,N/A,
21530,Default,Pit>1Month,Mules And Asses,North America,0,N/A,N/A,
21544,Default,Pit>1Month,Mules And Asses,Latin America And The Caribbean,0,N/A,N/A,
21558,Default,Pit>1Month,Mules And Asses,Western Europe,0,N/A,N/A,
21572,Default,Pit>1Month,Mules And Asses,Eastern Europe,0,N/A,N/A,
21586,Default,Pit>1Month,Mules And Asses,Russian Federation,0,N/A,N/A,
21600,Default,Pit>1Month,Mules And Asses,Oceania,0,N/A,N/A,
21614,Default,Pit>1Month,Mules And Asses,NENA/Middle East,0,N/A,N/A,
21628,Default,Pit>1Month,Mules And Asses,South Asia,0,N/A,N/A,
21642,High-Productivity,Pit>1Month,Deer,Sub-Saharan Africa,0,N/A,N/A,
21656,High-Productivity,Pit>1Month,Deer,East Asia And South-East Asia,0,N/A,N/A,
21670,High-Productivity,Pit>1Month,Deer,North America,0,N/A,N/A,
21684,High-Productivity,Pit>1Month,Deer,Latin America And The Caribbean,0,N/A,N/A,
21698,High-Productivity,Pit>1Month,Deer,Western Europe,0,N/A,N/A,
21712,High-Productivity,Pit>1Month,Deer,Eastern Europe,0,N/A,N/A,
21726,High-Productivity,Pit>1Month,Deer,Russian Federation,0,N/A,N/A,
21740,High-Productivity,Pit>1Month,Deer,Oceania,0,N/A,N/A,
21754,High-Productivity,Pit>1Month,Deer,NENA/Middle East,0,N/A,N/A,
21768,High-Productivity,Pit>1Month,Deer,South Asia,0,N/A,N/A,
21782,Low-Productivity,Pit>1Month,Deer,Sub-Saharan Africa,0,N/A,N/A,
21796,Low-Productivity,Pit>1Month,Deer,East Asia And South-East Asia,0,N/A,N/A,
21810,Low-Productivity,Pit>1Month,Deer,North America,0,N/A,N/A,
21824,Low-Productivity,Pit>1Month,Deer,Latin America And The Caribbean,0,N/A,N/A,
21838,Low-Productivity,Pit>1Month,Deer,Western Europe,0,N/A,N/A,
21852,Low-Productivity,Pit>1Month,Deer,Eastern Europe,0,N/A,N/A,
21866,Low-Productivity,Pit>1Month,Deer,Russian Federation,0,N/A,N/A,
21880,Low-Productivity,Pit>1Month,Deer,Oceania,0,N/A,N/A,
21894,Low-Productivity,Pit>1Month,Deer,NENA/Middle East,0,N/A,N/A,
21908,Low-Productivity,Pit>1Month,Deer,South Asia,0,N/A,N/A,
21922,Default,Pit>1Month,Deer,Sub-Saharan Africa,0,N/A,N/A,
21936,Default,Pit>1Month,Deer,East Asia And South-East Asia,0,N/A,N/A,
21950,Default,Pit>1Month,Deer,North America,0,N/A,N/A,
21964,Default,Pit>1Month,Deer,Latin America And The Caribbean,0,N/A,N/A,
21978,Default,Pit>1Month,Deer,Western Europe,0,N/A,N/A,
21992,Default,Pit>1Month,Deer,Eastern Europe,0,N/A,N/A,
22006,Default,Pit>1Month,Deer,Russian Federation,0,N/A,N/A,
22020,Default,Pit>1Month,Deer,Oceania,0,N/A,N/A,
22034,Default,Pit>1Month,Deer,NENA/Middle East,0,N/A,N/A,
22048,Default,Pit>1Month,Deer,South Asia,0,N/A,N/A,
22062,High-Productivity,Pit>1Month,Ostrich,Sub-Saharan Africa,0,N/A,N/A,
22076,High-Productivity,Pit>1Month,Ostrich,East Asia And South-East Asia,0,N/A,N/A,
22090,High-Productivity,Pit>1Month,Ostrich,North America,0,N/A,N/A,
22104,High-Productivity,Pit>1Month,Ostrich,Latin America And The Caribbean,0,N/A,N/A,
22118,High-Productivity,Pit>1Month,Ostrich,Western Europe,0,N/A,N/A,
22132,High-Productivity,Pit>1Month,Ostrich,Eastern Europe,0,N/A,N/A,
22146,High-Productivity,Pit>1Month,Ostrich,Russian Federation,0,N/A,N/A,
22160,High-Productivity,Pit>1Month,Ostrich,Oceania,0,N/A,N/A,
22174,High-Productivity,Pit>1Month,Ostrich,NENA/Middle East,0,N/A,N/A,
22188,High-Productivity,Pit>1Month,Ostrich,South Asia,0,N/A,N/A,
22202,Low-Productivity,Pit>1Month,Ostrich,Sub-Saharan Africa,0,N/A,N/A,
22216,Low-Productivity,Pit>1Month,Ostrich,East Asia And South-East Asia,0,N/A,N/A,
22230,Low-Productivity,Pit>1Month,Ostrich,North America,0,N/A,N/A,
22244,Low-Productivity,Pit>1Month,Ostrich,Latin America And The Caribbean,0,N/A,N/A,
22258,Low-Productivity,Pit>1Month,Ostrich,Western Europe,0,N/A,N/A,
22272,Low-Productivity,Pit>1Month,Ostrich,Eastern Europe,0,N/A,N/A,
22286,Low-Productivity,Pit>1Month,Ostrich,Russian Federation,0,N/A,N/A,
22300,Low-Productivity,Pit>1Month,Ostrich,Oceania,0,N/A,N/A,
22314,Low-Productivity,Pit>1Month,Ostrich,NENA/Middle East,0,N/A,N/A,
22328,Low-Productivity,Pit>1Month,Ostrich,South Asia,0,N/A,N/A,
22342,Default,Pit>1Month,Ostrich,Sub-Saharan Africa,0,N/A,N/A,
22356,Default,Pit>1Month,Ostrich,East Asia And South-East Asia,0,N/A,N/A,
22370,Default,Pit>1Month,Ostrich,North America,0,N/A,N/A,
22384,Default,Pit>1Month,Ostrich,Latin America And The Caribbean,0,N/A,N/A,
22398,Default,Pit>1Month,Ostrich,Western Europe,0,N/A,N/A,
22412,Default,Pit>1Month,Ostrich,Eastern Europe,0,N/A,N/A,
22426,Default,Pit>1Month,Ostrich,Russian Federation,0,N/A,N/A,
22440,Default,Pit>1Month,Ostrich,Oceania,0,N/A,N/A,
22454,Default,Pit>1Month,Ostrich,NENA/Middle East,0,N/A,N/A,
22468,Default,Pit>1Month,Ostrich,South Asia,0,N/A,N/A,
22482,High-Productivity,Pit>1Month,Llamas And Alpacas,Sub-Saharan Africa,0,N/A,N/A,
22496,High-Productivity,Pit>1Month,Llamas And Alpacas,East Asia And South-East Asia,0,N/A,N/A,
22510,High-Productivity,Pit>1Month,Llamas And Alpacas,North America,0,N/A,N/A,
22524,High-Productivity,Pit>1Month,Llamas And Alpacas,Latin America And The Caribbean,0,N/A,N/A,
22538,High-Productivity,Pit>1Month,Llamas And Alpacas,Western Europe,0,N/A,N/A,
22552,High-Productivity,Pit>1Month,Llamas And Alpacas,Eastern Europe,0,N/A,N/A,
22566,High-Productivity,Pit>1Month,Llamas And Alpacas,Russian Federation,0,N/A,N/A,
22580,High-Productivity,Pit>1Month,Llamas And Alpacas,Oceania,0,N/A,N/A,
22594,High-Productivity,Pit>1Month,Llamas And Alpacas,NENA/Middle East,0,N/A,N/A,
22608,High-Productivity,Pit>1Month,Llamas And Alpacas,South Asia,0,N/A,N/A,
22622,Low-Productivity,Pit>1Month,Llamas And Alpacas,Sub-Saharan Africa,0,N/A,N/A,
22636,Low-Productivity,Pit>1Month,Llamas And Alpacas,East Asia And South-East Asia,0,N/A,N/A,
22650,Low-Productivity,Pit>1Month,Llamas And Alpacas,North America,0,N/A,N/A,
22664,Low-Productivity,Pit>1Month,Llamas And Alpacas,Latin America And The Caribbean,0,N/A,N/A,
22678,Low-Productivity,Pit>1Month,Llamas And Alpacas,Western Europe,0,N/A,N/A,
22692,Low-Productivity,Pit>1Month,Llamas And Alpacas,Eastern Europe,0,N/A,N/A,
22706,Low-Productivity,Pit>1Month,Llamas And Alpacas,Russian Federation,0,N/A,N/A,
22720,Low-Productivity,Pit>1Month,Llamas And Alpacas,Oceania,0,N/A,N/A,
22734,Low-Productivity,Pit>1Month,Llamas And Alpacas,NENA/Middle East,0,N/A,N/A,
22748,Low-Productivity,Pit>1Month,Llamas And Alpacas,South Asia,0,N/A,N/A,
22762,Default,Pit>1Month,Llamas And Alpacas,Sub-Saharan Africa,0,N/A,N/A,
22776,Default,Pit>1Month,Llamas And Alpacas,East Asia And South-East Asia,0,N/A,N/A,
22790,Default,Pit>1Month,Llamas And Alpacas,North America,0,N/A,N/A,
22804,Default,Pit>1Month,Llamas And Alpacas,Latin America And The Caribbean,0,N/A,N/A,
22818,Default,Pit>1Month,Llamas And Alpacas,Western Europe,0,N/A,N/A,
22832,Default,Pit>1Month,Llamas And Alpacas,Eastern Europe,0,N/A,N/A,
16658,High-Productivity,Pit>1Month,Dairy Buffalo,Western Europe,0,N/A,N/A,
16672,High-Productivity,Pit>1Month,Dairy Buffalo,Eastern Europe,0,N/A,N/A,
16686,High-Productivity,Pit>1Month,Dairy Buffalo,Russian Federation,0,N/A,N/A,
16700,High-Productivity,Pit>1Month,Dairy Buffalo,Oceania,0,N/A,N/A,
16714,High-Productivity,Pit>1Month,Dairy Buffalo,NENA/Middle East,0,N/A,N/A,
16728,High-Productivity,Pit>1Month,Dairy Buffalo,South Asia,0,N/A,N/A,
16742,Low-Productivity,Pit>1Month,Dairy Buffalo,Sub-Saharan Africa,0,N/A,N/A,
16646,High-Productivity,Deep Bedding,Dairy Buffalo,Latin America And The Caribbean,0,N/A,N/A,
16647,High-Productivity,Composting,Dairy Buffalo,Latin America And The Caribbean,0,N/A,N/A,
16648,High-Productivity,Aerobic Treatment,Dairy Buffalo,Latin America And The Caribbean,0,N/A,N/A,
16649,High-Productivity,Lagoon,Dairy Buffalo,Western Europe,0,N/A,N/A,
16650,High-Productivity,Liquid/Slurry,Dairy Buffalo,Western Europe,34,N/A,N/A,
16651,High-Productivity,Solid Storage,Dairy Buffalo,Western Europe,63,N/A,N/A,
16652,High-Productivity,Dry Lot,Dairy Buffalo,Western Europe,0,N/A,N/A,
16653,High-Productivity,Pasture/Range/Paddock,Dairy Buffalo,Western Europe,3,N/A,N/A,
16654,High-Productivity,Daily Spread,Dairy Buffalo,Western Europe,0,N/A,N/A,
16655,High-Productivity,Digester,Dairy Buffalo,Western Europe,0,N/A,N/A,
16656,High-Productivity,Burned For Fuel,Dairy Buffalo,Western Europe,0,N/A,N/A,
16657,High-Productivity,Pit<1Month,Dairy Buffalo,Western Europe,0,N/A,N/A,
16659,High-Productivity,Poultry Manure,Dairy Buffalo,Western Europe,0,N/A,N/A,
16660,High-Productivity,Deep Bedding,Dairy Buffalo,Western Europe,0,N/A,N/A,
16661,High-Productivity,Composting,Dairy Buffalo,Western Europe,0,N/A,N/A,
16662,High-Productivity,Aerobic Treatment,Dairy Buffalo,Western Europe,0,N/A,N/A,
16663,High-Productivity,Lagoon,Dairy Buffalo,Eastern Europe,0,N/A,N/A,
16664,High-Productivity,Liquid/Slurry,Dairy Buffalo,Eastern Europe,18,N/A,N/A,
16665,High-Productivity,Solid Storage,Dairy Buffalo,Eastern Europe,68,N/A,N/A,
16666,High-Productivity,Dry Lot,Dairy Buffalo,Eastern Europe,0,N/A,N/A,
16667,High-Productivity,Pasture/Range/Paddock,Dairy Buffalo,Eastern Europe,13,N/A,N/A,
16668,High-Productivity,Daily Spread,Dairy Buffalo,Eastern Europe,1,N/A,N/A,
16669,High-Productivity,Digester,Dairy Buffalo,Eastern Europe,0,N/A,N/A,
16670,High-Productivity,Burned For Fuel,Dairy Buffalo,Eastern Europe,0,N/A,N/A,
16671,High-Productivity,Pit<1Month,Dairy Buffalo,Eastern Europe,0,N/A,N/A,
16673,High-Productivity,Poultry Manure,Dairy Buffalo,Eastern Europe,0,N/A,N/A,
16674,High-Productivity,Deep Bedding,Dairy Buffalo,Eastern Europe,0,N/A,N/A,
16675,High-Productivity,Composting,Dairy Buffalo,Eastern Europe,0,N/A,N/A,
16676,High-Productivity,Aerobic Treatment,Dairy Buffalo,Eastern Europe,0,N/A,N/A,
16677,High-Productivity,Lagoon,Dairy Buffalo,Russian Federation,0,N/A,N/A,
16678,High-Productivity,Liquid/Slurry,Dairy Buffalo,Russian Federation,18,N/A,N/A,
16679,High-Productivity,Solid Storage,Dairy Buffalo,Russian Federation,68,N/A,N/A,
16680,High-Productivity,Dry Lot,Dairy Buffalo,Russian Federation,0,N/A,N/A,
16681,High-Productivity,Pasture/Range/Paddock,Dairy Buffalo,Russian Federation,13,N/A,N/A,
16682,High-Productivity,Daily Spread,Dairy Buffalo,Russian Federation,1,N/A,N/A,
16683,High-Productivity,Digester,Dairy Buffalo,Russian Federation,0,N/A,N/A,
16684,High-Productivity,Burned For Fuel,Dairy Buffalo,Russian Federation,0,N/A,N/A,
16685,High-Productivity,Pit<1Month,Dairy Buffalo,Russian Federation,0,N/A,N/A,
16687,High-Productivity,Poultry Manure,Dairy Buffalo,Russian Federation,0,N/A,N/A,
16688,High-Productivity,Deep Bedding,Dairy Buffalo,Russian Federation,0,N/A,N/A,
16689,High-Productivity,Composting,Dairy Buffalo,Russian Federation,0,N/A,N/A,
16690,High-Productivity,Aerobic Treatment,Dairy Buffalo,Russian Federation,0,N/A,N/A,
16691,High-Productivity,Lagoon,Dairy Buffalo,Oceania,0,N/A,N/A,
16692,High-Productivity,Liquid/Slurry,Dairy Buffalo,Oceania,0,N/A,N/A,
16693,High-Productivity,Solid Storage,Dairy Buffalo,Oceania,0,N/A,N/A,
16694,High-Productivity,Dry Lot,Dairy Buffalo,Oceania,0,N/A,N/A,
16695,High-Productivity,Pasture/Range/Paddock,Dairy Buffalo,Oceania,0,N/A,N/A,
16696,High-Productivity,Daily Spread,Dairy Buffalo,Oceania,0,N/A,N/A,
16697,High-Productivity,Digester,Dairy Buffalo,Oceania,0,N/A,N/A,
16698,High-Productivity,Burned For Fuel,Dairy Buffalo,Oceania,0,N/A,N/A,
16699,High-Productivity,Pit<1Month,Dairy Buffalo,Oceania,0,N/A,N/A,
16701,High-Productivity,Poultry Manure,Dairy Buffalo,Oceania,0,N/A,N/A,
16702,High-Productivity,Deep Bedding,Dairy Buffalo,Oceania,0,N/A,N/A,
16703,High-Productivity,Composting,Dairy Buffalo,Oceania,0,N/A,N/A,
16704,High-Productivity,Aerobic Treatment,Dairy Buffalo,Oceania,0,N/A,N/A,
16705,High-Productivity,Lagoon,Dairy Buffalo,NENA/Middle East,0,N/A,N/A,
16706,High-Productivity,Liquid/Slurry,Dairy Buffalo,NENA/Middle East,0,N/A,N/A,
16707,High-Productivity,Solid Storage,Dairy Buffalo,NENA/Middle East,18,N/A,N/A,
16708,High-Productivity,Dry Lot,Dairy Buffalo,NENA/Middle East,35,N/A,N/A,
16709,High-Productivity,Pasture/Range/Paddock,Dairy Buffalo,NENA/Middle East,46,N/A,N/A,
16710,High-Productivity,Daily Spread,Dairy Buffalo,NENA/Middle East,0,N/A,N/A,
16711,High-Productivity,Digester,Dairy Buffalo,NENA/Middle East,0,N/A,N/A,
16712,High-Productivity,Burned For Fuel,Dairy Buffalo,NENA/Middle East,1,N/A,N/A,
16713,High-Productivity,Pit<1Month,Dairy Buffalo,NENA/Middle East,0,N/A,N/A,
16715,High-Productivity,Poultry Manure,Dairy Buffalo,NENA/Middle East,0,N/A,N/A,
16716,High-Productivity,Deep Bedding,Dairy Buffalo,NENA/Middle East,0,N/A,N/A,
16717,High-Productivity,Composting,Dairy Buffalo,NENA/Middle East,0,N/A,N/A,
16718,High-Productivity,Aerobic Treatment,Dairy Buffalo,NENA/Middle East,0,N/A,N/A,
16719,High-Productivity,Lagoon,Dairy Buffalo,South Asia,0,N/A,N/A,
16720,High-Productivity,Liquid/Slurry,Dairy Buffalo,South Asia,0,N/A,N/A,
16721,High-Productivity,Solid Storage,Dairy Buffalo,South Asia,1,N/A,N/A,
16722,High-Productivity,Dry Lot,Dairy Buffalo,South Asia,41,N/A,N/A,
16723,High-Productivity,Pasture/Range/Paddock,Dairy Buffalo,South Asia,38,N/A,N/A,
16724,High-Productivity,Daily Spread,Dairy Buffalo,South Asia,0,N/A,N/A,
16725,High-Productivity,Digester,Dairy Buffalo,South Asia,0,N/A,N/A,
16726,High-Productivity,Burned For Fuel,Dairy Buffalo,South Asia,20,N/A,N/A,
16727,High-Productivity,Pit<1Month,Dairy Buffalo,South Asia,0,N/A,N/A,
16729,High-Productivity,Poultry Manure,Dairy Buffalo,South Asia,0,N/A,N/A,
16730,High-Productivity,Deep Bedding,Dairy Buffalo,South Asia,0,N/A,N/A,
16731,High-Productivity,Composting,Dairy Buffalo,South Asia,0,N/A,N/A,
16732,High-Productivity,Aerobic Treatment,Dairy Buffalo,South Asia,0,N/A,N/A,
16733,Low-Productivity,Lagoon,Dairy Buffalo,Sub-Saharan Africa,0,N/A,N/A,
16734,Low-Productivity,Liquid/Slurry,Dairy Buffalo,Sub-Saharan Africa,0,N/A,N/A,
16735,Low-Productivity,Solid Storage,Dairy Buffalo,Sub-Saharan Africa,0,N/A,N/A,
16736,Low-Productivity,Dry Lot,Dairy Buffalo,Sub-Saharan Africa,0,N/A,N/A,
16737,Low-Productivity,Pasture/Range/Paddock,Dairy Buffalo,Sub-Saharan Africa,0,N/A,N/A,
16738,Low-Productivity,Daily Spread,Dairy Buffalo,Sub-Saharan Africa,0,N/A,N/A,
16739,Low-Productivity,Digester,Dairy Buffalo,Sub-Saharan Africa,0,N/A,N/A,
16740,Low-Productivity,Burned For Fuel,Dairy Buffalo,Sub-Saharan Africa,0,N/A,N/A,
16741,Low-Productivity,Pit<1Month,Dairy Buffalo,Sub-Saharan Africa,0,N/A,N/A,
16743,Low-Productivity,Poultry Manure,Dairy Buffalo,Sub-Saharan Africa,0,N/A,N/A,
16744,Low-Productivity,Deep Bedding,Dairy Buffalo,Sub-Saharan Africa,0,N/A,N/A,
16745,Low-Productivity,Composting,Dairy Buffalo,Sub-Saharan Africa,0,N/A,N/A,
16746,Low-Productivity,Aerobic Treatment,Dairy Buffalo,Sub-Saharan Africa,0,N/A,N/A,
16747,Low-Productivity,Lagoon,Dairy Buffalo,East Asia And South-East Asia,0,N/A,N/A,
16748,Low-Productivity,Liquid/Slurry,Dairy Buffalo,East Asia And South-East Asia,0,N/A,N/A,
16749,Low-Productivity,Solid Storage,Dairy Buffalo,East Asia And South-East Asia,10,N/A,N/A,
16750,Low-Productivity,Dry Lot,Dairy Buffalo,East Asia And South-East Asia,58,N/A,N/A,
16751,Low-Productivity,Pasture/Range/Paddock,Dairy Buffalo,East Asia And South-East Asia,29,N/A,N/A,
16752,Low-Productivity,Daily Spread,Dairy Buffalo,East Asia And South-East Asia,0,N/A,N/A,
16753,Low-Productivity,Digester,Dairy Buffalo,East Asia And South-East Asia,0,N/A,N/A,
16754,Low-Productivity,Burned For Fuel,Dairy Buffalo,East Asia And South-East Asia,3,N/A,N/A,
16755,Low-Productivity,Pit<1Month,Dairy Buffalo,East Asia And South-East Asia,0,N/A,N/A,
16757,Low-Productivity,Poultry Manure,Dairy Buffalo,East Asia And South-East Asia,0,N/A,N/A,
16758,Low-Productivity,Deep Bedding,Dairy Buffalo,East Asia And South-East Asia,0,N/A,N/A,
16759,Low-Productivity,Composting,Dairy Buffalo,East Asia And South-East Asia,0,N/A,N/A,
16760,Low-Productivity,Aerobic Treatment,Dairy Buffalo,East Asia And South-East Asia,0,N/A,N/A,
16761,Low-Productivity,Lagoon,Dairy Buffalo,North America,0,N/A,N/A,
16762,Low-Productivity,Liquid/Slurry,Dairy Buffalo,North America,43,N/A,N/A,
16763,Low-Productivity,Solid Storage,Dairy Buffalo,North America,40,N/A,N/A,
16764,Low-Productivity,Dry Lot,Dairy Buffalo,North America,0,N/A,N/A,
16765,Low-Productivity,Pasture/Range/Paddock,Dairy Buffalo,North America,17,N/A,N/A,
16766,Low-Productivity,Daily Spread,Dairy Buffalo,North America,0,N/A,N/A,
16767,Low-Productivity,Digester,Dairy Buffalo,North America,0,N/A,N/A,
16768,Low-Productivity,Burned For Fuel,Dairy Buffalo,North America,0,N/A,N/A,
16769,Low-Productivity,Pit<1Month,Dairy Buffalo,North America,0,N/A,N/A,
16771,Low-Productivity,Poultry Manure,Dairy Buffalo,North America,0,N/A,N/A,
16772,Low-Productivity,Deep Bedding,Dairy Buffalo,North America,0,N/A,N/A,
16773,Low-Productivity,Composting,Dairy Buffalo,North America,0,N/A,N/A,
16774,Low-Productivity,Aerobic Treatment,Dairy Buffalo,North America,0,N/A,N/A,
16775,Low-Productivity,Lagoon,Dairy Buffalo,Latin America And The Caribbean,0,N/A,N/A,
16776,Low-Productivity,Liquid/Slurry,Dairy Buffalo,Latin America And The Caribbean,0,N/A,N/A,
16777,Low-Productivity,Solid Storage,Dairy Buffalo,Latin America And The Caribbean,2,N/A,N/A,
16778,Low-Productivity,Dry Lot,Dairy Buffalo,Latin America And The Caribbean,48,N/A,N/A,
16779,Low-Productivity,Pasture/Range/Paddock,Dairy Buffalo,Latin America And The Caribbean,50,N/A,N/A,
16780,Low-Productivity,Daily Spread,Dairy Buffalo,Latin America And The Caribbean,0,N/A,N/A,
16781,Low-Productivity,Digester,Dairy Buffalo,Latin America And The Caribbean,0,N/A,N/A,
16782,Low-Productivity,Burned For Fuel,Dairy Buffalo,Latin America And The Caribbean,0,N/A,N/A,
16783,Low-Productivity,Pit<1Month,Dairy Buffalo,Latin America And The Caribbean,0,N/A,N/A,
16785,Low-Productivity,Poultry Manure,Dairy Buffalo,Latin America And The Caribbean,0,N/A,N/A,
16786,Low-Productivity,Deep Bedding,Dairy Buffalo,Latin America And The Caribbean,0,N/A,N/A,
16787,Low-Productivity,Composting,Dairy Buffalo,Latin America And The Caribbean,0,N/A,N/A,
16788,Low-Productivity,Aerobic Treatment,Dairy Buffalo,Latin America And The Caribbean,0,N/A,N/A,
16789,Low-Productivity,Lagoon,Dairy Buffalo,Western Europe,0,N/A,N/A,
16790,Low-Productivity,Liquid/Slurry,Dairy Buffalo,Western Europe,34,N/A,N/A,
16791,Low-Productivity,Solid Storage,Dairy Buffalo,Western Europe,63,N/A,N/A,
16792,Low-Productivity,Dry Lot,Dairy Buffalo,Western Europe,0,N/A,N/A,
16793,Low-Productivity,Pasture/Range/Paddock,Dairy Buffalo,Western Europe,3,N/A,N/A,
16794,Low-Productivity,Daily Spread,Dairy Buffalo,Western Europe,0,N/A,N/A,
16795,Low-Productivity,Digester,Dairy Buffalo,Western Europe,0,N/A,N/A,
16796,Low-Productivity,Burned For Fuel,Dairy Buffalo,Western Europe,0,N/A,N/A,
16797,Low-Productivity,Pit<1Month,Dairy Buffalo,Western Europe,0,N/A,N/A,
16799,Low-Productivity,Poultry Manure,Dairy Buffalo,Western Europe,0,N/A,N/A,
16800,Low-Productivity,Deep Bedding,Dairy Buffalo,Western Europe,0,N/A,N/A,
16801,Low-Productivity,Composting,Dairy Buffalo,Western Europe,0,N/A,N/A,
16802,Low-Productivity,Aerobic Treatment,Dairy Buffalo,Western Europe,0,N/A,N/A,
16803,Low-Productivity,Lagoon,Dairy Buffalo,Eastern Europe,0,N/A,N/A,
16804,Low-Productivity,Liquid/Slurry,Dairy Buffalo,Eastern Europe,18,N/A,N/A,
16805,Low-Productivity,Solid Storage,Dairy Buffalo,Eastern Europe,68,N/A,N/A,
16806,Low-Productivity,Dry Lot,Dairy Buffalo,Eastern Europe,0,N/A,N/A,
16807,Low-Productivity,Pasture/Range/Paddock,Dairy Buffalo,Eastern Europe,13,N/A,N/A,
16808,Low-Productivity,Daily Spread,Dairy Buffalo,Eastern Europe,1,N/A,N/A,
16809,Low-Productivity,Digester,Dairy Buffalo,Eastern Europe,0,N/A,N/A,
16810,Low-Productivity,Burned For Fuel,Dairy Buffalo,Eastern Europe,0,N/A,N/A,
16811,Low-Productivity,Pit<1Month,Dairy Buffalo,Eastern Europe,0,N/A,N/A,
16813,Low-Productivity,Poultry Manure,Dairy Buffalo,Eastern Europe,0,N/A,N/A,
16814,Low-Productivity,Deep Bedding,Dairy Buffalo,Eastern Europe,0,N/A,N/A,
16815,Low-Productivity,Composting,Dairy Buffalo,Eastern Europe,0,N/A,N/A,
16816,Low-Productivity,Aerobic Treatment,Dairy Buffalo,Eastern Europe,0,N/A,N/A,
16817,Low-Productivity,Lagoon,Dairy Buffalo,Russian Federation,0,N/A,N/A,
16818,Low-Productivity,Liquid/Slurry,Dairy Buffalo,Russian Federation,18,N/A,N/A,
16819,Low-Productivity,Solid Storage,Dairy Buffalo,Russian Federation,68,N/A,N/A,
16820,Low-Productivity,Dry Lot,Dairy Buffalo,Russian Federation,0,N/A,N/A,
16821,Low-Productivity,Pasture/Range/Paddock,Dairy Buffalo,Russian Federation,13,N/A,N/A,
16822,Low-Productivity,Daily Spread,Dairy Buffalo,Russian Federation,1,N/A,N/A,
16823,Low-Productivity,Digester,Dairy Buffalo,Russian Federation,0,N/A,N/A,
16824,Low-Productivity,Burned For Fuel,Dairy Buffalo,Russian Federation,0,N/A,N/A,
16825,Low-Productivity,Pit<1Month,Dairy Buffalo,Russian Federation,0,N/A,N/A,
16827,Low-Productivity,Poultry Manure,Dairy Buffalo,Russian Federation,0,N/A,N/A,
16828,Low-Productivity,Deep Bedding,Dairy Buffalo,Russian Federation,0,N/A,N/A,
16829,Low-Productivity,Composting,Dairy Buffalo,Russian Federation,0,N/A,N/A,
16830,Low-Productivity,Aerobic Treatment,Dairy Buffalo,Russian Federation,0,N/A,N/A,
16831,Low-Productivity,Lagoon,Dairy Buffalo,Oceania,0,N/A,N/A,
16832,Low-Productivity,Liquid/Slurry,Dairy Buffalo,Oceania,0,N/A,N/A,
16833,Low-Productivity,Solid Storage,Dairy Buffalo,Oceania,0,N/A,N/A,
16834,Low-Productivity,Dry Lot,Dairy Buffalo,Oceania,0,N/A,N/A,
16835,Low-Productivity,Pasture/Range/Paddock,Dairy Buffalo,Oceania,0,N/A,N/A,
16836,Low-Productivity,Daily Spread,Dairy Buffalo,Oceania,0,N/A,N/A,
16837,Low-Productivity,Digester,Dairy Buffalo,Oceania,0,N/A,N/A,
16838,Low-Productivity,Burned For Fuel,Dairy Buffalo,Oceania,0,N/A,N/A,
16839,Low-Productivity,Pit<1Month,Dairy Buffalo,Oceania,0,N/A,N/A,
16841,Low-Productivity,Poultry Manure,Dairy Buffalo,Oceania,0,N/A,N/A,
16842,Low-Productivity,Deep Bedding,Dairy Buffalo,Oceania,0,N/A,N/A,
16843,Low-Productivity,Composting,Dairy Buffalo,Oceania,0,N/A,N/A,
16844,Low-Productivity,Aerobic Treatment,Dairy Buffalo,Oceania,0,N/A,N/A,
16845,Low-Productivity,Lagoon,Dairy Buffalo,NENA/Middle East,0,N/A,N/A,
16846,Low-Productivity,Liquid/Slurry,Dairy Buffalo,NENA/Middle East,0,N/A,N/A,
16847,Low-Productivity,Solid Storage,Dairy Buffalo,NENA/Middle East,18,N/A,N/A,
16848,Low-Productivity,Dry Lot,Dairy Buffalo,NENA/Middle East,35,N/A,N/A,
16849,Low-Productivity,Pasture/Range/Paddock,Dairy Buffalo,NENA/Middle East,46,N/A,N/A,
16850,Low-Productivity,Daily Spread,Dairy Buffalo,NENA/Middle East,0,N/A,N/A,
16851,Low-Productivity,Digester,Dairy Buffalo,NENA/Middle East,0,N/A,N/A,
16852,Low-Productivity,Burned For Fuel,Dairy Buffalo,NENA/Middle East,1,N/A,N/A,
16853,Low-Productivity,Pit<1Month,Dairy Buffalo,NENA/Middle East,0,N/A,N/A,
16855,Low-Productivity,Poultry Manure,Dairy Buffalo,NENA/Middle East,0,N/A,N/A,
16856,Low-Productivity,Deep Bedding,Dairy Buffalo,NENA/Middle East,0,N/A,N/A,
16857,Low-Productivity,Composting,Dairy Buffalo,NENA/Middle East,0,N/A,N/A,
16858,Low-Productivity,Aerobic Treatment,Dairy Buffalo,NENA/Middle East,0,N/A,N/A,
16859,Low-Productivity,Lagoon,Dairy Buffalo,South Asia,0,N/A,N/A,
16860,Low-Productivity,Liquid/Slurry,Dairy Buffalo,South Asia,0,N/A,N/A,
16861,Low-Productivity,Solid Storage,Dairy Buffalo,South Asia,1,N/A,N/A,
16862,Low-Productivity,Dry Lot,Dairy Buffalo,South Asia,41,N/A,N/A,
16863,Low-Productivity,Pasture/Range/Paddock,Dairy Buffalo,South Asia,38,N/A,N/A,
16864,Low-Productivity,Daily Spread,Dairy Buffalo,South Asia,0,N/A,N/A,
16865,Low-Productivity,Digester,Dairy Buffalo,South Asia,0,N/A,N/A,
16866,Low-Productivity,Burned For Fuel,Dairy Buffalo,South Asia,20,N/A,N/A,
16867,Low-Productivity,Pit<1Month,Dairy Buffalo,South Asia,0,N/A,N/A,
16869,Low-Productivity,Poultry Manure,Dairy Buffalo,South Asia,0,N/A,N/A,
16870,Low-Productivity,Deep Bedding,Dairy Buffalo,South Asia,0,N/A,N/A,
16871,Low-Productivity,Composting,Dairy Buffalo,South Asia,0,N/A,N/A,
16872,Low-Productivity,Aerobic Treatment,Dairy Buffalo,South Asia,0,N/A,N/A,
16873,Default,Lagoon,Dairy Buffalo,Sub-Saharan Africa,0,N/A,N/A,
16874,Default,Liquid/Slurry,Dairy Buffalo,Sub-Saharan Africa,0,N/A,N/A,
16875,Default,Solid Storage,Dairy Buffalo,Sub-Saharan Africa,0,N/A,N/A,
16876,Default,Dry Lot,Dairy Buffalo,Sub-Saharan Africa,0,N/A,N/A,
16877,Default,Pasture/Range/Paddock,Dairy Buffalo,Sub-Saharan Africa,0,N/A,N/A,
16878,Default,Daily Spread,Dairy Buffalo,Sub-Saharan Africa,0,N/A,N/A,
16879,Default,Digester,Dairy Buffalo,Sub-Saharan Africa,0,N/A,N/A,
16880,Default,Burned For Fuel,Dairy Buffalo,Sub-Saharan Africa,0,N/A,N/A,
16881,Default,Pit<1Month,Dairy Buffalo,Sub-Saharan Africa,0,N/A,N/A,
16883,Default,Poultry Manure,Dairy Buffalo,Sub-Saharan Africa,0,N/A,N/A,
16884,Default,Deep Bedding,Dairy Buffalo,Sub-Saharan Africa,0,N/A,N/A,
16885,Default,Composting,Dairy Buffalo,Sub-Saharan Africa,0,N/A,N/A,
16886,Default,Aerobic Treatment,Dairy Buffalo,Sub-Saharan Africa,0,N/A,N/A,
16887,Default,Lagoon,Dairy Buffalo,East Asia And South-East Asia,0,N/A,N/A,
16888,Default,Liquid/Slurry,Dairy Buffalo,East Asia And South-East Asia,0,N/A,N/A,
16889,Default,Solid Storage,Dairy Buffalo,East Asia And South-East Asia,10,N/A,N/A,
16890,Default,Dry Lot,Dairy Buffalo,East Asia And South-East Asia,58,N/A,N/A,
16891,Default,Pasture/Range/Paddock,Dairy Buffalo,East Asia And South-East Asia,29,N/A,N/A,
16892,Default,Daily Spread,Dairy Buffalo,East Asia And South-East Asia,0,N/A,N/A,
16893,Default,Digester,Dairy Buffalo,East Asia And South-East Asia,0,N/A,N/A,
16894,Default,Burned For Fuel,Dairy Buffalo,East Asia And South-East Asia,3,N/A,N/A,
16895,Default,Pit<1Month,Dairy Buffalo,East Asia And South-East Asia,0,N/A,N/A,
16897,Default,Poultry Manure,Dairy Buffalo,East Asia And South-East Asia,0,N/A,N/A,
16898,Default,Deep Bedding,Dairy Buffalo,East Asia And South-East Asia,0,N/A,N/A,
16899,Default,Composting,Dairy Buffalo,East Asia And South-East Asia,0,N/A,N/A,
16900,Default,Aerobic Treatment,Dairy Buffalo,East Asia And South-East Asia,0,N/A,N/A,
16901,Default,Lagoon,Dairy Buffalo,North America,0,N/A,N/A,
16902,Default,Liquid/Slurry,Dairy Buffalo,North America,43,N/A,N/A,
16903,Default,Solid Storage,Dairy Buffalo,North America,40,N/A,N/A,
16904,Default,Dry Lot,Dairy Buffalo,North America,0,N/A,N/A,
16905,Default,Pasture/Range/Paddock,Dairy Buffalo,North America,17,N/A,N/A,
16906,Default,Daily Spread,Dairy Buffalo,North America,0,N/A,N/A,
16907,Default,Digester,Dairy Buffalo,North America,0,N/A,N/A,
16908,Default,Burned For Fuel,Dairy Buffalo,North America,0,N/A,N/A,
16909,Default,Pit<1Month,Dairy Buffalo,North America,0,N/A,N/A,
16911,Default,Poultry Manure,Dairy Buffalo,North America,0,N/A,N/A,
16912,Default,Deep Bedding,Dairy Buffalo,North America,0,N/A,N/A,
16913,Default,Composting,Dairy Buffalo,North America,0,N/A,N/A,
16914,Default,Aerobic Treatment,Dairy Buffalo,North America,0,N/A,N/A,
16915,Default,Lagoon,Dairy Buffalo,Latin America And The Caribbean,0,N/A,N/A,
16916,Default,Liquid/Slurry,Dairy Buffalo,Latin America And The Caribbean,0,N/A,N/A,
16917,Default,Solid Storage,Dairy Buffalo,Latin America And The Caribbean,2,N/A,N/A,
16918,Default,Dry Lot,Dairy Buffalo,Latin America And The Caribbean,48,N/A,N/A,
16919,Default,Pasture/Range/Paddock,Dairy Buffalo,Latin America And The Caribbean,50,N/A,N/A,
16920,Default,Daily Spread,Dairy Buffalo,Latin America And The Caribbean,0,N/A,N/A,
16921,Default,Digester,Dairy Buffalo,Latin America And The Caribbean,0,N/A,N/A,
16922,Default,Burned For Fuel,Dairy Buffalo,Latin America And The Caribbean,0,N/A,N/A,
16923,Default,Pit<1Month,Dairy Buffalo,Latin America And The Caribbean,0,N/A,N/A,
16925,Default,Poultry Manure,Dairy Buffalo,Latin America And The Caribbean,0,N/A,N/A,
16926,Default,Deep Bedding,Dairy Buffalo,Latin America And The Caribbean,0,N/A,N/A,
16927,Default,Composting,Dairy Buffalo,Latin America And The Caribbean,0,N/A,N/A,
16928,Default,Aerobic Treatment,Dairy Buffalo,Latin America And The Caribbean,0,N/A,N/A,
16929,Default,Lagoon,Dairy Buffalo,Western Europe,0,N/A,N/A,
16930,Default,Liquid/Slurry,Dairy Buffalo,Western Europe,34,N/A,N/A,
16931,Default,Solid Storage,Dairy Buffalo,Western Europe,63,N/A,N/A,
16932,Default,Dry Lot,Dairy Buffalo,Western Europe,0,N/A,N/A,
16933,Default,Pasture/Range/Paddock,Dairy Buffalo,Western Europe,3,N/A,N/A,
16934,Default,Daily Spread,Dairy Buffalo,Western Europe,0,N/A,N/A,
16935,Default,Digester,Dairy Buffalo,Western Europe,0,N/A,N/A,
16936,Default,Burned For Fuel,Dairy Buffalo,Western Europe,0,N/A,N/A,
16937,Default,Pit<1Month,Dairy Buffalo,Western Europe,0,N/A,N/A,
16939,Default,Poultry Manure,Dairy Buffalo,Western Europe,0,N/A,N/A,
16940,Default,Deep Bedding,Dairy Buffalo,Western Europe,0,N/A,N/A,
16941,Default,Composting,Dairy Buffalo,Western Europe,0,N/A,N/A,
16942,Default,Aerobic Treatment,Dairy Buffalo,Western Europe,0,N/A,N/A,
16943,Default,Lagoon,Dairy Buffalo,Eastern Europe,0,N/A,N/A,
16944,Default,Liquid/Slurry,Dairy Buffalo,Eastern Europe,18,N/A,N/A,
16945,Default,Solid Storage,Dairy Buffalo,Eastern Europe,68,N/A,N/A,
16946,Default,Dry Lot,Dairy Buffalo,Eastern Europe,0,N/A,N/A,
16947,Default,Pasture/Range/Paddock,Dairy Buffalo,Eastern Europe,13,N/A,N/A,
16948,Default,Daily Spread,Dairy Buffalo,Eastern Europe,1,N/A,N/A,
16949,Default,Digester,Dairy Buffalo,Eastern Europe,0,N/A,N/A,
16950,Default,Burned For Fuel,Dairy Buffalo,Eastern Europe,0,N/A,N/A,
16951,Default,Pit<1Month,Dairy Buffalo,Eastern Europe,0,N/A,N/A,
16953,Default,Poultry Manure,Dairy Buffalo,Eastern Europe,0,N/A,N/A,
16954,Default,Deep Bedding,Dairy Buffalo,Eastern Europe,0,N/A,N/A,
16955,Default,Composting,Dairy Buffalo,Eastern Europe,0,N/A,N/A,
16956,Default,Aerobic Treatment,Dairy Buffalo,Eastern Europe,0,N/A,N/A,
16957,Default,Lagoon,Dairy Buffalo,Russian Federation,0,N/A,N/A,
16958,Default,Liquid/Slurry,Dairy Buffalo,Russian Federation,18,N/A,N/A,
16959,Default,Solid Storage,Dairy Buffalo,Russian Federation,68,N/A,N/A,
16960,Default,Dry Lot,Dairy Buffalo,Russian Federation,0,N/A,N/A,
16961,Default,Pasture/Range/Paddock,Dairy Buffalo,Russian Federation,13,N/A,N/A,
16962,Default,Daily Spread,Dairy Buffalo,Russian Federation,1,N/A,N/A,
16963,Default,Digester,Dairy Buffalo,Russian Federation,0,N/A,N/A,
16964,Default,Burned For Fuel,Dairy Buffalo,Russian Federation,0,N/A,N/A,
16965,Default,Pit<1Month,Dairy Buffalo,Russian Federation,0,N/A,N/A,
16967,Default,Poultry Manure,Dairy Buffalo,Russian Federation,0,N/A,N/A,
16968,Default,Deep Bedding,Dairy Buffalo,Russian Federation,0,N/A,N/A,
16969,Default,Composting,Dairy Buffalo,Russian Federation,0,N/A,N/A,
16970,Default,Aerobic Treatment,Dairy Buffalo,Russian Federation,0,N/A,N/A,
16971,Default,Lagoon,Dairy Buffalo,Oceania,0,N/A,N/A,
16972,Default,Liquid/Slurry,Dairy Buffalo,Oceania,0,N/A,N/A,
16973,Default,Solid Storage,Dairy Buffalo,Oceania,0,N/A,N/A,
16974,Default,Dry Lot,Dairy Buffalo,Oceania,0,N/A,N/A,
16975,Default,Pasture/Range/Paddock,Dairy Buffalo,Oceania,0,N/A,N/A,
16976,Default,Daily Spread,Dairy Buffalo,Oceania,0,N/A,N/A,
16977,Default,Digester,Dairy Buffalo,Oceania,0,N/A,N/A,
16978,Default,Burned For Fuel,Dairy Buffalo,Oceania,0,N/A,N/A,
16979,Default,Pit<1Month,Dairy Buffalo,Oceania,0,N/A,N/A,
16981,Default,Poultry Manure,Dairy Buffalo,Oceania,0,N/A,N/A,
16982,Default,Deep Bedding,Dairy Buffalo,Oceania,0,N/A,N/A,
16983,Default,Composting,Dairy Buffalo,Oceania,0,N/A,N/A,
16984,Default,Aerobic Treatment,Dairy Buffalo,Oceania,0,N/A,N/A,
16985,Default,Lagoon,Dairy Buffalo,NENA/Middle East,0,N/A,N/A,
16986,Default,Liquid/Slurry,Dairy Buffalo,NENA/Middle East,0,N/A,N/A,
16987,Default,Solid Storage,Dairy Buffalo,NENA/Middle East,18,N/A,N/A,
16988,Default,Dry Lot,Dairy Buffalo,NENA/Middle East,35,N/A,N/A,
16989,Default,Pasture/Range/Paddock,Dairy Buffalo,NENA/Middle East,46,N/A,N/A,
16990,Default,Daily Spread,Dairy Buffalo,NENA/Middle East,0,N/A,N/A,
16991,Default,Digester,Dairy Buffalo,NENA/Middle East,0,N/A,N/A,
16992,Default,Burned For Fuel,Dairy Buffalo,NENA/Middle East,1,N/A,N/A,
16993,Default,Pit<1Month,Dairy Buffalo,NENA/Middle East,0,N/A,N/A,
16995,Default,Poultry Manure,Dairy Buffalo,NENA/Middle East,0,N/A,N/A,
16996,Default,Deep Bedding,Dairy Buffalo,NENA/Middle East,0,N/A,N/A,
16997,Default,Composting,Dairy Buffalo,NENA/Middle East,0,N/A,N/A,
16998,Default,Aerobic Treatment,Dairy Buffalo,NENA/Middle East,0,N/A,N/A,
16999,Default,Lagoon,Dairy Buffalo,South Asia,0,N/A,N/A,
17000,Default,Liquid/Slurry,Dairy Buffalo,South Asia,0,N/A,N/A,
17001,Default,Solid Storage,Dairy Buffalo,South Asia,1,N/A,N/A,
17002,Default,Dry Lot,Dairy Buffalo,South Asia,41,N/A,N/A,
17003,Default,Pasture/Range/Paddock,Dairy Buffalo,South Asia,38,N/A,N/A,
17004,Default,Daily Spread,Dairy Buffalo,South Asia,0,N/A,N/A,
17005,Default,Digester,Dairy Buffalo,South Asia,0,N/A,N/A,
17006,Default,Burned For Fuel,Dairy Buffalo,South Asia,20,N/A,N/A,
17007,Default,Pit<1Month,Dairy Buffalo,South Asia,0,N/A,N/A,
17009,Default,Poultry Manure,Dairy Buffalo,South Asia,0,N/A,N/A,
17010,Default,Deep Bedding,Dairy Buffalo,South Asia,0,N/A,N/A,
17011,Default,Composting,Dairy Buffalo,South Asia,0,N/A,N/A,
17012,Default,Aerobic Treatment,Dairy Buffalo,South Asia,0,N/A,N/A,
17013,High-Productivity,Lagoon,Other Buffalo,Sub-Saharan Africa,0,N/A,N/A,
17014,High-Productivity,Liquid/Slurry,Other Buffalo,Sub-Saharan Africa,0,N/A,N/A,
17015,High-Productivity,Solid Storage,Other Buffalo,Sub-Saharan Africa,0,N/A,N/A,
17016,High-Productivity,Dry Lot,Other Buffalo,Sub-Saharan Africa,0,N/A,N/A,
17017,High-Productivity,Pasture/Range/Paddock,Other Buffalo,Sub-Saharan Africa,0,N/A,N/A,
17018,High-Productivity,Daily Spread,Other Buffalo,Sub-Saharan Africa,0,N/A,N/A,
17019,High-Productivity,Digester,Other Buffalo,Sub-Saharan Africa,0,N/A,N/A,
17020,High-Productivity,Burned For Fuel,Other Buffalo,Sub-Saharan Africa,0,N/A,N/A,
17021,High-Productivity,Pit<1Month,Other Buffalo,Sub-Saharan Africa,0,N/A,N/A,
17023,High-Productivity,Poultry Manure,Other Buffalo,Sub-Saharan Africa,0,N/A,N/A,
17024,High-Productivity,Deep Bedding,Other Buffalo,Sub-Saharan Africa,0,N/A,N/A,
17025,High-Productivity,Composting,Other Buffalo,Sub-Saharan Africa,0,N/A,N/A,
17026,High-Productivity,Aerobic Treatment,Other Buffalo,Sub-Saharan Africa,0,N/A,N/A,
17027,High-Productivity,Lagoon,Other Buffalo,East Asia And South-East Asia,0,N/A,N/A,
17028,High-Productivity,Liquid/Slurry,Other Buffalo,East Asia And South-East Asia,0,N/A,N/A,
17029,High-Productivity,Solid Storage,Other Buffalo,East Asia And South-East Asia,6,N/A,N/A,
17030,High-Productivity,Dry Lot,Other Buffalo,East Asia And South-East Asia,64,N/A,N/A,
17031,High-Productivity,Pasture/Range/Paddock,Other Buffalo,East Asia And South-East Asia,28,N/A,N/A,
17032,High-Productivity,Daily Spread,Other Buffalo,East Asia And South-East Asia,0,N/A,N/A,
17033,High-Productivity,Digester,Other Buffalo,East Asia And South-East Asia,0,N/A,N/A,
17034,High-Productivity,Burned For Fuel,Other Buffalo,East Asia And South-East Asia,2,N/A,N/A,
17035,High-Productivity,Pit<1Month,Other Buffalo,East Asia And South-East Asia,0,N/A,N/A,
17037,High-Productivity,Poultry Manure,Other Buffalo,East Asia And South-East Asia,0,N/A,N/A,
17038,High-Productivity,Deep Bedding,Other Buffalo,East Asia And South-East Asia,0,N/A,N/A,
17039,High-Productivity,Composting,Other Buffalo,East Asia And South-East Asia,0,N/A,N/A,
17040,High-Productivity,Aerobic Treatment,Other Buffalo,East Asia And South-East Asia,0,N/A,N/A,
17041,High-Productivity,Lagoon,Other Buffalo,North America,0,N/A,N/A,
17042,High-Productivity,Liquid/Slurry,Other Buffalo,North America,0,N/A,N/A,
17043,High-Productivity,Solid Storage,Other Buffalo,North America,0,N/A,N/A,
17044,High-Productivity,Dry Lot,Other Buffalo,North America,0,N/A,N/A,
17045,High-Productivity,Pasture/Range/Paddock,Other Buffalo,North America,0,N/A,N/A,
17046,High-Productivity,Daily Spread,Other Buffalo,North America,0,N/A,N/A,
17047,High-Productivity,Digester,Other Buffalo,North America,0,N/A,N/A,
17048,High-Productivity,Burned For Fuel,Other Buffalo,North America,0,N/A,N/A,
17049,High-Productivity,Pit<1Month,Other Buffalo,North America,0,N/A,N/A,
17051,High-Productivity,Poultry Manure,Other Buffalo,North America,0,N/A,N/A,
17052,High-Productivity,Deep Bedding,Other Buffalo,North America,0,N/A,N/A,
17053,High-Productivity,Composting,Other Buffalo,North America,0,N/A,N/A,
17054,High-Productivity,Aerobic Treatment,Other Buffalo,North America,0,N/A,N/A,
17055,High-Productivity,Lagoon,Other Buffalo,Latin America And The Caribbean,0,N/A,N/A,
17056,High-Productivity,Liquid/Slurry,Other Buffalo,Latin America And The Caribbean,0,N/A,N/A,
17057,High-Productivity,Solid Storage,Other Buffalo,Latin America And The Caribbean,2,N/A,N/A,
17058,High-Productivity,Dry Lot,Other Buffalo,Latin America And The Caribbean,5,N/A,N/A,
17059,High-Productivity,Pasture/Range/Paddock,Other Buffalo,Latin America And The Caribbean,93,N/A,N/A,
17060,High-Productivity,Daily Spread,Other Buffalo,Latin America And The Caribbean,0,N/A,N/A,
17061,High-Productivity,Digester,Other Buffalo,Latin America And The Caribbean,0,N/A,N/A,
17062,High-Productivity,Burned For Fuel,Other Buffalo,Latin America And The Caribbean,0,N/A,N/A,
17063,High-Productivity,Pit<1Month,Other Buffalo,Latin America And The Caribbean,0,N/A,N/A,
17065,High-Productivity,Poultry Manure,Other Buffalo,Latin America And The Caribbean,0,N/A,N/A,
17066,High-Productivity,Deep Bedding,Other Buffalo,Latin America And The Caribbean,0,N/A,N/A,
17067,High-Productivity,Composting,Other Buffalo,Latin America And The Caribbean,0,N/A,N/A,
17068,High-Productivity,Aerobic Treatment,Other Buffalo,Latin America And The Caribbean,0,N/A,N/A,
17069,High-Productivity,Lagoon,Other Buffalo,Western Europe,0,N/A,N/A,
17070,High-Productivity,Liquid/Slurry,Other Buffalo,Western Europe,0,N/A,N/A,
17071,High-Productivity,Solid Storage,Other Buffalo,Western Europe,0,N/A,N/A,
17072,High-Productivity,Dry Lot,Other Buffalo,Western Europe,0,N/A,N/A,
17073,High-Productivity,Pasture/Range/Paddock,Other Buffalo,Western Europe,0,N/A,N/A,
17074,High-Productivity,Daily Spread,Other Buffalo,Western Europe,0,N/A,N/A,
17075,High-Productivity,Digester,Other Buffalo,Western Europe,0,N/A,N/A,
17076,High-Productivity,Burned For Fuel,Other Buffalo,Western Europe,0,N/A,N/A,
17077,High-Productivity,Pit<1Month,Other Buffalo,Western Europe,0,N/A,N/A,
17079,High-Productivity,Poultry Manure,Other Buffalo,Western Europe,0,N/A,N/A,
17080,High-Productivity,Deep Bedding,Other Buffalo,Western Europe,0,N/A,N/A,
17081,High-Productivity,Composting,Other Buffalo,Western Europe,0,N/A,N/A,
17082,High-Productivity,Aerobic Treatment,Other Buffalo,Western Europe,0,N/A,N/A,
17083,High-Productivity,Lagoon,Other Buffalo,Eastern Europe,0,N/A,N/A,
17084,High-Productivity,Liquid/Slurry,Other Buffalo,Eastern Europe,9,N/A,N/A,
17085,High-Productivity,Solid Storage,Other Buffalo,Eastern Europe,64,N/A,N/A,
17086,High-Productivity,Dry Lot,Other Buffalo,Eastern Europe,0,N/A,N/A,
17087,High-Productivity,Pasture/Range/Paddock,Other Buffalo,Eastern Europe,27,N/A,N/A,
17088,High-Productivity,Daily Spread,Other Buffalo,Eastern Europe,0,N/A,N/A,
17089,High-Productivity,Digester,Other Buffalo,Eastern Europe,0,N/A,N/A,
17090,High-Productivity,Burned For Fuel,Other Buffalo,Eastern Europe,0,N/A,N/A,
17091,High-Productivity,Pit<1Month,Other Buffalo,Eastern Europe,0,N/A,N/A,
17093,High-Productivity,Poultry Manure,Other Buffalo,Eastern Europe,0,N/A,N/A,
17094,High-Productivity,Deep Bedding,Other Buffalo,Eastern Europe,0,N/A,N/A,
17095,High-Productivity,Composting,Other Buffalo,Eastern Europe,0,N/A,N/A,
17096,High-Productivity,Aerobic Treatment,Other Buffalo,Eastern Europe,0,N/A,N/A,
17097,High-Productivity,Lagoon,Other Buffalo,Russian Federation,0,N/A,N/A,
17098,High-Productivity,Liquid/Slurry,Other Buffalo,Russian Federation,9,N/A,N/A,
17099,High-Productivity,Solid Storage,Other Buffalo,Russian Federation,64,N/A,N/A,
17100,High-Productivity,Dry Lot,Other Buffalo,Russian Federation,0,N/A,N/A,
17101,High-Productivity,Pasture/Range/Paddock,Other Buffalo,Russian Federation,27,N/A,N/A,
17102,High-Productivity,Daily Spread,Other Buffalo,Russian Federation,0,N/A,N/A,
17103,High-Productivity,Digester,Other Buffalo,Russian Federation,0,N/A,N/A,
17104,High-Productivity,Burned For Fuel,Other Buffalo,Russian Federation,0,N/A,N/A,
17105,High-Productivity,Pit<1Month,Other Buffalo,Russian Federation,0,N/A,N/A,
17107,High-Productivity,Poultry Manure,Other Buffalo,Russian Federation,0,N/A,N/A,
17108,High-Productivity,Deep Bedding,Other Buffalo,Russian Federation,0,N/A,N/A,
17109,High-Productivity,Composting,Other Buffalo,Russian Federation,0,N/A,N/A,
17110,High-Productivity,Aerobic Treatment,Other Buffalo,Russian Federation,0,N/A,N/A,
17111,High-Productivity,Lagoon,Other Buffalo,Oceania,0,N/A,N/A,
17112,High-Productivity,Liquid/Slurry,Other Buffalo,Oceania,0,N/A,N/A,
17113,High-Productivity,Solid Storage,Other Buffalo,Oceania,0,N/A,N/A,
17114,High-Productivity,Dry Lot,Other Buffalo,Oceania,0,N/A,N/A,
17115,High-Productivity,Pasture/Range/Paddock,Other Buffalo,Oceania,0,N/A,N/A,
17116,High-Productivity,Daily Spread,Other Buffalo,Oceania,0,N/A,N/A,
17117,High-Productivity,Digester,Other Buffalo,Oceania,0,N/A,N/A,
17118,High-Productivity,Burned For Fuel,Other Buffalo,Oceania,0,N/A,N/A,
17119,High-Productivity,Pit<1Month,Other Buffalo,Oceania,0,N/A,N/A,
17121,High-Productivity,Poultry Manure,Other Buffalo,Oceania,0,N/A,N/A,
17122,High-Productivity,Deep Bedding,Other Buffalo,Oceania,0,N/A,N/A,
17123,High-Productivity,Composting,Other Buffalo,Oceania,0,N/A,N/A,
17124,High-Productivity,Aerobic Treatment,Other Buffalo,Oceania,0,N/A,N/A,
17125,High-Productivity,Lagoon,Other Buffalo,NENA/Middle East,0,N/A,N/A,
17126,High-Productivity,Liquid/Slurry,Other Buffalo,NENA/Middle East,0,N/A,N/A,
17127,High-Productivity,Solid Storage,Other Buffalo,NENA/Middle East,16,N/A,N/A,
17128,High-Productivity,Dry Lot,Other Buffalo,NENA/Middle East,12,N/A,N/A,
17129,High-Productivity,Pasture/Range/Paddock,Other Buffalo,NENA/Middle East,57,N/A,N/A,
17130,High-Productivity,Daily Spread,Other Buffalo,NENA/Middle East,0,N/A,N/A,
17131,High-Productivity,Digester,Other Buffalo,NENA/Middle East,0,N/A,N/A,
17132,High-Productivity,Burned For Fuel,Other Buffalo,NENA/Middle East,15,N/A,N/A,
17133,High-Productivity,Pit<1Month,Other Buffalo,NENA/Middle East,0,N/A,N/A,
17135,High-Productivity,Poultry Manure,Other Buffalo,NENA/Middle East,0,N/A,N/A,
17136,High-Productivity,Deep Bedding,Other Buffalo,NENA/Middle East,0,N/A,N/A,
17137,High-Productivity,Composting,Other Buffalo,NENA/Middle East,0,N/A,N/A,
17138,High-Productivity,Aerobic Treatment,Other Buffalo,NENA/Middle East,0,N/A,N/A,
17139,High-Productivity,Lagoon,Other Buffalo,South Asia,0,N/A,N/A,
17140,High-Productivity,Liquid/Slurry,Other Buffalo,South Asia,0,N/A,N/A,
17141,High-Productivity,Solid Storage,Other Buffalo,South Asia,1,N/A,N/A,
17142,High-Productivity,Dry Lot,Other Buffalo,South Asia,40,N/A,N/A,
17143,High-Productivity,Pasture/Range/Paddock,Other Buffalo,South Asia,39,N/A,N/A,
17144,High-Productivity,Daily Spread,Other Buffalo,South Asia,0,N/A,N/A,
17145,High-Productivity,Digester,Other Buffalo,South Asia,0,N/A,N/A,
17146,High-Productivity,Burned For Fuel,Other Buffalo,South Asia,20,N/A,N/A,
17147,High-Productivity,Pit<1Month,Other Buffalo,South Asia,0,N/A,N/A,
17149,High-Productivity,Poultry Manure,Other Buffalo,South Asia,0,N/A,N/A,
17150,High-Productivity,Deep Bedding,Other Buffalo,South Asia,0,N/A,N/A,
17151,High-Productivity,Composting,Other Buffalo,South Asia,0,N/A,N/A,
17152,High-Productivity,Aerobic Treatment,Other Buffalo,South Asia,0,N/A,N/A,
17153,Low-Productivity,Lagoon,Other Buffalo,Sub-Saharan Africa,0,N/A,N/A,
17154,Low-Productivity,Liquid/Slurry,Other Buffalo,Sub-Saharan Africa,0,N/A,N/A,
17155,Low-Productivity,Solid Storage,Other Buffalo,Sub-Saharan Africa,0,N/A,N/A,
17156,Low-Productivity,Dry Lot,Other Buffalo,Sub-Saharan Africa,0,N/A,N/A,
17157,Low-Productivity,Pasture/Range/Paddock,Other Buffalo,Sub-Saharan Africa,0,N/A,N/A,
17158,Low-Productivity,Daily Spread,Other Buffalo,Sub-Saharan Africa,0,N/A,N/A,
17159,Low-Productivity,Digester,Other Buffalo,Sub-Saharan Africa,0,N/A,N/A,
17160,Low-Productivity,Burned For Fuel,Other Buffalo,Sub-Saharan Africa,0,N/A,N/A,
17161,Low-Productivity,Pit<1Month,Other Buffalo,Sub-Saharan Africa,0,N/A,N/A,
17163,Low-Productivity,Poultry Manure,Other Buffalo,Sub-Saharan Africa,0,N/A,N/A,
17164,Low-Productivity,Deep Bedding,Other Buffalo,Sub-Saharan Africa,0,N/A,N/A,
17165,Low-Productivity,Composting,Other Buffalo,Sub-Saharan Africa,0,N/A,N/A,
17166,Low-Productivity,Aerobic Treatment,Other Buffalo,Sub-Saharan Africa,0,N/A,N/A,
17167,Low-Productivity,Lagoon,Other Buffalo,East Asia And South-East Asia,0,N/A,N/A,
17168,Low-Productivity,Liquid/Slurry,Other Buffalo,East Asia And South-East Asia,0,N/A,N/A,
17169,Low-Productivity,Solid Storage,Other Buffalo,East Asia And South-East Asia,6,N/A,N/A,
17170,Low-Productivity,Dry Lot,Other Buffalo,East Asia And South-East Asia,64,N/A,N/A,
17171,Low-Productivity,Pasture/Range/Paddock,Other Buffalo,East Asia And South-East Asia,28,N/A,N/A,
17172,Low-Productivity,Daily Spread,Other Buffalo,East Asia And South-East Asia,0,N/A,N/A,
17173,Low-Productivity,Digester,Other Buffalo,East Asia And South-East Asia,0,N/A,N/A,
17174,Low-Productivity,Burned For Fuel,Other Buffalo,East Asia And South-East Asia,2,N/A,N/A,
17175,Low-Productivity,Pit<1Month,Other Buffalo,East Asia And South-East Asia,0,N/A,N/A,
17177,Low-Productivity,Poultry Manure,Other Buffalo,East Asia And South-East Asia,0,N/A,N/A,
17178,Low-Productivity,Deep Bedding,Other Buffalo,East Asia And South-East Asia,0,N/A,N/A,
17179,Low-Productivity,Composting,Other Buffalo,East Asia And South-East Asia,0,N/A,N/A,
17180,Low-Productivity,Aerobic Treatment,Other Buffalo,East Asia And South-East Asia,0,N/A,N/A,
17181,Low-Productivity,Lagoon,Other Buffalo,North America,0,N/A,N/A,
17182,Low-Productivity,Liquid/Slurry,Other Buffalo,North America,0,N/A,N/A,
17183,Low-Productivity,Solid Storage,Other Buffalo,North America,0,N/A,N/A,
17184,Low-Productivity,Dry Lot,Other Buffalo,North America,0,N/A,N/A,
17185,Low-Productivity,Pasture/Range/Paddock,Other Buffalo,North America,0,N/A,N/A,
17186,Low-Productivity,Daily Spread,Other Buffalo,North America,0,N/A,N/A,
17187,Low-Productivity,Digester,Other Buffalo,North America,0,N/A,N/A,
17188,Low-Productivity,Burned For Fuel,Other Buffalo,North America,0,N/A,N/A,
17189,Low-Productivity,Pit<1Month,Other Buffalo,North America,0,N/A,N/A,
17191,Low-Productivity,Poultry Manure,Other Buffalo,North America,0,N/A,N/A,
17192,Low-Productivity,Deep Bedding,Other Buffalo,North America,0,N/A,N/A,
17193,Low-Productivity,Composting,Other Buffalo,North America,0,N/A,N/A,
17194,Low-Productivity,Aerobic Treatment,Other Buffalo,North America,0,N/A,N/A,
17195,Low-Productivity,Lagoon,Other Buffalo,Latin America And The Caribbean,0,N/A,N/A,
17196,Low-Productivity,Liquid/Slurry,Other Buffalo,Latin America And The Caribbean,0,N/A,N/A,
17197,Low-Productivity,Solid Storage,Other Buffalo,Latin America And The Caribbean,2,N/A,N/A,
17198,Low-Productivity,Dry Lot,Other Buffalo,Latin America And The Caribbean,5,N/A,N/A,
17199,Low-Productivity,Pasture/Range/Paddock,Other Buffalo,Latin America And The Caribbean,93,N/A,N/A,
17200,Low-Productivity,Daily Spread,Other Buffalo,Latin America And The Caribbean,0,N/A,N/A,
17201,Low-Productivity,Digester,Other Buffalo,Latin America And The Caribbean,0,N/A,N/A,
17202,Low-Productivity,Burned For Fuel,Other Buffalo,Latin America And The Caribbean,0,N/A,N/A,
17203,Low-Productivity,Pit<1Month,Other Buffalo,Latin America And The Caribbean,0,N/A,N/A,
17205,Low-Productivity,Poultry Manure,Other Buffalo,Latin America And The Caribbean,0,N/A,N/A,
17206,Low-Productivity,Deep Bedding,Other Buffalo,Latin America And The Caribbean,0,N/A,N/A,
17207,Low-Productivity,Composting,Other Buffalo,Latin America And The Caribbean,0,N/A,N/A,
17208,Low-Productivity,Aerobic Treatment,Other Buffalo,Latin America And The Caribbean,0,N/A,N/A,
17209,Low-Productivity,Lagoon,Other Buffalo,Western Europe,0,N/A,N/A,
17210,Low-Productivity,Liquid/Slurry,Other Buffalo,Western Europe,0,N/A,N/A,
17211,Low-Productivity,Solid Storage,Other Buffalo,Western Europe,0,N/A,N/A,
17212,Low-Productivity,Dry Lot,Other Buffalo,Western Europe,0,N/A,N/A,
17213,Low-Productivity,Pasture/Range/Paddock,Other Buffalo,Western Europe,0,N/A,N/A,
17214,Low-Productivity,Daily Spread,Other Buffalo,Western Europe,0,N/A,N/A,
17215,Low-Productivity,Digester,Other Buffalo,Western Europe,0,N/A,N/A,
17216,Low-Productivity,Burned For Fuel,Other Buffalo,Western Europe,0,N/A,N/A,
17217,Low-Productivity,Pit<1Month,Other Buffalo,Western Europe,0,N/A,N/A,
17219,Low-Productivity,Poultry Manure,Other Buffalo,Western Europe,0,N/A,N/A,
17220,Low-Productivity,Deep Bedding,Other Buffalo,Western Europe,0,N/A,N/A,
17221,Low-Productivity,Composting,Other Buffalo,Western Europe,0,N/A,N/A,
17222,Low-Productivity,Aerobic Treatment,Other Buffalo,Western Europe,0,N/A,N/A,
17223,Low-Productivity,Lagoon,Other Buffalo,Eastern Europe,0,N/A,N/A,
17224,Low-Productivity,Liquid/Slurry,Other Buffalo,Eastern Europe,9,N/A,N/A,
17225,Low-Productivity,Solid Storage,Other Buffalo,Eastern Europe,64,N/A,N/A,
17226,Low-Productivity,Dry Lot,Other Buffalo,Eastern Europe,0,N/A,N/A,
17227,Low-Productivity,Pasture/Range/Paddock,Other Buffalo,Eastern Europe,27,N/A,N/A,
17228,Low-Productivity,Daily Spread,Other Buffalo,Eastern Europe,0,N/A,N/A,
17229,Low-Productivity,Digester,Other Buffalo,Eastern Europe,0,N/A,N/A,
17230,Low-Productivity,Burned For Fuel,Other Buffalo,Eastern Europe,0,N/A,N/A,
17231,Low-Productivity,Pit<1Month,Other Buffalo,Eastern Europe,0,N/A,N/A,
17233,Low-Productivity,Poultry Manure,Other Buffalo,Eastern Europe,0,N/A,N/A,
17234,Low-Productivity,Deep Bedding,Other Buffalo,Eastern Europe,0,N/A,N/A,
17235,Low-Productivity,Composting,Other Buffalo,Eastern Europe,0,N/A,N/A,
17236,Low-Productivity,Aerobic Treatment,Other Buffalo,Eastern Europe,0,N/A,N/A,
17237,Low-Productivity,Lagoon,Other Buffalo,Russian Federation,0,N/A,N/A,
17238,Low-Productivity,Liquid/Slurry,Other Buffalo,Russian Federation,9,N/A,N/A,
17239,Low-Productivity,Solid Storage,Other Buffalo,Russian Federation,64,N/A,N/A,
17240,Low-Productivity,Dry Lot,Other Buffalo,Russian Federation,0,N/A,N/A,
17241,Low-Productivity,Pasture/Range/Paddock,Other Buffalo,Russian Federation,27,N/A,N/A,
17242,Low-Productivity,Daily Spread,Other Buffalo,Russian Federation,0,N/A,N/A,
17243,Low-Productivity,Digester,Other Buffalo,Russian Federation,0,N/A,N/A,
17244,Low-Productivity,Burned For Fuel,Other Buffalo,Russian Federation,0,N/A,N/A,
17245,Low-Productivity,Pit<1Month,Other Buffalo,Russian Federation,0,N/A,N/A,
17247,Low-Productivity,Poultry Manure,Other Buffalo,Russian Federation,0,N/A,N/A,
17248,Low-Productivity,Deep Bedding,Other Buffalo,Russian Federation,0,N/A,N/A,
17249,Low-Productivity,Composting,Other Buffalo,Russian Federation,0,N/A,N/A,
17250,Low-Productivity,Aerobic Treatment,Other Buffalo,Russian Federation,0,N/A,N/A,
17251,Low-Productivity,Lagoon,Other Buffalo,Oceania,0,N/A,N/A,
17252,Low-Productivity,Liquid/Slurry,Other Buffalo,Oceania,0,N/A,N/A,
17253,Low-Productivity,Solid Storage,Other Buffalo,Oceania,0,N/A,N/A,
17254,Low-Productivity,Dry Lot,Other Buffalo,Oceania,0,N/A,N/A,
17255,Low-Productivity,Pasture/Range/Paddock,Other Buffalo,Oceania,0,N/A,N/A,
17256,Low-Productivity,Daily Spread,Other Buffalo,Oceania,0,N/A,N/A,
17257,Low-Productivity,Digester,Other Buffalo,Oceania,0,N/A,N/A,
17258,Low-Productivity,Burned For Fuel,Other Buffalo,Oceania,0,N/A,N/A,
17259,Low-Productivity,Pit<1Month,Other Buffalo,Oceania,0,N/A,N/A,
17261,Low-Productivity,Poultry Manure,Other Buffalo,Oceania,0,N/A,N/A,
17262,Low-Productivity,Deep Bedding,Other Buffalo,Oceania,0,N/A,N/A,
17263,Low-Productivity,Composting,Other Buffalo,Oceania,0,N/A,N/A,
17264,Low-Productivity,Aerobic Treatment,Other Buffalo,Oceania,0,N/A,N/A,
17265,Low-Productivity,Lagoon,Other Buffalo,NENA/Middle East,0,N/A,N/A,
17266,Low-Productivity,Liquid/Slurry,Other Buffalo,NENA/Middle East,0,N/A,N/A,
17267,Low-Productivity,Solid Storage,Other Buffalo,NENA/Middle East,16,N/A,N/A,
17268,Low-Productivity,Dry Lot,Other Buffalo,NENA/Middle East,12,N/A,N/A,
17269,Low-Productivity,Pasture/Range/Paddock,Other Buffalo,NENA/Middle East,57,N/A,N/A,
17270,Low-Productivity,Daily Spread,Other Buffalo,NENA/Middle East,0,N/A,N/A,
17271,Low-Productivity,Digester,Other Buffalo,NENA/Middle East,0,N/A,N/A,
17272,Low-Productivity,Burned For Fuel,Other Buffalo,NENA/Middle East,15,N/A,N/A,
17273,Low-Productivity,Pit<1Month,Other Buffalo,NENA/Middle East,0,N/A,N/A,
17275,Low-Productivity,Poultry Manure,Other Buffalo,NENA/Middle East,0,N/A,N/A,
17276,Low-Productivity,Deep Bedding,Other Buffalo,NENA/Middle East,0,N/A,N/A,
17277,Low-Productivity,Composting,Other Buffalo,NENA/Middle East,0,N/A,N/A,
17278,Low-Productivity,Aerobic Treatment,Other Buffalo,NENA/Middle East,0,N/A,N/A,
17279,Low-Productivity,Lagoon,Other Buffalo,South Asia,0,N/A,N/A,
17280,Low-Productivity,Liquid/Slurry,Other Buffalo,South Asia,0,N/A,N/A,
17281,Low-Productivity,Solid Storage,Other Buffalo,South Asia,1,N/A,N/A,
17282,Low-Productivity,Dry Lot,Other Buffalo,South Asia,40,N/A,N/A,
17283,Low-Productivity,Pasture/Range/Paddock,Other Buffalo,South Asia,39,N/A,N/A,
17284,Low-Productivity,Daily Spread,Other Buffalo,South Asia,0,N/A,N/A,
17285,Low-Productivity,Digester,Other Buffalo,South Asia,0,N/A,N/A,
17286,Low-Productivity,Burned For Fuel,Other Buffalo,South Asia,20,N/A,N/A,
17287,Low-Productivity,Pit<1Month,Other Buffalo,South Asia,0,N/A,N/A,
17289,Low-Productivity,Poultry Manure,Other Buffalo,South Asia,0,N/A,N/A,
17290,Low-Productivity,Deep Bedding,Other Buffalo,South Asia,0,N/A,N/A,
17291,Low-Productivity,Composting,Other Buffalo,South Asia,0,N/A,N/A,
17292,Low-Productivity,Aerobic Treatment,Other Buffalo,South Asia,0,N/A,N/A,
17293,Default,Lagoon,Other Buffalo,Sub-Saharan Africa,0,N/A,N/A,
17294,Default,Liquid/Slurry,Other Buffalo,Sub-Saharan Africa,0,N/A,N/A,
17295,Default,Solid Storage,Other Buffalo,Sub-Saharan Africa,0,N/A,N/A,
17296,Default,Dry Lot,Other Buffalo,Sub-Saharan Africa,0,N/A,N/A,
17297,Default,Pasture/Range/Paddock,Other Buffalo,Sub-Saharan Africa,0,N/A,N/A,
17298,Default,Daily Spread,Other Buffalo,Sub-Saharan Africa,0,N/A,N/A,
17299,Default,Digester,Other Buffalo,Sub-Saharan Africa,0,N/A,N/A,
17300,Default,Burned For Fuel,Other Buffalo,Sub-Saharan Africa,0,N/A,N/A,
17301,Default,Pit<1Month,Other Buffalo,Sub-Saharan Africa,0,N/A,N/A,
17303,Default,Poultry Manure,Other Buffalo,Sub-Saharan Africa,0,N/A,N/A,
17304,Default,Deep Bedding,Other Buffalo,Sub-Saharan Africa,0,N/A,N/A,
17305,Default,Composting,Other Buffalo,Sub-Saharan Africa,0,N/A,N/A,
17306,Default,Aerobic Treatment,Other Buffalo,Sub-Saharan Africa,0,N/A,N/A,
17307,Default,Lagoon,Other Buffalo,East Asia And South-East Asia,0,N/A,N/A,
17308,Default,Liquid/Slurry,Other Buffalo,East Asia And South-East Asia,0,N/A,N/A,
17309,Default,Solid Storage,Other Buffalo,East Asia And South-East Asia,6,N/A,N/A,
17310,Default,Dry Lot,Other Buffalo,East Asia And South-East Asia,64,N/A,N/A,
17311,Default,Pasture/Range/Paddock,Other Buffalo,East Asia And South-East Asia,28,N/A,N/A,
17312,Default,Daily Spread,Other Buffalo,East Asia And South-East Asia,0,N/A,N/A,
17313,Default,Digester,Other Buffalo,East Asia And South-East Asia,0,N/A,N/A,
17314,Default,Burned For Fuel,Other Buffalo,East Asia And South-East Asia,2,N/A,N/A,
17315,Default,Pit<1Month,Other Buffalo,East Asia And South-East Asia,0,N/A,N/A,
17317,Default,Poultry Manure,Other Buffalo,East Asia And South-East Asia,0,N/A,N/A,
17318,Default,Deep Bedding,Other Buffalo,East Asia And South-East Asia,0,N/A,N/A,
17319,Default,Composting,Other Buffalo,East Asia And South-East Asia,0,N/A,N/A,
17320,Default,Aerobic Treatment,Other Buffalo,East Asia And South-East Asia,0,N/A,N/A,
17321,Default,Lagoon,Other Buffalo,North America,0,N/A,N/A,
17322,Default,Liquid/Slurry,Other Buffalo,North America,0,N/A,N/A,
17323,Default,Solid Storage,Other Buffalo,North America,0,N/A,N/A,
17324,Default,Dry Lot,Other Buffalo,North America,0,N/A,N/A,
17325,Default,Pasture/Range/Paddock,Other Buffalo,North America,0,N/A,N/A,
17326,Default,Daily Spread,Other Buffalo,North America,0,N/A,N/A,
17327,Default,Digester,Other Buffalo,North America,0,N/A,N/A,
17328,Default,Burned For Fuel,Other Buffalo,North America,0,N/A,N/A,
17329,Default,Pit<1Month,Other Buffalo,North America,0,N/A,N/A,
17331,Default,Poultry Manure,Other Buffalo,North America,0,N/A,N/A,
17332,Default,Deep Bedding,Other Buffalo,North America,0,N/A,N/A,
17333,Default,Composting,Other Buffalo,North America,0,N/A,N/A,
17334,Default,Aerobic Treatment,Other Buffalo,North America,0,N/A,N/A,
17335,Default,Lagoon,Other Buffalo,Latin America And The Caribbean,0,N/A,N/A,
17336,Default,Liquid/Slurry,Other Buffalo,Latin America And The Caribbean,0,N/A,N/A,
17337,Default,Solid Storage,Other Buffalo,Latin America And The Caribbean,2,N/A,N/A,
17338,Default,Dry Lot,Other Buffalo,Latin America And The Caribbean,5,N/A,N/A,
17339,Default,Pasture/Range/Paddock,Other Buffalo,Latin America And The Caribbean,93,N/A,N/A,
17340,Default,Daily Spread,Other Buffalo,Latin America And The Caribbean,0,N/A,N/A,
17341,Default,Digester,Other Buffalo,Latin America And The Caribbean,0,N/A,N/A,
17342,Default,Burned For Fuel,Other Buffalo,Latin America And The Caribbean,0,N/A,N/A,
17343,Default,Pit<1Month,Other Buffalo,Latin America And The Caribbean,0,N/A,N/A,
17345,Default,Poultry Manure,Other Buffalo,Latin America And The Caribbean,0,N/A,N/A,
17346,Default,Deep Bedding,Other Buffalo,Latin America And The Caribbean,0,N/A,N/A,
17347,Default,Composting,Other Buffalo,Latin America And The Caribbean,0,N/A,N/A,
17348,Default,Aerobic Treatment,Other Buffalo,Latin America And The Caribbean,0,N/A,N/A,
17349,Default,Lagoon,Other Buffalo,Western Europe,0,N/A,N/A,
17350,Default,Liquid/Slurry,Other Buffalo,Western Europe,0,N/A,N/A,
17351,Default,Solid Storage,Other Buffalo,Western Europe,0,N/A,N/A,
17352,Default,Dry Lot,Other Buffalo,Western Europe,0,N/A,N/A,
17353,Default,Pasture/Range/Paddock,Other Buffalo,Western Europe,0,N/A,N/A,
17354,Default,Daily Spread,Other Buffalo,Western Europe,0,N/A,N/A,
17355,Default,Digester,Other Buffalo,Western Europe,0,N/A,N/A,
17356,Default,Burned For Fuel,Other Buffalo,Western Europe,0,N/A,N/A,
17357,Default,Pit<1Month,Other Buffalo,Western Europe,0,N/A,N/A,
17359,Default,Poultry Manure,Other Buffalo,Western Europe,0,N/A,N/A,
17360,Default,Deep Bedding,Other Buffalo,Western Europe,0,N/A,N/A,
17361,Default,Composting,Other Buffalo,Western Europe,0,N/A,N/A,
17362,Default,Aerobic Treatment,Other Buffalo,Western Europe,0,N/A,N/A,
17363,Default,Lagoon,Other Buffalo,Eastern Europe,0,N/A,N/A,
17364,Default,Liquid/Slurry,Other Buffalo,Eastern Europe,9,N/A,N/A,
17365,Default,Solid Storage,Other Buffalo,Eastern Europe,64,N/A,N/A,
17366,Default,Dry Lot,Other Buffalo,Eastern Europe,0,N/A,N/A,
17367,Default,Pasture/Range/Paddock,Other Buffalo,Eastern Europe,27,N/A,N/A,
17368,Default,Daily Spread,Other Buffalo,Eastern Europe,0,N/A,N/A,
17369,Default,Digester,Other Buffalo,Eastern Europe,0,N/A,N/A,
17370,Default,Burned For Fuel,Other Buffalo,Eastern Europe,0,N/A,N/A,
17371,Default,Pit<1Month,Other Buffalo,Eastern Europe,0,N/A,N/A,
17373,Default,Poultry Manure,Other Buffalo,Eastern Europe,0,N/A,N/A,
17374,Default,Deep Bedding,Other Buffalo,Eastern Europe,0,N/A,N/A,
17375,Default,Composting,Other Buffalo,Eastern Europe,0,N/A,N/A,
17376,Default,Aerobic Treatment,Other Buffalo,Eastern Europe,0,N/A,N/A,
17377,Default,Lagoon,Other Buffalo,Russian Federation,0,N/A,N/A,
17378,Default,Liquid/Slurry,Other Buffalo,Russian Federation,9,N/A,N/A,
17379,Default,Solid Storage,Other Buffalo,Russian Federation,64,N/A,N/A,
17380,Default,Dry Lot,Other Buffalo,Russian Federation,0,N/A,N/A,
17381,Default,Pasture/Range/Paddock,Other Buffalo,Russian Federation,27,N/A,N/A,
17382,Default,Daily Spread,Other Buffalo,Russian Federation,0,N/A,N/A,
17383,Default,Digester,Other Buffalo,Russian Federation,0,N/A,N/A,
17384,Default,Burned For Fuel,Other Buffalo,Russian Federation,0,N/A,N/A,
17385,Default,Pit<1Month,Other Buffalo,Russian Federation,0,N/A,N/A,
17387,Default,Poultry Manure,Other Buffalo,Russian Federation,0,N/A,N/A,
17388,Default,Deep Bedding,Other Buffalo,Russian Federation,0,N/A,N/A,
17389,Default,Composting,Other Buffalo,Russian Federation,0,N/A,N/A,
17390,Default,Aerobic Treatment,Other Buffalo,Russian Federation,0,N/A,N/A,
17391,Default,Lagoon,Other Buffalo,Oceania,0,N/A,N/A,
17392,Default,Liquid/Slurry,Other Buffalo,Oceania,0,N/A,N/A,
17393,Default,Solid Storage,Other Buffalo,Oceania,0,N/A,N/A,
17394,Default,Dry Lot,Other Buffalo,Oceania,0,N/A,N/A,
17395,Default,Pasture/Range/Paddock,Other Buffalo,Oceania,0,N/A,N/A,
17396,Default,Daily Spread,Other Buffalo,Oceania,0,N/A,N/A,
17397,Default,Digester,Other Buffalo,Oceania,0,N/A,N/A,
17398,Default,Burned For Fuel,Other Buffalo,Oceania,0,N/A,N/A,
17399,Default,Pit<1Month,Other Buffalo,Oceania,0,N/A,N/A,
17401,Default,Poultry Manure,Other Buffalo,Oceania,0,N/A,N/A,
17402,Default,Deep Bedding,Other Buffalo,Oceania,0,N/A,N/A,
17403,Default,Composting,Other Buffalo,Oceania,0,N/A,N/A,
17404,Default,Aerobic Treatment,Other Buffalo,Oceania,0,N/A,N/A,
17405,Default,Lagoon,Other Buffalo,NENA/Middle East,0,N/A,N/A,
17406,Default,Liquid/Slurry,Other Buffalo,NENA/Middle East,0,N/A,N/A,
17407,Default,Solid Storage,Other Buffalo,NENA/Middle East,16,N/A,N/A,
17408,Default,Dry Lot,Other Buffalo,NENA/Middle East,12,N/A,N/A,
17409,Default,Pasture/Range/Paddock,Other Buffalo,NENA/Middle East,57,N/A,N/A,
17410,Default,Daily Spread,Other Buffalo,NENA/Middle East,0,N/A,N/A,
17411,Default,Digester,Other Buffalo,NENA/Middle East,0,N/A,N/A,
17412,Default,Burned For Fuel,Other Buffalo,NENA/Middle East,15,N/A,N/A,
17413,Default,Pit<1Month,Other Buffalo,NENA/Middle East,0,N/A,N/A,
17415,Default,Poultry Manure,Other Buffalo,NENA/Middle East,0,N/A,N/A,
17416,Default,Deep Bedding,Other Buffalo,NENA/Middle East,0,N/A,N/A,
17417,Default,Composting,Other Buffalo,NENA/Middle East,0,N/A,N/A,
17418,Default,Aerobic Treatment,Other Buffalo,NENA/Middle East,0,N/A,N/A,
17419,Default,Lagoon,Other Buffalo,South Asia,0,N/A,N/A,
17420,Default,Liquid/Slurry,Other Buffalo,South Asia,0,N/A,N/A,
17421,Default,Solid Storage,Other Buffalo,South Asia,1,N/A,N/A,
17422,Default,Dry Lot,Other Buffalo,South Asia,40,N/A,N/A,
17423,Default,Pasture/Range/Paddock,Other Buffalo,South Asia,39,N/A,N/A,
17424,Default,Daily Spread,Other Buffalo,South Asia,0,N/A,N/A,
17425,Default,Digester,Other Buffalo,South Asia,0,N/A,N/A,
17426,Default,Burned For Fuel,Other Buffalo,South Asia,20,N/A,N/A,
17427,Default,Pit<1Month,Other Buffalo,South Asia,0,N/A,N/A,
17429,Default,Poultry Manure,Other Buffalo,South Asia,0,N/A,N/A,
17430,Default,Deep Bedding,Other Buffalo,South Asia,0,N/A,N/A,
17431,Default,Composting,Other Buffalo,South Asia,0,N/A,N/A,
17432,Default,Aerobic Treatment,Other Buffalo,South Asia,0,N/A,N/A,
17433,High-Productivity,Lagoon,Growing Swine,Sub-Saharan Africa,0,N/A,N/A,
17434,High-Productivity,Liquid/Slurry,Growing Swine,Sub-Saharan Africa,7,N/A,N/A,
17435,High-Productivity,Solid Storage,Growing Swine,Sub-Saharan Africa,6,N/A,N/A,
17436,High-Productivity,Dry Lot,Growing Swine,Sub-Saharan Africa,86,N/A,N/A,
17437,High-Productivity,Pasture/Range/Paddock,Growing Swine,Sub-Saharan Africa,0,N/A,N/A,
17438,High-Productivity,Daily Spread,Growing Swine,Sub-Saharan Africa,0,N/A,N/A,
17439,High-Productivity,Digester,Growing Swine,Sub-Saharan Africa,0,N/A,N/A,
17440,High-Productivity,Burned For Fuel,Growing Swine,Sub-Saharan Africa,0,N/A,N/A,
17441,High-Productivity,Pit<1Month,Growing Swine,Sub-Saharan Africa,1,N/A,N/A,
17443,High-Productivity,Poultry Manure,Growing Swine,Sub-Saharan Africa,0,N/A,N/A,
17444,High-Productivity,Deep Bedding,Growing Swine,Sub-Saharan Africa,0,N/A,N/A,
17445,High-Productivity,Composting,Growing Swine,Sub-Saharan Africa,0,N/A,N/A,
17446,High-Productivity,Aerobic Treatment,Growing Swine,Sub-Saharan Africa,0,N/A,N/A,
17447,High-Productivity,Lagoon,Growing Swine,East Asia And South-East Asia,35,N/A,N/A,
17448,High-Productivity,Liquid/Slurry,Growing Swine,East Asia And South-East Asia,21,N/A,N/A,
17449,High-Productivity,Solid Storage,Growing Swine,East Asia And South-East Asia,0,N/A,N/A,
17450,High-Productivity,Dry Lot,Growing Swine,East Asia And South-East Asia,2,N/A,N/A,
17451,High-Productivity,Pasture/Range/Paddock,Growing Swine,East Asia And South-East Asia,0,N/A,N/A,
17452,High-Productivity,Daily Spread,Growing Swine,East Asia And South-East Asia,0,N/A,N/A,
17453,High-Productivity,Digester,Growing Swine,East Asia And South-East Asia,7,N/A,N/A,
17454,High-Productivity,Burned For Fuel,Growing Swine,East Asia And South-East Asia,0,N/A,N/A,
17455,High-Productivity,Pit<1Month,Growing Swine,East Asia And South-East Asia,35,N/A,N/A,
17457,High-Productivity,Poultry Manure,Growing Swine,East Asia And South-East Asia,0,N/A,N/A,
17458,High-Productivity,Deep Bedding,Growing Swine,East Asia And South-East Asia,0,N/A,N/A,
17459,High-Productivity,Composting,Growing Swine,East Asia And South-East Asia,0,N/A,N/A,
17460,High-Productivity,Aerobic Treatment,Growing Swine,East Asia And South-East Asia,0,N/A,N/A,
17461,High-Productivity,Lagoon,Growing Swine,North America,28,N/A,N/A,
17462,High-Productivity,Liquid/Slurry,Growing Swine,North America,31,N/A,N/A,
17463,High-Productivity,Solid Storage,Growing Swine,North America,4,N/A,N/A,
17464,High-Productivity,Dry Lot,Growing Swine,North America,3,N/A,N/A,
17465,High-Productivity,Pasture/Range/Paddock,Growing Swine,North America,0,N/A,N/A,
17466,High-Productivity,Daily Spread,Growing Swine,North America,0,N/A,N/A,
17467,High-Productivity,Digester,Growing Swine,North America,0,N/A,N/A,
17468,High-Productivity,Burned For Fuel,Growing Swine,North America,0,N/A,N/A,
17469,High-Productivity,Pit<1Month,Growing Swine,North America,0,N/A,N/A,
17471,High-Productivity,Poultry Manure,Growing Swine,North America,0,N/A,N/A,
17472,High-Productivity,Deep Bedding,Growing Swine,North America,0,N/A,N/A,
17473,High-Productivity,Composting,Growing Swine,North America,0,N/A,N/A,
17474,High-Productivity,Aerobic Treatment,Growing Swine,North America,0,N/A,N/A,
17475,High-Productivity,Lagoon,Growing Swine,Latin America And The Caribbean,11,N/A,N/A,
17476,High-Productivity,Liquid/Slurry,Growing Swine,Latin America And The Caribbean,34,N/A,N/A,
17477,High-Productivity,Solid Storage,Growing Swine,Latin America And The Caribbean,12,N/A,N/A,
17478,High-Productivity,Dry Lot,Growing Swine,Latin America And The Caribbean,41,N/A,N/A,
17479,High-Productivity,Pasture/Range/Paddock,Growing Swine,Latin America And The Caribbean,0,N/A,N/A,
17480,High-Productivity,Daily Spread,Growing Swine,Latin America And The Caribbean,2,N/A,N/A,
17481,High-Productivity,Digester,Growing Swine,Latin America And The Caribbean,0,N/A,N/A,
17482,High-Productivity,Burned For Fuel,Growing Swine,Latin America And The Caribbean,0,N/A,N/A,
17483,High-Productivity,Pit<1Month,Growing Swine,Latin America And The Caribbean,0,N/A,N/A,
17485,High-Productivity,Poultry Manure,Growing Swine,Latin America And The Caribbean,0,N/A,N/A,
17486,High-Productivity,Deep Bedding,Growing Swine,Latin America And The Caribbean,0,N/A,N/A,
17487,High-Productivity,Composting,Growing Swine,Latin America And The Caribbean,0,N/A,N/A,
17488,High-Productivity,Aerobic Treatment,Growing Swine,Latin America And The Caribbean,0,N/A,N/A,
17489,High-Productivity,Lagoon,Growing Swine,Western Europe,6,N/A,N/A,
17490,High-Productivity,Liquid/Slurry,Growing Swine,Western Europe,51,N/A,N/A,
17491,High-Productivity,Solid Storage,Growing Swine,Western Europe,14,N/A,N/A,
17492,High-Productivity,Dry Lot,Growing Swine,Western Europe,0,N/A,N/A,
17493,High-Productivity,Pasture/Range/Paddock,Growing Swine,Western Europe,0,N/A,N/A,
17494,High-Productivity,Daily Spread,Growing Swine,Western Europe,1,N/A,N/A,
17495,High-Productivity,Digester,Growing Swine,Western Europe,0,N/A,N/A,
17496,High-Productivity,Burned For Fuel,Growing Swine,Western Europe,0,N/A,N/A,
17497,High-Productivity,Pit<1Month,Growing Swine,Western Europe,2,N/A,N/A,
17499,High-Productivity,Poultry Manure,Growing Swine,Western Europe,0,N/A,N/A,
17500,High-Productivity,Deep Bedding,Growing Swine,Western Europe,0,N/A,N/A,
17501,High-Productivity,Composting,Growing Swine,Western Europe,0,N/A,N/A,
17502,High-Productivity,Aerobic Treatment,Growing Swine,Western Europe,0,N/A,N/A,
17503,High-Productivity,Lagoon,Growing Swine,Eastern Europe,5,N/A,N/A,
17504,High-Productivity,Liquid/Slurry,Growing Swine,Eastern Europe,31,N/A,N/A,
17505,High-Productivity,Solid Storage,Growing Swine,Eastern Europe,55,N/A,N/A,
17506,High-Productivity,Dry Lot,Growing Swine,Eastern Europe,1,N/A,N/A,
17507,High-Productivity,Pasture/Range/Paddock,Growing Swine,Eastern Europe,0,N/A,N/A,
17508,High-Productivity,Daily Spread,Growing Swine,Eastern Europe,0,N/A,N/A,
17509,High-Productivity,Digester,Growing Swine,Eastern Europe,0,N/A,N/A,
17510,High-Productivity,Burned For Fuel,Growing Swine,Eastern Europe,0,N/A,N/A,
17511,High-Productivity,Pit<1Month,Growing Swine,Eastern Europe,4,N/A,N/A,
17513,High-Productivity,Poultry Manure,Growing Swine,Eastern Europe,0,N/A,N/A,
17514,High-Productivity,Deep Bedding,Growing Swine,Eastern Europe,0,N/A,N/A,
17515,High-Productivity,Composting,Growing Swine,Eastern Europe,0,N/A,N/A,
17516,High-Productivity,Aerobic Treatment,Growing Swine,Eastern Europe,0,N/A,N/A,
17517,High-Productivity,Lagoon,Growing Swine,Russian Federation,0,N/A,N/A,
17518,High-Productivity,Liquid/Slurry,Growing Swine,Russian Federation,24,N/A,N/A,
17519,High-Productivity,Solid Storage,Growing Swine,Russian Federation,76,N/A,N/A,
17520,High-Productivity,Dry Lot,Growing Swine,Russian Federation,0,N/A,N/A,
17521,High-Productivity,Pasture/Range/Paddock,Growing Swine,Russian Federation,0,N/A,N/A,
17522,High-Productivity,Daily Spread,Growing Swine,Russian Federation,0,N/A,N/A,
17523,High-Productivity,Digester,Growing Swine,Russian Federation,0,N/A,N/A,
17524,High-Productivity,Burned For Fuel,Growing Swine,Russian Federation,0,N/A,N/A,
17525,High-Productivity,Pit<1Month,Growing Swine,Russian Federation,0,N/A,N/A,
17527,High-Productivity,Poultry Manure,Growing Swine,Russian Federation,0,N/A,N/A,
17528,High-Productivity,Deep Bedding,Growing Swine,Russian Federation,0,N/A,N/A,
17529,High-Productivity,Composting,Growing Swine,Russian Federation,0,N/A,N/A,
17530,High-Productivity,Aerobic Treatment,Growing Swine,Russian Federation,0,N/A,N/A,
17531,High-Productivity,Lagoon,Growing Swine,Oceania,91,N/A,N/A,
17532,High-Productivity,Liquid/Slurry,Growing Swine,Oceania,0,N/A,N/A,
17533,High-Productivity,Solid Storage,Growing Swine,Oceania,1,N/A,N/A,
17534,High-Productivity,Dry Lot,Growing Swine,Oceania,8,N/A,N/A,
17535,High-Productivity,Pasture/Range/Paddock,Growing Swine,Oceania,0,N/A,N/A,
17536,High-Productivity,Daily Spread,Growing Swine,Oceania,0,N/A,N/A,
17537,High-Productivity,Digester,Growing Swine,Oceania,0,N/A,N/A,
17538,High-Productivity,Burned For Fuel,Growing Swine,Oceania,0,N/A,N/A,
17539,High-Productivity,Pit<1Month,Growing Swine,Oceania,0,N/A,N/A,
17541,High-Productivity,Poultry Manure,Growing Swine,Oceania,0,N/A,N/A,
17542,High-Productivity,Deep Bedding,Growing Swine,Oceania,0,N/A,N/A,
17543,High-Productivity,Composting,Growing Swine,Oceania,0,N/A,N/A,
17544,High-Productivity,Aerobic Treatment,Growing Swine,Oceania,0,N/A,N/A,
17545,High-Productivity,Lagoon,Growing Swine,NENA/Middle East,10,N/A,N/A,
17546,High-Productivity,Liquid/Slurry,Growing Swine,NENA/Middle East,29,N/A,N/A,
17547,High-Productivity,Solid Storage,Growing Swine,NENA/Middle East,0,N/A,N/A,
17548,High-Productivity,Dry Lot,Growing Swine,NENA/Middle East,54,N/A,N/A,
17549,High-Productivity,Pasture/Range/Paddock,Growing Swine,NENA/Middle East,0,N/A,N/A,
17550,High-Productivity,Daily Spread,Growing Swine,NENA/Middle East,0,N/A,N/A,
17551,High-Productivity,Digester,Growing Swine,NENA/Middle East,7,N/A,N/A,
17552,High-Productivity,Burned For Fuel,Growing Swine,NENA/Middle East,0,N/A,N/A,
17553,High-Productivity,Pit<1Month,Growing Swine,NENA/Middle East,0,N/A,N/A,
17555,High-Productivity,Poultry Manure,Growing Swine,NENA/Middle East,0,N/A,N/A,
17556,High-Productivity,Deep Bedding,Growing Swine,NENA/Middle East,0,N/A,N/A,
17557,High-Productivity,Composting,Growing Swine,NENA/Middle East,0,N/A,N/A,
17558,High-Productivity,Aerobic Treatment,Growing Swine,NENA/Middle East,0,N/A,N/A,
17559,High-Productivity,Lagoon,Growing Swine,South Asia,12,N/A,N/A,
17560,High-Productivity,Liquid/Slurry,Growing Swine,South Asia,23,N/A,N/A,
17561,High-Productivity,Solid Storage,Growing Swine,South Asia,13,N/A,N/A,
17562,High-Productivity,Dry Lot,Growing Swine,South Asia,35,N/A,N/A,
17563,High-Productivity,Pasture/Range/Paddock,Growing Swine,South Asia,0,N/A,N/A,
17564,High-Productivity,Daily Spread,Growing Swine,South Asia,7,N/A,N/A,
17565,High-Productivity,Digester,Growing Swine,South Asia,8,N/A,N/A,
17566,High-Productivity,Burned For Fuel,Growing Swine,South Asia,2,N/A,N/A,
17567,High-Productivity,Pit<1Month,Growing Swine,South Asia,2,N/A,N/A,
17569,High-Productivity,Poultry Manure,Growing Swine,South Asia,0,N/A,N/A,
17570,High-Productivity,Deep Bedding,Growing Swine,South Asia,0,N/A,N/A,
17571,High-Productivity,Composting,Growing Swine,South Asia,0,N/A,N/A,
17572,High-Productivity,Aerobic Treatment,Growing Swine,South Asia,0,N/A,N/A,
17573,Low-Productivity,Lagoon,Growing Swine,Sub-Saharan Africa,5,N/A,N/A,
17574,Low-Productivity,Liquid/Slurry,Growing Swine,Sub-Saharan Africa,30,N/A,N/A,
17575,Low-Productivity,Solid Storage,Growing Swine,Sub-Saharan Africa,15,N/A,N/A,
17576,Low-Productivity,Dry Lot,Growing Swine,Sub-Saharan Africa,15,N/A,N/A,
17577,Low-Productivity,Pasture/Range/Paddock,Growing Swine,Sub-Saharan Africa,5,N/A,N/A,
17578,Low-Productivity,Daily Spread,Growing Swine,Sub-Saharan Africa,5,N/A,N/A,
17579,Low-Productivity,Digester,Growing Swine,Sub-Saharan Africa,5,N/A,N/A,
17580,Low-Productivity,Burned For Fuel,Growing Swine,Sub-Saharan Africa,0,N/A,N/A,
17581,Low-Productivity,Pit<1Month,Growing Swine,Sub-Saharan Africa,15,N/A,N/A,
17583,Low-Productivity,Poultry Manure,Growing Swine,Sub-Saharan Africa,0,N/A,N/A,
17584,Low-Productivity,Deep Bedding,Growing Swine,Sub-Saharan Africa,0,N/A,N/A,
17585,Low-Productivity,Composting,Growing Swine,Sub-Saharan Africa,0,N/A,N/A,
17586,Low-Productivity,Aerobic Treatment,Growing Swine,Sub-Saharan Africa,0,N/A,N/A,
17587,Low-Productivity,Lagoon,Growing Swine,East Asia And South-East Asia,5,N/A,N/A,
17588,Low-Productivity,Liquid/Slurry,Growing Swine,East Asia And South-East Asia,27,N/A,N/A,
17589,Low-Productivity,Solid Storage,Growing Swine,East Asia And South-East Asia,18,N/A,N/A,
17590,Low-Productivity,Dry Lot,Growing Swine,East Asia And South-East Asia,14,N/A,N/A,
17591,Low-Productivity,Pasture/Range/Paddock,Growing Swine,East Asia And South-East Asia,6,N/A,N/A,
17592,Low-Productivity,Daily Spread,Growing Swine,East Asia And South-East Asia,6,N/A,N/A,
17593,Low-Productivity,Digester,Growing Swine,East Asia And South-East Asia,5,N/A,N/A,
17594,Low-Productivity,Burned For Fuel,Growing Swine,East Asia And South-East Asia,0,N/A,N/A,
17595,Low-Productivity,Pit<1Month,Growing Swine,East Asia And South-East Asia,14,N/A,N/A,
17597,Low-Productivity,Poultry Manure,Growing Swine,East Asia And South-East Asia,0,N/A,N/A,
17598,Low-Productivity,Deep Bedding,Growing Swine,East Asia And South-East Asia,0,N/A,N/A,
17599,Low-Productivity,Composting,Growing Swine,East Asia And South-East Asia,0,N/A,N/A,
17600,Low-Productivity,Aerobic Treatment,Growing Swine,East Asia And South-East Asia,0,N/A,N/A,
17601,Low-Productivity,Lagoon,Growing Swine,North America,0,N/A,N/A,
17602,Low-Productivity,Liquid/Slurry,Growing Swine,North America,0,N/A,N/A,
17603,Low-Productivity,Solid Storage,Growing Swine,North America,0,N/A,N/A,
17604,Low-Productivity,Dry Lot,Growing Swine,North America,0,N/A,N/A,
17605,Low-Productivity,Pasture/Range/Paddock,Growing Swine,North America,0,N/A,N/A,
17606,Low-Productivity,Daily Spread,Growing Swine,North America,0,N/A,N/A,
17607,Low-Productivity,Digester,Growing Swine,North America,0,N/A,N/A,
17608,Low-Productivity,Burned For Fuel,Growing Swine,North America,0,N/A,N/A,
17609,Low-Productivity,Pit<1Month,Growing Swine,North America,0,N/A,N/A,
17611,Low-Productivity,Poultry Manure,Growing Swine,North America,0,N/A,N/A,
17612,Low-Productivity,Deep Bedding,Growing Swine,North America,0,N/A,N/A,
17613,Low-Productivity,Composting,Growing Swine,North America,0,N/A,N/A,
17614,Low-Productivity,Aerobic Treatment,Growing Swine,North America,0,N/A,N/A,
17615,Low-Productivity,Lagoon,Growing Swine,Latin America And The Caribbean,5,N/A,N/A,
17616,Low-Productivity,Liquid/Slurry,Growing Swine,Latin America And The Caribbean,30,N/A,N/A,
17617,Low-Productivity,Solid Storage,Growing Swine,Latin America And The Caribbean,15,N/A,N/A,
17618,Low-Productivity,Dry Lot,Growing Swine,Latin America And The Caribbean,15,N/A,N/A,
17619,Low-Productivity,Pasture/Range/Paddock,Growing Swine,Latin America And The Caribbean,5,N/A,N/A,
17620,Low-Productivity,Daily Spread,Growing Swine,Latin America And The Caribbean,5,N/A,N/A,
17621,Low-Productivity,Digester,Growing Swine,Latin America And The Caribbean,5,N/A,N/A,
17622,Low-Productivity,Burned For Fuel,Growing Swine,Latin America And The Caribbean,0,N/A,N/A,
17623,Low-Productivity,Pit<1Month,Growing Swine,Latin America And The Caribbean,15,N/A,N/A,
17625,Low-Productivity,Poultry Manure,Growing Swine,Latin America And The Caribbean,0,N/A,N/A,
17626,Low-Productivity,Deep Bedding,Growing Swine,Latin America And The Caribbean,0,N/A,N/A,
17627,Low-Productivity,Composting,Growing Swine,Latin America And The Caribbean,0,N/A,N/A,
17628,Low-Productivity,Aerobic Treatment,Growing Swine,Latin America And The Caribbean,0,N/A,N/A,
17629,Low-Productivity,Lagoon,Growing Swine,Western Europe,0,N/A,N/A,
17630,Low-Productivity,Liquid/Slurry,Growing Swine,Western Europe,0,N/A,N/A,
17631,Low-Productivity,Solid Storage,Growing Swine,Western Europe,0,N/A,N/A,
17632,Low-Productivity,Dry Lot,Growing Swine,Western Europe,0,N/A,N/A,
17633,Low-Productivity,Pasture/Range/Paddock,Growing Swine,Western Europe,0,N/A,N/A,
17634,Low-Productivity,Daily Spread,Growing Swine,Western Europe,0,N/A,N/A,
17635,Low-Productivity,Digester,Growing Swine,Western Europe,0,N/A,N/A,
17636,Low-Productivity,Burned For Fuel,Growing Swine,Western Europe,0,N/A,N/A,
17637,Low-Productivity,Pit<1Month,Growing Swine,Western Europe,0,N/A,N/A,
17639,Low-Productivity,Poultry Manure,Growing Swine,Western Europe,0,N/A,N/A,
17640,Low-Productivity,Deep Bedding,Growing Swine,Western Europe,0,N/A,N/A,
17641,Low-Productivity,Composting,Growing Swine,Western Europe,0,N/A,N/A,
17642,Low-Productivity,Aerobic Treatment,Growing Swine,Western Europe,0,N/A,N/A,
17643,Low-Productivity,Lagoon,Growing Swine,Eastern Europe,0,N/A,N/A,
17644,Low-Productivity,Liquid/Slurry,Growing Swine,Eastern Europe,0,N/A,N/A,
17645,Low-Productivity,Solid Storage,Growing Swine,Eastern Europe,0,N/A,N/A,
17646,Low-Productivity,Dry Lot,Growing Swine,Eastern Europe,0,N/A,N/A,
17647,Low-Productivity,Pasture/Range/Paddock,Growing Swine,Eastern Europe,0,N/A,N/A,
17648,Low-Productivity,Daily Spread,Growing Swine,Eastern Europe,0,N/A,N/A,
17649,Low-Productivity,Digester,Growing Swine,Eastern Europe,0,N/A,N/A,
17650,Low-Productivity,Burned For Fuel,Growing Swine,Eastern Europe,0,N/A,N/A,
17651,Low-Productivity,Pit<1Month,Growing Swine,Eastern Europe,0,N/A,N/A,
17653,Low-Productivity,Poultry Manure,Growing Swine,Eastern Europe,0,N/A,N/A,
17654,Low-Productivity,Deep Bedding,Growing Swine,Eastern Europe,0,N/A,N/A,
17655,Low-Productivity,Composting,Growing Swine,Eastern Europe,0,N/A,N/A,
17656,Low-Productivity,Aerobic Treatment,Growing Swine,Eastern Europe,0,N/A,N/A,
17657,Low-Productivity,Lagoon,Growing Swine,Russian Federation,0,N/A,N/A,
17658,Low-Productivity,Liquid/Slurry,Growing Swine,Russian Federation,0,N/A,N/A,
17659,Low-Productivity,Solid Storage,Growing Swine,Russian Federation,0,N/A,N/A,
17660,Low-Productivity,Dry Lot,Growing Swine,Russian Federation,0,N/A,N/A,
17661,Low-Productivity,Pasture/Range/Paddock,Growing Swine,Russian Federation,0,N/A,N/A,
17662,Low-Productivity,Daily Spread,Growing Swine,Russian Federation,0,N/A,N/A,
17663,Low-Productivity,Digester,Growing Swine,Russian Federation,0,N/A,N/A,
17664,Low-Productivity,Burned For Fuel,Growing Swine,Russian Federation,0,N/A,N/A,
17665,Low-Productivity,Pit<1Month,Growing Swine,Russian Federation,0,N/A,N/A,
17667,Low-Productivity,Poultry Manure,Growing Swine,Russian Federation,0,N/A,N/A,
17668,Low-Productivity,Deep Bedding,Growing Swine,Russian Federation,0,N/A,N/A,
17669,Low-Productivity,Composting,Growing Swine,Russian Federation,0,N/A,N/A,
17670,Low-Productivity,Aerobic Treatment,Growing Swine,Russian Federation,0,N/A,N/A,
17671,Low-Productivity,Lagoon,Growing Swine,Oceania,0,N/A,N/A,
17672,Low-Productivity,Liquid/Slurry,Growing Swine,Oceania,0,N/A,N/A,
17673,Low-Productivity,Solid Storage,Growing Swine,Oceania,0,N/A,N/A,
17674,Low-Productivity,Dry Lot,Growing Swine,Oceania,0,N/A,N/A,
17675,Low-Productivity,Pasture/Range/Paddock,Growing Swine,Oceania,0,N/A,N/A,
17676,Low-Productivity,Daily Spread,Growing Swine,Oceania,0,N/A,N/A,
17677,Low-Productivity,Digester,Growing Swine,Oceania,0,N/A,N/A,
17678,Low-Productivity,Burned For Fuel,Growing Swine,Oceania,0,N/A,N/A,
17679,Low-Productivity,Pit<1Month,Growing Swine,Oceania,0,N/A,N/A,
17681,Low-Productivity,Poultry Manure,Growing Swine,Oceania,0,N/A,N/A,
17682,Low-Productivity,Deep Bedding,Growing Swine,Oceania,0,N/A,N/A,
17683,Low-Productivity,Composting,Growing Swine,Oceania,0,N/A,N/A,
17684,Low-Productivity,Aerobic Treatment,Growing Swine,Oceania,0,N/A,N/A,
17685,Low-Productivity,Lagoon,Growing Swine,NENA/Middle East,5,N/A,N/A,
17686,Low-Productivity,Liquid/Slurry,Growing Swine,NENA/Middle East,30,N/A,N/A,
17687,Low-Productivity,Solid Storage,Growing Swine,NENA/Middle East,15,N/A,N/A,
17688,Low-Productivity,Dry Lot,Growing Swine,NENA/Middle East,15,N/A,N/A,
17689,Low-Productivity,Pasture/Range/Paddock,Growing Swine,NENA/Middle East,5,N/A,N/A,
17690,Low-Productivity,Daily Spread,Growing Swine,NENA/Middle East,5,N/A,N/A,
17691,Low-Productivity,Digester,Growing Swine,NENA/Middle East,5,N/A,N/A,
17692,Low-Productivity,Burned For Fuel,Growing Swine,NENA/Middle East,0,N/A,N/A,
17693,Low-Productivity,Pit<1Month,Growing Swine,NENA/Middle East,15,N/A,N/A,
17695,Low-Productivity,Poultry Manure,Growing Swine,NENA/Middle East,0,N/A,N/A,
17696,Low-Productivity,Deep Bedding,Growing Swine,NENA/Middle East,0,N/A,N/A,
17697,Low-Productivity,Composting,Growing Swine,NENA/Middle East,0,N/A,N/A,
17698,Low-Productivity,Aerobic Treatment,Growing Swine,NENA/Middle East,0,N/A,N/A,
17699,Low-Productivity,Lagoon,Growing Swine,South Asia,5,N/A,N/A,
17700,Low-Productivity,Liquid/Slurry,Growing Swine,South Asia,30,N/A,N/A,
17701,Low-Productivity,Solid Storage,Growing Swine,South Asia,15,N/A,N/A,
17702,Low-Productivity,Dry Lot,Growing Swine,South Asia,15,N/A,N/A,
17703,Low-Productivity,Pasture/Range/Paddock,Growing Swine,South Asia,5,N/A,N/A,
17704,Low-Productivity,Daily Spread,Growing Swine,South Asia,5,N/A,N/A,
17705,Low-Productivity,Digester,Growing Swine,South Asia,5,N/A,N/A,
17706,Low-Productivity,Burned For Fuel,Growing Swine,South Asia,0,N/A,N/A,
17707,Low-Productivity,Pit<1Month,Growing Swine,South Asia,15,N/A,N/A,
17709,Low-Productivity,Poultry Manure,Growing Swine,South Asia,0,N/A,N/A,
17710,Low-Productivity,Deep Bedding,Growing Swine,South Asia,0,N/A,N/A,
17711,Low-Productivity,Composting,Growing Swine,South Asia,0,N/A,N/A,
17712,Low-Productivity,Aerobic Treatment,Growing Swine,South Asia,0,N/A,N/A,
17713,Default,Lagoon,Growing Swine,Sub-Saharan Africa,5,N/A,N/A,
17714,Default,Liquid/Slurry,Growing Swine,Sub-Saharan Africa,30,N/A,N/A,
17715,Default,Solid Storage,Growing Swine,Sub-Saharan Africa,15,N/A,N/A,
17716,Default,Dry Lot,Growing Swine,Sub-Saharan Africa,15,N/A,N/A,
17717,Default,Pasture/Range/Paddock,Growing Swine,Sub-Saharan Africa,5,N/A,N/A,
17718,Default,Daily Spread,Growing Swine,Sub-Saharan Africa,5,N/A,N/A,
17719,Default,Digester,Growing Swine,Sub-Saharan Africa,5,N/A,N/A,
17720,Default,Burned For Fuel,Growing Swine,Sub-Saharan Africa,0,N/A,N/A,
17721,Default,Pit<1Month,Growing Swine,Sub-Saharan Africa,15,N/A,N/A,
17723,Default,Poultry Manure,Growing Swine,Sub-Saharan Africa,0,N/A,N/A,
17724,Default,Deep Bedding,Growing Swine,Sub-Saharan Africa,0,N/A,N/A,
17725,Default,Composting,Growing Swine,Sub-Saharan Africa,0,N/A,N/A,
17726,Default,Aerobic Treatment,Growing Swine,Sub-Saharan Africa,0,N/A,N/A,
17727,Default,Lagoon,Growing Swine,East Asia And South-East Asia,5,N/A,N/A,
17728,Default,Liquid/Slurry,Growing Swine,East Asia And South-East Asia,27,N/A,N/A,
17729,Default,Solid Storage,Growing Swine,East Asia And South-East Asia,18,N/A,N/A,
17730,Default,Dry Lot,Growing Swine,East Asia And South-East Asia,14,N/A,N/A,
17731,Default,Pasture/Range/Paddock,Growing Swine,East Asia And South-East Asia,6,N/A,N/A,
17732,Default,Daily Spread,Growing Swine,East Asia And South-East Asia,6,N/A,N/A,
17733,Default,Digester,Growing Swine,East Asia And South-East Asia,5,N/A,N/A,
17734,Default,Burned For Fuel,Growing Swine,East Asia And South-East Asia,0,N/A,N/A,
17735,Default,Pit<1Month,Growing Swine,East Asia And South-East Asia,14,N/A,N/A,
17737,Default,Poultry Manure,Growing Swine,East Asia And South-East Asia,0,N/A,N/A,
17738,Default,Deep Bedding,Growing Swine,East Asia And South-East Asia,0,N/A,N/A,
17739,Default,Composting,Growing Swine,East Asia And South-East Asia,0,N/A,N/A,
17740,Default,Aerobic Treatment,Growing Swine,East Asia And South-East Asia,0,N/A,N/A,
17741,Default,Lagoon,Growing Swine,North America,0,N/A,N/A,
17742,Default,Liquid/Slurry,Growing Swine,North America,0,N/A,N/A,
17743,Default,Solid Storage,Growing Swine,North America,0,N/A,N/A,
17744,Default,Dry Lot,Growing Swine,North America,0,N/A,N/A,
17745,Default,Pasture/Range/Paddock,Growing Swine,North America,0,N/A,N/A,
17746,Default,Daily Spread,Growing Swine,North America,0,N/A,N/A,
17747,Default,Digester,Growing Swine,North America,0,N/A,N/A,
17748,Default,Burned For Fuel,Growing Swine,North America,0,N/A,N/A,
17749,Default,Pit<1Month,Growing Swine,North America,0,N/A,N/A,
17751,Default,Poultry Manure,Growing Swine,North America,0,N/A,N/A,
17752,Default,Deep Bedding,Growing Swine,North America,0,N/A,N/A,
17753,Default,Composting,Growing Swine,North America,0,N/A,N/A,
17754,Default,Aerobic Treatment,Growing Swine,North America,0,N/A,N/A,
17755,Default,Lagoon,Growing Swine,Latin America And The Caribbean,5,N/A,N/A,
17756,Default,Liquid/Slurry,Growing Swine,Latin America And The Caribbean,30,N/A,N/A,
17757,Default,Solid Storage,Growing Swine,Latin America And The Caribbean,15,N/A,N/A,
17758,Default,Dry Lot,Growing Swine,Latin America And The Caribbean,15,N/A,N/A,
17759,Default,Pasture/Range/Paddock,Growing Swine,Latin America And The Caribbean,5,N/A,N/A,
17760,Default,Daily Spread,Growing Swine,Latin America And The Caribbean,5,N/A,N/A,
17761,Default,Digester,Growing Swine,Latin America And The Caribbean,5,N/A,N/A,
17762,Default,Burned For Fuel,Growing Swine,Latin America And The Caribbean,0,N/A,N/A,
17763,Default,Pit<1Month,Growing Swine,Latin America And The Caribbean,15,N/A,N/A,
17765,Default,Poultry Manure,Growing Swine,Latin America And The Caribbean,0,N/A,N/A,
17766,Default,Deep Bedding,Growing Swine,Latin America And The Caribbean,0,N/A,N/A,
17767,Default,Composting,Growing Swine,Latin America And The Caribbean,0,N/A,N/A,
17768,Default,Aerobic Treatment,Growing Swine,Latin America And The Caribbean,0,N/A,N/A,
17769,Default,Lagoon,Growing Swine,Western Europe,0,N/A,N/A,
17770,Default,Liquid/Slurry,Growing Swine,Western Europe,0,N/A,N/A,
17771,Default,Solid Storage,Growing Swine,Western Europe,0,N/A,N/A,
17772,Default,Dry Lot,Growing Swine,Western Europe,0,N/A,N/A,
17773,Default,Pasture/Range/Paddock,Growing Swine,Western Europe,0,N/A,N/A,
17774,Default,Daily Spread,Growing Swine,Western Europe,0,N/A,N/A,
17775,Default,Digester,Growing Swine,Western Europe,0,N/A,N/A,
17776,Default,Burned For Fuel,Growing Swine,Western Europe,0,N/A,N/A,
17777,Default,Pit<1Month,Growing Swine,Western Europe,0,N/A,N/A,
17779,Default,Poultry Manure,Growing Swine,Western Europe,0,N/A,N/A,
17780,Default,Deep Bedding,Growing Swine,Western Europe,0,N/A,N/A,
17781,Default,Composting,Growing Swine,Western Europe,0,N/A,N/A,
17782,Default,Aerobic Treatment,Growing Swine,Western Europe,0,N/A,N/A,
17783,Default,Lagoon,Growing Swine,Eastern Europe,0,N/A,N/A,
17784,Default,Liquid/Slurry,Growing Swine,Eastern Europe,0,N/A,N/A,
17785,Default,Solid Storage,Growing Swine,Eastern Europe,0,N/A,N/A,
17786,Default,Dry Lot,Growing Swine,Eastern Europe,0,N/A,N/A,
17787,Default,Pasture/Range/Paddock,Growing Swine,Eastern Europe,0,N/A,N/A,
17788,Default,Daily Spread,Growing Swine,Eastern Europe,0,N/A,N/A,
17789,Default,Digester,Growing Swine,Eastern Europe,0,N/A,N/A,
17790,Default,Burned For Fuel,Growing Swine,Eastern Europe,0,N/A,N/A,
17791,Default,Pit<1Month,Growing Swine,Eastern Europe,0,N/A,N/A,
17793,Default,Poultry Manure,Growing Swine,Eastern Europe,0,N/A,N/A,
17794,Default,Deep Bedding,Growing Swine,Eastern Europe,0,N/A,N/A,
17795,Default,Composting,Growing Swine,Eastern Europe,0,N/A,N/A,
17796,Default,Aerobic Treatment,Growing Swine,Eastern Europe,0,N/A,N/A,
17797,Default,Lagoon,Growing Swine,Russian Federation,0,N/A,N/A,
17798,Default,Liquid/Slurry,Growing Swine,Russian Federation,0,N/A,N/A,
17799,Default,Solid Storage,Growing Swine,Russian Federation,0,N/A,N/A,
17800,Default,Dry Lot,Growing Swine,Russian Federation,0,N/A,N/A,
17801,Default,Pasture/Range/Paddock,Growing Swine,Russian Federation,0,N/A,N/A,
17802,Default,Daily Spread,Growing Swine,Russian Federation,0,N/A,N/A,
17803,Default,Digester,Growing Swine,Russian Federation,0,N/A,N/A,
17804,Default,Burned For Fuel,Growing Swine,Russian Federation,0,N/A,N/A,
17805,Default,Pit<1Month,Growing Swine,Russian Federation,0,N/A,N/A,
17807,Default,Poultry Manure,Growing Swine,Russian Federation,0,N/A,N/A,
17808,Default,Deep Bedding,Growing Swine,Russian Federation,0,N/A,N/A,
17809,Default,Composting,Growing Swine,Russian Federation,0,N/A,N/A,
17810,Default,Aerobic Treatment,Growing Swine,Russian Federation,0,N/A,N/A,
17811,Default,Lagoon,Growing Swine,Oceania,0,N/A,N/A,
17812,Default,Liquid/Slurry,Growing Swine,Oceania,0,N/A,N/A,
17813,Default,Solid Storage,Growing Swine,Oceania,0,N/A,N/A,
17814,Default,Dry Lot,Growing Swine,Oceania,0,N/A,N/A,
17815,Default,Pasture/Range/Paddock,Growing Swine,Oceania,0,N/A,N/A,
17816,Default,Daily Spread,Growing Swine,Oceania,0,N/A,N/A,
17817,Default,Digester,Growing Swine,Oceania,0,N/A,N/A,
17818,Default,Burned For Fuel,Growing Swine,Oceania,0,N/A,N/A,
17819,Default,Pit<1Month,Growing Swine,Oceania,0,N/A,N/A,
17821,Default,Poultry Manure,Growing Swine,Oceania,0,N/A,N/A,
17822,Default,Deep Bedding,Growing Swine,Oceania,0,N/A,N/A,
17823,Default,Composting,Growing Swine,Oceania,0,N/A,N/A,
17824,Default,Aerobic Treatment,Growing Swine,Oceania,0,N/A,N/A,
17825,Default,Lagoon,Growing Swine,NENA/Middle East,5,N/A,N/A,
17826,Default,Liquid/Slurry,Growing Swine,NENA/Middle East,30,N/A,N/A,
17827,Default,Solid Storage,Growing Swine,NENA/Middle East,15,N/A,N/A,
17828,Default,Dry Lot,Growing Swine,NENA/Middle East,15,N/A,N/A,
17829,Default,Pasture/Range/Paddock,Growing Swine,NENA/Middle East,5,N/A,N/A,
17830,Default,Daily Spread,Growing Swine,NENA/Middle East,5,N/A,N/A,
17831,Default,Digester,Growing Swine,NENA/Middle East,5,N/A,N/A,
17832,Default,Burned For Fuel,Growing Swine,NENA/Middle East,0,N/A,N/A,
17833,Default,Pit<1Month,Growing Swine,NENA/Middle East,15,N/A,N/A,
17835,Default,Poultry Manure,Growing Swine,NENA/Middle East,0,N/A,N/A,
17836,Default,Deep Bedding,Growing Swine,NENA/Middle East,0,N/A,N/A,
17837,Default,Composting,Growing Swine,NENA/Middle East,0,N/A,N/A,
17838,Default,Aerobic Treatment,Growing Swine,NENA/Middle East,0,N/A,N/A,
17839,Default,Lagoon,Growing Swine,South Asia,5,N/A,N/A,
17840,Default,Liquid/Slurry,Growing Swine,South Asia,30,N/A,N/A,
17841,Default,Solid Storage,Growing Swine,South Asia,15,N/A,N/A,
17842,Default,Dry Lot,Growing Swine,South Asia,15,N/A,N/A,
17843,Default,Pasture/Range/Paddock,Growing Swine,South Asia,5,N/A,N/A,
17844,Default,Daily Spread,Growing Swine,South Asia,5,N/A,N/A,
17845,Default,Digester,Growing Swine,South Asia,5,N/A,N/A,
17846,Default,Burned For Fuel,Growing Swine,South Asia,0,N/A,N/A,
17847,Default,Pit<1Month,Growing Swine,South Asia,15,N/A,N/A,
17849,Default,Poultry Manure,Growing Swine,South Asia,0,N/A,N/A,
17850,Default,Deep Bedding,Growing Swine,South Asia,0,N/A,N/A,
17851,Default,Composting,Growing Swine,South Asia,0,N/A,N/A,
17852,Default,Aerobic Treatment,Growing Swine,South Asia,0,N/A,N/A,
17853,High-Productivity,Lagoon,Breeding Swine,Sub-Saharan Africa,0,N/A,N/A,
17854,High-Productivity,Liquid/Slurry,Breeding Swine,Sub-Saharan Africa,7,N/A,N/A,
17855,High-Productivity,Solid Storage,Breeding Swine,Sub-Saharan Africa,6,N/A,N/A,
17856,High-Productivity,Dry Lot,Breeding Swine,Sub-Saharan Africa,86,N/A,N/A,
17857,High-Productivity,Pasture/Range/Paddock,Breeding Swine,Sub-Saharan Africa,0,N/A,N/A,
17858,High-Productivity,Daily Spread,Breeding Swine,Sub-Saharan Africa,0,N/A,N/A,
17859,High-Productivity,Digester,Breeding Swine,Sub-Saharan Africa,0,N/A,N/A,
17860,High-Productivity,Burned For Fuel,Breeding Swine,Sub-Saharan Africa,0,N/A,N/A,
17861,High-Productivity,Pit<1Month,Breeding Swine,Sub-Saharan Africa,1,N/A,N/A,
17863,High-Productivity,Poultry Manure,Breeding Swine,Sub-Saharan Africa,0,N/A,N/A,
17864,High-Productivity,Deep Bedding,Breeding Swine,Sub-Saharan Africa,0,N/A,N/A,
17865,High-Productivity,Composting,Breeding Swine,Sub-Saharan Africa,0,N/A,N/A,
17866,High-Productivity,Aerobic Treatment,Breeding Swine,Sub-Saharan Africa,0,N/A,N/A,
17867,High-Productivity,Lagoon,Breeding Swine,East Asia And South-East Asia,35,N/A,N/A,
17868,High-Productivity,Liquid/Slurry,Breeding Swine,East Asia And South-East Asia,21,N/A,N/A,
17869,High-Productivity,Solid Storage,Breeding Swine,East Asia And South-East Asia,0,N/A,N/A,
17870,High-Productivity,Dry Lot,Breeding Swine,East Asia And South-East Asia,2,N/A,N/A,
17871,High-Productivity,Pasture/Range/Paddock,Breeding Swine,East Asia And South-East Asia,0,N/A,N/A,
17872,High-Productivity,Daily Spread,Breeding Swine,East Asia And South-East Asia,0,N/A,N/A,
17873,High-Productivity,Digester,Breeding Swine,East Asia And South-East Asia,7,N/A,N/A,
17874,High-Productivity,Burned For Fuel,Breeding Swine,East Asia And South-East Asia,0,N/A,N/A,
17875,High-Productivity,Pit<1Month,Breeding Swine,East Asia And South-East Asia,35,N/A,N/A,
17877,High-Productivity,Poultry Manure,Breeding Swine,East Asia And South-East Asia,0,N/A,N/A,
17878,High-Productivity,Deep Bedding,Breeding Swine,East Asia And South-East Asia,0,N/A,N/A,
17879,High-Productivity,Composting,Breeding Swine,East Asia And South-East Asia,0,N/A,N/A,
17880,High-Productivity,Aerobic Treatment,Breeding Swine,East Asia And South-East Asia,0,N/A,N/A,
17881,High-Productivity,Lagoon,Breeding Swine,North America,28,N/A,N/A,
17882,High-Productivity,Liquid/Slurry,Breeding Swine,North America,31,N/A,N/A,
17883,High-Productivity,Solid Storage,Breeding Swine,North America,4,N/A,N/A,
17884,High-Productivity,Dry Lot,Breeding Swine,North America,3,N/A,N/A,
17885,High-Productivity,Pasture/Range/Paddock,Breeding Swine,North America,0,N/A,N/A,
17886,High-Productivity,Daily Spread,Breeding Swine,North America,0,N/A,N/A,
17887,High-Productivity,Digester,Breeding Swine,North America,0,N/A,N/A,
17888,High-Productivity,Burned For Fuel,Breeding Swine,North America,0,N/A,N/A,
17889,High-Productivity,Pit<1Month,Breeding Swine,North America,0,N/A,N/A,
17891,High-Productivity,Poultry Manure,Breeding Swine,North America,0,N/A,N/A,
17892,High-Productivity,Deep Bedding,Breeding Swine,North America,0,N/A,N/A,
17893,High-Productivity,Composting,Breeding Swine,North America,0,N/A,N/A,
17894,High-Productivity,Aerobic Treatment,Breeding Swine,North America,0,N/A,N/A,
17895,High-Productivity,Lagoon,Breeding Swine,Latin America And The Caribbean,11,N/A,N/A,
17896,High-Productivity,Liquid/Slurry,Breeding Swine,Latin America And The Caribbean,34,N/A,N/A,
17897,High-Productivity,Solid Storage,Breeding Swine,Latin America And The Caribbean,12,N/A,N/A,
17898,High-Productivity,Dry Lot,Breeding Swine,Latin America And The Caribbean,41,N/A,N/A,
17899,High-Productivity,Pasture/Range/Paddock,Breeding Swine,Latin America And The Caribbean,0,N/A,N/A,
17900,High-Productivity,Daily Spread,Breeding Swine,Latin America And The Caribbean,2,N/A,N/A,
17901,High-Productivity,Digester,Breeding Swine,Latin America And The Caribbean,0,N/A,N/A,
17902,High-Productivity,Burned For Fuel,Breeding Swine,Latin America And The Caribbean,0,N/A,N/A,
17903,High-Productivity,Pit<1Month,Breeding Swine,Latin America And The Caribbean,0,N/A,N/A,
17905,High-Productivity,Poultry Manure,Breeding Swine,Latin America And The Caribbean,0,N/A,N/A,
17906,High-Productivity,Deep Bedding,Breeding Swine,Latin America And The Caribbean,0,N/A,N/A,
17907,High-Productivity,Composting,Breeding Swine,Latin America And The Caribbean,0,N/A,N/A,
17908,High-Productivity,Aerobic Treatment,Breeding Swine,Latin America And The Caribbean,0,N/A,N/A,
17909,High-Productivity,Lagoon,Breeding Swine,Western Europe,6,N/A,N/A,
17910,High-Productivity,Liquid/Slurry,Breeding Swine,Western Europe,51,N/A,N/A,
17911,High-Productivity,Solid Storage,Breeding Swine,Western Europe,15,N/A,N/A,
17912,High-Productivity,Dry Lot,Breeding Swine,Western Europe,0,N/A,N/A,
17913,High-Productivity,Pasture/Range/Paddock,Breeding Swine,Western Europe,0,N/A,N/A,
17914,High-Productivity,Daily Spread,Breeding Swine,Western Europe,1,N/A,N/A,
17915,High-Productivity,Digester,Breeding Swine,Western Europe,0,N/A,N/A,
17916,High-Productivity,Burned For Fuel,Breeding Swine,Western Europe,0,N/A,N/A,
17917,High-Productivity,Pit<1Month,Breeding Swine,Western Europe,2,N/A,N/A,
17919,High-Productivity,Poultry Manure,Breeding Swine,Western Europe,0,N/A,N/A,
17920,High-Productivity,Deep Bedding,Breeding Swine,Western Europe,0,N/A,N/A,
17921,High-Productivity,Composting,Breeding Swine,Western Europe,0,N/A,N/A,
17922,High-Productivity,Aerobic Treatment,Breeding Swine,Western Europe,0,N/A,N/A,
17923,High-Productivity,Lagoon,Breeding Swine,Eastern Europe,5,N/A,N/A,
17924,High-Productivity,Liquid/Slurry,Breeding Swine,Eastern Europe,31,N/A,N/A,
17925,High-Productivity,Solid Storage,Breeding Swine,Eastern Europe,55,N/A,N/A,
17926,High-Productivity,Dry Lot,Breeding Swine,Eastern Europe,1,N/A,N/A,
17927,High-Productivity,Pasture/Range/Paddock,Breeding Swine,Eastern Europe,0,N/A,N/A,
17928,High-Productivity,Daily Spread,Breeding Swine,Eastern Europe,0,N/A,N/A,
17929,High-Productivity,Digester,Breeding Swine,Eastern Europe,0,N/A,N/A,
17930,High-Productivity,Burned For Fuel,Breeding Swine,Eastern Europe,0,N/A,N/A,
17931,High-Productivity,Pit<1Month,Breeding Swine,Eastern Europe,4,N/A,N/A,
17933,High-Productivity,Poultry Manure,Breeding Swine,Eastern Europe,0,N/A,N/A,
17934,High-Productivity,Deep Bedding,Breeding Swine,Eastern Europe,0,N/A,N/A,
17935,High-Productivity,Composting,Breeding Swine,Eastern Europe,0,N/A,N/A,
17936,High-Productivity,Aerobic Treatment,Breeding Swine,Eastern Europe,0,N/A,N/A,
17937,High-Productivity,Lagoon,Breeding Swine,Russian Federation,0,N/A,N/A,
17938,High-Productivity,Liquid/Slurry,Breeding Swine,Russian Federation,24,N/A,N/A,
17939,High-Productivity,Solid Storage,Breeding Swine,Russian Federation,76,N/A,N/A,
17940,High-Productivity,Dry Lot,Breeding Swine,Russian Federation,0,N/A,N/A,
17941,High-Productivity,Pasture/Range/Paddock,Breeding Swine,Russian Federation,0,N/A,N/A,
17942,High-Productivity,Daily Spread,Breeding Swine,Russian Federation,0,N/A,N/A,
17943,High-Productivity,Digester,Breeding Swine,Russian Federation,0,N/A,N/A,
17944,High-Productivity,Burned For Fuel,Breeding Swine,Russian Federation,0,N/A,N/A,
17945,High-Productivity,Pit<1Month,Breeding Swine,Russian Federation,0,N/A,N/A,
17947,High-Productivity,Poultry Manure,Breeding Swine,Russian Federation,0,N/A,N/A,
17948,High-Productivity,Deep Bedding,Breeding Swine,Russian Federation,0,N/A,N/A,
17949,High-Productivity,Composting,Breeding Swine,Russian Federation,0,N/A,N/A,
17950,High-Productivity,Aerobic Treatment,Breeding Swine,Russian Federation,0,N/A,N/A,
17951,High-Productivity,Lagoon,Breeding Swine,Oceania,91,N/A,N/A,
17952,High-Productivity,Liquid/Slurry,Breeding Swine,Oceania,0,N/A,N/A,
17953,High-Productivity,Solid Storage,Breeding Swine,Oceania,1,N/A,N/A,
17954,High-Productivity,Dry Lot,Breeding Swine,Oceania,8,N/A,N/A,
17955,High-Productivity,Pasture/Range/Paddock,Breeding Swine,Oceania,0,N/A,N/A,
17956,High-Productivity,Daily Spread,Breeding Swine,Oceania,0,N/A,N/A,
17957,High-Productivity,Digester,Breeding Swine,Oceania,0,N/A,N/A,
17958,High-Productivity,Burned For Fuel,Breeding Swine,Oceania,0,N/A,N/A,
17959,High-Productivity,Pit<1Month,Breeding Swine,Oceania,0,N/A,N/A,
17961,High-Productivity,Poultry Manure,Breeding Swine,Oceania,0,N/A,N/A,
17962,High-Productivity,Deep Bedding,Breeding Swine,Oceania,0,N/A,N/A,
17963,High-Productivity,Composting,Breeding Swine,Oceania,0,N/A,N/A,
17964,High-Productivity,Aerobic Treatment,Breeding Swine,Oceania,0,N/A,N/A,
17965,High-Productivity,Lagoon,Breeding Swine,NENA/Middle East,10,N/A,N/A,
17966,High-Productivity,Liquid/Slurry,Breeding Swine,NENA/Middle East,29,N/A,N/A,
17967,High-Productivity,Solid Storage,Breeding Swine,NENA/Middle East,0,N/A,N/A,
17968,High-Productivity,Dry Lot,Breeding Swine,NENA/Middle East,54,N/A,N/A,
17969,High-Productivity,Pasture/Range/Paddock,Breeding Swine,NENA/Middle East,0,N/A,N/A,
17970,High-Productivity,Daily Spread,Breeding Swine,NENA/Middle East,0,N/A,N/A,
17971,High-Productivity,Digester,Breeding Swine,NENA/Middle East,7,N/A,N/A,
17972,High-Productivity,Burned For Fuel,Breeding Swine,NENA/Middle East,0,N/A,N/A,
17973,High-Productivity,Pit<1Month,Breeding Swine,NENA/Middle East,0,N/A,N/A,
17975,High-Productivity,Poultry Manure,Breeding Swine,NENA/Middle East,0,N/A,N/A,
17976,High-Productivity,Deep Bedding,Breeding Swine,NENA/Middle East,0,N/A,N/A,
17977,High-Productivity,Composting,Breeding Swine,NENA/Middle East,0,N/A,N/A,
17978,High-Productivity,Aerobic Treatment,Breeding Swine,NENA/Middle East,0,N/A,N/A,
17979,High-Productivity,Lagoon,Breeding Swine,South Asia,12,N/A,N/A,
17980,High-Productivity,Liquid/Slurry,Breeding Swine,South Asia,23,N/A,N/A,
17981,High-Productivity,Solid Storage,Breeding Swine,South Asia,14,N/A,N/A,
17982,High-Productivity,Dry Lot,Breeding Swine,South Asia,32,N/A,N/A,
17983,High-Productivity,Pasture/Range/Paddock,Breeding Swine,South Asia,0,N/A,N/A,
17984,High-Productivity,Daily Spread,Breeding Swine,South Asia,8,N/A,N/A,
17985,High-Productivity,Digester,Breeding Swine,South Asia,8,N/A,N/A,
17986,High-Productivity,Burned For Fuel,Breeding Swine,South Asia,0,N/A,N/A,
17987,High-Productivity,Pit<1Month,Breeding Swine,South Asia,3,N/A,N/A,
17989,High-Productivity,Poultry Manure,Breeding Swine,South Asia,0,N/A,N/A,
17990,High-Productivity,Deep Bedding,Breeding Swine,South Asia,0,N/A,N/A,
17991,High-Productivity,Composting,Breeding Swine,South Asia,0,N/A,N/A,
17992,High-Productivity,Aerobic Treatment,Breeding Swine,South Asia,0,N/A,N/A,
17993,Low-Productivity,Lagoon,Breeding Swine,Sub-Saharan Africa,5,N/A,N/A,
17994,Low-Productivity,Liquid/Slurry,Breeding Swine,Sub-Saharan Africa,30,N/A,N/A,
17995,Low-Productivity,Solid Storage,Breeding Swine,Sub-Saharan Africa,15,N/A,N/A,
17996,Low-Productivity,Dry Lot,Breeding Swine,Sub-Saharan Africa,15,N/A,N/A,
17997,Low-Productivity,Pasture/Range/Paddock,Breeding Swine,Sub-Saharan Africa,5,N/A,N/A,
17998,Low-Productivity,Daily Spread,Breeding Swine,Sub-Saharan Africa,5,N/A,N/A,
17999,Low-Productivity,Digester,Breeding Swine,Sub-Saharan Africa,5,N/A,N/A,
18000,Low-Productivity,Burned For Fuel,Breeding Swine,Sub-Saharan Africa,0,N/A,N/A,
18001,Low-Productivity,Pit<1Month,Breeding Swine,Sub-Saharan Africa,15,N/A,N/A,
18003,Low-Productivity,Poultry Manure,Breeding Swine,Sub-Saharan Africa,0,N/A,N/A,
18004,Low-Productivity,Deep Bedding,Breeding Swine,Sub-Saharan Africa,0,N/A,N/A,
18005,Low-Productivity,Composting,Breeding Swine,Sub-Saharan Africa,0,N/A,N/A,
18006,Low-Productivity,Aerobic Treatment,Breeding Swine,Sub-Saharan Africa,0,N/A,N/A,
18007,Low-Productivity,Lagoon,Breeding Swine,East Asia And South-East Asia,4,N/A,N/A,
18008,Low-Productivity,Liquid/Slurry,Breeding Swine,East Asia And South-East Asia,28,N/A,N/A,
18009,Low-Productivity,Solid Storage,Breeding Swine,East Asia And South-East Asia,22,N/A,N/A,
18010,Low-Productivity,Dry Lot,Breeding Swine,East Asia And South-East Asia,13,N/A,N/A,
18011,Low-Productivity,Pasture/Range/Paddock,Breeding Swine,East Asia And South-East Asia,6,N/A,N/A,
18012,Low-Productivity,Daily Spread,Breeding Swine,East Asia And South-East Asia,6,N/A,N/A,
18013,Low-Productivity,Digester,Breeding Swine,East Asia And South-East Asia,4,N/A,N/A,
18014,Low-Productivity,Burned For Fuel,Breeding Swine,East Asia And South-East Asia,0,N/A,N/A,
18015,Low-Productivity,Pit<1Month,Breeding Swine,East Asia And South-East Asia,13,N/A,N/A,
18017,Low-Productivity,Poultry Manure,Breeding Swine,East Asia And South-East Asia,0,N/A,N/A,
18018,Low-Productivity,Deep Bedding,Breeding Swine,East Asia And South-East Asia,0,N/A,N/A,
18019,Low-Productivity,Composting,Breeding Swine,East Asia And South-East Asia,0,N/A,N/A,
18020,Low-Productivity,Aerobic Treatment,Breeding Swine,East Asia And South-East Asia,0,N/A,N/A,
18021,Low-Productivity,Lagoon,Breeding Swine,North America,0,N/A,N/A,
18022,Low-Productivity,Liquid/Slurry,Breeding Swine,North America,0,N/A,N/A,
18023,Low-Productivity,Solid Storage,Breeding Swine,North America,0,N/A,N/A,
18024,Low-Productivity,Dry Lot,Breeding Swine,North America,0,N/A,N/A,
18025,Low-Productivity,Pasture/Range/Paddock,Breeding Swine,North America,0,N/A,N/A,
18026,Low-Productivity,Daily Spread,Breeding Swine,North America,0,N/A,N/A,
18027,Low-Productivity,Digester,Breeding Swine,North America,0,N/A,N/A,
18028,Low-Productivity,Burned For Fuel,Breeding Swine,North America,0,N/A,N/A,
18029,Low-Productivity,Pit<1Month,Breeding Swine,North America,0,N/A,N/A,
18031,Low-Productivity,Poultry Manure,Breeding Swine,North America,0,N/A,N/A,
18032,Low-Productivity,Deep Bedding,Breeding Swine,North America,0,N/A,N/A,
18033,Low-Productivity,Composting,Breeding Swine,North America,0,N/A,N/A,
18034,Low-Productivity,Aerobic Treatment,Breeding Swine,North America,0,N/A,N/A,
18035,Low-Productivity,Lagoon,Breeding Swine,Latin America And The Caribbean,5,N/A,N/A,
18036,Low-Productivity,Liquid/Slurry,Breeding Swine,Latin America And The Caribbean,30,N/A,N/A,
18037,Low-Productivity,Solid Storage,Breeding Swine,Latin America And The Caribbean,15,N/A,N/A,
18038,Low-Productivity,Dry Lot,Breeding Swine,Latin America And The Caribbean,15,N/A,N/A,
18039,Low-Productivity,Pasture/Range/Paddock,Breeding Swine,Latin America And The Caribbean,5,N/A,N/A,
18040,Low-Productivity,Daily Spread,Breeding Swine,Latin America And The Caribbean,5,N/A,N/A,
18041,Low-Productivity,Digester,Breeding Swine,Latin America And The Caribbean,5,N/A,N/A,
18042,Low-Productivity,Burned For Fuel,Breeding Swine,Latin America And The Caribbean,0,N/A,N/A,
18043,Low-Productivity,Pit<1Month,Breeding Swine,Latin America And The Caribbean,15,N/A,N/A,
18045,Low-Productivity,Poultry Manure,Breeding Swine,Latin America And The Caribbean,0,N/A,N/A,
18046,Low-Productivity,Deep Bedding,Breeding Swine,Latin America And The Caribbean,0,N/A,N/A,
18047,Low-Productivity,Composting,Breeding Swine,Latin America And The Caribbean,0,N/A,N/A,
18048,Low-Productivity,Aerobic Treatment,Breeding Swine,Latin America And The Caribbean,0,N/A,N/A,
18049,Low-Productivity,Lagoon,Breeding Swine,Western Europe,0,N/A,N/A,
18050,Low-Productivity,Liquid/Slurry,Breeding Swine,Western Europe,0,N/A,N/A,
18051,Low-Productivity,Solid Storage,Breeding Swine,Western Europe,0,N/A,N/A,
18052,Low-Productivity,Dry Lot,Breeding Swine,Western Europe,0,N/A,N/A,
18053,Low-Productivity,Pasture/Range/Paddock,Breeding Swine,Western Europe,0,N/A,N/A,
18054,Low-Productivity,Daily Spread,Breeding Swine,Western Europe,0,N/A,N/A,
18055,Low-Productivity,Digester,Breeding Swine,Western Europe,0,N/A,N/A,
18056,Low-Productivity,Burned For Fuel,Breeding Swine,Western Europe,0,N/A,N/A,
18057,Low-Productivity,Pit<1Month,Breeding Swine,Western Europe,0,N/A,N/A,
18059,Low-Productivity,Poultry Manure,Breeding Swine,Western Europe,0,N/A,N/A,
18060,Low-Productivity,Deep Bedding,Breeding Swine,Western Europe,0,N/A,N/A,
18061,Low-Productivity,Composting,Breeding Swine,Western Europe,0,N/A,N/A,
18062,Low-Productivity,Aerobic Treatment,Breeding Swine,Western Europe,0,N/A,N/A,
18063,Low-Productivity,Lagoon,Breeding Swine,Eastern Europe,0,N/A,N/A,
18064,Low-Productivity,Liquid/Slurry,Breeding Swine,Eastern Europe,0,N/A,N/A,
18065,Low-Productivity,Solid Storage,Breeding Swine,Eastern Europe,0,N/A,N/A,
18066,Low-Productivity,Dry Lot,Breeding Swine,Eastern Europe,0,N/A,N/A,
18067,Low-Productivity,Pasture/Range/Paddock,Breeding Swine,Eastern Europe,0,N/A,N/A,
18068,Low-Productivity,Daily Spread,Breeding Swine,Eastern Europe,0,N/A,N/A,
18069,Low-Productivity,Digester,Breeding Swine,Eastern Europe,0,N/A,N/A,
18070,Low-Productivity,Burned For Fuel,Breeding Swine,Eastern Europe,0,N/A,N/A,
18071,Low-Productivity,Pit<1Month,Breeding Swine,Eastern Europe,0,N/A,N/A,
18073,Low-Productivity,Poultry Manure,Breeding Swine,Eastern Europe,0,N/A,N/A,
18074,Low-Productivity,Deep Bedding,Breeding Swine,Eastern Europe,0,N/A,N/A,
18075,Low-Productivity,Composting,Breeding Swine,Eastern Europe,0,N/A,N/A,
18076,Low-Productivity,Aerobic Treatment,Breeding Swine,Eastern Europe,0,N/A,N/A,
18077,Low-Productivity,Lagoon,Breeding Swine,Russian Federation,0,N/A,N/A,
18078,Low-Productivity,Liquid/Slurry,Breeding Swine,Russian Federation,0,N/A,N/A,
18079,Low-Productivity,Solid Storage,Breeding Swine,Russian Federation,0,N/A,N/A,
18080,Low-Productivity,Dry Lot,Breeding Swine,Russian Federation,0,N/A,N/A,
18081,Low-Productivity,Pasture/Range/Paddock,Breeding Swine,Russian Federation,0,N/A,N/A,
18082,Low-Productivity,Daily Spread,Breeding Swine,Russian Federation,0,N/A,N/A,
18083,Low-Productivity,Digester,Breeding Swine,Russian Federation,0,N/A,N/A,
18084,Low-Productivity,Burned For Fuel,Breeding Swine,Russian Federation,0,N/A,N/A,
18085,Low-Productivity,Pit<1Month,Breeding Swine,Russian Federation,0,N/A,N/A,
18087,Low-Productivity,Poultry Manure,Breeding Swine,Russian Federation,0,N/A,N/A,
18088,Low-Productivity,Deep Bedding,Breeding Swine,Russian Federation,0,N/A,N/A,
18089,Low-Productivity,Composting,Breeding Swine,Russian Federation,0,N/A,N/A,
18090,Low-Productivity,Aerobic Treatment,Breeding Swine,Russian Federation,0,N/A,N/A,
18091,Low-Productivity,Lagoon,Breeding Swine,Oceania,0,N/A,N/A,
18092,Low-Productivity,Liquid/Slurry,Breeding Swine,Oceania,0,N/A,N/A,
18093,Low-Productivity,Solid Storage,Breeding Swine,Oceania,0,N/A,N/A,
18094,Low-Productivity,Dry Lot,Breeding Swine,Oceania,0,N/A,N/A,
18095,Low-Productivity,Pasture/Range/Paddock,Breeding Swine,Oceania,0,N/A,N/A,
18096,Low-Productivity,Daily Spread,Breeding Swine,Oceania,0,N/A,N/A,
18097,Low-Productivity,Digester,Breeding Swine,Oceania,0,N/A,N/A,
18098,Low-Productivity,Burned For Fuel,Breeding Swine,Oceania,0,N/A,N/A,
18099,Low-Productivity,Pit<1Month,Breeding Swine,Oceania,0,N/A,N/A,
18101,Low-Productivity,Poultry Manure,Breeding Swine,Oceania,0,N/A,N/A,
18102,Low-Productivity,Deep Bedding,Breeding Swine,Oceania,0,N/A,N/A,
18103,Low-Productivity,Composting,Breeding Swine,Oceania,0,N/A,N/A,
18104,Low-Productivity,Aerobic Treatment,Breeding Swine,Oceania,0,N/A,N/A,
18105,Low-Productivity,Lagoon,Breeding Swine,NENA/Middle East,5,N/A,N/A,
18106,Low-Productivity,Liquid/Slurry,Breeding Swine,NENA/Middle East,30,N/A,N/A,
18107,Low-Productivity,Solid Storage,Breeding Swine,NENA/Middle East,15,N/A,N/A,
18108,Low-Productivity,Dry Lot,Breeding Swine,NENA/Middle East,15,N/A,N/A,
18109,Low-Productivity,Pasture/Range/Paddock,Breeding Swine,NENA/Middle East,5,N/A,N/A,
18110,Low-Productivity,Daily Spread,Breeding Swine,NENA/Middle East,5,N/A,N/A,
18111,Low-Productivity,Digester,Breeding Swine,NENA/Middle East,5,N/A,N/A,
18112,Low-Productivity,Burned For Fuel,Breeding Swine,NENA/Middle East,0,N/A,N/A,
18113,Low-Productivity,Pit<1Month,Breeding Swine,NENA/Middle East,15,N/A,N/A,
18115,Low-Productivity,Poultry Manure,Breeding Swine,NENA/Middle East,0,N/A,N/A,
18116,Low-Productivity,Deep Bedding,Breeding Swine,NENA/Middle East,0,N/A,N/A,
18117,Low-Productivity,Composting,Breeding Swine,NENA/Middle East,0,N/A,N/A,
18118,Low-Productivity,Aerobic Treatment,Breeding Swine,NENA/Middle East,0,N/A,N/A,
18119,Low-Productivity,Lagoon,Breeding Swine,South Asia,5,N/A,N/A,
18120,Low-Productivity,Liquid/Slurry,Breeding Swine,South Asia,30,N/A,N/A,
18121,Low-Productivity,Solid Storage,Breeding Swine,South Asia,15,N/A,N/A,
18122,Low-Productivity,Dry Lot,Breeding Swine,South Asia,15,N/A,N/A,
18123,Low-Productivity,Pasture/Range/Paddock,Breeding Swine,South Asia,5,N/A,N/A,
18124,Low-Productivity,Daily Spread,Breeding Swine,South Asia,5,N/A,N/A,
18125,Low-Productivity,Digester,Breeding Swine,South Asia,5,N/A,N/A,
18126,Low-Productivity,Burned For Fuel,Breeding Swine,South Asia,0,N/A,N/A,
18127,Low-Productivity,Pit<1Month,Breeding Swine,South Asia,15,N/A,N/A,
18129,Low-Productivity,Poultry Manure,Breeding Swine,South Asia,0,N/A,N/A,
18130,Low-Productivity,Deep Bedding,Breeding Swine,South Asia,0,N/A,N/A,
18131,Low-Productivity,Composting,Breeding Swine,South Asia,0,N/A,N/A,
18132,Low-Productivity,Aerobic Treatment,Breeding Swine,South Asia,0,N/A,N/A,
18133,Default,Lagoon,Breeding Swine,Sub-Saharan Africa,5,N/A,N/A,
18134,Default,Liquid/Slurry,Breeding Swine,Sub-Saharan Africa,30,N/A,N/A,
18135,Default,Solid Storage,Breeding Swine,Sub-Saharan Africa,15,N/A,N/A,
18136,Default,Dry Lot,Breeding Swine,Sub-Saharan Africa,15,N/A,N/A,
18137,Default,Pasture/Range/Paddock,Breeding Swine,Sub-Saharan Africa,5,N/A,N/A,
18138,Default,Daily Spread,Breeding Swine,Sub-Saharan Africa,5,N/A,N/A,
18139,Default,Digester,Breeding Swine,Sub-Saharan Africa,5,N/A,N/A,
18140,Default,Burned For Fuel,Breeding Swine,Sub-Saharan Africa,0,N/A,N/A,
18141,Default,Pit<1Month,Breeding Swine,Sub-Saharan Africa,15,N/A,N/A,
18143,Default,Poultry Manure,Breeding Swine,Sub-Saharan Africa,0,N/A,N/A,
18144,Default,Deep Bedding,Breeding Swine,Sub-Saharan Africa,0,N/A,N/A,
18145,Default,Composting,Breeding Swine,Sub-Saharan Africa,0,N/A,N/A,
18146,Default,Aerobic Treatment,Breeding Swine,Sub-Saharan Africa,0,N/A,N/A,
18147,Default,Lagoon,Breeding Swine,East Asia And South-East Asia,4,N/A,N/A,
18148,Default,Liquid/Slurry,Breeding Swine,East Asia And South-East Asia,28,N/A,N/A,
18149,Default,Solid Storage,Breeding Swine,East Asia And South-East Asia,22,N/A,N/A,
18150,Default,Dry Lot,Breeding Swine,East Asia And South-East Asia,13,N/A,N/A,
18151,Default,Pasture/Range/Paddock,Breeding Swine,East Asia And South-East Asia,6,N/A,N/A,
18152,Default,Daily Spread,Breeding Swine,East Asia And South-East Asia,6,N/A,N/A,
18153,Default,Digester,Breeding Swine,East Asia And South-East Asia,4,N/A,N/A,
18154,Default,Burned For Fuel,Breeding Swine,East Asia And South-East Asia,0,N/A,N/A,
18155,Default,Pit<1Month,Breeding Swine,East Asia And South-East Asia,13,N/A,N/A,
18157,Default,Poultry Manure,Breeding Swine,East Asia And South-East Asia,0,N/A,N/A,
18158,Default,Deep Bedding,Breeding Swine,East Asia And South-East Asia,0,N/A,N/A,
18159,Default,Composting,Breeding Swine,East Asia And South-East Asia,0,N/A,N/A,
18160,Default,Aerobic Treatment,Breeding Swine,East Asia And South-East Asia,0,N/A,N/A,
18161,Default,Lagoon,Breeding Swine,North America,0,N/A,N/A,
18162,Default,Liquid/Slurry,Breeding Swine,North America,0,N/A,N/A,
18163,Default,Solid Storage,Breeding Swine,North America,0,N/A,N/A,
18164,Default,Dry Lot,Breeding Swine,North America,0,N/A,N/A,
18165,Default,Pasture/Range/Paddock,Breeding Swine,North America,0,N/A,N/A,
18166,Default,Daily Spread,Breeding Swine,North America,0,N/A,N/A,
18167,Default,Digester,Breeding Swine,North America,0,N/A,N/A,
18168,Default,Burned For Fuel,Breeding Swine,North America,0,N/A,N/A,
18169,Default,Pit<1Month,Breeding Swine,North America,0,N/A,N/A,
18171,Default,Poultry Manure,Breeding Swine,North America,0,N/A,N/A,
18172,Default,Deep Bedding,Breeding Swine,North America,0,N/A,N/A,
18173,Default,Composting,Breeding Swine,North America,0,N/A,N/A,
18174,Default,Aerobic Treatment,Breeding Swine,North America,0,N/A,N/A,
18175,Default,Lagoon,Breeding Swine,Latin America And The Caribbean,5,N/A,N/A,
18176,Default,Liquid/Slurry,Breeding Swine,Latin America And The Caribbean,30,N/A,N/A,
18177,Default,Solid Storage,Breeding Swine,Latin America And The Caribbean,15,N/A,N/A,
18178,Default,Dry Lot,Breeding Swine,Latin America And The Caribbean,15,N/A,N/A,
18179,Default,Pasture/Range/Paddock,Breeding Swine,Latin America And The Caribbean,5,N/A,N/A,
18180,Default,Daily Spread,Breeding Swine,Latin America And The Caribbean,5,N/A,N/A,
18181,Default,Digester,Breeding Swine,Latin America And The Caribbean,5,N/A,N/A,
18182,Default,Burned For Fuel,Breeding Swine,Latin America And The Caribbean,0,N/A,N/A,
18183,Default,Pit<1Month,Breeding Swine,Latin America And The Caribbean,15,N/A,N/A,
18185,Default,Poultry Manure,Breeding Swine,Latin America And The Caribbean,0,N/A,N/A,
18186,Default,Deep Bedding,Breeding Swine,Latin America And The Caribbean,0,N/A,N/A,
18187,Default,Composting,Breeding Swine,Latin America And The Caribbean,0,N/A,N/A,
18188,Default,Aerobic Treatment,Breeding Swine,Latin America And The Caribbean,0,N/A,N/A,
18189,Default,Lagoon,Breeding Swine,Western Europe,0,N/A,N/A,
18190,Default,Liquid/Slurry,Breeding Swine,Western Europe,0,N/A,N/A,
18191,Default,Solid Storage,Breeding Swine,Western Europe,0,N/A,N/A,
18192,Default,Dry Lot,Breeding Swine,Western Europe,0,N/A,N/A,
18193,Default,Pasture/Range/Paddock,Breeding Swine,Western Europe,0,N/A,N/A,
18194,Default,Daily Spread,Breeding Swine,Western Europe,0,N/A,N/A,
18195,Default,Digester,Breeding Swine,Western Europe,0,N/A,N/A,
18196,Default,Burned For Fuel,Breeding Swine,Western Europe,0,N/A,N/A,
18197,Default,Pit<1Month,Breeding Swine,Western Europe,0,N/A,N/A,
18199,Default,Poultry Manure,Breeding Swine,Western Europe,0,N/A,N/A,
18200,Default,Deep Bedding,Breeding Swine,Western Europe,0,N/A,N/A,
18201,Default,Composting,Breeding Swine,Western Europe,0,N/A,N/A,
18202,Default,Aerobic Treatment,Breeding Swine,Western Europe,0,N/A,N/A,
18203,Default,Lagoon,Breeding Swine,Eastern Europe,0,N/A,N/A,
18204,Default,Liquid/Slurry,Breeding Swine,Eastern Europe,0,N/A,N/A,
18205,Default,Solid Storage,Breeding Swine,Eastern Europe,0,N/A,N/A,
18206,Default,Dry Lot,Breeding Swine,Eastern Europe,0,N/A,N/A,
18207,Default,Pasture/Range/Paddock,Breeding Swine,Eastern Europe,0,N/A,N/A,
18208,Default,Daily Spread,Breeding Swine,Eastern Europe,0,N/A,N/A,
18209,Default,Digester,Breeding Swine,Eastern Europe,0,N/A,N/A,
18210,Default,Burned For Fuel,Breeding Swine,Eastern Europe,0,N/A,N/A,
18211,Default,Pit<1Month,Breeding Swine,Eastern Europe,0,N/A,N/A,
18213,Default,Poultry Manure,Breeding Swine,Eastern Europe,0,N/A,N/A,
18214,Default,Deep Bedding,Breeding Swine,Eastern Europe,0,N/A,N/A,
18215,Default,Composting,Breeding Swine,Eastern Europe,0,N/A,N/A,
18216,Default,Aerobic Treatment,Breeding Swine,Eastern Europe,0,N/A,N/A,
18217,Default,Lagoon,Breeding Swine,Russian Federation,0,N/A,N/A,
18218,Default,Liquid/Slurry,Breeding Swine,Russian Federation,0,N/A,N/A,
18219,Default,Solid Storage,Breeding Swine,Russian Federation,0,N/A,N/A,
18220,Default,Dry Lot,Breeding Swine,Russian Federation,0,N/A,N/A,
18221,Default,Pasture/Range/Paddock,Breeding Swine,Russian Federation,0,N/A,N/A,
18222,Default,Daily Spread,Breeding Swine,Russian Federation,0,N/A,N/A,
18223,Default,Digester,Breeding Swine,Russian Federation,0,N/A,N/A,
18224,Default,Burned For Fuel,Breeding Swine,Russian Federation,0,N/A,N/A,
18225,Default,Pit<1Month,Breeding Swine,Russian Federation,0,N/A,N/A,
18227,Default,Poultry Manure,Breeding Swine,Russian Federation,0,N/A,N/A,
18228,Default,Deep Bedding,Breeding Swine,Russian Federation,0,N/A,N/A,
18229,Default,Composting,Breeding Swine,Russian Federation,0,N/A,N/A,
18230,Default,Aerobic Treatment,Breeding Swine,Russian Federation,0,N/A,N/A,
18231,Default,Lagoon,Breeding Swine,Oceania,0,N/A,N/A,
18232,Default,Liquid/Slurry,Breeding Swine,Oceania,0,N/A,N/A,
18233,Default,Solid Storage,Breeding Swine,Oceania,0,N/A,N/A,
18234,Default,Dry Lot,Breeding Swine,Oceania,0,N/A,N/A,
18235,Default,Pasture/Range/Paddock,Breeding Swine,Oceania,0,N/A,N/A,
18236,Default,Daily Spread,Breeding Swine,Oceania,0,N/A,N/A,
18237,Default,Digester,Breeding Swine,Oceania,0,N/A,N/A,
18238,Default,Burned For Fuel,Breeding Swine,Oceania,0,N/A,N/A,
18239,Default,Pit<1Month,Breeding Swine,Oceania,0,N/A,N/A,
18241,Default,Poultry Manure,Breeding Swine,Oceania,0,N/A,N/A,
18242,Default,Deep Bedding,Breeding Swine,Oceania,0,N/A,N/A,
18243,Default,Composting,Breeding Swine,Oceania,0,N/A,N/A,
18244,Default,Aerobic Treatment,Breeding Swine,Oceania,0,N/A,N/A,
18245,Default,Lagoon,Breeding Swine,NENA/Middle East,5,N/A,N/A,
18246,Default,Liquid/Slurry,Breeding Swine,NENA/Middle East,30,N/A,N/A,
18247,Default,Solid Storage,Breeding Swine,NENA/Middle East,15,N/A,N/A,
18248,Default,Dry Lot,Breeding Swine,NENA/Middle East,15,N/A,N/A,
18249,Default,Pasture/Range/Paddock,Breeding Swine,NENA/Middle East,5,N/A,N/A,
18250,Default,Daily Spread,Breeding Swine,NENA/Middle East,5,N/A,N/A,
18251,Default,Digester,Breeding Swine,NENA/Middle East,5,N/A,N/A,
18252,Default,Burned For Fuel,Breeding Swine,NENA/Middle East,0,N/A,N/A,
18253,Default,Pit<1Month,Breeding Swine,NENA/Middle East,15,N/A,N/A,
18255,Default,Poultry Manure,Breeding Swine,NENA/Middle East,0,N/A,N/A,
18256,Default,Deep Bedding,Breeding Swine,NENA/Middle East,0,N/A,N/A,
18257,Default,Composting,Breeding Swine,NENA/Middle East,0,N/A,N/A,
18258,Default,Aerobic Treatment,Breeding Swine,NENA/Middle East,0,N/A,N/A,
18259,Default,Lagoon,Breeding Swine,South Asia,5,N/A,N/A,
18260,Default,Liquid/Slurry,Breeding Swine,South Asia,30,N/A,N/A,
18261,Default,Solid Storage,Breeding Swine,South Asia,15,N/A,N/A,
18262,Default,Dry Lot,Breeding Swine,South Asia,15,N/A,N/A,
18263,Default,Pasture/Range/Paddock,Breeding Swine,South Asia,5,N/A,N/A,
18264,Default,Daily Spread,Breeding Swine,South Asia,5,N/A,N/A,
18265,Default,Digester,Breeding Swine,South Asia,5,N/A,N/A,
18266,Default,Burned For Fuel,Breeding Swine,South Asia,0,N/A,N/A,
18267,Default,Pit<1Month,Breeding Swine,South Asia,15,N/A,N/A,
18269,Default,Poultry Manure,Breeding Swine,South Asia,0,N/A,N/A,
18270,Default,Deep Bedding,Breeding Swine,South Asia,0,N/A,N/A,
18271,Default,Composting,Breeding Swine,South Asia,0,N/A,N/A,
18272,Default,Aerobic Treatment,Breeding Swine,South Asia,0,N/A,N/A,
18273,High-Productivity,Lagoon,Chicken Layer,Sub-Saharan Africa,0,N/A,N/A,
18274,High-Productivity,Liquid/Slurry,Chicken Layer,Sub-Saharan Africa,0,N/A,N/A,
18275,High-Productivity,Solid Storage,Chicken Layer,Sub-Saharan Africa,0,N/A,N/A,
18276,High-Productivity,Dry Lot,Chicken Layer,Sub-Saharan Africa,0,N/A,N/A,
18277,High-Productivity,Pasture/Range/Paddock,Chicken Layer,Sub-Saharan Africa,0,N/A,N/A,
18278,High-Productivity,Daily Spread,Chicken Layer,Sub-Saharan Africa,0,N/A,N/A,
18279,High-Productivity,Digester,Chicken Layer,Sub-Saharan Africa,0,N/A,N/A,
18280,High-Productivity,Burned For Fuel,Chicken Layer,Sub-Saharan Africa,0,N/A,N/A,
18281,High-Productivity,Pit<1Month,Chicken Layer,Sub-Saharan Africa,0,N/A,N/A,
18283,High-Productivity,Poultry Manure,Chicken Layer,Sub-Saharan Africa,10,N/A,N/A,
18284,High-Productivity,Deep Bedding,Chicken Layer,Sub-Saharan Africa,0,N/A,N/A,
18285,High-Productivity,Composting,Chicken Layer,Sub-Saharan Africa,0,N/A,N/A,
18286,High-Productivity,Aerobic Treatment,Chicken Layer,Sub-Saharan Africa,0,N/A,N/A,
18287,High-Productivity,Lagoon,Chicken Layer,East Asia And South-East Asia,0,N/A,N/A,
18288,High-Productivity,Liquid/Slurry,Chicken Layer,East Asia And South-East Asia,4,N/A,N/A,
18289,High-Productivity,Solid Storage,Chicken Layer,East Asia And South-East Asia,0,N/A,N/A,
18290,High-Productivity,Dry Lot,Chicken Layer,East Asia And South-East Asia,0,N/A,N/A,
18291,High-Productivity,Pasture/Range/Paddock,Chicken Layer,East Asia And South-East Asia,1,N/A,N/A,
18292,High-Productivity,Daily Spread,Chicken Layer,East Asia And South-East Asia,1,N/A,N/A,
18293,High-Productivity,Digester,Chicken Layer,East Asia And South-East Asia,0,N/A,N/A,
18294,High-Productivity,Burned For Fuel,Chicken Layer,East Asia And South-East Asia,0,N/A,N/A,
18295,High-Productivity,Pit<1Month,Chicken Layer,East Asia And South-East Asia,0,N/A,N/A,
18297,High-Productivity,Poultry Manure,Chicken Layer,East Asia And South-East Asia,0,N/A,N/A,
18298,High-Productivity,Deep Bedding,Chicken Layer,East Asia And South-East Asia,0,N/A,N/A,
18299,High-Productivity,Composting,Chicken Layer,East Asia And South-East Asia,0,N/A,N/A,
18300,High-Productivity,Aerobic Treatment,Chicken Layer,East Asia And South-East Asia,0,N/A,N/A,
18301,High-Productivity,Lagoon,Chicken Layer,North America,1,N/A,N/A,
18302,High-Productivity,Liquid/Slurry,Chicken Layer,North America,29,N/A,N/A,
18303,High-Productivity,Solid Storage,Chicken Layer,North America,70,N/A,N/A,
18304,High-Productivity,Dry Lot,Chicken Layer,North America,0,N/A,N/A,
18305,High-Productivity,Pasture/Range/Paddock,Chicken Layer,North America,0,N/A,N/A,
18306,High-Productivity,Daily Spread,Chicken Layer,North America,0,N/A,N/A,
18307,High-Productivity,Digester,Chicken Layer,North America,0,N/A,N/A,
18308,High-Productivity,Burned For Fuel,Chicken Layer,North America,0,N/A,N/A,
18309,High-Productivity,Pit<1Month,Chicken Layer,North America,0,N/A,N/A,
18311,High-Productivity,Poultry Manure,Chicken Layer,North America,0,N/A,N/A,
18312,High-Productivity,Deep Bedding,Chicken Layer,North America,0,N/A,N/A,
18313,High-Productivity,Composting,Chicken Layer,North America,0,N/A,N/A,
18314,High-Productivity,Aerobic Treatment,Chicken Layer,North America,0,N/A,N/A,
18315,High-Productivity,Lagoon,Chicken Layer,Latin America And The Caribbean,0,N/A,N/A,
18316,High-Productivity,Liquid/Slurry,Chicken Layer,Latin America And The Caribbean,58,N/A,N/A,
18317,High-Productivity,Solid Storage,Chicken Layer,Latin America And The Caribbean,42,N/A,N/A,
18318,High-Productivity,Dry Lot,Chicken Layer,Latin America And The Caribbean,0,N/A,N/A,
18319,High-Productivity,Pasture/Range/Paddock,Chicken Layer,Latin America And The Caribbean,0,N/A,N/A,
18320,High-Productivity,Daily Spread,Chicken Layer,Latin America And The Caribbean,0,N/A,N/A,
18321,High-Productivity,Digester,Chicken Layer,Latin America And The Caribbean,0,N/A,N/A,
18322,High-Productivity,Burned For Fuel,Chicken Layer,Latin America And The Caribbean,0,N/A,N/A,
18323,High-Productivity,Pit<1Month,Chicken Layer,Latin America And The Caribbean,0,N/A,N/A,
18325,High-Productivity,Poultry Manure,Chicken Layer,Latin America And The Caribbean,0,N/A,N/A,
18326,High-Productivity,Deep Bedding,Chicken Layer,Latin America And The Caribbean,0,N/A,N/A,
18327,High-Productivity,Composting,Chicken Layer,Latin America And The Caribbean,0,N/A,N/A,
18328,High-Productivity,Aerobic Treatment,Chicken Layer,Latin America And The Caribbean,0,N/A,N/A,
18329,High-Productivity,Lagoon,Chicken Layer,Western Europe,0,N/A,N/A,
18330,High-Productivity,Liquid/Slurry,Chicken Layer,Western Europe,1,N/A,N/A,
18331,High-Productivity,Solid Storage,Chicken Layer,Western Europe,20,N/A,N/A,
18332,High-Productivity,Dry Lot,Chicken Layer,Western Europe,21,N/A,N/A,
18333,High-Productivity,Pasture/Range/Paddock,Chicken Layer,Western Europe,0,N/A,N/A,
18334,High-Productivity,Daily Spread,Chicken Layer,Western Europe,1,N/A,N/A,
18335,High-Productivity,Digester,Chicken Layer,Western Europe,0,N/A,N/A,
18336,High-Productivity,Burned For Fuel,Chicken Layer,Western Europe,0,N/A,N/A,
18337,High-Productivity,Pit<1Month,Chicken Layer,Western Europe,0,N/A,N/A,
18339,High-Productivity,Poultry Manure,Chicken Layer,Western Europe,14,N/A,N/A,
18340,High-Productivity,Deep Bedding,Chicken Layer,Western Europe,0,N/A,N/A,
18341,High-Productivity,Composting,Chicken Layer,Western Europe,0,N/A,N/A,
18342,High-Productivity,Aerobic Treatment,Chicken Layer,Western Europe,0,N/A,N/A,
18343,High-Productivity,Lagoon,Chicken Layer,Eastern Europe,0,N/A,N/A,
18344,High-Productivity,Liquid/Slurry,Chicken Layer,Eastern Europe,0,N/A,N/A,
18345,High-Productivity,Solid Storage,Chicken Layer,Eastern Europe,0,N/A,N/A,
18346,High-Productivity,Dry Lot,Chicken Layer,Eastern Europe,47,N/A,N/A,
18347,High-Productivity,Pasture/Range/Paddock,Chicken Layer,Eastern Europe,0,N/A,N/A,
18348,High-Productivity,Daily Spread,Chicken Layer,Eastern Europe,0,N/A,N/A,
18349,High-Productivity,Digester,Chicken Layer,Eastern Europe,0,N/A,N/A,
18350,High-Productivity,Burned For Fuel,Chicken Layer,Eastern Europe,0,N/A,N/A,
18351,High-Productivity,Pit<1Month,Chicken Layer,Eastern Europe,0,N/A,N/A,
18353,High-Productivity,Poultry Manure,Chicken Layer,Eastern Europe,19,N/A,N/A,
18354,High-Productivity,Deep Bedding,Chicken Layer,Eastern Europe,0,N/A,N/A,
18355,High-Productivity,Composting,Chicken Layer,Eastern Europe,0,N/A,N/A,
18356,High-Productivity,Aerobic Treatment,Chicken Layer,Eastern Europe,0,N/A,N/A,
18357,High-Productivity,Lagoon,Chicken Layer,Russian Federation,0,N/A,N/A,
18358,High-Productivity,Liquid/Slurry,Chicken Layer,Russian Federation,0,N/A,N/A,
18359,High-Productivity,Solid Storage,Chicken Layer,Russian Federation,0,N/A,N/A,
18360,High-Productivity,Dry Lot,Chicken Layer,Russian Federation,0,N/A,N/A,
18361,High-Productivity,Pasture/Range/Paddock,Chicken Layer,Russian Federation,0,N/A,N/A,
18362,High-Productivity,Daily Spread,Chicken Layer,Russian Federation,0,N/A,N/A,
18363,High-Productivity,Digester,Chicken Layer,Russian Federation,0,N/A,N/A,
18364,High-Productivity,Burned For Fuel,Chicken Layer,Russian Federation,0,N/A,N/A,
18365,High-Productivity,Pit<1Month,Chicken Layer,Russian Federation,0,N/A,N/A,
18367,High-Productivity,Poultry Manure,Chicken Layer,Russian Federation,0,N/A,N/A,
18368,High-Productivity,Deep Bedding,Chicken Layer,Russian Federation,0,N/A,N/A,
18369,High-Productivity,Composting,Chicken Layer,Russian Federation,0,N/A,N/A,
18370,High-Productivity,Aerobic Treatment,Chicken Layer,Russian Federation,0,N/A,N/A,
18371,High-Productivity,Lagoon,Chicken Layer,Oceania,0,N/A,N/A,
18372,High-Productivity,Liquid/Slurry,Chicken Layer,Oceania,0,N/A,N/A,
18373,High-Productivity,Solid Storage,Chicken Layer,Oceania,0,N/A,N/A,
18374,High-Productivity,Dry Lot,Chicken Layer,Oceania,0,N/A,N/A,
18375,High-Productivity,Pasture/Range/Paddock,Chicken Layer,Oceania,23,N/A,N/A,
18376,High-Productivity,Daily Spread,Chicken Layer,Oceania,0,N/A,N/A,
18377,High-Productivity,Digester,Chicken Layer,Oceania,0,N/A,N/A,
18378,High-Productivity,Burned For Fuel,Chicken Layer,Oceania,0,N/A,N/A,
18379,High-Productivity,Pit<1Month,Chicken Layer,Oceania,0,N/A,N/A,
18381,High-Productivity,Poultry Manure,Chicken Layer,Oceania,0,N/A,N/A,
18382,High-Productivity,Deep Bedding,Chicken Layer,Oceania,0,N/A,N/A,
18383,High-Productivity,Composting,Chicken Layer,Oceania,0,N/A,N/A,
18384,High-Productivity,Aerobic Treatment,Chicken Layer,Oceania,0,N/A,N/A,
18385,High-Productivity,Lagoon,Chicken Layer,NENA/Middle East,11,N/A,N/A,
18386,High-Productivity,Liquid/Slurry,Chicken Layer,NENA/Middle East,7,N/A,N/A,
18387,High-Productivity,Solid Storage,Chicken Layer,NENA/Middle East,11,N/A,N/A,
18388,High-Productivity,Dry Lot,Chicken Layer,NENA/Middle East,0,N/A,N/A,
18389,High-Productivity,Pasture/Range/Paddock,Chicken Layer,NENA/Middle East,0,N/A,N/A,
18390,High-Productivity,Daily Spread,Chicken Layer,NENA/Middle East,0,N/A,N/A,
18391,High-Productivity,Digester,Chicken Layer,NENA/Middle East,0,N/A,N/A,
18392,High-Productivity,Burned For Fuel,Chicken Layer,NENA/Middle East,0,N/A,N/A,
18393,High-Productivity,Pit<1Month,Chicken Layer,NENA/Middle East,0,N/A,N/A,
18395,High-Productivity,Poultry Manure,Chicken Layer,NENA/Middle East,4,N/A,N/A,
18396,High-Productivity,Deep Bedding,Chicken Layer,NENA/Middle East,0,N/A,N/A,
18397,High-Productivity,Composting,Chicken Layer,NENA/Middle East,0,N/A,N/A,
18398,High-Productivity,Aerobic Treatment,Chicken Layer,NENA/Middle East,0,N/A,N/A,
18399,High-Productivity,Lagoon,Chicken Layer,South Asia,0,N/A,N/A,
18400,High-Productivity,Liquid/Slurry,Chicken Layer,South Asia,0,N/A,N/A,
18401,High-Productivity,Solid Storage,Chicken Layer,South Asia,100,N/A,N/A,
18402,High-Productivity,Dry Lot,Chicken Layer,South Asia,0,N/A,N/A,
18403,High-Productivity,Pasture/Range/Paddock,Chicken Layer,South Asia,0,N/A,N/A,
18404,High-Productivity,Daily Spread,Chicken Layer,South Asia,0,N/A,N/A,
18405,High-Productivity,Digester,Chicken Layer,South Asia,0,N/A,N/A,
18406,High-Productivity,Burned For Fuel,Chicken Layer,South Asia,0,N/A,N/A,
18407,High-Productivity,Pit<1Month,Chicken Layer,South Asia,0,N/A,N/A,
18409,High-Productivity,Poultry Manure,Chicken Layer,South Asia,0,N/A,N/A,
18410,High-Productivity,Deep Bedding,Chicken Layer,South Asia,0,N/A,N/A,
18411,High-Productivity,Composting,Chicken Layer,South Asia,0,N/A,N/A,
18412,High-Productivity,Aerobic Treatment,Chicken Layer,South Asia,0,N/A,N/A,
18413,Low-Productivity,Lagoon,Chicken Layer,Sub-Saharan Africa,0,N/A,N/A,
18414,Low-Productivity,Liquid/Slurry,Chicken Layer,Sub-Saharan Africa,0,N/A,N/A,
18415,Low-Productivity,Solid Storage,Chicken Layer,Sub-Saharan Africa,0,N/A,N/A,
18416,Low-Productivity,Dry Lot,Chicken Layer,Sub-Saharan Africa,0,N/A,N/A,
18417,Low-Productivity,Pasture/Range/Paddock,Chicken Layer,Sub-Saharan Africa,0,N/A,N/A,
18418,Low-Productivity,Daily Spread,Chicken Layer,Sub-Saharan Africa,0,N/A,N/A,
18419,Low-Productivity,Digester,Chicken Layer,Sub-Saharan Africa,0,N/A,N/A,
18420,Low-Productivity,Burned For Fuel,Chicken Layer,Sub-Saharan Africa,0,N/A,N/A,
18421,Low-Productivity,Pit<1Month,Chicken Layer,Sub-Saharan Africa,0,N/A,N/A,
18423,Low-Productivity,Poultry Manure,Chicken Layer,Sub-Saharan Africa,10,N/A,N/A,
18424,Low-Productivity,Deep Bedding,Chicken Layer,Sub-Saharan Africa,0,N/A,N/A,
18425,Low-Productivity,Composting,Chicken Layer,Sub-Saharan Africa,0,N/A,N/A,
18426,Low-Productivity,Aerobic Treatment,Chicken Layer,Sub-Saharan Africa,0,N/A,N/A,
18427,Low-Productivity,Lagoon,Chicken Layer,East Asia And South-East Asia,0,N/A,N/A,
18428,Low-Productivity,Liquid/Slurry,Chicken Layer,East Asia And South-East Asia,4,N/A,N/A,
18429,Low-Productivity,Solid Storage,Chicken Layer,East Asia And South-East Asia,0,N/A,N/A,
18430,Low-Productivity,Dry Lot,Chicken Layer,East Asia And South-East Asia,0,N/A,N/A,
18431,Low-Productivity,Pasture/Range/Paddock,Chicken Layer,East Asia And South-East Asia,1,N/A,N/A,
18432,Low-Productivity,Daily Spread,Chicken Layer,East Asia And South-East Asia,1,N/A,N/A,
18433,Low-Productivity,Digester,Chicken Layer,East Asia And South-East Asia,0,N/A,N/A,
18434,Low-Productivity,Burned For Fuel,Chicken Layer,East Asia And South-East Asia,0,N/A,N/A,
18435,Low-Productivity,Pit<1Month,Chicken Layer,East Asia And South-East Asia,0,N/A,N/A,
18437,Low-Productivity,Poultry Manure,Chicken Layer,East Asia And South-East Asia,0,N/A,N/A,
18438,Low-Productivity,Deep Bedding,Chicken Layer,East Asia And South-East Asia,0,N/A,N/A,
18439,Low-Productivity,Composting,Chicken Layer,East Asia And South-East Asia,0,N/A,N/A,
18440,Low-Productivity,Aerobic Treatment,Chicken Layer,East Asia And South-East Asia,0,N/A,N/A,
18441,Low-Productivity,Lagoon,Chicken Layer,North America,1,N/A,N/A,
18442,Low-Productivity,Liquid/Slurry,Chicken Layer,North America,29,N/A,N/A,
18443,Low-Productivity,Solid Storage,Chicken Layer,North America,70,N/A,N/A,
18444,Low-Productivity,Dry Lot,Chicken Layer,North America,0,N/A,N/A,
18445,Low-Productivity,Pasture/Range/Paddock,Chicken Layer,North America,0,N/A,N/A,
18446,Low-Productivity,Daily Spread,Chicken Layer,North America,0,N/A,N/A,
18447,Low-Productivity,Digester,Chicken Layer,North America,0,N/A,N/A,
18448,Low-Productivity,Burned For Fuel,Chicken Layer,North America,0,N/A,N/A,
18449,Low-Productivity,Pit<1Month,Chicken Layer,North America,0,N/A,N/A,
18451,Low-Productivity,Poultry Manure,Chicken Layer,North America,0,N/A,N/A,
18452,Low-Productivity,Deep Bedding,Chicken Layer,North America,0,N/A,N/A,
18453,Low-Productivity,Composting,Chicken Layer,North America,0,N/A,N/A,
18454,Low-Productivity,Aerobic Treatment,Chicken Layer,North America,0,N/A,N/A,
18455,Low-Productivity,Lagoon,Chicken Layer,Latin America And The Caribbean,0,N/A,N/A,
18456,Low-Productivity,Liquid/Slurry,Chicken Layer,Latin America And The Caribbean,58,N/A,N/A,
18457,Low-Productivity,Solid Storage,Chicken Layer,Latin America And The Caribbean,42,N/A,N/A,
18458,Low-Productivity,Dry Lot,Chicken Layer,Latin America And The Caribbean,0,N/A,N/A,
18459,Low-Productivity,Pasture/Range/Paddock,Chicken Layer,Latin America And The Caribbean,0,N/A,N/A,
18460,Low-Productivity,Daily Spread,Chicken Layer,Latin America And The Caribbean,0,N/A,N/A,
18461,Low-Productivity,Digester,Chicken Layer,Latin America And The Caribbean,0,N/A,N/A,
18462,Low-Productivity,Burned For Fuel,Chicken Layer,Latin America And The Caribbean,0,N/A,N/A,
18463,Low-Productivity,Pit<1Month,Chicken Layer,Latin America And The Caribbean,0,N/A,N/A,
18465,Low-Productivity,Poultry Manure,Chicken Layer,Latin America And The Caribbean,0,N/A,N/A,
18466,Low-Productivity,Deep Bedding,Chicken Layer,Latin America And The Caribbean,0,N/A,N/A,
18467,Low-Productivity,Composting,Chicken Layer,Latin America And The Caribbean,0,N/A,N/A,
18468,Low-Productivity,Aerobic Treatment,Chicken Layer,Latin America And The Caribbean,0,N/A,N/A,
18469,Low-Productivity,Lagoon,Chicken Layer,Western Europe,0,N/A,N/A,
18470,Low-Productivity,Liquid/Slurry,Chicken Layer,Western Europe,1,N/A,N/A,
18471,Low-Productivity,Solid Storage,Chicken Layer,Western Europe,20,N/A,N/A,
18472,Low-Productivity,Dry Lot,Chicken Layer,Western Europe,21,N/A,N/A,
18473,Low-Productivity,Pasture/Range/Paddock,Chicken Layer,Western Europe,0,N/A,N/A,
18474,Low-Productivity,Daily Spread,Chicken Layer,Western Europe,1,N/A,N/A,
18475,Low-Productivity,Digester,Chicken Layer,Western Europe,0,N/A,N/A,
18476,Low-Productivity,Burned For Fuel,Chicken Layer,Western Europe,0,N/A,N/A,
18477,Low-Productivity,Pit<1Month,Chicken Layer,Western Europe,0,N/A,N/A,
18479,Low-Productivity,Poultry Manure,Chicken Layer,Western Europe,14,N/A,N/A,
18480,Low-Productivity,Deep Bedding,Chicken Layer,Western Europe,0,N/A,N/A,
18481,Low-Productivity,Composting,Chicken Layer,Western Europe,0,N/A,N/A,
18482,Low-Productivity,Aerobic Treatment,Chicken Layer,Western Europe,0,N/A,N/A,
18483,Low-Productivity,Lagoon,Chicken Layer,Eastern Europe,0,N/A,N/A,
18484,Low-Productivity,Liquid/Slurry,Chicken Layer,Eastern Europe,0,N/A,N/A,
18485,Low-Productivity,Solid Storage,Chicken Layer,Eastern Europe,0,N/A,N/A,
18486,Low-Productivity,Dry Lot,Chicken Layer,Eastern Europe,47,N/A,N/A,
18487,Low-Productivity,Pasture/Range/Paddock,Chicken Layer,Eastern Europe,0,N/A,N/A,
18488,Low-Productivity,Daily Spread,Chicken Layer,Eastern Europe,0,N/A,N/A,
18489,Low-Productivity,Digester,Chicken Layer,Eastern Europe,0,N/A,N/A,
18490,Low-Productivity,Burned For Fuel,Chicken Layer,Eastern Europe,0,N/A,N/A,
18491,Low-Productivity,Pit<1Month,Chicken Layer,Eastern Europe,0,N/A,N/A,
18493,Low-Productivity,Poultry Manure,Chicken Layer,Eastern Europe,19,N/A,N/A,
18494,Low-Productivity,Deep Bedding,Chicken Layer,Eastern Europe,0,N/A,N/A,
18495,Low-Productivity,Composting,Chicken Layer,Eastern Europe,0,N/A,N/A,
18496,Low-Productivity,Aerobic Treatment,Chicken Layer,Eastern Europe,0,N/A,N/A,
18497,Low-Productivity,Lagoon,Chicken Layer,Russian Federation,0,N/A,N/A,
18498,Low-Productivity,Liquid/Slurry,Chicken Layer,Russian Federation,0,N/A,N/A,
18499,Low-Productivity,Solid Storage,Chicken Layer,Russian Federation,0,N/A,N/A,
18500,Low-Productivity,Dry Lot,Chicken Layer,Russian Federation,0,N/A,N/A,
18501,Low-Productivity,Pasture/Range/Paddock,Chicken Layer,Russian Federation,0,N/A,N/A,
18502,Low-Productivity,Daily Spread,Chicken Layer,Russian Federation,0,N/A,N/A,
18503,Low-Productivity,Digester,Chicken Layer,Russian Federation,0,N/A,N/A,
18504,Low-Productivity,Burned For Fuel,Chicken Layer,Russian Federation,0,N/A,N/A,
18505,Low-Productivity,Pit<1Month,Chicken Layer,Russian Federation,0,N/A,N/A,
18507,Low-Productivity,Poultry Manure,Chicken Layer,Russian Federation,0,N/A,N/A,
18508,Low-Productivity,Deep Bedding,Chicken Layer,Russian Federation,0,N/A,N/A,
18509,Low-Productivity,Composting,Chicken Layer,Russian Federation,0,N/A,N/A,
18510,Low-Productivity,Aerobic Treatment,Chicken Layer,Russian Federation,0,N/A,N/A,
18511,Low-Productivity,Lagoon,Chicken Layer,Oceania,0,N/A,N/A,
18512,Low-Productivity,Liquid/Slurry,Chicken Layer,Oceania,0,N/A,N/A,
18513,Low-Productivity,Solid Storage,Chicken Layer,Oceania,0,N/A,N/A,
18514,Low-Productivity,Dry Lot,Chicken Layer,Oceania,0,N/A,N/A,
18515,Low-Productivity,Pasture/Range/Paddock,Chicken Layer,Oceania,23,N/A,N/A,
18516,Low-Productivity,Daily Spread,Chicken Layer,Oceania,0,N/A,N/A,
18517,Low-Productivity,Digester,Chicken Layer,Oceania,0,N/A,N/A,
18518,Low-Productivity,Burned For Fuel,Chicken Layer,Oceania,0,N/A,N/A,
18519,Low-Productivity,Pit<1Month,Chicken Layer,Oceania,0,N/A,N/A,
18521,Low-Productivity,Poultry Manure,Chicken Layer,Oceania,0,N/A,N/A,
18522,Low-Productivity,Deep Bedding,Chicken Layer,Oceania,0,N/A,N/A,
18523,Low-Productivity,Composting,Chicken Layer,Oceania,0,N/A,N/A,
18524,Low-Productivity,Aerobic Treatment,Chicken Layer,Oceania,0,N/A,N/A,
18525,Low-Productivity,Lagoon,Chicken Layer,NENA/Middle East,11,N/A,N/A,
18526,Low-Productivity,Liquid/Slurry,Chicken Layer,NENA/Middle East,7,N/A,N/A,
18527,Low-Productivity,Solid Storage,Chicken Layer,NENA/Middle East,11,N/A,N/A,
18528,Low-Productivity,Dry Lot,Chicken Layer,NENA/Middle East,0,N/A,N/A,
18529,Low-Productivity,Pasture/Range/Paddock,Chicken Layer,NENA/Middle East,0,N/A,N/A,
18530,Low-Productivity,Daily Spread,Chicken Layer,NENA/Middle East,0,N/A,N/A,
18531,Low-Productivity,Digester,Chicken Layer,NENA/Middle East,0,N/A,N/A,
18532,Low-Productivity,Burned For Fuel,Chicken Layer,NENA/Middle East,0,N/A,N/A,
18533,Low-Productivity,Pit<1Month,Chicken Layer,NENA/Middle East,0,N/A,N/A,
18535,Low-Productivity,Poultry Manure,Chicken Layer,NENA/Middle East,4,N/A,N/A,
18536,Low-Productivity,Deep Bedding,Chicken Layer,NENA/Middle East,0,N/A,N/A,
18537,Low-Productivity,Composting,Chicken Layer,NENA/Middle East,0,N/A,N/A,
18538,Low-Productivity,Aerobic Treatment,Chicken Layer,NENA/Middle East,0,N/A,N/A,
18539,Low-Productivity,Lagoon,Chicken Layer,South Asia,0,N/A,N/A,
18540,Low-Productivity,Liquid/Slurry,Chicken Layer,South Asia,0,N/A,N/A,
18541,Low-Productivity,Solid Storage,Chicken Layer,South Asia,100,N/A,N/A,
18542,Low-Productivity,Dry Lot,Chicken Layer,South Asia,0,N/A,N/A,
18543,Low-Productivity,Pasture/Range/Paddock,Chicken Layer,South Asia,0,N/A,N/A,
18544,Low-Productivity,Daily Spread,Chicken Layer,South Asia,0,N/A,N/A,
18545,Low-Productivity,Digester,Chicken Layer,South Asia,0,N/A,N/A,
18546,Low-Productivity,Burned For Fuel,Chicken Layer,South Asia,0,N/A,N/A,
18547,Low-Productivity,Pit<1Month,Chicken Layer,South Asia,0,N/A,N/A,
18549,Low-Productivity,Poultry Manure,Chicken Layer,South Asia,0,N/A,N/A,
18550,Low-Productivity,Deep Bedding,Chicken Layer,South Asia,0,N/A,N/A,
18551,Low-Productivity,Composting,Chicken Layer,South Asia,0,N/A,N/A,
18552,Low-Productivity,Aerobic Treatment,Chicken Layer,South Asia,0,N/A,N/A,
18553,Default,Lagoon,Chicken Layer,Sub-Saharan Africa,0,N/A,N/A,
18554,Default,Liquid/Slurry,Chicken Layer,Sub-Saharan Africa,0,N/A,N/A,
18555,Default,Solid Storage,Chicken Layer,Sub-Saharan Africa,0,N/A,N/A,
18556,Default,Dry Lot,Chicken Layer,Sub-Saharan Africa,0,N/A,N/A,
18557,Default,Pasture/Range/Paddock,Chicken Layer,Sub-Saharan Africa,0,N/A,N/A,
18558,Default,Daily Spread,Chicken Layer,Sub-Saharan Africa,0,N/A,N/A,
18559,Default,Digester,Chicken Layer,Sub-Saharan Africa,0,N/A,N/A,
18560,Default,Burned For Fuel,Chicken Layer,Sub-Saharan Africa,0,N/A,N/A,
18561,Default,Pit<1Month,Chicken Layer,Sub-Saharan Africa,0,N/A,N/A,
18563,Default,Poultry Manure,Chicken Layer,Sub-Saharan Africa,10,N/A,N/A,
18564,Default,Deep Bedding,Chicken Layer,Sub-Saharan Africa,0,N/A,N/A,
18565,Default,Composting,Chicken Layer,Sub-Saharan Africa,0,N/A,N/A,
18566,Default,Aerobic Treatment,Chicken Layer,Sub-Saharan Africa,0,N/A,N/A,
18567,Default,Lagoon,Chicken Layer,East Asia And South-East Asia,0,N/A,N/A,
18568,Default,Liquid/Slurry,Chicken Layer,East Asia And South-East Asia,4,N/A,N/A,
18569,Default,Solid Storage,Chicken Layer,East Asia And South-East Asia,0,N/A,N/A,
18570,Default,Dry Lot,Chicken Layer,East Asia And South-East Asia,0,N/A,N/A,
18571,Default,Pasture/Range/Paddock,Chicken Layer,East Asia And South-East Asia,1,N/A,N/A,
18572,Default,Daily Spread,Chicken Layer,East Asia And South-East Asia,1,N/A,N/A,
18573,Default,Digester,Chicken Layer,East Asia And South-East Asia,0,N/A,N/A,
18574,Default,Burned For Fuel,Chicken Layer,East Asia And South-East Asia,0,N/A,N/A,
18575,Default,Pit<1Month,Chicken Layer,East Asia And South-East Asia,0,N/A,N/A,
18577,Default,Poultry Manure,Chicken Layer,East Asia And South-East Asia,0,N/A,N/A,
18578,Default,Deep Bedding,Chicken Layer,East Asia And South-East Asia,0,N/A,N/A,
18579,Default,Composting,Chicken Layer,East Asia And South-East Asia,0,N/A,N/A,
18580,Default,Aerobic Treatment,Chicken Layer,East Asia And South-East Asia,0,N/A,N/A,
18581,Default,Lagoon,Chicken Layer,North America,1,N/A,N/A,
18582,Default,Liquid/Slurry,Chicken Layer,North America,29,N/A,N/A,
18583,Default,Solid Storage,Chicken Layer,North America,70,N/A,N/A,
18584,Default,Dry Lot,Chicken Layer,North America,0,N/A,N/A,
18585,Default,Pasture/Range/Paddock,Chicken Layer,North America,0,N/A,N/A,
18586,Default,Daily Spread,Chicken Layer,North America,0,N/A,N/A,
18587,Default,Digester,Chicken Layer,North America,0,N/A,N/A,
18588,Default,Burned For Fuel,Chicken Layer,North America,0,N/A,N/A,
18589,Default,Pit<1Month,Chicken Layer,North America,0,N/A,N/A,
18591,Default,Poultry Manure,Chicken Layer,North America,0,N/A,N/A,
18592,Default,Deep Bedding,Chicken Layer,North America,0,N/A,N/A,
18593,Default,Composting,Chicken Layer,North America,0,N/A,N/A,
18594,Default,Aerobic Treatment,Chicken Layer,North America,0,N/A,N/A,
18595,Default,Lagoon,Chicken Layer,Latin America And The Caribbean,0,N/A,N/A,
18596,Default,Liquid/Slurry,Chicken Layer,Latin America And The Caribbean,58,N/A,N/A,
18597,Default,Solid Storage,Chicken Layer,Latin America And The Caribbean,42,N/A,N/A,
18598,Default,Dry Lot,Chicken Layer,Latin America And The Caribbean,0,N/A,N/A,
18599,Default,Pasture/Range/Paddock,Chicken Layer,Latin America And The Caribbean,0,N/A,N/A,
18600,Default,Daily Spread,Chicken Layer,Latin America And The Caribbean,0,N/A,N/A,
18601,Default,Digester,Chicken Layer,Latin America And The Caribbean,0,N/A,N/A,
18602,Default,Burned For Fuel,Chicken Layer,Latin America And The Caribbean,0,N/A,N/A,
18603,Default,Pit<1Month,Chicken Layer,Latin America And The Caribbean,0,N/A,N/A,
18605,Default,Poultry Manure,Chicken Layer,Latin America And The Caribbean,0,N/A,N/A,
18606,Default,Deep Bedding,Chicken Layer,Latin America And The Caribbean,0,N/A,N/A,
18607,Default,Composting,Chicken Layer,Latin America And The Caribbean,0,N/A,N/A,
18608,Default,Aerobic Treatment,Chicken Layer,Latin America And The Caribbean,0,N/A,N/A,
18609,Default,Lagoon,Chicken Layer,Western Europe,0,N/A,N/A,
18610,Default,Liquid/Slurry,Chicken Layer,Western Europe,1,N/A,N/A,
18611,Default,Solid Storage,Chicken Layer,Western Europe,20,N/A,N/A,
18612,Default,Dry Lot,Chicken Layer,Western Europe,21,N/A,N/A,
18613,Default,Pasture/Range/Paddock,Chicken Layer,Western Europe,0,N/A,N/A,
18614,Default,Daily Spread,Chicken Layer,Western Europe,1,N/A,N/A,
18615,Default,Digester,Chicken Layer,Western Europe,0,N/A,N/A,
18616,Default,Burned For Fuel,Chicken Layer,Western Europe,0,N/A,N/A,
18617,Default,Pit<1Month,Chicken Layer,Western Europe,0,N/A,N/A,
18619,Default,Poultry Manure,Chicken Layer,Western Europe,14,N/A,N/A,
18620,Default,Deep Bedding,Chicken Layer,Western Europe,0,N/A,N/A,
18621,Default,Composting,Chicken Layer,Western Europe,0,N/A,N/A,
18622,Default,Aerobic Treatment,Chicken Layer,Western Europe,0,N/A,N/A,
18623,Default,Lagoon,Chicken Layer,Eastern Europe,0,N/A,N/A,
18624,Default,Liquid/Slurry,Chicken Layer,Eastern Europe,0,N/A,N/A,
18625,Default,Solid Storage,Chicken Layer,Eastern Europe,0,N/A,N/A,
18626,Default,Dry Lot,Chicken Layer,Eastern Europe,47,N/A,N/A,
18627,Default,Pasture/Range/Paddock,Chicken Layer,Eastern Europe,0,N/A,N/A,
18628,Default,Daily Spread,Chicken Layer,Eastern Europe,0,N/A,N/A,
18629,Default,Digester,Chicken Layer,Eastern Europe,0,N/A,N/A,
18630,Default,Burned For Fuel,Chicken Layer,Eastern Europe,0,N/A,N/A,
18631,Default,Pit<1Month,Chicken Layer,Eastern Europe,0,N/A,N/A,
18633,Default,Poultry Manure,Chicken Layer,Eastern Europe,19,N/A,N/A,
18634,Default,Deep Bedding,Chicken Layer,Eastern Europe,0,N/A,N/A,
18635,Default,Composting,Chicken Layer,Eastern Europe,0,N/A,N/A,
18636,Default,Aerobic Treatment,Chicken Layer,Eastern Europe,0,N/A,N/A,
18637,Default,Lagoon,Chicken Layer,Russian Federation,0,N/A,N/A,
18638,Default,Liquid/Slurry,Chicken Layer,Russian Federation,0,N/A,N/A,
18639,Default,Solid Storage,Chicken Layer,Russian Federation,0,N/A,N/A,
18640,Default,Dry Lot,Chicken Layer,Russian Federation,0,N/A,N/A,
18641,Default,Pasture/Range/Paddock,Chicken Layer,Russian Federation,0,N/A,N/A,
18642,Default,Daily Spread,Chicken Layer,Russian Federation,0,N/A,N/A,
18643,Default,Digester,Chicken Layer,Russian Federation,0,N/A,N/A,
18644,Default,Burned For Fuel,Chicken Layer,Russian Federation,0,N/A,N/A,
18645,Default,Pit<1Month,Chicken Layer,Russian Federation,0,N/A,N/A,
18647,Default,Poultry Manure,Chicken Layer,Russian Federation,0,N/A,N/A,
18648,Default,Deep Bedding,Chicken Layer,Russian Federation,0,N/A,N/A,
18649,Default,Composting,Chicken Layer,Russian Federation,0,N/A,N/A,
18650,Default,Aerobic Treatment,Chicken Layer,Russian Federation,0,N/A,N/A,
18651,Default,Lagoon,Chicken Layer,Oceania,0,N/A,N/A,
18652,Default,Liquid/Slurry,Chicken Layer,Oceania,0,N/A,N/A,
18653,Default,Solid Storage,Chicken Layer,Oceania,0,N/A,N/A,
18654,Default,Dry Lot,Chicken Layer,Oceania,0,N/A,N/A,
18655,Default,Pasture/Range/Paddock,Chicken Layer,Oceania,23,N/A,N/A,
18656,Default,Daily Spread,Chicken Layer,Oceania,0,N/A,N/A,
18657,Default,Digester,Chicken Layer,Oceania,0,N/A,N/A,
18658,Default,Burned For Fuel,Chicken Layer,Oceania,0,N/A,N/A,
18659,Default,Pit<1Month,Chicken Layer,Oceania,0,N/A,N/A,
18661,Default,Poultry Manure,Chicken Layer,Oceania,0,N/A,N/A,
18662,Default,Deep Bedding,Chicken Layer,Oceania,0,N/A,N/A,
18663,Default,Composting,Chicken Layer,Oceania,0,N/A,N/A,
18664,Default,Aerobic Treatment,Chicken Layer,Oceania,0,N/A,N/A,
18665,Default,Lagoon,Chicken Layer,NENA/Middle East,11,N/A,N/A,
18666,Default,Liquid/Slurry,Chicken Layer,NENA/Middle East,7,N/A,N/A,
18667,Default,Solid Storage,Chicken Layer,NENA/Middle East,11,N/A,N/A,
18668,Default,Dry Lot,Chicken Layer,NENA/Middle East,0,N/A,N/A,
18669,Default,Pasture/Range/Paddock,Chicken Layer,NENA/Middle East,0,N/A,N/A,
18670,Default,Daily Spread,Chicken Layer,NENA/Middle East,0,N/A,N/A,
18671,Default,Digester,Chicken Layer,NENA/Middle East,0,N/A,N/A,
18672,Default,Burned For Fuel,Chicken Layer,NENA/Middle East,0,N/A,N/A,
18673,Default,Pit<1Month,Chicken Layer,NENA/Middle East,0,N/A,N/A,
18675,Default,Poultry Manure,Chicken Layer,NENA/Middle East,4,N/A,N/A,
18676,Default,Deep Bedding,Chicken Layer,NENA/Middle East,0,N/A,N/A,
18677,Default,Composting,Chicken Layer,NENA/Middle East,0,N/A,N/A,
18678,Default,Aerobic Treatment,Chicken Layer,NENA/Middle East,0,N/A,N/A,
18679,Default,Lagoon,Chicken Layer,South Asia,0,N/A,N/A,
18680,Default,Liquid/Slurry,Chicken Layer,South Asia,0,N/A,N/A,
18681,Default,Solid Storage,Chicken Layer,South Asia,100,N/A,N/A,
18682,Default,Dry Lot,Chicken Layer,South Asia,0,N/A,N/A,
18683,Default,Pasture/Range/Paddock,Chicken Layer,South Asia,0,N/A,N/A,
18684,Default,Daily Spread,Chicken Layer,South Asia,0,N/A,N/A,
18685,Default,Digester,Chicken Layer,South Asia,0,N/A,N/A,
18686,Default,Burned For Fuel,Chicken Layer,South Asia,0,N/A,N/A,
18687,Default,Pit<1Month,Chicken Layer,South Asia,0,N/A,N/A,
18689,Default,Poultry Manure,Chicken Layer,South Asia,0,N/A,N/A,
18690,Default,Deep Bedding,Chicken Layer,South Asia,0,N/A,N/A,
18691,Default,Composting,Chicken Layer,South Asia,0,N/A,N/A,
18692,Default,Aerobic Treatment,Chicken Layer,South Asia,0,N/A,N/A,
18693,High-Productivity,Lagoon,Chicken Broiler,Sub-Saharan Africa,0,N/A,N/A,
18694,High-Productivity,Liquid/Slurry,Chicken Broiler,Sub-Saharan Africa,0,N/A,N/A,
18695,High-Productivity,Solid Storage,Chicken Broiler,Sub-Saharan Africa,0,N/A,N/A,
18696,High-Productivity,Dry Lot,Chicken Broiler,Sub-Saharan Africa,0,N/A,N/A,
18697,High-Productivity,Pasture/Range/Paddock,Chicken Broiler,Sub-Saharan Africa,0,N/A,N/A,
18698,High-Productivity,Daily Spread,Chicken Broiler,Sub-Saharan Africa,0,N/A,N/A,
18699,High-Productivity,Digester,Chicken Broiler,Sub-Saharan Africa,0,N/A,N/A,
18700,High-Productivity,Burned For Fuel,Chicken Broiler,Sub-Saharan Africa,0,N/A,N/A,
18701,High-Productivity,Pit<1Month,Chicken Broiler,Sub-Saharan Africa,0,N/A,N/A,
18703,High-Productivity,Poultry Manure,Chicken Broiler,Sub-Saharan Africa,100,N/A,N/A,
18704,High-Productivity,Deep Bedding,Chicken Broiler,Sub-Saharan Africa,0,N/A,N/A,
18705,High-Productivity,Composting,Chicken Broiler,Sub-Saharan Africa,0,N/A,N/A,
18706,High-Productivity,Aerobic Treatment,Chicken Broiler,Sub-Saharan Africa,0,N/A,N/A,
18707,High-Productivity,Lagoon,Chicken Broiler,East Asia And South-East Asia,0,N/A,N/A,
18708,High-Productivity,Liquid/Slurry,Chicken Broiler,East Asia And South-East Asia,0,N/A,N/A,
18709,High-Productivity,Solid Storage,Chicken Broiler,East Asia And South-East Asia,0,N/A,N/A,
18710,High-Productivity,Dry Lot,Chicken Broiler,East Asia And South-East Asia,0,N/A,N/A,
18711,High-Productivity,Pasture/Range/Paddock,Chicken Broiler,East Asia And South-East Asia,0,N/A,N/A,
18712,High-Productivity,Daily Spread,Chicken Broiler,East Asia And South-East Asia,0,N/A,N/A,
18713,High-Productivity,Digester,Chicken Broiler,East Asia And South-East Asia,0,N/A,N/A,
18714,High-Productivity,Burned For Fuel,Chicken Broiler,East Asia And South-East Asia,0,N/A,N/A,
18715,High-Productivity,Pit<1Month,Chicken Broiler,East Asia And South-East Asia,0,N/A,N/A,
18717,High-Productivity,Poultry Manure,Chicken Broiler,East Asia And South-East Asia,100,N/A,N/A,
18718,High-Productivity,Deep Bedding,Chicken Broiler,East Asia And South-East Asia,0,N/A,N/A,
18719,High-Productivity,Composting,Chicken Broiler,East Asia And South-East Asia,0,N/A,N/A,
18720,High-Productivity,Aerobic Treatment,Chicken Broiler,East Asia And South-East Asia,0,N/A,N/A,
18721,High-Productivity,Lagoon,Chicken Broiler,North America,0,N/A,N/A,
18722,High-Productivity,Liquid/Slurry,Chicken Broiler,North America,0,N/A,N/A,
18723,High-Productivity,Solid Storage,Chicken Broiler,North America,0,N/A,N/A,
18724,High-Productivity,Dry Lot,Chicken Broiler,North America,0,N/A,N/A,
18725,High-Productivity,Pasture/Range/Paddock,Chicken Broiler,North America,0,N/A,N/A,
18726,High-Productivity,Daily Spread,Chicken Broiler,North America,0,N/A,N/A,
18727,High-Productivity,Digester,Chicken Broiler,North America,0,N/A,N/A,
18728,High-Productivity,Burned For Fuel,Chicken Broiler,North America,0,N/A,N/A,
18729,High-Productivity,Pit<1Month,Chicken Broiler,North America,0,N/A,N/A,
18731,High-Productivity,Poultry Manure,Chicken Broiler,North America,100,N/A,N/A,
18732,High-Productivity,Deep Bedding,Chicken Broiler,North America,0,N/A,N/A,
18733,High-Productivity,Composting,Chicken Broiler,North America,0,N/A,N/A,
18734,High-Productivity,Aerobic Treatment,Chicken Broiler,North America,0,N/A,N/A,
18735,High-Productivity,Lagoon,Chicken Broiler,Latin America And The Caribbean,0,N/A,N/A,
18736,High-Productivity,Liquid/Slurry,Chicken Broiler,Latin America And The Caribbean,0,N/A,N/A,
18737,High-Productivity,Solid Storage,Chicken Broiler,Latin America And The Caribbean,0,N/A,N/A,
18738,High-Productivity,Dry Lot,Chicken Broiler,Latin America And The Caribbean,0,N/A,N/A,
18739,High-Productivity,Pasture/Range/Paddock,Chicken Broiler,Latin America And The Caribbean,0,N/A,N/A,
18740,High-Productivity,Daily Spread,Chicken Broiler,Latin America And The Caribbean,0,N/A,N/A,
18741,High-Productivity,Digester,Chicken Broiler,Latin America And The Caribbean,0,N/A,N/A,
18742,High-Productivity,Burned For Fuel,Chicken Broiler,Latin America And The Caribbean,0,N/A,N/A,
18743,High-Productivity,Pit<1Month,Chicken Broiler,Latin America And The Caribbean,0,N/A,N/A,
18745,High-Productivity,Poultry Manure,Chicken Broiler,Latin America And The Caribbean,100,N/A,N/A,
18746,High-Productivity,Deep Bedding,Chicken Broiler,Latin America And The Caribbean,0,N/A,N/A,
18747,High-Productivity,Composting,Chicken Broiler,Latin America And The Caribbean,0,N/A,N/A,
18748,High-Productivity,Aerobic Treatment,Chicken Broiler,Latin America And The Caribbean,0,N/A,N/A,
18749,High-Productivity,Lagoon,Chicken Broiler,Western Europe,0,N/A,N/A,
18750,High-Productivity,Liquid/Slurry,Chicken Broiler,Western Europe,0,N/A,N/A,
18751,High-Productivity,Solid Storage,Chicken Broiler,Western Europe,0,N/A,N/A,
18752,High-Productivity,Dry Lot,Chicken Broiler,Western Europe,0,N/A,N/A,
18753,High-Productivity,Pasture/Range/Paddock,Chicken Broiler,Western Europe,0,N/A,N/A,
18754,High-Productivity,Daily Spread,Chicken Broiler,Western Europe,0,N/A,N/A,
18755,High-Productivity,Digester,Chicken Broiler,Western Europe,0,N/A,N/A,
18756,High-Productivity,Burned For Fuel,Chicken Broiler,Western Europe,0,N/A,N/A,
18757,High-Productivity,Pit<1Month,Chicken Broiler,Western Europe,0,N/A,N/A,
18759,High-Productivity,Poultry Manure,Chicken Broiler,Western Europe,100,N/A,N/A,
18760,High-Productivity,Deep Bedding,Chicken Broiler,Western Europe,0,N/A,N/A,
18761,High-Productivity,Composting,Chicken Broiler,Western Europe,0,N/A,N/A,
18762,High-Productivity,Aerobic Treatment,Chicken Broiler,Western Europe,0,N/A,N/A,
18763,High-Productivity,Lagoon,Chicken Broiler,Eastern Europe,0,N/A,N/A,
18764,High-Productivity,Liquid/Slurry,Chicken Broiler,Eastern Europe,0,N/A,N/A,
18765,High-Productivity,Solid Storage,Chicken Broiler,Eastern Europe,0,N/A,N/A,
18766,High-Productivity,Dry Lot,Chicken Broiler,Eastern Europe,0,N/A,N/A,
18767,High-Productivity,Pasture/Range/Paddock,Chicken Broiler,Eastern Europe,0,N/A,N/A,
18768,High-Productivity,Daily Spread,Chicken Broiler,Eastern Europe,0,N/A,N/A,
18769,High-Productivity,Digester,Chicken Broiler,Eastern Europe,0,N/A,N/A,
18770,High-Productivity,Burned For Fuel,Chicken Broiler,Eastern Europe,0,N/A,N/A,
18771,High-Productivity,Pit<1Month,Chicken Broiler,Eastern Europe,0,N/A,N/A,
18773,High-Productivity,Poultry Manure,Chicken Broiler,Eastern Europe,100,N/A,N/A,
18774,High-Productivity,Deep Bedding,Chicken Broiler,Eastern Europe,0,N/A,N/A,
18775,High-Productivity,Composting,Chicken Broiler,Eastern Europe,0,N/A,N/A,
18776,High-Productivity,Aerobic Treatment,Chicken Broiler,Eastern Europe,0,N/A,N/A,
18777,High-Productivity,Lagoon,Chicken Broiler,Russian Federation,0,N/A,N/A,
18778,High-Productivity,Liquid/Slurry,Chicken Broiler,Russian Federation,0,N/A,N/A,
18779,High-Productivity,Solid Storage,Chicken Broiler,Russian Federation,0,N/A,N/A,
18780,High-Productivity,Dry Lot,Chicken Broiler,Russian Federation,0,N/A,N/A,
18781,High-Productivity,Pasture/Range/Paddock,Chicken Broiler,Russian Federation,0,N/A,N/A,
18782,High-Productivity,Daily Spread,Chicken Broiler,Russian Federation,0,N/A,N/A,
18783,High-Productivity,Digester,Chicken Broiler,Russian Federation,0,N/A,N/A,
18784,High-Productivity,Burned For Fuel,Chicken Broiler,Russian Federation,0,N/A,N/A,
18785,High-Productivity,Pit<1Month,Chicken Broiler,Russian Federation,0,N/A,N/A,
18787,High-Productivity,Poultry Manure,Chicken Broiler,Russian Federation,100,N/A,N/A,
18788,High-Productivity,Deep Bedding,Chicken Broiler,Russian Federation,0,N/A,N/A,
18789,High-Productivity,Composting,Chicken Broiler,Russian Federation,0,N/A,N/A,
18790,High-Productivity,Aerobic Treatment,Chicken Broiler,Russian Federation,0,N/A,N/A,
18791,High-Productivity,Lagoon,Chicken Broiler,Oceania,0,N/A,N/A,
18792,High-Productivity,Liquid/Slurry,Chicken Broiler,Oceania,0,N/A,N/A,
18793,High-Productivity,Solid Storage,Chicken Broiler,Oceania,0,N/A,N/A,
18794,High-Productivity,Dry Lot,Chicken Broiler,Oceania,0,N/A,N/A,
18795,High-Productivity,Pasture/Range/Paddock,Chicken Broiler,Oceania,0,N/A,N/A,
18796,High-Productivity,Daily Spread,Chicken Broiler,Oceania,0,N/A,N/A,
18797,High-Productivity,Digester,Chicken Broiler,Oceania,0,N/A,N/A,
18798,High-Productivity,Burned For Fuel,Chicken Broiler,Oceania,0,N/A,N/A,
18799,High-Productivity,Pit<1Month,Chicken Broiler,Oceania,0,N/A,N/A,
18801,High-Productivity,Poultry Manure,Chicken Broiler,Oceania,100,N/A,N/A,
18802,High-Productivity,Deep Bedding,Chicken Broiler,Oceania,0,N/A,N/A,
18803,High-Productivity,Composting,Chicken Broiler,Oceania,0,N/A,N/A,
18804,High-Productivity,Aerobic Treatment,Chicken Broiler,Oceania,0,N/A,N/A,
18805,High-Productivity,Lagoon,Chicken Broiler,NENA/Middle East,0,N/A,N/A,
18806,High-Productivity,Liquid/Slurry,Chicken Broiler,NENA/Middle East,0,N/A,N/A,
18807,High-Productivity,Solid Storage,Chicken Broiler,NENA/Middle East,0,N/A,N/A,
18808,High-Productivity,Dry Lot,Chicken Broiler,NENA/Middle East,0,N/A,N/A,
18809,High-Productivity,Pasture/Range/Paddock,Chicken Broiler,NENA/Middle East,0,N/A,N/A,
18810,High-Productivity,Daily Spread,Chicken Broiler,NENA/Middle East,0,N/A,N/A,
18811,High-Productivity,Digester,Chicken Broiler,NENA/Middle East,0,N/A,N/A,
18812,High-Productivity,Burned For Fuel,Chicken Broiler,NENA/Middle East,0,N/A,N/A,
18813,High-Productivity,Pit<1Month,Chicken Broiler,NENA/Middle East,0,N/A,N/A,
18815,High-Productivity,Poultry Manure,Chicken Broiler,NENA/Middle East,100,N/A,N/A,
18816,High-Productivity,Deep Bedding,Chicken Broiler,NENA/Middle East,0,N/A,N/A,
18817,High-Productivity,Composting,Chicken Broiler,NENA/Middle East,0,N/A,N/A,
18818,High-Productivity,Aerobic Treatment,Chicken Broiler,NENA/Middle East,0,N/A,N/A,
18819,High-Productivity,Lagoon,Chicken Broiler,South Asia,0,N/A,N/A,
18820,High-Productivity,Liquid/Slurry,Chicken Broiler,South Asia,0,N/A,N/A,
18821,High-Productivity,Solid Storage,Chicken Broiler,South Asia,0,N/A,N/A,
18822,High-Productivity,Dry Lot,Chicken Broiler,South Asia,0,N/A,N/A,
18823,High-Productivity,Pasture/Range/Paddock,Chicken Broiler,South Asia,0,N/A,N/A,
18824,High-Productivity,Daily Spread,Chicken Broiler,South Asia,0,N/A,N/A,
18825,High-Productivity,Digester,Chicken Broiler,South Asia,0,N/A,N/A,
18826,High-Productivity,Burned For Fuel,Chicken Broiler,South Asia,0,N/A,N/A,
18827,High-Productivity,Pit<1Month,Chicken Broiler,South Asia,0,N/A,N/A,
18829,High-Productivity,Poultry Manure,Chicken Broiler,South Asia,100,N/A,N/A,
18830,High-Productivity,Deep Bedding,Chicken Broiler,South Asia,0,N/A,N/A,
18831,High-Productivity,Composting,Chicken Broiler,South Asia,0,N/A,N/A,
18832,High-Productivity,Aerobic Treatment,Chicken Broiler,South Asia,0,N/A,N/A,
18833,Low-Productivity,Lagoon,Chicken Broiler,Sub-Saharan Africa,0,N/A,N/A,
18834,Low-Productivity,Liquid/Slurry,Chicken Broiler,Sub-Saharan Africa,0,N/A,N/A,
18835,Low-Productivity,Solid Storage,Chicken Broiler,Sub-Saharan Africa,0,N/A,N/A,
18836,Low-Productivity,Dry Lot,Chicken Broiler,Sub-Saharan Africa,0,N/A,N/A,
18837,Low-Productivity,Pasture/Range/Paddock,Chicken Broiler,Sub-Saharan Africa,50,N/A,N/A,
18838,Low-Productivity,Daily Spread,Chicken Broiler,Sub-Saharan Africa,50,N/A,N/A,
18839,Low-Productivity,Digester,Chicken Broiler,Sub-Saharan Africa,0,N/A,N/A,
18840,Low-Productivity,Burned For Fuel,Chicken Broiler,Sub-Saharan Africa,0,N/A,N/A,
18841,Low-Productivity,Pit<1Month,Chicken Broiler,Sub-Saharan Africa,0,N/A,N/A,
18843,Low-Productivity,Poultry Manure,Chicken Broiler,Sub-Saharan Africa,0,N/A,N/A,
18844,Low-Productivity,Deep Bedding,Chicken Broiler,Sub-Saharan Africa,0,N/A,N/A,
18845,Low-Productivity,Composting,Chicken Broiler,Sub-Saharan Africa,0,N/A,N/A,
18846,Low-Productivity,Aerobic Treatment,Chicken Broiler,Sub-Saharan Africa,0,N/A,N/A,
18847,Low-Productivity,Lagoon,Chicken Broiler,East Asia And South-East Asia,0,N/A,N/A,
18848,Low-Productivity,Liquid/Slurry,Chicken Broiler,East Asia And South-East Asia,0,N/A,N/A,
18849,Low-Productivity,Solid Storage,Chicken Broiler,East Asia And South-East Asia,0,N/A,N/A,
18850,Low-Productivity,Dry Lot,Chicken Broiler,East Asia And South-East Asia,0,N/A,N/A,
18851,Low-Productivity,Pasture/Range/Paddock,Chicken Broiler,East Asia And South-East Asia,50,N/A,N/A,
18852,Low-Productivity,Daily Spread,Chicken Broiler,East Asia And South-East Asia,50,N/A,N/A,
18853,Low-Productivity,Digester,Chicken Broiler,East Asia And South-East Asia,0,N/A,N/A,
18854,Low-Productivity,Burned For Fuel,Chicken Broiler,East Asia And South-East Asia,0,N/A,N/A,
18855,Low-Productivity,Pit<1Month,Chicken Broiler,East Asia And South-East Asia,0,N/A,N/A,
18857,Low-Productivity,Poultry Manure,Chicken Broiler,East Asia And South-East Asia,0,N/A,N/A,
18858,Low-Productivity,Deep Bedding,Chicken Broiler,East Asia And South-East Asia,0,N/A,N/A,
18859,Low-Productivity,Composting,Chicken Broiler,East Asia And South-East Asia,0,N/A,N/A,
18860,Low-Productivity,Aerobic Treatment,Chicken Broiler,East Asia And South-East Asia,0,N/A,N/A,
18861,Low-Productivity,Lagoon,Chicken Broiler,North America,0,N/A,N/A,
18862,Low-Productivity,Liquid/Slurry,Chicken Broiler,North America,0,N/A,N/A,
18863,Low-Productivity,Solid Storage,Chicken Broiler,North America,0,N/A,N/A,
18864,Low-Productivity,Dry Lot,Chicken Broiler,North America,0,N/A,N/A,
18865,Low-Productivity,Pasture/Range/Paddock,Chicken Broiler,North America,50,N/A,N/A,
18866,Low-Productivity,Daily Spread,Chicken Broiler,North America,50,N/A,N/A,
18867,Low-Productivity,Digester,Chicken Broiler,North America,0,N/A,N/A,
18868,Low-Productivity,Burned For Fuel,Chicken Broiler,North America,0,N/A,N/A,
18869,Low-Productivity,Pit<1Month,Chicken Broiler,North America,0,N/A,N/A,
18871,Low-Productivity,Poultry Manure,Chicken Broiler,North America,0,N/A,N/A,
18872,Low-Productivity,Deep Bedding,Chicken Broiler,North America,0,N/A,N/A,
18873,Low-Productivity,Composting,Chicken Broiler,North America,0,N/A,N/A,
18874,Low-Productivity,Aerobic Treatment,Chicken Broiler,North America,0,N/A,N/A,
18875,Low-Productivity,Lagoon,Chicken Broiler,Latin America And The Caribbean,0,N/A,N/A,
18876,Low-Productivity,Liquid/Slurry,Chicken Broiler,Latin America And The Caribbean,0,N/A,N/A,
18877,Low-Productivity,Solid Storage,Chicken Broiler,Latin America And The Caribbean,0,N/A,N/A,
18878,Low-Productivity,Dry Lot,Chicken Broiler,Latin America And The Caribbean,0,N/A,N/A,
18879,Low-Productivity,Pasture/Range/Paddock,Chicken Broiler,Latin America And The Caribbean,50,N/A,N/A,
18880,Low-Productivity,Daily Spread,Chicken Broiler,Latin America And The Caribbean,50,N/A,N/A,
18881,Low-Productivity,Digester,Chicken Broiler,Latin America And The Caribbean,0,N/A,N/A,
18882,Low-Productivity,Burned For Fuel,Chicken Broiler,Latin America And The Caribbean,0,N/A,N/A,
18883,Low-Productivity,Pit<1Month,Chicken Broiler,Latin America And The Caribbean,0,N/A,N/A,
18885,Low-Productivity,Poultry Manure,Chicken Broiler,Latin America And The Caribbean,0,N/A,N/A,
18886,Low-Productivity,Deep Bedding,Chicken Broiler,Latin America And The Caribbean,0,N/A,N/A,
18887,Low-Productivity,Composting,Chicken Broiler,Latin America And The Caribbean,0,N/A,N/A,
18888,Low-Productivity,Aerobic Treatment,Chicken Broiler,Latin America And The Caribbean,0,N/A,N/A,
18889,Low-Productivity,Lagoon,Chicken Broiler,Western Europe,0,N/A,N/A,
18890,Low-Productivity,Liquid/Slurry,Chicken Broiler,Western Europe,0,N/A,N/A,
18891,Low-Productivity,Solid Storage,Chicken Broiler,Western Europe,0,N/A,N/A,
18892,Low-Productivity,Dry Lot,Chicken Broiler,Western Europe,0,N/A,N/A,
18893,Low-Productivity,Pasture/Range/Paddock,Chicken Broiler,Western Europe,50,N/A,N/A,
18894,Low-Productivity,Daily Spread,Chicken Broiler,Western Europe,50,N/A,N/A,
18895,Low-Productivity,Digester,Chicken Broiler,Western Europe,0,N/A,N/A,
18896,Low-Productivity,Burned For Fuel,Chicken Broiler,Western Europe,0,N/A,N/A,
18897,Low-Productivity,Pit<1Month,Chicken Broiler,Western Europe,0,N/A,N/A,
18899,Low-Productivity,Poultry Manure,Chicken Broiler,Western Europe,0,N/A,N/A,
18900,Low-Productivity,Deep Bedding,Chicken Broiler,Western Europe,0,N/A,N/A,
18901,Low-Productivity,Composting,Chicken Broiler,Western Europe,0,N/A,N/A,
18902,Low-Productivity,Aerobic Treatment,Chicken Broiler,Western Europe,0,N/A,N/A,
18903,Low-Productivity,Lagoon,Chicken Broiler,Eastern Europe,0,N/A,N/A,
18904,Low-Productivity,Liquid/Slurry,Chicken Broiler,Eastern Europe,0,N/A,N/A,
18905,Low-Productivity,Solid Storage,Chicken Broiler,Eastern Europe,0,N/A,N/A,
18906,Low-Productivity,Dry Lot,Chicken Broiler,Eastern Europe,0,N/A,N/A,
18907,Low-Productivity,Pasture/Range/Paddock,Chicken Broiler,Eastern Europe,50,N/A,N/A,
18908,Low-Productivity,Daily Spread,Chicken Broiler,Eastern Europe,50,N/A,N/A,
18909,Low-Productivity,Digester,Chicken Broiler,Eastern Europe,0,N/A,N/A,
18910,Low-Productivity,Burned For Fuel,Chicken Broiler,Eastern Europe,0,N/A,N/A,
18911,Low-Productivity,Pit<1Month,Chicken Broiler,Eastern Europe,0,N/A,N/A,
18913,Low-Productivity,Poultry Manure,Chicken Broiler,Eastern Europe,0,N/A,N/A,
18914,Low-Productivity,Deep Bedding,Chicken Broiler,Eastern Europe,0,N/A,N/A,
18915,Low-Productivity,Composting,Chicken Broiler,Eastern Europe,0,N/A,N/A,
18916,Low-Productivity,Aerobic Treatment,Chicken Broiler,Eastern Europe,0,N/A,N/A,
18917,Low-Productivity,Lagoon,Chicken Broiler,Russian Federation,0,N/A,N/A,
18918,Low-Productivity,Liquid/Slurry,Chicken Broiler,Russian Federation,0,N/A,N/A,
18919,Low-Productivity,Solid Storage,Chicken Broiler,Russian Federation,0,N/A,N/A,
18920,Low-Productivity,Dry Lot,Chicken Broiler,Russian Federation,0,N/A,N/A,
18921,Low-Productivity,Pasture/Range/Paddock,Chicken Broiler,Russian Federation,50,N/A,N/A,
18922,Low-Productivity,Daily Spread,Chicken Broiler,Russian Federation,50,N/A,N/A,
18923,Low-Productivity,Digester,Chicken Broiler,Russian Federation,0,N/A,N/A,
18924,Low-Productivity,Burned For Fuel,Chicken Broiler,Russian Federation,0,N/A,N/A,
18925,Low-Productivity,Pit<1Month,Chicken Broiler,Russian Federation,0,N/A,N/A,
18927,Low-Productivity,Poultry Manure,Chicken Broiler,Russian Federation,0,N/A,N/A,
18928,Low-Productivity,Deep Bedding,Chicken Broiler,Russian Federation,0,N/A,N/A,
18929,Low-Productivity,Composting,Chicken Broiler,Russian Federation,0,N/A,N/A,
18930,Low-Productivity,Aerobic Treatment,Chicken Broiler,Russian Federation,0,N/A,N/A,
18931,Low-Productivity,Lagoon,Chicken Broiler,Oceania,0,N/A,N/A,
18932,Low-Productivity,Liquid/Slurry,Chicken Broiler,Oceania,0,N/A,N/A,
18933,Low-Productivity,Solid Storage,Chicken Broiler,Oceania,0,N/A,N/A,
18934,Low-Productivity,Dry Lot,Chicken Broiler,Oceania,0,N/A,N/A,
18935,Low-Productivity,Pasture/Range/Paddock,Chicken Broiler,Oceania,50,N/A,N/A,
18936,Low-Productivity,Daily Spread,Chicken Broiler,Oceania,50,N/A,N/A,
18937,Low-Productivity,Digester,Chicken Broiler,Oceania,0,N/A,N/A,
18938,Low-Productivity,Burned For Fuel,Chicken Broiler,Oceania,0,N/A,N/A,
18939,Low-Productivity,Pit<1Month,Chicken Broiler,Oceania,0,N/A,N/A,
18941,Low-Productivity,Poultry Manure,Chicken Broiler,Oceania,0,N/A,N/A,
18942,Low-Productivity,Deep Bedding,Chicken Broiler,Oceania,0,N/A,N/A,
18943,Low-Productivity,Composting,Chicken Broiler,Oceania,0,N/A,N/A,
18944,Low-Productivity,Aerobic Treatment,Chicken Broiler,Oceania,0,N/A,N/A,
18945,Low-Productivity,Lagoon,Chicken Broiler,NENA/Middle East,0,N/A,N/A,
18946,Low-Productivity,Liquid/Slurry,Chicken Broiler,NENA/Middle East,0,N/A,N/A,
18947,Low-Productivity,Solid Storage,Chicken Broiler,NENA/Middle East,0,N/A,N/A,
18948,Low-Productivity,Dry Lot,Chicken Broiler,NENA/Middle East,0,N/A,N/A,
18949,Low-Productivity,Pasture/Range/Paddock,Chicken Broiler,NENA/Middle East,50,N/A,N/A,
18950,Low-Productivity,Daily Spread,Chicken Broiler,NENA/Middle East,50,N/A,N/A,
18951,Low-Productivity,Digester,Chicken Broiler,NENA/Middle East,0,N/A,N/A,
18952,Low-Productivity,Burned For Fuel,Chicken Broiler,NENA/Middle East,0,N/A,N/A,
18953,Low-Productivity,Pit<1Month,Chicken Broiler,NENA/Middle East,0,N/A,N/A,
18955,Low-Productivity,Poultry Manure,Chicken Broiler,NENA/Middle East,0,N/A,N/A,
18956,Low-Productivity,Deep Bedding,Chicken Broiler,NENA/Middle East,0,N/A,N/A,
18957,Low-Productivity,Composting,Chicken Broiler,NENA/Middle East,0,N/A,N/A,
18958,Low-Productivity,Aerobic Treatment,Chicken Broiler,NENA/Middle East,0,N/A,N/A,
18959,Low-Productivity,Lagoon,Chicken Broiler,South Asia,0,N/A,N/A,
18960,Low-Productivity,Liquid/Slurry,Chicken Broiler,South Asia,0,N/A,N/A,
18961,Low-Productivity,Solid Storage,Chicken Broiler,South Asia,0,N/A,N/A,
18962,Low-Productivity,Dry Lot,Chicken Broiler,South Asia,0,N/A,N/A,
18963,Low-Productivity,Pasture/Range/Paddock,Chicken Broiler,South Asia,50,N/A,N/A,
18964,Low-Productivity,Daily Spread,Chicken Broiler,South Asia,50,N/A,N/A,
18965,Low-Productivity,Digester,Chicken Broiler,South Asia,0,N/A,N/A,
18966,Low-Productivity,Burned For Fuel,Chicken Broiler,South Asia,0,N/A,N/A,
18967,Low-Productivity,Pit<1Month,Chicken Broiler,South Asia,0,N/A,N/A,
18969,Low-Productivity,Poultry Manure,Chicken Broiler,South Asia,0,N/A,N/A,
18970,Low-Productivity,Deep Bedding,Chicken Broiler,South Asia,0,N/A,N/A,
18971,Low-Productivity,Composting,Chicken Broiler,South Asia,0,N/A,N/A,
18972,Low-Productivity,Aerobic Treatment,Chicken Broiler,South Asia,0,N/A,N/A,
18973,Default,Lagoon,Chicken Broiler,Sub-Saharan Africa,0,N/A,N/A,
18974,Default,Liquid/Slurry,Chicken Broiler,Sub-Saharan Africa,0,N/A,N/A,
18975,Default,Solid Storage,Chicken Broiler,Sub-Saharan Africa,0,N/A,N/A,
18976,Default,Dry Lot,Chicken Broiler,Sub-Saharan Africa,0,N/A,N/A,
18977,Default,Pasture/Range/Paddock,Chicken Broiler,Sub-Saharan Africa,50,N/A,N/A,
18978,Default,Daily Spread,Chicken Broiler,Sub-Saharan Africa,50,N/A,N/A,
18979,Default,Digester,Chicken Broiler,Sub-Saharan Africa,0,N/A,N/A,
18980,Default,Burned For Fuel,Chicken Broiler,Sub-Saharan Africa,0,N/A,N/A,
18981,Default,Pit<1Month,Chicken Broiler,Sub-Saharan Africa,0,N/A,N/A,
18983,Default,Poultry Manure,Chicken Broiler,Sub-Saharan Africa,0,N/A,N/A,
18984,Default,Deep Bedding,Chicken Broiler,Sub-Saharan Africa,0,N/A,N/A,
18985,Default,Composting,Chicken Broiler,Sub-Saharan Africa,0,N/A,N/A,
18986,Default,Aerobic Treatment,Chicken Broiler,Sub-Saharan Africa,0,N/A,N/A,
18987,Default,Lagoon,Chicken Broiler,East Asia And South-East Asia,0,N/A,N/A,
18988,Default,Liquid/Slurry,Chicken Broiler,East Asia And South-East Asia,0,N/A,N/A,
18989,Default,Solid Storage,Chicken Broiler,East Asia And South-East Asia,0,N/A,N/A,
18990,Default,Dry Lot,Chicken Broiler,East Asia And South-East Asia,0,N/A,N/A,
18991,Default,Pasture/Range/Paddock,Chicken Broiler,East Asia And South-East Asia,50,N/A,N/A,
18992,Default,Daily Spread,Chicken Broiler,East Asia And South-East Asia,50,N/A,N/A,
18993,Default,Digester,Chicken Broiler,East Asia And South-East Asia,0,N/A,N/A,
18994,Default,Burned For Fuel,Chicken Broiler,East Asia And South-East Asia,0,N/A,N/A,
18995,Default,Pit<1Month,Chicken Broiler,East Asia And South-East Asia,0,N/A,N/A,
18997,Default,Poultry Manure,Chicken Broiler,East Asia And South-East Asia,0,N/A,N/A,
18998,Default,Deep Bedding,Chicken Broiler,East Asia And South-East Asia,0,N/A,N/A,
18999,Default,Composting,Chicken Broiler,East Asia And South-East Asia,0,N/A,N/A,
19000,Default,Aerobic Treatment,Chicken Broiler,East Asia And South-East Asia,0,N/A,N/A,
19001,Default,Lagoon,Chicken Broiler,North America,0,N/A,N/A,
19002,Default,Liquid/Slurry,Chicken Broiler,North America,0,N/A,N/A,
19003,Default,Solid Storage,Chicken Broiler,North America,0,N/A,N/A,
19004,Default,Dry Lot,Chicken Broiler,North America,0,N/A,N/A,
19005,Default,Pasture/Range/Paddock,Chicken Broiler,North America,50,N/A,N/A,
19006,Default,Daily Spread,Chicken Broiler,North America,50,N/A,N/A,
19007,Default,Digester,Chicken Broiler,North America,0,N/A,N/A,
19008,Default,Burned For Fuel,Chicken Broiler,North America,0,N/A,N/A,
19009,Default,Pit<1Month,Chicken Broiler,North America,0,N/A,N/A,
19011,Default,Poultry Manure,Chicken Broiler,North America,0,N/A,N/A,
19012,Default,Deep Bedding,Chicken Broiler,North America,0,N/A,N/A,
19013,Default,Composting,Chicken Broiler,North America,0,N/A,N/A,
19014,Default,Aerobic Treatment,Chicken Broiler,North America,0,N/A,N/A,
19015,Default,Lagoon,Chicken Broiler,Latin America And The Caribbean,0,N/A,N/A,
19016,Default,Liquid/Slurry,Chicken Broiler,Latin America And The Caribbean,0,N/A,N/A,
19017,Default,Solid Storage,Chicken Broiler,Latin America And The Caribbean,0,N/A,N/A,
19018,Default,Dry Lot,Chicken Broiler,Latin America And The Caribbean,0,N/A,N/A,
19019,Default,Pasture/Range/Paddock,Chicken Broiler,Latin America And The Caribbean,50,N/A,N/A,
19020,Default,Daily Spread,Chicken Broiler,Latin America And The Caribbean,50,N/A,N/A,
19021,Default,Digester,Chicken Broiler,Latin America And The Caribbean,0,N/A,N/A,
19022,Default,Burned For Fuel,Chicken Broiler,Latin America And The Caribbean,0,N/A,N/A,
19023,Default,Pit<1Month,Chicken Broiler,Latin America And The Caribbean,0,N/A,N/A,
19025,Default,Poultry Manure,Chicken Broiler,Latin America And The Caribbean,0,N/A,N/A,
19026,Default,Deep Bedding,Chicken Broiler,Latin America And The Caribbean,0,N/A,N/A,
19027,Default,Composting,Chicken Broiler,Latin America And The Caribbean,0,N/A,N/A,
19028,Default,Aerobic Treatment,Chicken Broiler,Latin America And The Caribbean,0,N/A,N/A,
19029,Default,Lagoon,Chicken Broiler,Western Europe,0,N/A,N/A,
19030,Default,Liquid/Slurry,Chicken Broiler,Western Europe,0,N/A,N/A,
19031,Default,Solid Storage,Chicken Broiler,Western Europe,0,N/A,N/A,
19032,Default,Dry Lot,Chicken Broiler,Western Europe,0,N/A,N/A,
19033,Default,Pasture/Range/Paddock,Chicken Broiler,Western Europe,50,N/A,N/A,
19034,Default,Daily Spread,Chicken Broiler,Western Europe,50,N/A,N/A,
19035,Default,Digester,Chicken Broiler,Western Europe,0,N/A,N/A,
19036,Default,Burned For Fuel,Chicken Broiler,Western Europe,0,N/A,N/A,
19037,Default,Pit<1Month,Chicken Broiler,Western Europe,0,N/A,N/A,
19039,Default,Poultry Manure,Chicken Broiler,Western Europe,0,N/A,N/A,
19040,Default,Deep Bedding,Chicken Broiler,Western Europe,0,N/A,N/A,
19041,Default,Composting,Chicken Broiler,Western Europe,0,N/A,N/A,
19042,Default,Aerobic Treatment,Chicken Broiler,Western Europe,0,N/A,N/A,
19043,Default,Lagoon,Chicken Broiler,Eastern Europe,0,N/A,N/A,
19044,Default,Liquid/Slurry,Chicken Broiler,Eastern Europe,0,N/A,N/A,
19045,Default,Solid Storage,Chicken Broiler,Eastern Europe,0,N/A,N/A,
19046,Default,Dry Lot,Chicken Broiler,Eastern Europe,0,N/A,N/A,
19047,Default,Pasture/Range/Paddock,Chicken Broiler,Eastern Europe,50,N/A,N/A,
19048,Default,Daily Spread,Chicken Broiler,Eastern Europe,50,N/A,N/A,
19049,Default,Digester,Chicken Broiler,Eastern Europe,0,N/A,N/A,
19050,Default,Burned For Fuel,Chicken Broiler,Eastern Europe,0,N/A,N/A,
19051,Default,Pit<1Month,Chicken Broiler,Eastern Europe,0,N/A,N/A,
19053,Default,Poultry Manure,Chicken Broiler,Eastern Europe,0,N/A,N/A,
19054,Default,Deep Bedding,Chicken Broiler,Eastern Europe,0,N/A,N/A,
19055,Default,Composting,Chicken Broiler,Eastern Europe,0,N/A,N/A,
19056,Default,Aerobic Treatment,Chicken Broiler,Eastern Europe,0,N/A,N/A,
19057,Default,Lagoon,Chicken Broiler,Russian Federation,0,N/A,N/A,
19058,Default,Liquid/Slurry,Chicken Broiler,Russian Federation,0,N/A,N/A,
19059,Default,Solid Storage,Chicken Broiler,Russian Federation,0,N/A,N/A,
19060,Default,Dry Lot,Chicken Broiler,Russian Federation,0,N/A,N/A,
19061,Default,Pasture/Range/Paddock,Chicken Broiler,Russian Federation,50,N/A,N/A,
19062,Default,Daily Spread,Chicken Broiler,Russian Federation,50,N/A,N/A,
19063,Default,Digester,Chicken Broiler,Russian Federation,0,N/A,N/A,
19064,Default,Burned For Fuel,Chicken Broiler,Russian Federation,0,N/A,N/A,
19065,Default,Pit<1Month,Chicken Broiler,Russian Federation,0,N/A,N/A,
19067,Default,Poultry Manure,Chicken Broiler,Russian Federation,0,N/A,N/A,
19068,Default,Deep Bedding,Chicken Broiler,Russian Federation,0,N/A,N/A,
19069,Default,Composting,Chicken Broiler,Russian Federation,0,N/A,N/A,
19070,Default,Aerobic Treatment,Chicken Broiler,Russian Federation,0,N/A,N/A,
19071,Default,Lagoon,Chicken Broiler,Oceania,0,N/A,N/A,
19072,Default,Liquid/Slurry,Chicken Broiler,Oceania,0,N/A,N/A,
19073,Default,Solid Storage,Chicken Broiler,Oceania,0,N/A,N/A,
19074,Default,Dry Lot,Chicken Broiler,Oceania,0,N/A,N/A,
19075,Default,Pasture/Range/Paddock,Chicken Broiler,Oceania,50,N/A,N/A,
19076,Default,Daily Spread,Chicken Broiler,Oceania,50,N/A,N/A,
19077,Default,Digester,Chicken Broiler,Oceania,0,N/A,N/A,
19078,Default,Burned For Fuel,Chicken Broiler,Oceania,0,N/A,N/A,
19079,Default,Pit<1Month,Chicken Broiler,Oceania,0,N/A,N/A,
19081,Default,Poultry Manure,Chicken Broiler,Oceania,0,N/A,N/A,
19082,Default,Deep Bedding,Chicken Broiler,Oceania,0,N/A,N/A,
19083,Default,Composting,Chicken Broiler,Oceania,0,N/A,N/A,
19084,Default,Aerobic Treatment,Chicken Broiler,Oceania,0,N/A,N/A,
19085,Default,Lagoon,Chicken Broiler,NENA/Middle East,0,N/A,N/A,
19086,Default,Liquid/Slurry,Chicken Broiler,NENA/Middle East,0,N/A,N/A,
19087,Default,Solid Storage,Chicken Broiler,NENA/Middle East,0,N/A,N/A,
19088,Default,Dry Lot,Chicken Broiler,NENA/Middle East,0,N/A,N/A,
19089,Default,Pasture/Range/Paddock,Chicken Broiler,NENA/Middle East,50,N/A,N/A,
19090,Default,Daily Spread,Chicken Broiler,NENA/Middle East,50,N/A,N/A,
19091,Default,Digester,Chicken Broiler,NENA/Middle East,0,N/A,N/A,
19092,Default,Burned For Fuel,Chicken Broiler,NENA/Middle East,0,N/A,N/A,
19093,Default,Pit<1Month,Chicken Broiler,NENA/Middle East,0,N/A,N/A,
19095,Default,Poultry Manure,Chicken Broiler,NENA/Middle East,0,N/A,N/A,
19096,Default,Deep Bedding,Chicken Broiler,NENA/Middle East,0,N/A,N/A,
19097,Default,Composting,Chicken Broiler,NENA/Middle East,0,N/A,N/A,
19098,Default,Aerobic Treatment,Chicken Broiler,NENA/Middle East,0,N/A,N/A,
19099,Default,Lagoon,Chicken Broiler,South Asia,0,N/A,N/A,
19100,Default,Liquid/Slurry,Chicken Broiler,South Asia,0,N/A,N/A,
19101,Default,Solid Storage,Chicken Broiler,South Asia,0,N/A,N/A,
19102,Default,Dry Lot,Chicken Broiler,South Asia,0,N/A,N/A,
19103,Default,Pasture/Range/Paddock,Chicken Broiler,South Asia,50,N/A,N/A,
19104,Default,Daily Spread,Chicken Broiler,South Asia,50,N/A,N/A,
19105,Default,Digester,Chicken Broiler,South Asia,0,N/A,N/A,
19106,Default,Burned For Fuel,Chicken Broiler,South Asia,0,N/A,N/A,
19107,Default,Pit<1Month,Chicken Broiler,South Asia,0,N/A,N/A,
19109,Default,Poultry Manure,Chicken Broiler,South Asia,0,N/A,N/A,
19110,Default,Deep Bedding,Chicken Broiler,South Asia,0,N/A,N/A,
19111,Default,Composting,Chicken Broiler,South Asia,0,N/A,N/A,
19112,Default,Aerobic Treatment,Chicken Broiler,South Asia,0,N/A,N/A,
19113,High-Productivity,Lagoon,Dairy Sheep,Sub-Saharan Africa,0,N/A,N/A,
19114,High-Productivity,Liquid/Slurry,Dairy Sheep,Sub-Saharan Africa,0,N/A,N/A,
19115,High-Productivity,Solid Storage,Dairy Sheep,Sub-Saharan Africa,17,N/A,N/A,
19116,High-Productivity,Dry Lot,Dairy Sheep,Sub-Saharan Africa,3,N/A,N/A,
19117,High-Productivity,Pasture/Range/Paddock,Dairy Sheep,Sub-Saharan Africa,80,N/A,N/A,
19118,High-Productivity,Daily Spread,Dairy Sheep,Sub-Saharan Africa,0,N/A,N/A,
19119,High-Productivity,Digester,Dairy Sheep,Sub-Saharan Africa,0,N/A,N/A,
19120,High-Productivity,Burned For Fuel,Dairy Sheep,Sub-Saharan Africa,0,N/A,N/A,
19121,High-Productivity,Pit<1Month,Dairy Sheep,Sub-Saharan Africa,0,N/A,N/A,
19123,High-Productivity,Poultry Manure,Dairy Sheep,Sub-Saharan Africa,0,N/A,N/A,
19124,High-Productivity,Deep Bedding,Dairy Sheep,Sub-Saharan Africa,0,N/A,N/A,
19125,High-Productivity,Composting,Dairy Sheep,Sub-Saharan Africa,0,N/A,N/A,
19126,High-Productivity,Aerobic Treatment,Dairy Sheep,Sub-Saharan Africa,0,N/A,N/A,
19127,High-Productivity,Lagoon,Dairy Sheep,East Asia And South-East Asia,0,N/A,N/A,
19128,High-Productivity,Liquid/Slurry,Dairy Sheep,East Asia And South-East Asia,0,N/A,N/A,
19129,High-Productivity,Solid Storage,Dairy Sheep,East Asia And South-East Asia,17,N/A,N/A,
19130,High-Productivity,Dry Lot,Dairy Sheep,East Asia And South-East Asia,3,N/A,N/A,
19131,High-Productivity,Pasture/Range/Paddock,Dairy Sheep,East Asia And South-East Asia,80,N/A,N/A,
19132,High-Productivity,Daily Spread,Dairy Sheep,East Asia And South-East Asia,0,N/A,N/A,
19133,High-Productivity,Digester,Dairy Sheep,East Asia And South-East Asia,0,N/A,N/A,
19134,High-Productivity,Burned For Fuel,Dairy Sheep,East Asia And South-East Asia,0,N/A,N/A,
19135,High-Productivity,Pit<1Month,Dairy Sheep,East Asia And South-East Asia,0,N/A,N/A,
19137,High-Productivity,Poultry Manure,Dairy Sheep,East Asia And South-East Asia,0,N/A,N/A,
19138,High-Productivity,Deep Bedding,Dairy Sheep,East Asia And South-East Asia,0,N/A,N/A,
19139,High-Productivity,Composting,Dairy Sheep,East Asia And South-East Asia,0,N/A,N/A,
19140,High-Productivity,Aerobic Treatment,Dairy Sheep,East Asia And South-East Asia,0,N/A,N/A,
19141,High-Productivity,Lagoon,Dairy Sheep,North America,0,N/A,N/A,
19142,High-Productivity,Liquid/Slurry,Dairy Sheep,North America,0,N/A,N/A,
19143,High-Productivity,Solid Storage,Dairy Sheep,North America,0,N/A,N/A,
19144,High-Productivity,Dry Lot,Dairy Sheep,North America,0,N/A,N/A,
19145,High-Productivity,Pasture/Range/Paddock,Dairy Sheep,North America,0,N/A,N/A,
19146,High-Productivity,Daily Spread,Dairy Sheep,North America,0,N/A,N/A,
19147,High-Productivity,Digester,Dairy Sheep,North America,0,N/A,N/A,
19148,High-Productivity,Burned For Fuel,Dairy Sheep,North America,0,N/A,N/A,
19149,High-Productivity,Pit<1Month,Dairy Sheep,North America,0,N/A,N/A,
19151,High-Productivity,Poultry Manure,Dairy Sheep,North America,0,N/A,N/A,
19152,High-Productivity,Deep Bedding,Dairy Sheep,North America,0,N/A,N/A,
19153,High-Productivity,Composting,Dairy Sheep,North America,0,N/A,N/A,
19154,High-Productivity,Aerobic Treatment,Dairy Sheep,North America,0,N/A,N/A,
19155,High-Productivity,Lagoon,Dairy Sheep,Latin America And The Caribbean,0,N/A,N/A,
19156,High-Productivity,Liquid/Slurry,Dairy Sheep,Latin America And The Caribbean,0,N/A,N/A,
19157,High-Productivity,Solid Storage,Dairy Sheep,Latin America And The Caribbean,17,N/A,N/A,
19158,High-Productivity,Dry Lot,Dairy Sheep,Latin America And The Caribbean,3,N/A,N/A,
19159,High-Productivity,Pasture/Range/Paddock,Dairy Sheep,Latin America And The Caribbean,80,N/A,N/A,
19160,High-Productivity,Daily Spread,Dairy Sheep,Latin America And The Caribbean,0,N/A,N/A,
19161,High-Productivity,Digester,Dairy Sheep,Latin America And The Caribbean,0,N/A,N/A,
19162,High-Productivity,Burned For Fuel,Dairy Sheep,Latin America And The Caribbean,0,N/A,N/A,
19163,High-Productivity,Pit<1Month,Dairy Sheep,Latin America And The Caribbean,0,N/A,N/A,
19165,High-Productivity,Poultry Manure,Dairy Sheep,Latin America And The Caribbean,0,N/A,N/A,
19166,High-Productivity,Deep Bedding,Dairy Sheep,Latin America And The Caribbean,0,N/A,N/A,
19167,High-Productivity,Composting,Dairy Sheep,Latin America And The Caribbean,0,N/A,N/A,
19168,High-Productivity,Aerobic Treatment,Dairy Sheep,Latin America And The Caribbean,0,N/A,N/A,
19169,High-Productivity,Lagoon,Dairy Sheep,Western Europe,0,N/A,N/A,
19170,High-Productivity,Liquid/Slurry,Dairy Sheep,Western Europe,0,N/A,N/A,
19171,High-Productivity,Solid Storage,Dairy Sheep,Western Europe,21,N/A,N/A,
19172,High-Productivity,Dry Lot,Dairy Sheep,Western Europe,0,N/A,N/A,
19173,High-Productivity,Pasture/Range/Paddock,Dairy Sheep,Western Europe,78,N/A,N/A,
19174,High-Productivity,Daily Spread,Dairy Sheep,Western Europe,0,N/A,N/A,
19175,High-Productivity,Digester,Dairy Sheep,Western Europe,0,N/A,N/A,
19176,High-Productivity,Burned For Fuel,Dairy Sheep,Western Europe,0,N/A,N/A,
19177,High-Productivity,Pit<1Month,Dairy Sheep,Western Europe,0,N/A,N/A,
19179,High-Productivity,Poultry Manure,Dairy Sheep,Western Europe,0,N/A,N/A,
19180,High-Productivity,Deep Bedding,Dairy Sheep,Western Europe,0,N/A,N/A,
19181,High-Productivity,Composting,Dairy Sheep,Western Europe,0,N/A,N/A,
19182,High-Productivity,Aerobic Treatment,Dairy Sheep,Western Europe,0,N/A,N/A,
19183,High-Productivity,Lagoon,Dairy Sheep,Eastern Europe,0,N/A,N/A,
19184,High-Productivity,Liquid/Slurry,Dairy Sheep,Eastern Europe,0,N/A,N/A,
19185,High-Productivity,Solid Storage,Dairy Sheep,Eastern Europe,42,N/A,N/A,
19186,High-Productivity,Dry Lot,Dairy Sheep,Eastern Europe,0,N/A,N/A,
19187,High-Productivity,Pasture/Range/Paddock,Dairy Sheep,Eastern Europe,58,N/A,N/A,
19188,High-Productivity,Daily Spread,Dairy Sheep,Eastern Europe,0,N/A,N/A,
19189,High-Productivity,Digester,Dairy Sheep,Eastern Europe,0,N/A,N/A,
19190,High-Productivity,Burned For Fuel,Dairy Sheep,Eastern Europe,0,N/A,N/A,
19191,High-Productivity,Pit<1Month,Dairy Sheep,Eastern Europe,0,N/A,N/A,
19193,High-Productivity,Poultry Manure,Dairy Sheep,Eastern Europe,0,N/A,N/A,
19194,High-Productivity,Deep Bedding,Dairy Sheep,Eastern Europe,0,N/A,N/A,
19195,High-Productivity,Composting,Dairy Sheep,Eastern Europe,0,N/A,N/A,
19196,High-Productivity,Aerobic Treatment,Dairy Sheep,Eastern Europe,0,N/A,N/A,
19197,High-Productivity,Lagoon,Dairy Sheep,Russian Federation,0,N/A,N/A,
19198,High-Productivity,Liquid/Slurry,Dairy Sheep,Russian Federation,0,N/A,N/A,
19199,High-Productivity,Solid Storage,Dairy Sheep,Russian Federation,42,N/A,N/A,
19200,High-Productivity,Dry Lot,Dairy Sheep,Russian Federation,0,N/A,N/A,
19201,High-Productivity,Pasture/Range/Paddock,Dairy Sheep,Russian Federation,58,N/A,N/A,
19202,High-Productivity,Daily Spread,Dairy Sheep,Russian Federation,0,N/A,N/A,
19203,High-Productivity,Digester,Dairy Sheep,Russian Federation,0,N/A,N/A,
19204,High-Productivity,Burned For Fuel,Dairy Sheep,Russian Federation,0,N/A,N/A,
19205,High-Productivity,Pit<1Month,Dairy Sheep,Russian Federation,0,N/A,N/A,
19207,High-Productivity,Poultry Manure,Dairy Sheep,Russian Federation,0,N/A,N/A,
19208,High-Productivity,Deep Bedding,Dairy Sheep,Russian Federation,0,N/A,N/A,
19209,High-Productivity,Composting,Dairy Sheep,Russian Federation,0,N/A,N/A,
19210,High-Productivity,Aerobic Treatment,Dairy Sheep,Russian Federation,0,N/A,N/A,
19211,High-Productivity,Lagoon,Dairy Sheep,Oceania,0,N/A,N/A,
19212,High-Productivity,Liquid/Slurry,Dairy Sheep,Oceania,0,N/A,N/A,
19213,High-Productivity,Solid Storage,Dairy Sheep,Oceania,0,N/A,N/A,
19214,High-Productivity,Dry Lot,Dairy Sheep,Oceania,0,N/A,N/A,
19215,High-Productivity,Pasture/Range/Paddock,Dairy Sheep,Oceania,0,N/A,N/A,
19216,High-Productivity,Daily Spread,Dairy Sheep,Oceania,0,N/A,N/A,
19217,High-Productivity,Digester,Dairy Sheep,Oceania,0,N/A,N/A,
19218,High-Productivity,Burned For Fuel,Dairy Sheep,Oceania,0,N/A,N/A,
19219,High-Productivity,Pit<1Month,Dairy Sheep,Oceania,0,N/A,N/A,
19221,High-Productivity,Poultry Manure,Dairy Sheep,Oceania,0,N/A,N/A,
19222,High-Productivity,Deep Bedding,Dairy Sheep,Oceania,0,N/A,N/A,
19223,High-Productivity,Composting,Dairy Sheep,Oceania,0,N/A,N/A,
19224,High-Productivity,Aerobic Treatment,Dairy Sheep,Oceania,0,N/A,N/A,
19225,High-Productivity,Lagoon,Dairy Sheep,NENA/Middle East,0,N/A,N/A,
19226,High-Productivity,Liquid/Slurry,Dairy Sheep,NENA/Middle East,0,N/A,N/A,
19227,High-Productivity,Solid Storage,Dairy Sheep,NENA/Middle East,0,N/A,N/A,
19228,High-Productivity,Dry Lot,Dairy Sheep,NENA/Middle East,50,N/A,N/A,
19229,High-Productivity,Pasture/Range/Paddock,Dairy Sheep,NENA/Middle East,50,N/A,N/A,
19230,High-Productivity,Daily Spread,Dairy Sheep,NENA/Middle East,0,N/A,N/A,
19231,High-Productivity,Digester,Dairy Sheep,NENA/Middle East,0,N/A,N/A,
19232,High-Productivity,Burned For Fuel,Dairy Sheep,NENA/Middle East,0,N/A,N/A,
19233,High-Productivity,Pit<1Month,Dairy Sheep,NENA/Middle East,0,N/A,N/A,
19235,High-Productivity,Poultry Manure,Dairy Sheep,NENA/Middle East,0,N/A,N/A,
19236,High-Productivity,Deep Bedding,Dairy Sheep,NENA/Middle East,0,N/A,N/A,
19237,High-Productivity,Composting,Dairy Sheep,NENA/Middle East,0,N/A,N/A,
19238,High-Productivity,Aerobic Treatment,Dairy Sheep,NENA/Middle East,0,N/A,N/A,
19239,High-Productivity,Lagoon,Dairy Sheep,South Asia,0,N/A,N/A,
19240,High-Productivity,Liquid/Slurry,Dairy Sheep,South Asia,0,N/A,N/A,
19241,High-Productivity,Solid Storage,Dairy Sheep,South Asia,17,N/A,N/A,
19242,High-Productivity,Dry Lot,Dairy Sheep,South Asia,3,N/A,N/A,
19243,High-Productivity,Pasture/Range/Paddock,Dairy Sheep,South Asia,80,N/A,N/A,
19244,High-Productivity,Daily Spread,Dairy Sheep,South Asia,0,N/A,N/A,
19245,High-Productivity,Digester,Dairy Sheep,South Asia,0,N/A,N/A,
19246,High-Productivity,Burned For Fuel,Dairy Sheep,South Asia,0,N/A,N/A,
19247,High-Productivity,Pit<1Month,Dairy Sheep,South Asia,0,N/A,N/A,
19249,High-Productivity,Poultry Manure,Dairy Sheep,South Asia,0,N/A,N/A,
19250,High-Productivity,Deep Bedding,Dairy Sheep,South Asia,0,N/A,N/A,
19251,High-Productivity,Composting,Dairy Sheep,South Asia,0,N/A,N/A,
19252,High-Productivity,Aerobic Treatment,Dairy Sheep,South Asia,0,N/A,N/A,
19253,Low-Productivity,Lagoon,Dairy Sheep,Sub-Saharan Africa,0,N/A,N/A,
19254,Low-Productivity,Liquid/Slurry,Dairy Sheep,Sub-Saharan Africa,0,N/A,N/A,
19255,Low-Productivity,Solid Storage,Dairy Sheep,Sub-Saharan Africa,17,N/A,N/A,
19256,Low-Productivity,Dry Lot,Dairy Sheep,Sub-Saharan Africa,3,N/A,N/A,
19257,Low-Productivity,Pasture/Range/Paddock,Dairy Sheep,Sub-Saharan Africa,80,N/A,N/A,
19258,Low-Productivity,Daily Spread,Dairy Sheep,Sub-Saharan Africa,0,N/A,N/A,
19259,Low-Productivity,Digester,Dairy Sheep,Sub-Saharan Africa,0,N/A,N/A,
19260,Low-Productivity,Burned For Fuel,Dairy Sheep,Sub-Saharan Africa,0,N/A,N/A,
19261,Low-Productivity,Pit<1Month,Dairy Sheep,Sub-Saharan Africa,0,N/A,N/A,
19263,Low-Productivity,Poultry Manure,Dairy Sheep,Sub-Saharan Africa,0,N/A,N/A,
19264,Low-Productivity,Deep Bedding,Dairy Sheep,Sub-Saharan Africa,0,N/A,N/A,
19265,Low-Productivity,Composting,Dairy Sheep,Sub-Saharan Africa,0,N/A,N/A,
19266,Low-Productivity,Aerobic Treatment,Dairy Sheep,Sub-Saharan Africa,0,N/A,N/A,
19267,Low-Productivity,Lagoon,Dairy Sheep,East Asia And South-East Asia,0,N/A,N/A,
19268,Low-Productivity,Liquid/Slurry,Dairy Sheep,East Asia And South-East Asia,0,N/A,N/A,
19269,Low-Productivity,Solid Storage,Dairy Sheep,East Asia And South-East Asia,17,N/A,N/A,
19270,Low-Productivity,Dry Lot,Dairy Sheep,East Asia And South-East Asia,3,N/A,N/A,
19271,Low-Productivity,Pasture/Range/Paddock,Dairy Sheep,East Asia And South-East Asia,80,N/A,N/A,
19272,Low-Productivity,Daily Spread,Dairy Sheep,East Asia And South-East Asia,0,N/A,N/A,
19273,Low-Productivity,Digester,Dairy Sheep,East Asia And South-East Asia,0,N/A,N/A,
19274,Low-Productivity,Burned For Fuel,Dairy Sheep,East Asia And South-East Asia,0,N/A,N/A,
19275,Low-Productivity,Pit<1Month,Dairy Sheep,East Asia And South-East Asia,0,N/A,N/A,
19277,Low-Productivity,Poultry Manure,Dairy Sheep,East Asia And South-East Asia,0,N/A,N/A,
19278,Low-Productivity,Deep Bedding,Dairy Sheep,East Asia And South-East Asia,0,N/A,N/A,
19279,Low-Productivity,Composting,Dairy Sheep,East Asia And South-East Asia,0,N/A,N/A,
19280,Low-Productivity,Aerobic Treatment,Dairy Sheep,East Asia And South-East Asia,0,N/A,N/A,
19281,Low-Productivity,Lagoon,Dairy Sheep,North America,0,N/A,N/A,
19282,Low-Productivity,Liquid/Slurry,Dairy Sheep,North America,0,N/A,N/A,
19283,Low-Productivity,Solid Storage,Dairy Sheep,North America,0,N/A,N/A,
19284,Low-Productivity,Dry Lot,Dairy Sheep,North America,0,N/A,N/A,
19285,Low-Productivity,Pasture/Range/Paddock,Dairy Sheep,North America,0,N/A,N/A,
19286,Low-Productivity,Daily Spread,Dairy Sheep,North America,0,N/A,N/A,
19287,Low-Productivity,Digester,Dairy Sheep,North America,0,N/A,N/A,
19288,Low-Productivity,Burned For Fuel,Dairy Sheep,North America,0,N/A,N/A,
19289,Low-Productivity,Pit<1Month,Dairy Sheep,North America,0,N/A,N/A,
19291,Low-Productivity,Poultry Manure,Dairy Sheep,North America,0,N/A,N/A,
19292,Low-Productivity,Deep Bedding,Dairy Sheep,North America,0,N/A,N/A,
19293,Low-Productivity,Composting,Dairy Sheep,North America,0,N/A,N/A,
19294,Low-Productivity,Aerobic Treatment,Dairy Sheep,North America,0,N/A,N/A,
19295,Low-Productivity,Lagoon,Dairy Sheep,Latin America And The Caribbean,0,N/A,N/A,
19296,Low-Productivity,Liquid/Slurry,Dairy Sheep,Latin America And The Caribbean,0,N/A,N/A,
19297,Low-Productivity,Solid Storage,Dairy Sheep,Latin America And The Caribbean,17,N/A,N/A,
19298,Low-Productivity,Dry Lot,Dairy Sheep,Latin America And The Caribbean,3,N/A,N/A,
19299,Low-Productivity,Pasture/Range/Paddock,Dairy Sheep,Latin America And The Caribbean,80,N/A,N/A,
19300,Low-Productivity,Daily Spread,Dairy Sheep,Latin America And The Caribbean,0,N/A,N/A,
19301,Low-Productivity,Digester,Dairy Sheep,Latin America And The Caribbean,0,N/A,N/A,
19302,Low-Productivity,Burned For Fuel,Dairy Sheep,Latin America And The Caribbean,0,N/A,N/A,
19303,Low-Productivity,Pit<1Month,Dairy Sheep,Latin America And The Caribbean,0,N/A,N/A,
19305,Low-Productivity,Poultry Manure,Dairy Sheep,Latin America And The Caribbean,0,N/A,N/A,
19306,Low-Productivity,Deep Bedding,Dairy Sheep,Latin America And The Caribbean,0,N/A,N/A,
19307,Low-Productivity,Composting,Dairy Sheep,Latin America And The Caribbean,0,N/A,N/A,
19308,Low-Productivity,Aerobic Treatment,Dairy Sheep,Latin America And The Caribbean,0,N/A,N/A,
19309,Low-Productivity,Lagoon,Dairy Sheep,Western Europe,0,N/A,N/A,
19310,Low-Productivity,Liquid/Slurry,Dairy Sheep,Western Europe,0,N/A,N/A,
19311,Low-Productivity,Solid Storage,Dairy Sheep,Western Europe,21,N/A,N/A,
19312,Low-Productivity,Dry Lot,Dairy Sheep,Western Europe,0,N/A,N/A,
19313,Low-Productivity,Pasture/Range/Paddock,Dairy Sheep,Western Europe,78,N/A,N/A,
19314,Low-Productivity,Daily Spread,Dairy Sheep,Western Europe,0,N/A,N/A,
19315,Low-Productivity,Digester,Dairy Sheep,Western Europe,0,N/A,N/A,
19316,Low-Productivity,Burned For Fuel,Dairy Sheep,Western Europe,0,N/A,N/A,
19317,Low-Productivity,Pit<1Month,Dairy Sheep,Western Europe,0,N/A,N/A,
19319,Low-Productivity,Poultry Manure,Dairy Sheep,Western Europe,0,N/A,N/A,
19320,Low-Productivity,Deep Bedding,Dairy Sheep,Western Europe,0,N/A,N/A,
19321,Low-Productivity,Composting,Dairy Sheep,Western Europe,0,N/A,N/A,
19322,Low-Productivity,Aerobic Treatment,Dairy Sheep,Western Europe,0,N/A,N/A,
19323,Low-Productivity,Lagoon,Dairy Sheep,Eastern Europe,0,N/A,N/A,
19324,Low-Productivity,Liquid/Slurry,Dairy Sheep,Eastern Europe,0,N/A,N/A,
19325,Low-Productivity,Solid Storage,Dairy Sheep,Eastern Europe,42,N/A,N/A,
19326,Low-Productivity,Dry Lot,Dairy Sheep,Eastern Europe,0,N/A,N/A,
19327,Low-Productivity,Pasture/Range/Paddock,Dairy Sheep,Eastern Europe,58,N/A,N/A,
19328,Low-Productivity,Daily Spread,Dairy Sheep,Eastern Europe,0,N/A,N/A,
19329,Low-Productivity,Digester,Dairy Sheep,Eastern Europe,0,N/A,N/A,
19330,Low-Productivity,Burned For Fuel,Dairy Sheep,Eastern Europe,0,N/A,N/A,
19331,Low-Productivity,Pit<1Month,Dairy Sheep,Eastern Europe,0,N/A,N/A,
19333,Low-Productivity,Poultry Manure,Dairy Sheep,Eastern Europe,0,N/A,N/A,
19334,Low-Productivity,Deep Bedding,Dairy Sheep,Eastern Europe,0,N/A,N/A,
19335,Low-Productivity,Composting,Dairy Sheep,Eastern Europe,0,N/A,N/A,
19336,Low-Productivity,Aerobic Treatment,Dairy Sheep,Eastern Europe,0,N/A,N/A,
19337,Low-Productivity,Lagoon,Dairy Sheep,Russian Federation,0,N/A,N/A,
19338,Low-Productivity,Liquid/Slurry,Dairy Sheep,Russian Federation,0,N/A,N/A,
19339,Low-Productivity,Solid Storage,Dairy Sheep,Russian Federation,42,N/A,N/A,
19340,Low-Productivity,Dry Lot,Dairy Sheep,Russian Federation,0,N/A,N/A,
19341,Low-Productivity,Pasture/Range/Paddock,Dairy Sheep,Russian Federation,58,N/A,N/A,
19342,Low-Productivity,Daily Spread,Dairy Sheep,Russian Federation,0,N/A,N/A,
19343,Low-Productivity,Digester,Dairy Sheep,Russian Federation,0,N/A,N/A,
19344,Low-Productivity,Burned For Fuel,Dairy Sheep,Russian Federation,0,N/A,N/A,
19345,Low-Productivity,Pit<1Month,Dairy Sheep,Russian Federation,0,N/A,N/A,
19347,Low-Productivity,Poultry Manure,Dairy Sheep,Russian Federation,0,N/A,N/A,
19348,Low-Productivity,Deep Bedding,Dairy Sheep,Russian Federation,0,N/A,N/A,
19349,Low-Productivity,Composting,Dairy Sheep,Russian Federation,0,N/A,N/A,
19350,Low-Productivity,Aerobic Treatment,Dairy Sheep,Russian Federation,0,N/A,N/A,
19351,Low-Productivity,Lagoon,Dairy Sheep,Oceania,0,N/A,N/A,
19352,Low-Productivity,Liquid/Slurry,Dairy Sheep,Oceania,0,N/A,N/A,
19353,Low-Productivity,Solid Storage,Dairy Sheep,Oceania,0,N/A,N/A,
19354,Low-Productivity,Dry Lot,Dairy Sheep,Oceania,0,N/A,N/A,
19355,Low-Productivity,Pasture/Range/Paddock,Dairy Sheep,Oceania,0,N/A,N/A,
19356,Low-Productivity,Daily Spread,Dairy Sheep,Oceania,0,N/A,N/A,
19357,Low-Productivity,Digester,Dairy Sheep,Oceania,0,N/A,N/A,
19358,Low-Productivity,Burned For Fuel,Dairy Sheep,Oceania,0,N/A,N/A,
19359,Low-Productivity,Pit<1Month,Dairy Sheep,Oceania,0,N/A,N/A,
19361,Low-Productivity,Poultry Manure,Dairy Sheep,Oceania,0,N/A,N/A,
19362,Low-Productivity,Deep Bedding,Dairy Sheep,Oceania,0,N/A,N/A,
19363,Low-Productivity,Composting,Dairy Sheep,Oceania,0,N/A,N/A,
19364,Low-Productivity,Aerobic Treatment,Dairy Sheep,Oceania,0,N/A,N/A,
19365,Low-Productivity,Lagoon,Dairy Sheep,NENA/Middle East,0,N/A,N/A,
19366,Low-Productivity,Liquid/Slurry,Dairy Sheep,NENA/Middle East,0,N/A,N/A,
19367,Low-Productivity,Solid Storage,Dairy Sheep,NENA/Middle East,0,N/A,N/A,
19368,Low-Productivity,Dry Lot,Dairy Sheep,NENA/Middle East,50,N/A,N/A,
19369,Low-Productivity,Pasture/Range/Paddock,Dairy Sheep,NENA/Middle East,50,N/A,N/A,
19370,Low-Productivity,Daily Spread,Dairy Sheep,NENA/Middle East,0,N/A,N/A,
19371,Low-Productivity,Digester,Dairy Sheep,NENA/Middle East,0,N/A,N/A,
19372,Low-Productivity,Burned For Fuel,Dairy Sheep,NENA/Middle East,0,N/A,N/A,
19373,Low-Productivity,Pit<1Month,Dairy Sheep,NENA/Middle East,0,N/A,N/A,
19375,Low-Productivity,Poultry Manure,Dairy Sheep,NENA/Middle East,0,N/A,N/A,
19376,Low-Productivity,Deep Bedding,Dairy Sheep,NENA/Middle East,0,N/A,N/A,
19377,Low-Productivity,Composting,Dairy Sheep,NENA/Middle East,0,N/A,N/A,
19378,Low-Productivity,Aerobic Treatment,Dairy Sheep,NENA/Middle East,0,N/A,N/A,
19379,Low-Productivity,Lagoon,Dairy Sheep,South Asia,0,N/A,N/A,
19380,Low-Productivity,Liquid/Slurry,Dairy Sheep,South Asia,0,N/A,N/A,
19381,Low-Productivity,Solid Storage,Dairy Sheep,South Asia,17,N/A,N/A,
19382,Low-Productivity,Dry Lot,Dairy Sheep,South Asia,3,N/A,N/A,
19383,Low-Productivity,Pasture/Range/Paddock,Dairy Sheep,South Asia,80,N/A,N/A,
19384,Low-Productivity,Daily Spread,Dairy Sheep,South Asia,0,N/A,N/A,
19385,Low-Productivity,Digester,Dairy Sheep,South Asia,0,N/A,N/A,
19386,Low-Productivity,Burned For Fuel,Dairy Sheep,South Asia,0,N/A,N/A,
19387,Low-Productivity,Pit<1Month,Dairy Sheep,South Asia,0,N/A,N/A,
19389,Low-Productivity,Poultry Manure,Dairy Sheep,South Asia,0,N/A,N/A,
19390,Low-Productivity,Deep Bedding,Dairy Sheep,South Asia,0,N/A,N/A,
19391,Low-Productivity,Composting,Dairy Sheep,South Asia,0,N/A,N/A,
19392,Low-Productivity,Aerobic Treatment,Dairy Sheep,South Asia,0,N/A,N/A,
19393,Default,Lagoon,Dairy Sheep,Sub-Saharan Africa,0,N/A,N/A,
19394,Default,Liquid/Slurry,Dairy Sheep,Sub-Saharan Africa,0,N/A,N/A,
19395,Default,Solid Storage,Dairy Sheep,Sub-Saharan Africa,17,N/A,N/A,
19396,Default,Dry Lot,Dairy Sheep,Sub-Saharan Africa,3,N/A,N/A,
19397,Default,Pasture/Range/Paddock,Dairy Sheep,Sub-Saharan Africa,80,N/A,N/A,
19398,Default,Daily Spread,Dairy Sheep,Sub-Saharan Africa,0,N/A,N/A,
19399,Default,Digester,Dairy Sheep,Sub-Saharan Africa,0,N/A,N/A,
19400,Default,Burned For Fuel,Dairy Sheep,Sub-Saharan Africa,0,N/A,N/A,
19401,Default,Pit<1Month,Dairy Sheep,Sub-Saharan Africa,0,N/A,N/A,
19403,Default,Poultry Manure,Dairy Sheep,Sub-Saharan Africa,0,N/A,N/A,
19404,Default,Deep Bedding,Dairy Sheep,Sub-Saharan Africa,0,N/A,N/A,
19405,Default,Composting,Dairy Sheep,Sub-Saharan Africa,0,N/A,N/A,
19406,Default,Aerobic Treatment,Dairy Sheep,Sub-Saharan Africa,0,N/A,N/A,
19407,Default,Lagoon,Dairy Sheep,East Asia And South-East Asia,0,N/A,N/A,
19408,Default,Liquid/Slurry,Dairy Sheep,East Asia And South-East Asia,0,N/A,N/A,
19409,Default,Solid Storage,Dairy Sheep,East Asia And South-East Asia,17,N/A,N/A,
19410,Default,Dry Lot,Dairy Sheep,East Asia And South-East Asia,3,N/A,N/A,
19411,Default,Pasture/Range/Paddock,Dairy Sheep,East Asia And South-East Asia,80,N/A,N/A,
19412,Default,Daily Spread,Dairy Sheep,East Asia And South-East Asia,0,N/A,N/A,
19413,Default,Digester,Dairy Sheep,East Asia And South-East Asia,0,N/A,N/A,
19414,Default,Burned For Fuel,Dairy Sheep,East Asia And South-East Asia,0,N/A,N/A,
19415,Default,Pit<1Month,Dairy Sheep,East Asia And South-East Asia,0,N/A,N/A,
19417,Default,Poultry Manure,Dairy Sheep,East Asia And South-East Asia,0,N/A,N/A,
19418,Default,Deep Bedding,Dairy Sheep,East Asia And South-East Asia,0,N/A,N/A,
19419,Default,Composting,Dairy Sheep,East Asia And South-East Asia,0,N/A,N/A,
19420,Default,Aerobic Treatment,Dairy Sheep,East Asia And South-East Asia,0,N/A,N/A,
19421,Default,Lagoon,Dairy Sheep,North America,0,N/A,N/A,
19422,Default,Liquid/Slurry,Dairy Sheep,North America,0,N/A,N/A,
19423,Default,Solid Storage,Dairy Sheep,North America,0,N/A,N/A,
19424,Default,Dry Lot,Dairy Sheep,North America,0,N/A,N/A,
19425,Default,Pasture/Range/Paddock,Dairy Sheep,North America,0,N/A,N/A,
19426,Default,Daily Spread,Dairy Sheep,North America,0,N/A,N/A,
19427,Default,Digester,Dairy Sheep,North America,0,N/A,N/A,
19428,Default,Burned For Fuel,Dairy Sheep,North America,0,N/A,N/A,
19429,Default,Pit<1Month,Dairy Sheep,North America,0,N/A,N/A,
19431,Default,Poultry Manure,Dairy Sheep,North America,0,N/A,N/A,
19432,Default,Deep Bedding,Dairy Sheep,North America,0,N/A,N/A,
19433,Default,Composting,Dairy Sheep,North America,0,N/A,N/A,
19434,Default,Aerobic Treatment,Dairy Sheep,North America,0,N/A,N/A,
19435,Default,Lagoon,Dairy Sheep,Latin America And The Caribbean,0,N/A,N/A,
19436,Default,Liquid/Slurry,Dairy Sheep,Latin America And The Caribbean,0,N/A,N/A,
19437,Default,Solid Storage,Dairy Sheep,Latin America And The Caribbean,17,N/A,N/A,
19438,Default,Dry Lot,Dairy Sheep,Latin America And The Caribbean,3,N/A,N/A,
19439,Default,Pasture/Range/Paddock,Dairy Sheep,Latin America And The Caribbean,80,N/A,N/A,
19440,Default,Daily Spread,Dairy Sheep,Latin America And The Caribbean,0,N/A,N/A,
19441,Default,Digester,Dairy Sheep,Latin America And The Caribbean,0,N/A,N/A,
19442,Default,Burned For Fuel,Dairy Sheep,Latin America And The Caribbean,0,N/A,N/A,
19443,Default,Pit<1Month,Dairy Sheep,Latin America And The Caribbean,0,N/A,N/A,
19445,Default,Poultry Manure,Dairy Sheep,Latin America And The Caribbean,0,N/A,N/A,
19446,Default,Deep Bedding,Dairy Sheep,Latin America And The Caribbean,0,N/A,N/A,
19447,Default,Composting,Dairy Sheep,Latin America And The Caribbean,0,N/A,N/A,
19448,Default,Aerobic Treatment,Dairy Sheep,Latin America And The Caribbean,0,N/A,N/A,
19449,Default,Lagoon,Dairy Sheep,Western Europe,0,N/A,N/A,
19450,Default,Liquid/Slurry,Dairy Sheep,Western Europe,0,N/A,N/A,
19451,Default,Solid Storage,Dairy Sheep,Western Europe,21,N/A,N/A,
19452,Default,Dry Lot,Dairy Sheep,Western Europe,0,N/A,N/A,
19453,Default,Pasture/Range/Paddock,Dairy Sheep,Western Europe,78,N/A,N/A,
19454,Default,Daily Spread,Dairy Sheep,Western Europe,0,N/A,N/A,
19455,Default,Digester,Dairy Sheep,Western Europe,0,N/A,N/A,
19456,Default,Burned For Fuel,Dairy Sheep,Western Europe,0,N/A,N/A,
19457,Default,Pit<1Month,Dairy Sheep,Western Europe,0,N/A,N/A,
19459,Default,Poultry Manure,Dairy Sheep,Western Europe,0,N/A,N/A,
19460,Default,Deep Bedding,Dairy Sheep,Western Europe,0,N/A,N/A,
19461,Default,Composting,Dairy Sheep,Western Europe,0,N/A,N/A,
19462,Default,Aerobic Treatment,Dairy Sheep,Western Europe,0,N/A,N/A,
19463,Default,Lagoon,Dairy Sheep,Eastern Europe,0,N/A,N/A,
19464,Default,Liquid/Slurry,Dairy Sheep,Eastern Europe,0,N/A,N/A,
19465,Default,Solid Storage,Dairy Sheep,Eastern Europe,42,N/A,N/A,
19466,Default,Dry Lot,Dairy Sheep,Eastern Europe,0,N/A,N/A,
19467,Default,Pasture/Range/Paddock,Dairy Sheep,Eastern Europe,58,N/A,N/A,
19468,Default,Daily Spread,Dairy Sheep,Eastern Europe,0,N/A,N/A,
19469,Default,Digester,Dairy Sheep,Eastern Europe,0,N/A,N/A,
19470,Default,Burned For Fuel,Dairy Sheep,Eastern Europe,0,N/A,N/A,
19471,Default,Pit<1Month,Dairy Sheep,Eastern Europe,0,N/A,N/A,
19473,Default,Poultry Manure,Dairy Sheep,Eastern Europe,0,N/A,N/A,
19474,Default,Deep Bedding,Dairy Sheep,Eastern Europe,0,N/A,N/A,
19475,Default,Composting,Dairy Sheep,Eastern Europe,0,N/A,N/A,
19476,Default,Aerobic Treatment,Dairy Sheep,Eastern Europe,0,N/A,N/A,
19477,Default,Lagoon,Dairy Sheep,Russian Federation,0,N/A,N/A,
19478,Default,Liquid/Slurry,Dairy Sheep,Russian Federation,0,N/A,N/A,
19479,Default,Solid Storage,Dairy Sheep,Russian Federation,42,N/A,N/A,
19480,Default,Dry Lot,Dairy Sheep,Russian Federation,0,N/A,N/A,
19481,Default,Pasture/Range/Paddock,Dairy Sheep,Russian Federation,58,N/A,N/A,
19482,Default,Daily Spread,Dairy Sheep,Russian Federation,0,N/A,N/A,
19483,Default,Digester,Dairy Sheep,Russian Federation,0,N/A,N/A,
19484,Default,Burned For Fuel,Dairy Sheep,Russian Federation,0,N/A,N/A,
19485,Default,Pit<1Month,Dairy Sheep,Russian Federation,0,N/A,N/A,
19487,Default,Poultry Manure,Dairy Sheep,Russian Federation,0,N/A,N/A,
19488,Default,Deep Bedding,Dairy Sheep,Russian Federation,0,N/A,N/A,
19489,Default,Composting,Dairy Sheep,Russian Federation,0,N/A,N/A,
19490,Default,Aerobic Treatment,Dairy Sheep,Russian Federation,0,N/A,N/A,
19491,Default,Lagoon,Dairy Sheep,Oceania,0,N/A,N/A,
19492,Default,Liquid/Slurry,Dairy Sheep,Oceania,0,N/A,N/A,
19493,Default,Solid Storage,Dairy Sheep,Oceania,0,N/A,N/A,
19494,Default,Dry Lot,Dairy Sheep,Oceania,0,N/A,N/A,
19495,Default,Pasture/Range/Paddock,Dairy Sheep,Oceania,0,N/A,N/A,
19496,Default,Daily Spread,Dairy Sheep,Oceania,0,N/A,N/A,
19497,Default,Digester,Dairy Sheep,Oceania,0,N/A,N/A,
19498,Default,Burned For Fuel,Dairy Sheep,Oceania,0,N/A,N/A,
19499,Default,Pit<1Month,Dairy Sheep,Oceania,0,N/A,N/A,
19501,Default,Poultry Manure,Dairy Sheep,Oceania,0,N/A,N/A,
19502,Default,Deep Bedding,Dairy Sheep,Oceania,0,N/A,N/A,
19503,Default,Composting,Dairy Sheep,Oceania,0,N/A,N/A,
19504,Default,Aerobic Treatment,Dairy Sheep,Oceania,0,N/A,N/A,
19505,Default,Lagoon,Dairy Sheep,NENA/Middle East,0,N/A,N/A,
19506,Default,Liquid/Slurry,Dairy Sheep,NENA/Middle East,0,N/A,N/A,
19507,Default,Solid Storage,Dairy Sheep,NENA/Middle East,0,N/A,N/A,
19508,Default,Dry Lot,Dairy Sheep,NENA/Middle East,50,N/A,N/A,
19509,Default,Pasture/Range/Paddock,Dairy Sheep,NENA/Middle East,50,N/A,N/A,
19510,Default,Daily Spread,Dairy Sheep,NENA/Middle East,0,N/A,N/A,
19511,Default,Digester,Dairy Sheep,NENA/Middle East,0,N/A,N/A,
19512,Default,Burned For Fuel,Dairy Sheep,NENA/Middle East,0,N/A,N/A,
19513,Default,Pit<1Month,Dairy Sheep,NENA/Middle East,0,N/A,N/A,
19515,Default,Poultry Manure,Dairy Sheep,NENA/Middle East,0,N/A,N/A,
19516,Default,Deep Bedding,Dairy Sheep,NENA/Middle East,0,N/A,N/A,
19517,Default,Composting,Dairy Sheep,NENA/Middle East,0,N/A,N/A,
19518,Default,Aerobic Treatment,Dairy Sheep,NENA/Middle East,0,N/A,N/A,
19519,Default,Lagoon,Dairy Sheep,South Asia,0,N/A,N/A,
19520,Default,Liquid/Slurry,Dairy Sheep,South Asia,0,N/A,N/A,
19521,Default,Solid Storage,Dairy Sheep,South Asia,17,N/A,N/A,
19522,Default,Dry Lot,Dairy Sheep,South Asia,3,N/A,N/A,
19523,Default,Pasture/Range/Paddock,Dairy Sheep,South Asia,80,N/A,N/A,
19524,Default,Daily Spread,Dairy Sheep,South Asia,0,N/A,N/A,
19525,Default,Digester,Dairy Sheep,South Asia,0,N/A,N/A,
19526,Default,Burned For Fuel,Dairy Sheep,South Asia,0,N/A,N/A,
19527,Default,Pit<1Month,Dairy Sheep,South Asia,0,N/A,N/A,
19529,Default,Poultry Manure,Dairy Sheep,South Asia,0,N/A,N/A,
19530,Default,Deep Bedding,Dairy Sheep,South Asia,0,N/A,N/A,
19531,Default,Composting,Dairy Sheep,South Asia,0,N/A,N/A,
19532,Default,Aerobic Treatment,Dairy Sheep,South Asia,0,N/A,N/A,
19533,High-Productivity,Lagoon,Other Sheep,Sub-Saharan Africa,0,N/A,N/A,
19534,High-Productivity,Liquid/Slurry,Other Sheep,Sub-Saharan Africa,0,N/A,N/A,
19535,High-Productivity,Solid Storage,Other Sheep,Sub-Saharan Africa,17,N/A,N/A,
19536,High-Productivity,Dry Lot,Other Sheep,Sub-Saharan Africa,3,N/A,N/A,
19537,High-Productivity,Pasture/Range/Paddock,Other Sheep,Sub-Saharan Africa,80,N/A,N/A,
19538,High-Productivity,Daily Spread,Other Sheep,Sub-Saharan Africa,0,N/A,N/A,
19539,High-Productivity,Digester,Other Sheep,Sub-Saharan Africa,0,N/A,N/A,
19540,High-Productivity,Burned For Fuel,Other Sheep,Sub-Saharan Africa,0,N/A,N/A,
19541,High-Productivity,Pit<1Month,Other Sheep,Sub-Saharan Africa,0,N/A,N/A,
19543,High-Productivity,Poultry Manure,Other Sheep,Sub-Saharan Africa,0,N/A,N/A,
19544,High-Productivity,Deep Bedding,Other Sheep,Sub-Saharan Africa,0,N/A,N/A,
19545,High-Productivity,Composting,Other Sheep,Sub-Saharan Africa,0,N/A,N/A,
19546,High-Productivity,Aerobic Treatment,Other Sheep,Sub-Saharan Africa,0,N/A,N/A,
19547,High-Productivity,Lagoon,Other Sheep,East Asia And South-East Asia,0,N/A,N/A,
19548,High-Productivity,Liquid/Slurry,Other Sheep,East Asia And South-East Asia,0,N/A,N/A,
19549,High-Productivity,Solid Storage,Other Sheep,East Asia And South-East Asia,17,N/A,N/A,
19550,High-Productivity,Dry Lot,Other Sheep,East Asia And South-East Asia,3,N/A,N/A,
19551,High-Productivity,Pasture/Range/Paddock,Other Sheep,East Asia And South-East Asia,80,N/A,N/A,
19552,High-Productivity,Daily Spread,Other Sheep,East Asia And South-East Asia,0,N/A,N/A,
19553,High-Productivity,Digester,Other Sheep,East Asia And South-East Asia,0,N/A,N/A,
19554,High-Productivity,Burned For Fuel,Other Sheep,East Asia And South-East Asia,0,N/A,N/A,
19555,High-Productivity,Pit<1Month,Other Sheep,East Asia And South-East Asia,0,N/A,N/A,
19557,High-Productivity,Poultry Manure,Other Sheep,East Asia And South-East Asia,0,N/A,N/A,
19558,High-Productivity,Deep Bedding,Other Sheep,East Asia And South-East Asia,0,N/A,N/A,
19559,High-Productivity,Composting,Other Sheep,East Asia And South-East Asia,0,N/A,N/A,
19560,High-Productivity,Aerobic Treatment,Other Sheep,East Asia And South-East Asia,0,N/A,N/A,
19561,High-Productivity,Lagoon,Other Sheep,North America,0,N/A,N/A,
19562,High-Productivity,Liquid/Slurry,Other Sheep,North America,0,N/A,N/A,
19563,High-Productivity,Solid Storage,Other Sheep,North America,54,N/A,N/A,
19564,High-Productivity,Dry Lot,Other Sheep,North America,0,N/A,N/A,
19565,High-Productivity,Pasture/Range/Paddock,Other Sheep,North America,46,N/A,N/A,
19566,High-Productivity,Daily Spread,Other Sheep,North America,0,N/A,N/A,
19567,High-Productivity,Digester,Other Sheep,North America,0,N/A,N/A,
19568,High-Productivity,Burned For Fuel,Other Sheep,North America,0,N/A,N/A,
19569,High-Productivity,Pit<1Month,Other Sheep,North America,0,N/A,N/A,
19571,High-Productivity,Poultry Manure,Other Sheep,North America,0,N/A,N/A,
19572,High-Productivity,Deep Bedding,Other Sheep,North America,0,N/A,N/A,
19573,High-Productivity,Composting,Other Sheep,North America,0,N/A,N/A,
19574,High-Productivity,Aerobic Treatment,Other Sheep,North America,0,N/A,N/A,
19575,High-Productivity,Lagoon,Other Sheep,Latin America And The Caribbean,0,N/A,N/A,
19576,High-Productivity,Liquid/Slurry,Other Sheep,Latin America And The Caribbean,0,N/A,N/A,
19577,High-Productivity,Solid Storage,Other Sheep,Latin America And The Caribbean,17,N/A,N/A,
19578,High-Productivity,Dry Lot,Other Sheep,Latin America And The Caribbean,3,N/A,N/A,
19579,High-Productivity,Pasture/Range/Paddock,Other Sheep,Latin America And The Caribbean,80,N/A,N/A,
19580,High-Productivity,Daily Spread,Other Sheep,Latin America And The Caribbean,0,N/A,N/A,
19581,High-Productivity,Digester,Other Sheep,Latin America And The Caribbean,0,N/A,N/A,
19582,High-Productivity,Burned For Fuel,Other Sheep,Latin America And The Caribbean,0,N/A,N/A,
19583,High-Productivity,Pit<1Month,Other Sheep,Latin America And The Caribbean,0,N/A,N/A,
19585,High-Productivity,Poultry Manure,Other Sheep,Latin America And The Caribbean,0,N/A,N/A,
19586,High-Productivity,Deep Bedding,Other Sheep,Latin America And The Caribbean,0,N/A,N/A,
19587,High-Productivity,Composting,Other Sheep,Latin America And The Caribbean,0,N/A,N/A,
19588,High-Productivity,Aerobic Treatment,Other Sheep,Latin America And The Caribbean,0,N/A,N/A,
19589,High-Productivity,Lagoon,Other Sheep,Western Europe,0,N/A,N/A,
19590,High-Productivity,Liquid/Slurry,Other Sheep,Western Europe,0,N/A,N/A,
19591,High-Productivity,Solid Storage,Other Sheep,Western Europe,13,N/A,N/A,
19592,High-Productivity,Dry Lot,Other Sheep,Western Europe,0,N/A,N/A,
19593,High-Productivity,Pasture/Range/Paddock,Other Sheep,Western Europe,87,N/A,N/A,
19594,High-Productivity,Daily Spread,Other Sheep,Western Europe,0,N/A,N/A,
19595,High-Productivity,Digester,Other Sheep,Western Europe,0,N/A,N/A,
19596,High-Productivity,Burned For Fuel,Other Sheep,Western Europe,0,N/A,N/A,
19597,High-Productivity,Pit<1Month,Other Sheep,Western Europe,0,N/A,N/A,
19599,High-Productivity,Poultry Manure,Other Sheep,Western Europe,0,N/A,N/A,
19600,High-Productivity,Deep Bedding,Other Sheep,Western Europe,0,N/A,N/A,
19601,High-Productivity,Composting,Other Sheep,Western Europe,0,N/A,N/A,
19602,High-Productivity,Aerobic Treatment,Other Sheep,Western Europe,0,N/A,N/A,
19603,High-Productivity,Lagoon,Other Sheep,Eastern Europe,0,N/A,N/A,
19604,High-Productivity,Liquid/Slurry,Other Sheep,Eastern Europe,0,N/A,N/A,
19605,High-Productivity,Solid Storage,Other Sheep,Eastern Europe,54,N/A,N/A,
19606,High-Productivity,Dry Lot,Other Sheep,Eastern Europe,0,N/A,N/A,
19607,High-Productivity,Pasture/Range/Paddock,Other Sheep,Eastern Europe,46,N/A,N/A,
19608,High-Productivity,Daily Spread,Other Sheep,Eastern Europe,0,N/A,N/A,
19609,High-Productivity,Digester,Other Sheep,Eastern Europe,0,N/A,N/A,
19610,High-Productivity,Burned For Fuel,Other Sheep,Eastern Europe,0,N/A,N/A,
19611,High-Productivity,Pit<1Month,Other Sheep,Eastern Europe,0,N/A,N/A,
19613,High-Productivity,Poultry Manure,Other Sheep,Eastern Europe,0,N/A,N/A,
19614,High-Productivity,Deep Bedding,Other Sheep,Eastern Europe,0,N/A,N/A,
19615,High-Productivity,Composting,Other Sheep,Eastern Europe,0,N/A,N/A,
19616,High-Productivity,Aerobic Treatment,Other Sheep,Eastern Europe,0,N/A,N/A,
19617,High-Productivity,Lagoon,Other Sheep,Russian Federation,0,N/A,N/A,
19618,High-Productivity,Liquid/Slurry,Other Sheep,Russian Federation,0,N/A,N/A,
19619,High-Productivity,Solid Storage,Other Sheep,Russian Federation,54,N/A,N/A,
19620,High-Productivity,Dry Lot,Other Sheep,Russian Federation,0,N/A,N/A,
19621,High-Productivity,Pasture/Range/Paddock,Other Sheep,Russian Federation,46,N/A,N/A,
19622,High-Productivity,Daily Spread,Other Sheep,Russian Federation,0,N/A,N/A,
19623,High-Productivity,Digester,Other Sheep,Russian Federation,0,N/A,N/A,
19624,High-Productivity,Burned For Fuel,Other Sheep,Russian Federation,0,N/A,N/A,
19625,High-Productivity,Pit<1Month,Other Sheep,Russian Federation,0,N/A,N/A,
19627,High-Productivity,Poultry Manure,Other Sheep,Russian Federation,0,N/A,N/A,
19628,High-Productivity,Deep Bedding,Other Sheep,Russian Federation,0,N/A,N/A,
19629,High-Productivity,Composting,Other Sheep,Russian Federation,0,N/A,N/A,
19630,High-Productivity,Aerobic Treatment,Other Sheep,Russian Federation,0,N/A,N/A,
19631,High-Productivity,Lagoon,Other Sheep,Oceania,0,N/A,N/A,
19632,High-Productivity,Liquid/Slurry,Other Sheep,Oceania,0,N/A,N/A,
19633,High-Productivity,Solid Storage,Other Sheep,Oceania,0,N/A,N/A,
19634,High-Productivity,Dry Lot,Other Sheep,Oceania,0,N/A,N/A,
19635,High-Productivity,Pasture/Range/Paddock,Other Sheep,Oceania,100,N/A,N/A,
19636,High-Productivity,Daily Spread,Other Sheep,Oceania,0,N/A,N/A,
19637,High-Productivity,Digester,Other Sheep,Oceania,0,N/A,N/A,
19638,High-Productivity,Burned For Fuel,Other Sheep,Oceania,0,N/A,N/A,
19639,High-Productivity,Pit<1Month,Other Sheep,Oceania,0,N/A,N/A,
19641,High-Productivity,Poultry Manure,Other Sheep,Oceania,0,N/A,N/A,
19642,High-Productivity,Deep Bedding,Other Sheep,Oceania,0,N/A,N/A,
19643,High-Productivity,Composting,Other Sheep,Oceania,0,N/A,N/A,
19644,High-Productivity,Aerobic Treatment,Other Sheep,Oceania,0,N/A,N/A,
19645,High-Productivity,Lagoon,Other Sheep,NENA/Middle East,0,N/A,N/A,
19646,High-Productivity,Liquid/Slurry,Other Sheep,NENA/Middle East,0,N/A,N/A,
19647,High-Productivity,Solid Storage,Other Sheep,NENA/Middle East,0,N/A,N/A,
19648,High-Productivity,Dry Lot,Other Sheep,NENA/Middle East,50,N/A,N/A,
19649,High-Productivity,Pasture/Range/Paddock,Other Sheep,NENA/Middle East,50,N/A,N/A,
19650,High-Productivity,Daily Spread,Other Sheep,NENA/Middle East,0,N/A,N/A,
19651,High-Productivity,Digester,Other Sheep,NENA/Middle East,0,N/A,N/A,
19652,High-Productivity,Burned For Fuel,Other Sheep,NENA/Middle East,0,N/A,N/A,
19653,High-Productivity,Pit<1Month,Other Sheep,NENA/Middle East,0,N/A,N/A,
19655,High-Productivity,Poultry Manure,Other Sheep,NENA/Middle East,0,N/A,N/A,
19656,High-Productivity,Deep Bedding,Other Sheep,NENA/Middle East,0,N/A,N/A,
19657,High-Productivity,Composting,Other Sheep,NENA/Middle East,0,N/A,N/A,
19658,High-Productivity,Aerobic Treatment,Other Sheep,NENA/Middle East,0,N/A,N/A,
19659,High-Productivity,Lagoon,Other Sheep,South Asia,0,N/A,N/A,
19660,High-Productivity,Liquid/Slurry,Other Sheep,South Asia,0,N/A,N/A,
19661,High-Productivity,Solid Storage,Other Sheep,South Asia,17,N/A,N/A,
19662,High-Productivity,Dry Lot,Other Sheep,South Asia,3,N/A,N/A,
19663,High-Productivity,Pasture/Range/Paddock,Other Sheep,South Asia,80,N/A,N/A,
19664,High-Productivity,Daily Spread,Other Sheep,South Asia,0,N/A,N/A,
19665,High-Productivity,Digester,Other Sheep,South Asia,0,N/A,N/A,
19666,High-Productivity,Burned For Fuel,Other Sheep,South Asia,0,N/A,N/A,
19667,High-Productivity,Pit<1Month,Other Sheep,South Asia,0,N/A,N/A,
19669,High-Productivity,Poultry Manure,Other Sheep,South Asia,0,N/A,N/A,
19670,High-Productivity,Deep Bedding,Other Sheep,South Asia,0,N/A,N/A,
19671,High-Productivity,Composting,Other Sheep,South Asia,0,N/A,N/A,
19672,High-Productivity,Aerobic Treatment,Other Sheep,South Asia,0,N/A,N/A,
19673,Low-Productivity,Lagoon,Other Sheep,Sub-Saharan Africa,0,N/A,N/A,
19674,Low-Productivity,Liquid/Slurry,Other Sheep,Sub-Saharan Africa,0,N/A,N/A,
19675,Low-Productivity,Solid Storage,Other Sheep,Sub-Saharan Africa,17,N/A,N/A,
19676,Low-Productivity,Dry Lot,Other Sheep,Sub-Saharan Africa,3,N/A,N/A,
19677,Low-Productivity,Pasture/Range/Paddock,Other Sheep,Sub-Saharan Africa,80,N/A,N/A,
19678,Low-Productivity,Daily Spread,Other Sheep,Sub-Saharan Africa,0,N/A,N/A,
19679,Low-Productivity,Digester,Other Sheep,Sub-Saharan Africa,0,N/A,N/A,
19680,Low-Productivity,Burned For Fuel,Other Sheep,Sub-Saharan Africa,0,N/A,N/A,
19681,Low-Productivity,Pit<1Month,Other Sheep,Sub-Saharan Africa,0,N/A,N/A,
19683,Low-Productivity,Poultry Manure,Other Sheep,Sub-Saharan Africa,0,N/A,N/A,
19684,Low-Productivity,Deep Bedding,Other Sheep,Sub-Saharan Africa,0,N/A,N/A,
19685,Low-Productivity,Composting,Other Sheep,Sub-Saharan Africa,0,N/A,N/A,
19686,Low-Productivity,Aerobic Treatment,Other Sheep,Sub-Saharan Africa,0,N/A,N/A,
19687,Low-Productivity,Lagoon,Other Sheep,East Asia And South-East Asia,0,N/A,N/A,
19688,Low-Productivity,Liquid/Slurry,Other Sheep,East Asia And South-East Asia,0,N/A,N/A,
19689,Low-Productivity,Solid Storage,Other Sheep,East Asia And South-East Asia,17,N/A,N/A,
19690,Low-Productivity,Dry Lot,Other Sheep,East Asia And South-East Asia,3,N/A,N/A,
19691,Low-Productivity,Pasture/Range/Paddock,Other Sheep,East Asia And South-East Asia,80,N/A,N/A,
19692,Low-Productivity,Daily Spread,Other Sheep,East Asia And South-East Asia,0,N/A,N/A,
19693,Low-Productivity,Digester,Other Sheep,East Asia And South-East Asia,0,N/A,N/A,
19694,Low-Productivity,Burned For Fuel,Other Sheep,East Asia And South-East Asia,0,N/A,N/A,
19695,Low-Productivity,Pit<1Month,Other Sheep,East Asia And South-East Asia,0,N/A,N/A,
19697,Low-Productivity,Poultry Manure,Other Sheep,East Asia And South-East Asia,0,N/A,N/A,
19698,Low-Productivity,Deep Bedding,Other Sheep,East Asia And South-East Asia,0,N/A,N/A,
19699,Low-Productivity,Composting,Other Sheep,East Asia And South-East Asia,0,N/A,N/A,
19700,Low-Productivity,Aerobic Treatment,Other Sheep,East Asia And South-East Asia,0,N/A,N/A,
19701,Low-Productivity,Lagoon,Other Sheep,North America,0,N/A,N/A,
19702,Low-Productivity,Liquid/Slurry,Other Sheep,North America,0,N/A,N/A,
19703,Low-Productivity,Solid Storage,Other Sheep,North America,54,N/A,N/A,
19704,Low-Productivity,Dry Lot,Other Sheep,North America,0,N/A,N/A,
19705,Low-Productivity,Pasture/Range/Paddock,Other Sheep,North America,46,N/A,N/A,
19706,Low-Productivity,Daily Spread,Other Sheep,North America,0,N/A,N/A,
19707,Low-Productivity,Digester,Other Sheep,North America,0,N/A,N/A,
19708,Low-Productivity,Burned For Fuel,Other Sheep,North America,0,N/A,N/A,
19709,Low-Productivity,Pit<1Month,Other Sheep,North America,0,N/A,N/A,
19711,Low-Productivity,Poultry Manure,Other Sheep,North America,0,N/A,N/A,
19712,Low-Productivity,Deep Bedding,Other Sheep,North America,0,N/A,N/A,
19713,Low-Productivity,Composting,Other Sheep,North America,0,N/A,N/A,
19714,Low-Productivity,Aerobic Treatment,Other Sheep,North America,0,N/A,N/A,
19715,Low-Productivity,Lagoon,Other Sheep,Latin America And The Caribbean,0,N/A,N/A,
19716,Low-Productivity,Liquid/Slurry,Other Sheep,Latin America And The Caribbean,0,N/A,N/A,
19717,Low-Productivity,Solid Storage,Other Sheep,Latin America And The Caribbean,17,N/A,N/A,
19718,Low-Productivity,Dry Lot,Other Sheep,Latin America And The Caribbean,3,N/A,N/A,
19719,Low-Productivity,Pasture/Range/Paddock,Other Sheep,Latin America And The Caribbean,80,N/A,N/A,
19720,Low-Productivity,Daily Spread,Other Sheep,Latin America And The Caribbean,0,N/A,N/A,
19721,Low-Productivity,Digester,Other Sheep,Latin America And The Caribbean,0,N/A,N/A,
19722,Low-Productivity,Burned For Fuel,Other Sheep,Latin America And The Caribbean,0,N/A,N/A,
19723,Low-Productivity,Pit<1Month,Other Sheep,Latin America And The Caribbean,0,N/A,N/A,
19725,Low-Productivity,Poultry Manure,Other Sheep,Latin America And The Caribbean,0,N/A,N/A,
19726,Low-Productivity,Deep Bedding,Other Sheep,Latin America And The Caribbean,0,N/A,N/A,
19727,Low-Productivity,Composting,Other Sheep,Latin America And The Caribbean,0,N/A,N/A,
19728,Low-Productivity,Aerobic Treatment,Other Sheep,Latin America And The Caribbean,0,N/A,N/A,
19729,Low-Productivity,Lagoon,Other Sheep,Western Europe,0,N/A,N/A,
19730,Low-Productivity,Liquid/Slurry,Other Sheep,Western Europe,0,N/A,N/A,
19731,Low-Productivity,Solid Storage,Other Sheep,Western Europe,13,N/A,N/A,
19732,Low-Productivity,Dry Lot,Other Sheep,Western Europe,0,N/A,N/A,
19733,Low-Productivity,Pasture/Range/Paddock,Other Sheep,Western Europe,87,N/A,N/A,
19734,Low-Productivity,Daily Spread,Other Sheep,Western Europe,0,N/A,N/A,
19735,Low-Productivity,Digester,Other Sheep,Western Europe,0,N/A,N/A,
19736,Low-Productivity,Burned For Fuel,Other Sheep,Western Europe,0,N/A,N/A,
19737,Low-Productivity,Pit<1Month,Other Sheep,Western Europe,0,N/A,N/A,
19739,Low-Productivity,Poultry Manure,Other Sheep,Western Europe,0,N/A,N/A,
19740,Low-Productivity,Deep Bedding,Other Sheep,Western Europe,0,N/A,N/A,
19741,Low-Productivity,Composting,Other Sheep,Western Europe,0,N/A,N/A,
19742,Low-Productivity,Aerobic Treatment,Other Sheep,Western Europe,0,N/A,N/A,
19743,Low-Productivity,Lagoon,Other Sheep,Eastern Europe,0,N/A,N/A,
19744,Low-Productivity,Liquid/Slurry,Other Sheep,Eastern Europe,0,N/A,N/A,
19745,Low-Productivity,Solid Storage,Other Sheep,Eastern Europe,54,N/A,N/A,
19746,Low-Productivity,Dry Lot,Other Sheep,Eastern Europe,0,N/A,N/A,
19747,Low-Productivity,Pasture/Range/Paddock,Other Sheep,Eastern Europe,46,N/A,N/A,
19748,Low-Productivity,Daily Spread,Other Sheep,Eastern Europe,0,N/A,N/A,
19749,Low-Productivity,Digester,Other Sheep,Eastern Europe,0,N/A,N/A,
19750,Low-Productivity,Burned For Fuel,Other Sheep,Eastern Europe,0,N/A,N/A,
19751,Low-Productivity,Pit<1Month,Other Sheep,Eastern Europe,0,N/A,N/A,
19753,Low-Productivity,Poultry Manure,Other Sheep,Eastern Europe,0,N/A,N/A,
19754,Low-Productivity,Deep Bedding,Other Sheep,Eastern Europe,0,N/A,N/A,
19755,Low-Productivity,Composting,Other Sheep,Eastern Europe,0,N/A,N/A,
19756,Low-Productivity,Aerobic Treatment,Other Sheep,Eastern Europe,0,N/A,N/A,
19757,Low-Productivity,Lagoon,Other Sheep,Russian Federation,0,N/A,N/A,
19758,Low-Productivity,Liquid/Slurry,Other Sheep,Russian Federation,0,N/A,N/A,
19759,Low-Productivity,Solid Storage,Other Sheep,Russian Federation,54,N/A,N/A,
19760,Low-Productivity,Dry Lot,Other Sheep,Russian Federation,0,N/A,N/A,
19761,Low-Productivity,Pasture/Range/Paddock,Other Sheep,Russian Federation,46,N/A,N/A,
19762,Low-Productivity,Daily Spread,Other Sheep,Russian Federation,0,N/A,N/A,
19763,Low-Productivity,Digester,Other Sheep,Russian Federation,0,N/A,N/A,
19764,Low-Productivity,Burned For Fuel,Other Sheep,Russian Federation,0,N/A,N/A,
19765,Low-Productivity,Pit<1Month,Other Sheep,Russian Federation,0,N/A,N/A,
19767,Low-Productivity,Poultry Manure,Other Sheep,Russian Federation,0,N/A,N/A,
19768,Low-Productivity,Deep Bedding,Other Sheep,Russian Federation,0,N/A,N/A,
19769,Low-Productivity,Composting,Other Sheep,Russian Federation,0,N/A,N/A,
19770,Low-Productivity,Aerobic Treatment,Other Sheep,Russian Federation,0,N/A,N/A,
19771,Low-Productivity,Lagoon,Other Sheep,Oceania,0,N/A,N/A,
19772,Low-Productivity,Liquid/Slurry,Other Sheep,Oceania,0,N/A,N/A,
19773,Low-Productivity,Solid Storage,Other Sheep,Oceania,0,N/A,N/A,
19774,Low-Productivity,Dry Lot,Other Sheep,Oceania,0,N/A,N/A,
19775,Low-Productivity,Pasture/Range/Paddock,Other Sheep,Oceania,100,N/A,N/A,
19776,Low-Productivity,Daily Spread,Other Sheep,Oceania,0,N/A,N/A,
19777,Low-Productivity,Digester,Other Sheep,Oceania,0,N/A,N/A,
19778,Low-Productivity,Burned For Fuel,Other Sheep,Oceania,0,N/A,N/A,
19779,Low-Productivity,Pit<1Month,Other Sheep,Oceania,0,N/A,N/A,
19781,Low-Productivity,Poultry Manure,Other Sheep,Oceania,0,N/A,N/A,
19782,Low-Productivity,Deep Bedding,Other Sheep,Oceania,0,N/A,N/A,
19783,Low-Productivity,Composting,Other Sheep,Oceania,0,N/A,N/A,
19784,Low-Productivity,Aerobic Treatment,Other Sheep,Oceania,0,N/A,N/A,
19785,Low-Productivity,Lagoon,Other Sheep,NENA/Middle East,0,N/A,N/A,
19786,Low-Productivity,Liquid/Slurry,Other Sheep,NENA/Middle East,0,N/A,N/A,
19787,Low-Productivity,Solid Storage,Other Sheep,NENA/Middle East,0,N/A,N/A,
19788,Low-Productivity,Dry Lot,Other Sheep,NENA/Middle East,50,N/A,N/A,
19789,Low-Productivity,Pasture/Range/Paddock,Other Sheep,NENA/Middle East,50,N/A,N/A,
19790,Low-Productivity,Daily Spread,Other Sheep,NENA/Middle East,0,N/A,N/A,
19791,Low-Productivity,Digester,Other Sheep,NENA/Middle East,0,N/A,N/A,
19792,Low-Productivity,Burned For Fuel,Other Sheep,NENA/Middle East,0,N/A,N/A,
19793,Low-Productivity,Pit<1Month,Other Sheep,NENA/Middle East,0,N/A,N/A,
19795,Low-Productivity,Poultry Manure,Other Sheep,NENA/Middle East,0,N/A,N/A,
19796,Low-Productivity,Deep Bedding,Other Sheep,NENA/Middle East,0,N/A,N/A,
19797,Low-Productivity,Composting,Other Sheep,NENA/Middle East,0,N/A,N/A,
19798,Low-Productivity,Aerobic Treatment,Other Sheep,NENA/Middle East,0,N/A,N/A,
19799,Low-Productivity,Lagoon,Other Sheep,South Asia,0,N/A,N/A,
19800,Low-Productivity,Liquid/Slurry,Other Sheep,South Asia,0,N/A,N/A,
19801,Low-Productivity,Solid Storage,Other Sheep,South Asia,17,N/A,N/A,
19802,Low-Productivity,Dry Lot,Other Sheep,South Asia,3,N/A,N/A,
19803,Low-Productivity,Pasture/Range/Paddock,Other Sheep,South Asia,80,N/A,N/A,
19804,Low-Productivity,Daily Spread,Other Sheep,South Asia,0,N/A,N/A,
19805,Low-Productivity,Digester,Other Sheep,South Asia,0,N/A,N/A,
19806,Low-Productivity,Burned For Fuel,Other Sheep,South Asia,0,N/A,N/A,
19807,Low-Productivity,Pit<1Month,Other Sheep,South Asia,0,N/A,N/A,
19809,Low-Productivity,Poultry Manure,Other Sheep,South Asia,0,N/A,N/A,
19810,Low-Productivity,Deep Bedding,Other Sheep,South Asia,0,N/A,N/A,
19811,Low-Productivity,Composting,Other Sheep,South Asia,0,N/A,N/A,
19812,Low-Productivity,Aerobic Treatment,Other Sheep,South Asia,0,N/A,N/A,
19813,Default,Lagoon,Other Sheep,Sub-Saharan Africa,0,N/A,N/A,
19814,Default,Liquid/Slurry,Other Sheep,Sub-Saharan Africa,0,N/A,N/A,
19815,Default,Solid Storage,Other Sheep,Sub-Saharan Africa,17,N/A,N/A,
19816,Default,Dry Lot,Other Sheep,Sub-Saharan Africa,3,N/A,N/A,
19817,Default,Pasture/Range/Paddock,Other Sheep,Sub-Saharan Africa,80,N/A,N/A,
19818,Default,Daily Spread,Other Sheep,Sub-Saharan Africa,0,N/A,N/A,
19819,Default,Digester,Other Sheep,Sub-Saharan Africa,0,N/A,N/A,
19820,Default,Burned For Fuel,Other Sheep,Sub-Saharan Africa,0,N/A,N/A,
19821,Default,Pit<1Month,Other Sheep,Sub-Saharan Africa,0,N/A,N/A,
19823,Default,Poultry Manure,Other Sheep,Sub-Saharan Africa,0,N/A,N/A,
19824,Default,Deep Bedding,Other Sheep,Sub-Saharan Africa,0,N/A,N/A,
19825,Default,Composting,Other Sheep,Sub-Saharan Africa,0,N/A,N/A,
19826,Default,Aerobic Treatment,Other Sheep,Sub-Saharan Africa,0,N/A,N/A,
19827,Default,Lagoon,Other Sheep,East Asia And South-East Asia,0,N/A,N/A,
19828,Default,Liquid/Slurry,Other Sheep,East Asia And South-East Asia,0,N/A,N/A,
19829,Default,Solid Storage,Other Sheep,East Asia And South-East Asia,17,N/A,N/A,
19830,Default,Dry Lot,Other Sheep,East Asia And South-East Asia,3,N/A,N/A,
19831,Default,Pasture/Range/Paddock,Other Sheep,East Asia And South-East Asia,80,N/A,N/A,
19832,Default,Daily Spread,Other Sheep,East Asia And South-East Asia,0,N/A,N/A,
19833,Default,Digester,Other Sheep,East Asia And South-East Asia,0,N/A,N/A,
19834,Default,Burned For Fuel,Other Sheep,East Asia And South-East Asia,0,N/A,N/A,
19835,Default,Pit<1Month,Other Sheep,East Asia And South-East Asia,0,N/A,N/A,
19837,Default,Poultry Manure,Other Sheep,East Asia And South-East Asia,0,N/A,N/A,
19838,Default,Deep Bedding,Other Sheep,East Asia And South-East Asia,0,N/A,N/A,
19839,Default,Composting,Other Sheep,East Asia And South-East Asia,0,N/A,N/A,
19840,Default,Aerobic Treatment,Other Sheep,East Asia And South-East Asia,0,N/A,N/A,
19841,Default,Lagoon,Other Sheep,North America,0,N/A,N/A,
19842,Default,Liquid/Slurry,Other Sheep,North America,0,N/A,N/A,
19843,Default,Solid Storage,Other Sheep,North America,54,N/A,N/A,
19844,Default,Dry Lot,Other Sheep,North America,0,N/A,N/A,
19845,Default,Pasture/Range/Paddock,Other Sheep,North America,46,N/A,N/A,
19846,Default,Daily Spread,Other Sheep,North America,0,N/A,N/A,
19847,Default,Digester,Other Sheep,North America,0,N/A,N/A,
19848,Default,Burned For Fuel,Other Sheep,North America,0,N/A,N/A,
19849,Default,Pit<1Month,Other Sheep,North America,0,N/A,N/A,
19851,Default,Poultry Manure,Other Sheep,North America,0,N/A,N/A,
19852,Default,Deep Bedding,Other Sheep,North America,0,N/A,N/A,
19853,Default,Composting,Other Sheep,North America,0,N/A,N/A,
19854,Default,Aerobic Treatment,Other Sheep,North America,0,N/A,N/A,
19855,Default,Lagoon,Other Sheep,Latin America And The Caribbean,0,N/A,N/A,
19856,Default,Liquid/Slurry,Other Sheep,Latin America And The Caribbean,0,N/A,N/A,
19857,Default,Solid Storage,Other Sheep,Latin America And The Caribbean,17,N/A,N/A,
19858,Default,Dry Lot,Other Sheep,Latin America And The Caribbean,3,N/A,N/A,
19859,Default,Pasture/Range/Paddock,Other Sheep,Latin America And The Caribbean,80,N/A,N/A,
19860,Default,Daily Spread,Other Sheep,Latin America And The Caribbean,0,N/A,N/A,
19861,Default,Digester,Other Sheep,Latin America And The Caribbean,0,N/A,N/A,
19862,Default,Burned For Fuel,Other Sheep,Latin America And The Caribbean,0,N/A,N/A,
19863,Default,Pit<1Month,Other Sheep,Latin America And The Caribbean,0,N/A,N/A,
19865,Default,Poultry Manure,Other Sheep,Latin America And The Caribbean,0,N/A,N/A,
19866,Default,Deep Bedding,Other Sheep,Latin America And The Caribbean,0,N/A,N/A,
19867,Default,Composting,Other Sheep,Latin America And The Caribbean,0,N/A,N/A,
19868,Default,Aerobic Treatment,Other Sheep,Latin America And The Caribbean,0,N/A,N/A,
19869,Default,Lagoon,Other Sheep,Western Europe,0,N/A,N/A,
19870,Default,Liquid/Slurry,Other Sheep,Western Europe,0,N/A,N/A,
19871,Default,Solid Storage,Other Sheep,Western Europe,13,N/A,N/A,
19872,Default,Dry Lot,Other Sheep,Western Europe,0,N/A,N/A,
19873,Default,Pasture/Range/Paddock,Other Sheep,Western Europe,87,N/A,N/A,
19874,Default,Daily Spread,Other Sheep,Western Europe,0,N/A,N/A,
19875,Default,Digester,Other Sheep,Western Europe,0,N/A,N/A,
19876,Default,Burned For Fuel,Other Sheep,Western Europe,0,N/A,N/A,
19877,Default,Pit<1Month,Other Sheep,Western Europe,0,N/A,N/A,
19879,Default,Poultry Manure,Other Sheep,Western Europe,0,N/A,N/A,
19880,Default,Deep Bedding,Other Sheep,Western Europe,0,N/A,N/A,
19881,Default,Composting,Other Sheep,Western Europe,0,N/A,N/A,
19882,Default,Aerobic Treatment,Other Sheep,Western Europe,0,N/A,N/A,
19883,Default,Lagoon,Other Sheep,Eastern Europe,0,N/A,N/A,
19884,Default,Liquid/Slurry,Other Sheep,Eastern Europe,0,N/A,N/A,
19885,Default,Solid Storage,Other Sheep,Eastern Europe,54,N/A,N/A,
19886,Default,Dry Lot,Other Sheep,Eastern Europe,0,N/A,N/A,
19887,Default,Pasture/Range/Paddock,Other Sheep,Eastern Europe,46,N/A,N/A,
19888,Default,Daily Spread,Other Sheep,Eastern Europe,0,N/A,N/A,
19889,Default,Digester,Other Sheep,Eastern Europe,0,N/A,N/A,
19890,Default,Burned For Fuel,Other Sheep,Eastern Europe,0,N/A,N/A,
19891,Default,Pit<1Month,Other Sheep,Eastern Europe,0,N/A,N/A,
19893,Default,Poultry Manure,Other Sheep,Eastern Europe,0,N/A,N/A,
19894,Default,Deep Bedding,Other Sheep,Eastern Europe,0,N/A,N/A,
19895,Default,Composting,Other Sheep,Eastern Europe,0,N/A,N/A,
19896,Default,Aerobic Treatment,Other Sheep,Eastern Europe,0,N/A,N/A,
19897,Default,Lagoon,Other Sheep,Russian Federation,0,N/A,N/A,
19898,Default,Liquid/Slurry,Other Sheep,Russian Federation,0,N/A,N/A,
19899,Default,Solid Storage,Other Sheep,Russian Federation,54,N/A,N/A,
19900,Default,Dry Lot,Other Sheep,Russian Federation,0,N/A,N/A,
19901,Default,Pasture/Range/Paddock,Other Sheep,Russian Federation,46,N/A,N/A,
19902,Default,Daily Spread,Other Sheep,Russian Federation,0,N/A,N/A,
19903,Default,Digester,Other Sheep,Russian Federation,0,N/A,N/A,
19904,Default,Burned For Fuel,Other Sheep,Russian Federation,0,N/A,N/A,
19905,Default,Pit<1Month,Other Sheep,Russian Federation,0,N/A,N/A,
19907,Default,Poultry Manure,Other Sheep,Russian Federation,0,N/A,N/A,
19908,Default,Deep Bedding,Other Sheep,Russian Federation,0,N/A,N/A,
19909,Default,Composting,Other Sheep,Russian Federation,0,N/A,N/A,
19910,Default,Aerobic Treatment,Other Sheep,Russian Federation,0,N/A,N/A,
19911,Default,Lagoon,Other Sheep,Oceania,0,N/A,N/A,
19912,Default,Liquid/Slurry,Other Sheep,Oceania,0,N/A,N/A,
19913,Default,Solid Storage,Other Sheep,Oceania,0,N/A,N/A,
19914,Default,Dry Lot,Other Sheep,Oceania,0,N/A,N/A,
19915,Default,Pasture/Range/Paddock,Other Sheep,Oceania,100,N/A,N/A,
19916,Default,Daily Spread,Other Sheep,Oceania,0,N/A,N/A,
19917,Default,Digester,Other Sheep,Oceania,0,N/A,N/A,
19918,Default,Burned For Fuel,Other Sheep,Oceania,0,N/A,N/A,
19919,Default,Pit<1Month,Other Sheep,Oceania,0,N/A,N/A,
19921,Default,Poultry Manure,Other Sheep,Oceania,0,N/A,N/A,
19922,Default,Deep Bedding,Other Sheep,Oceania,0,N/A,N/A,
19923,Default,Composting,Other Sheep,Oceania,0,N/A,N/A,
19924,Default,Aerobic Treatment,Other Sheep,Oceania,0,N/A,N/A,
19925,Default,Lagoon,Other Sheep,NENA/Middle East,0,N/A,N/A,
19926,Default,Liquid/Slurry,Other Sheep,NENA/Middle East,0,N/A,N/A,
19927,Default,Solid Storage,Other Sheep,NENA/Middle East,0,N/A,N/A,
19928,Default,Dry Lot,Other Sheep,NENA/Middle East,50,N/A,N/A,
19929,Default,Pasture/Range/Paddock,Other Sheep,NENA/Middle East,50,N/A,N/A,
19930,Default,Daily Spread,Other Sheep,NENA/Middle East,0,N/A,N/A,
19931,Default,Digester,Other Sheep,NENA/Middle East,0,N/A,N/A,
19932,Default,Burned For Fuel,Other Sheep,NENA/Middle East,0,N/A,N/A,
19933,Default,Pit<1Month,Other Sheep,NENA/Middle East,0,N/A,N/A,
19935,Default,Poultry Manure,Other Sheep,NENA/Middle East,0,N/A,N/A,
19936,Default,Deep Bedding,Other Sheep,NENA/Middle East,0,N/A,N/A,
19937,Default,Composting,Other Sheep,NENA/Middle East,0,N/A,N/A,
19938,Default,Aerobic Treatment,Other Sheep,NENA/Middle East,0,N/A,N/A,
19939,Default,Lagoon,Other Sheep,South Asia,0,N/A,N/A,
19940,Default,Liquid/Slurry,Other Sheep,South Asia,0,N/A,N/A,
19941,Default,Solid Storage,Other Sheep,South Asia,17,N/A,N/A,
19942,Default,Dry Lot,Other Sheep,South Asia,3,N/A,N/A,
19943,Default,Pasture/Range/Paddock,Other Sheep,South Asia,80,N/A,N/A,
19944,Default,Daily Spread,Other Sheep,South Asia,0,N/A,N/A,
19945,Default,Digester,Other Sheep,South Asia,0,N/A,N/A,
19946,Default,Burned For Fuel,Other Sheep,South Asia,0,N/A,N/A,
19947,Default,Pit<1Month,Other Sheep,South Asia,0,N/A,N/A,
19949,Default,Poultry Manure,Other Sheep,South Asia,0,N/A,N/A,
19950,Default,Deep Bedding,Other Sheep,South Asia,0,N/A,N/A,
19951,Default,Composting,Other Sheep,South Asia,0,N/A,N/A,
19952,Default,Aerobic Treatment,Other Sheep,South Asia,0,N/A,N/A,
19953,High-Productivity,Lagoon,Goats,Sub-Saharan Africa,0,N/A,N/A,
19954,High-Productivity,Liquid/Slurry,Goats,Sub-Saharan Africa,0,N/A,N/A,
19955,High-Productivity,Solid Storage,Goats,Sub-Saharan Africa,17,N/A,N/A,
19956,High-Productivity,Dry Lot,Goats,Sub-Saharan Africa,3,N/A,N/A,
19957,High-Productivity,Pasture/Range/Paddock,Goats,Sub-Saharan Africa,80,N/A,N/A,
19958,High-Productivity,Daily Spread,Goats,Sub-Saharan Africa,0,N/A,N/A,
19959,High-Productivity,Digester,Goats,Sub-Saharan Africa,0,N/A,N/A,
19960,High-Productivity,Burned For Fuel,Goats,Sub-Saharan Africa,0,N/A,N/A,
19961,High-Productivity,Pit<1Month,Goats,Sub-Saharan Africa,0,N/A,N/A,
19963,High-Productivity,Poultry Manure,Goats,Sub-Saharan Africa,0,N/A,N/A,
19964,High-Productivity,Deep Bedding,Goats,Sub-Saharan Africa,0,N/A,N/A,
19965,High-Productivity,Composting,Goats,Sub-Saharan Africa,0,N/A,N/A,
19966,High-Productivity,Aerobic Treatment,Goats,Sub-Saharan Africa,0,N/A,N/A,
19967,High-Productivity,Lagoon,Goats,East Asia And South-East Asia,0,N/A,N/A,
19968,High-Productivity,Liquid/Slurry,Goats,East Asia And South-East Asia,0,N/A,N/A,
19969,High-Productivity,Solid Storage,Goats,East Asia And South-East Asia,50,N/A,N/A,
19970,High-Productivity,Dry Lot,Goats,East Asia And South-East Asia,0,N/A,N/A,
19971,High-Productivity,Pasture/Range/Paddock,Goats,East Asia And South-East Asia,50,N/A,N/A,
19972,High-Productivity,Daily Spread,Goats,East Asia And South-East Asia,0,N/A,N/A,
19973,High-Productivity,Digester,Goats,East Asia And South-East Asia,0,N/A,N/A,
19974,High-Productivity,Burned For Fuel,Goats,East Asia And South-East Asia,0,N/A,N/A,
19975,High-Productivity,Pit<1Month,Goats,East Asia And South-East Asia,0,N/A,N/A,
19977,High-Productivity,Poultry Manure,Goats,East Asia And South-East Asia,0,N/A,N/A,
19978,High-Productivity,Deep Bedding,Goats,East Asia And South-East Asia,0,N/A,N/A,
19979,High-Productivity,Composting,Goats,East Asia And South-East Asia,0,N/A,N/A,
19980,High-Productivity,Aerobic Treatment,Goats,East Asia And South-East Asia,0,N/A,N/A,
19981,High-Productivity,Lagoon,Goats,North America,0,N/A,N/A,
19982,High-Productivity,Liquid/Slurry,Goats,North America,0,N/A,N/A,
19983,High-Productivity,Solid Storage,Goats,North America,50,N/A,N/A,
19984,High-Productivity,Dry Lot,Goats,North America,0,N/A,N/A,
19985,High-Productivity,Pasture/Range/Paddock,Goats,North America,50,N/A,N/A,
19986,High-Productivity,Daily Spread,Goats,North America,0,N/A,N/A,
19987,High-Productivity,Digester,Goats,North America,0,N/A,N/A,
19988,High-Productivity,Burned For Fuel,Goats,North America,0,N/A,N/A,
19989,High-Productivity,Pit<1Month,Goats,North America,0,N/A,N/A,
19991,High-Productivity,Poultry Manure,Goats,North America,0,N/A,N/A,
19992,High-Productivity,Deep Bedding,Goats,North America,0,N/A,N/A,
19993,High-Productivity,Composting,Goats,North America,0,N/A,N/A,
19994,High-Productivity,Aerobic Treatment,Goats,North America,0,N/A,N/A,
19995,High-Productivity,Lagoon,Goats,Latin America And The Caribbean,0,N/A,N/A,
19996,High-Productivity,Liquid/Slurry,Goats,Latin America And The Caribbean,0,N/A,N/A,
19997,High-Productivity,Solid Storage,Goats,Latin America And The Caribbean,17,N/A,N/A,
19998,High-Productivity,Dry Lot,Goats,Latin America And The Caribbean,3,N/A,N/A,
19999,High-Productivity,Pasture/Range/Paddock,Goats,Latin America And The Caribbean,80,N/A,N/A,
20000,High-Productivity,Daily Spread,Goats,Latin America And The Caribbean,0,N/A,N/A,
20001,High-Productivity,Digester,Goats,Latin America And The Caribbean,0,N/A,N/A,
20002,High-Productivity,Burned For Fuel,Goats,Latin America And The Caribbean,0,N/A,N/A,
20003,High-Productivity,Pit<1Month,Goats,Latin America And The Caribbean,0,N/A,N/A,
20005,High-Productivity,Poultry Manure,Goats,Latin America And The Caribbean,0,N/A,N/A,
20006,High-Productivity,Deep Bedding,Goats,Latin America And The Caribbean,0,N/A,N/A,
20007,High-Productivity,Composting,Goats,Latin America And The Caribbean,0,N/A,N/A,
20008,High-Productivity,Aerobic Treatment,Goats,Latin America And The Caribbean,0,N/A,N/A,
20009,High-Productivity,Lagoon,Goats,Western Europe,0,N/A,N/A,
20010,High-Productivity,Liquid/Slurry,Goats,Western Europe,0,N/A,N/A,
20011,High-Productivity,Solid Storage,Goats,Western Europe,28,N/A,N/A,
20012,High-Productivity,Dry Lot,Goats,Western Europe,0,N/A,N/A,
20013,High-Productivity,Pasture/Range/Paddock,Goats,Western Europe,72,N/A,N/A,
20014,High-Productivity,Daily Spread,Goats,Western Europe,0,N/A,N/A,
20015,High-Productivity,Digester,Goats,Western Europe,0,N/A,N/A,
20016,High-Productivity,Burned For Fuel,Goats,Western Europe,0,N/A,N/A,
20017,High-Productivity,Pit<1Month,Goats,Western Europe,0,N/A,N/A,
20019,High-Productivity,Poultry Manure,Goats,Western Europe,0,N/A,N/A,
20020,High-Productivity,Deep Bedding,Goats,Western Europe,0,N/A,N/A,
20021,High-Productivity,Composting,Goats,Western Europe,0,N/A,N/A,
20022,High-Productivity,Aerobic Treatment,Goats,Western Europe,0,N/A,N/A,
20023,High-Productivity,Lagoon,Goats,Eastern Europe,0,N/A,N/A,
20024,High-Productivity,Liquid/Slurry,Goats,Eastern Europe,0,N/A,N/A,
20025,High-Productivity,Solid Storage,Goats,Eastern Europe,9,N/A,N/A,
20026,High-Productivity,Dry Lot,Goats,Eastern Europe,0,N/A,N/A,
20027,High-Productivity,Pasture/Range/Paddock,Goats,Eastern Europe,91,N/A,N/A,
20028,High-Productivity,Daily Spread,Goats,Eastern Europe,0,N/A,N/A,
20029,High-Productivity,Digester,Goats,Eastern Europe,0,N/A,N/A,
20030,High-Productivity,Burned For Fuel,Goats,Eastern Europe,0,N/A,N/A,
20031,High-Productivity,Pit<1Month,Goats,Eastern Europe,0,N/A,N/A,
20033,High-Productivity,Poultry Manure,Goats,Eastern Europe,0,N/A,N/A,
20034,High-Productivity,Deep Bedding,Goats,Eastern Europe,0,N/A,N/A,
20035,High-Productivity,Composting,Goats,Eastern Europe,0,N/A,N/A,
20036,High-Productivity,Aerobic Treatment,Goats,Eastern Europe,0,N/A,N/A,
20037,High-Productivity,Lagoon,Goats,Russian Federation,0,N/A,N/A,
20038,High-Productivity,Liquid/Slurry,Goats,Russian Federation,0,N/A,N/A,
20039,High-Productivity,Solid Storage,Goats,Russian Federation,82,N/A,N/A,
20040,High-Productivity,Dry Lot,Goats,Russian Federation,0,N/A,N/A,
20041,High-Productivity,Pasture/Range/Paddock,Goats,Russian Federation,18,N/A,N/A,
20042,High-Productivity,Daily Spread,Goats,Russian Federation,0,N/A,N/A,
20043,High-Productivity,Digester,Goats,Russian Federation,0,N/A,N/A,
20044,High-Productivity,Burned For Fuel,Goats,Russian Federation,0,N/A,N/A,
20045,High-Productivity,Pit<1Month,Goats,Russian Federation,0,N/A,N/A,
20047,High-Productivity,Poultry Manure,Goats,Russian Federation,0,N/A,N/A,
20048,High-Productivity,Deep Bedding,Goats,Russian Federation,0,N/A,N/A,
20049,High-Productivity,Composting,Goats,Russian Federation,0,N/A,N/A,
20050,High-Productivity,Aerobic Treatment,Goats,Russian Federation,0,N/A,N/A,
20051,High-Productivity,Lagoon,Goats,Oceania,0,N/A,N/A,
20052,High-Productivity,Liquid/Slurry,Goats,Oceania,0,N/A,N/A,
20053,High-Productivity,Solid Storage,Goats,Oceania,0,N/A,N/A,
20054,High-Productivity,Dry Lot,Goats,Oceania,0,N/A,N/A,
20055,High-Productivity,Pasture/Range/Paddock,Goats,Oceania,100,N/A,N/A,
20056,High-Productivity,Daily Spread,Goats,Oceania,0,N/A,N/A,
20057,High-Productivity,Digester,Goats,Oceania,0,N/A,N/A,
20058,High-Productivity,Burned For Fuel,Goats,Oceania,0,N/A,N/A,
20059,High-Productivity,Pit<1Month,Goats,Oceania,0,N/A,N/A,
20061,High-Productivity,Poultry Manure,Goats,Oceania,0,N/A,N/A,
20062,High-Productivity,Deep Bedding,Goats,Oceania,0,N/A,N/A,
20063,High-Productivity,Composting,Goats,Oceania,0,N/A,N/A,
20064,High-Productivity,Aerobic Treatment,Goats,Oceania,0,N/A,N/A,
20065,High-Productivity,Lagoon,Goats,NENA/Middle East,0,N/A,N/A,
20066,High-Productivity,Liquid/Slurry,Goats,NENA/Middle East,0,N/A,N/A,
20067,High-Productivity,Solid Storage,Goats,NENA/Middle East,0,N/A,N/A,
20068,High-Productivity,Dry Lot,Goats,NENA/Middle East,50,N/A,N/A,
20069,High-Productivity,Pasture/Range/Paddock,Goats,NENA/Middle East,50,N/A,N/A,
20070,High-Productivity,Daily Spread,Goats,NENA/Middle East,0,N/A,N/A,
20071,High-Productivity,Digester,Goats,NENA/Middle East,0,N/A,N/A,
20072,High-Productivity,Burned For Fuel,Goats,NENA/Middle East,0,N/A,N/A,
20073,High-Productivity,Pit<1Month,Goats,NENA/Middle East,0,N/A,N/A,
20075,High-Productivity,Poultry Manure,Goats,NENA/Middle East,0,N/A,N/A,
20076,High-Productivity,Deep Bedding,Goats,NENA/Middle East,0,N/A,N/A,
20077,High-Productivity,Composting,Goats,NENA/Middle East,0,N/A,N/A,
20078,High-Productivity,Aerobic Treatment,Goats,NENA/Middle East,0,N/A,N/A,
20079,High-Productivity,Lagoon,Goats,South Asia,0,N/A,N/A,
20080,High-Productivity,Liquid/Slurry,Goats,South Asia,0,N/A,N/A,
20081,High-Productivity,Solid Storage,Goats,South Asia,50,N/A,N/A,
20082,High-Productivity,Dry Lot,Goats,South Asia,0,N/A,N/A,
20083,High-Productivity,Pasture/Range/Paddock,Goats,South Asia,50,N/A,N/A,
20084,High-Productivity,Daily Spread,Goats,South Asia,0,N/A,N/A,
20085,High-Productivity,Digester,Goats,South Asia,0,N/A,N/A,
20086,High-Productivity,Burned For Fuel,Goats,South Asia,0,N/A,N/A,
20087,High-Productivity,Pit<1Month,Goats,South Asia,0,N/A,N/A,
20089,High-Productivity,Poultry Manure,Goats,South Asia,0,N/A,N/A,
20090,High-Productivity,Deep Bedding,Goats,South Asia,0,N/A,N/A,
20091,High-Productivity,Composting,Goats,South Asia,0,N/A,N/A,
20092,High-Productivity,Aerobic Treatment,Goats,South Asia,0,N/A,N/A,
20093,Low-Productivity,Lagoon,Goats,Sub-Saharan Africa,0,N/A,N/A,
20094,Low-Productivity,Liquid/Slurry,Goats,Sub-Saharan Africa,0,N/A,N/A,
20095,Low-Productivity,Solid Storage,Goats,Sub-Saharan Africa,17,N/A,N/A,
20096,Low-Productivity,Dry Lot,Goats,Sub-Saharan Africa,3,N/A,N/A,
20097,Low-Productivity,Pasture/Range/Paddock,Goats,Sub-Saharan Africa,80,N/A,N/A,
20098,Low-Productivity,Daily Spread,Goats,Sub-Saharan Africa,0,N/A,N/A,
20099,Low-Productivity,Digester,Goats,Sub-Saharan Africa,0,N/A,N/A,
20100,Low-Productivity,Burned For Fuel,Goats,Sub-Saharan Africa,0,N/A,N/A,
20101,Low-Productivity,Pit<1Month,Goats,Sub-Saharan Africa,0,N/A,N/A,
20103,Low-Productivity,Poultry Manure,Goats,Sub-Saharan Africa,0,N/A,N/A,
20104,Low-Productivity,Deep Bedding,Goats,Sub-Saharan Africa,0,N/A,N/A,
20105,Low-Productivity,Composting,Goats,Sub-Saharan Africa,0,N/A,N/A,
20106,Low-Productivity,Aerobic Treatment,Goats,Sub-Saharan Africa,0,N/A,N/A,
20107,Low-Productivity,Lagoon,Goats,East Asia And South-East Asia,0,N/A,N/A,
20108,Low-Productivity,Liquid/Slurry,Goats,East Asia And South-East Asia,0,N/A,N/A,
20109,Low-Productivity,Solid Storage,Goats,East Asia And South-East Asia,50,N/A,N/A,
20110,Low-Productivity,Dry Lot,Goats,East Asia And South-East Asia,0,N/A,N/A,
20111,Low-Productivity,Pasture/Range/Paddock,Goats,East Asia And South-East Asia,50,N/A,N/A,
20112,Low-Productivity,Daily Spread,Goats,East Asia And South-East Asia,0,N/A,N/A,
20113,Low-Productivity,Digester,Goats,East Asia And South-East Asia,0,N/A,N/A,
20114,Low-Productivity,Burned For Fuel,Goats,East Asia And South-East Asia,0,N/A,N/A,
20115,Low-Productivity,Pit<1Month,Goats,East Asia And South-East Asia,0,N/A,N/A,
20117,Low-Productivity,Poultry Manure,Goats,East Asia And South-East Asia,0,N/A,N/A,
20118,Low-Productivity,Deep Bedding,Goats,East Asia And South-East Asia,0,N/A,N/A,
20119,Low-Productivity,Composting,Goats,East Asia And South-East Asia,0,N/A,N/A,
20120,Low-Productivity,Aerobic Treatment,Goats,East Asia And South-East Asia,0,N/A,N/A,
20121,Low-Productivity,Lagoon,Goats,North America,0,N/A,N/A,
20122,Low-Productivity,Liquid/Slurry,Goats,North America,0,N/A,N/A,
20123,Low-Productivity,Solid Storage,Goats,North America,50,N/A,N/A,
20124,Low-Productivity,Dry Lot,Goats,North America,0,N/A,N/A,
20125,Low-Productivity,Pasture/Range/Paddock,Goats,North America,50,N/A,N/A,
20126,Low-Productivity,Daily Spread,Goats,North America,0,N/A,N/A,
20127,Low-Productivity,Digester,Goats,North America,0,N/A,N/A,
20128,Low-Productivity,Burned For Fuel,Goats,North America,0,N/A,N/A,
20129,Low-Productivity,Pit<1Month,Goats,North America,0,N/A,N/A,
20131,Low-Productivity,Poultry Manure,Goats,North America,0,N/A,N/A,
20132,Low-Productivity,Deep Bedding,Goats,North America,0,N/A,N/A,
20133,Low-Productivity,Composting,Goats,North America,0,N/A,N/A,
20134,Low-Productivity,Aerobic Treatment,Goats,North America,0,N/A,N/A,
20135,Low-Productivity,Lagoon,Goats,Latin America And The Caribbean,0,N/A,N/A,
20136,Low-Productivity,Liquid/Slurry,Goats,Latin America And The Caribbean,0,N/A,N/A,
20137,Low-Productivity,Solid Storage,Goats,Latin America And The Caribbean,17,N/A,N/A,
20138,Low-Productivity,Dry Lot,Goats,Latin America And The Caribbean,3,N/A,N/A,
20139,Low-Productivity,Pasture/Range/Paddock,Goats,Latin America And The Caribbean,80,N/A,N/A,
20140,Low-Productivity,Daily Spread,Goats,Latin America And The Caribbean,0,N/A,N/A,
20141,Low-Productivity,Digester,Goats,Latin America And The Caribbean,0,N/A,N/A,
20142,Low-Productivity,Burned For Fuel,Goats,Latin America And The Caribbean,0,N/A,N/A,
20143,Low-Productivity,Pit<1Month,Goats,Latin America And The Caribbean,0,N/A,N/A,
20145,Low-Productivity,Poultry Manure,Goats,Latin America And The Caribbean,0,N/A,N/A,
20146,Low-Productivity,Deep Bedding,Goats,Latin America And The Caribbean,0,N/A,N/A,
20147,Low-Productivity,Composting,Goats,Latin America And The Caribbean,0,N/A,N/A,
20148,Low-Productivity,Aerobic Treatment,Goats,Latin America And The Caribbean,0,N/A,N/A,
20149,Low-Productivity,Lagoon,Goats,Western Europe,0,N/A,N/A,
20150,Low-Productivity,Liquid/Slurry,Goats,Western Europe,0,N/A,N/A,
20151,Low-Productivity,Solid Storage,Goats,Western Europe,28,N/A,N/A,
20152,Low-Productivity,Dry Lot,Goats,Western Europe,0,N/A,N/A,
20153,Low-Productivity,Pasture/Range/Paddock,Goats,Western Europe,72,N/A,N/A,
20154,Low-Productivity,Daily Spread,Goats,Western Europe,0,N/A,N/A,
20155,Low-Productivity,Digester,Goats,Western Europe,0,N/A,N/A,
20156,Low-Productivity,Burned For Fuel,Goats,Western Europe,0,N/A,N/A,
20157,Low-Productivity,Pit<1Month,Goats,Western Europe,0,N/A,N/A,
20159,Low-Productivity,Poultry Manure,Goats,Western Europe,0,N/A,N/A,
20160,Low-Productivity,Deep Bedding,Goats,Western Europe,0,N/A,N/A,
20161,Low-Productivity,Composting,Goats,Western Europe,0,N/A,N/A,
20162,Low-Productivity,Aerobic Treatment,Goats,Western Europe,0,N/A,N/A,
20163,Low-Productivity,Lagoon,Goats,Eastern Europe,0,N/A,N/A,
20164,Low-Productivity,Liquid/Slurry,Goats,Eastern Europe,0,N/A,N/A,
20165,Low-Productivity,Solid Storage,Goats,Eastern Europe,9,N/A,N/A,
20166,Low-Productivity,Dry Lot,Goats,Eastern Europe,0,N/A,N/A,
20167,Low-Productivity,Pasture/Range/Paddock,Goats,Eastern Europe,91,N/A,N/A,
20168,Low-Productivity,Daily Spread,Goats,Eastern Europe,0,N/A,N/A,
20169,Low-Productivity,Digester,Goats,Eastern Europe,0,N/A,N/A,
20170,Low-Productivity,Burned For Fuel,Goats,Eastern Europe,0,N/A,N/A,
20171,Low-Productivity,Pit<1Month,Goats,Eastern Europe,0,N/A,N/A,
20173,Low-Productivity,Poultry Manure,Goats,Eastern Europe,0,N/A,N/A,
20174,Low-Productivity,Deep Bedding,Goats,Eastern Europe,0,N/A,N/A,
20175,Low-Productivity,Composting,Goats,Eastern Europe,0,N/A,N/A,
20176,Low-Productivity,Aerobic Treatment,Goats,Eastern Europe,0,N/A,N/A,
20177,Low-Productivity,Lagoon,Goats,Russian Federation,0,N/A,N/A,
20178,Low-Productivity,Liquid/Slurry,Goats,Russian Federation,0,N/A,N/A,
20179,Low-Productivity,Solid Storage,Goats,Russian Federation,82,N/A,N/A,
20180,Low-Productivity,Dry Lot,Goats,Russian Federation,0,N/A,N/A,
20181,Low-Productivity,Pasture/Range/Paddock,Goats,Russian Federation,18,N/A,N/A,
20182,Low-Productivity,Daily Spread,Goats,Russian Federation,0,N/A,N/A,
20183,Low-Productivity,Digester,Goats,Russian Federation,0,N/A,N/A,
20184,Low-Productivity,Burned For Fuel,Goats,Russian Federation,0,N/A,N/A,
20185,Low-Productivity,Pit<1Month,Goats,Russian Federation,0,N/A,N/A,
20187,Low-Productivity,Poultry Manure,Goats,Russian Federation,0,N/A,N/A,
20188,Low-Productivity,Deep Bedding,Goats,Russian Federation,0,N/A,N/A,
20189,Low-Productivity,Composting,Goats,Russian Federation,0,N/A,N/A,
20190,Low-Productivity,Aerobic Treatment,Goats,Russian Federation,0,N/A,N/A,
20191,Low-Productivity,Lagoon,Goats,Oceania,0,N/A,N/A,
20192,Low-Productivity,Liquid/Slurry,Goats,Oceania,0,N/A,N/A,
20193,Low-Productivity,Solid Storage,Goats,Oceania,0,N/A,N/A,
20194,Low-Productivity,Dry Lot,Goats,Oceania,0,N/A,N/A,
20195,Low-Productivity,Pasture/Range/Paddock,Goats,Oceania,100,N/A,N/A,
20196,Low-Productivity,Daily Spread,Goats,Oceania,0,N/A,N/A,
20197,Low-Productivity,Digester,Goats,Oceania,0,N/A,N/A,
20198,Low-Productivity,Burned For Fuel,Goats,Oceania,0,N/A,N/A,
20199,Low-Productivity,Pit<1Month,Goats,Oceania,0,N/A,N/A,
20201,Low-Productivity,Poultry Manure,Goats,Oceania,0,N/A,N/A,
20202,Low-Productivity,Deep Bedding,Goats,Oceania,0,N/A,N/A,
20203,Low-Productivity,Composting,Goats,Oceania,0,N/A,N/A,
20204,Low-Productivity,Aerobic Treatment,Goats,Oceania,0,N/A,N/A,
20205,Low-Productivity,Lagoon,Goats,NENA/Middle East,0,N/A,N/A,
20206,Low-Productivity,Liquid/Slurry,Goats,NENA/Middle East,0,N/A,N/A,
20207,Low-Productivity,Solid Storage,Goats,NENA/Middle East,0,N/A,N/A,
20208,Low-Productivity,Dry Lot,Goats,NENA/Middle East,50,N/A,N/A,
20209,Low-Productivity,Pasture/Range/Paddock,Goats,NENA/Middle East,50,N/A,N/A,
20210,Low-Productivity,Daily Spread,Goats,NENA/Middle East,0,N/A,N/A,
20211,Low-Productivity,Digester,Goats,NENA/Middle East,0,N/A,N/A,
20212,Low-Productivity,Burned For Fuel,Goats,NENA/Middle East,0,N/A,N/A,
20213,Low-Productivity,Pit<1Month,Goats,NENA/Middle East,0,N/A,N/A,
20215,Low-Productivity,Poultry Manure,Goats,NENA/Middle East,0,N/A,N/A,
20216,Low-Productivity,Deep Bedding,Goats,NENA/Middle East,0,N/A,N/A,
20217,Low-Productivity,Composting,Goats,NENA/Middle East,0,N/A,N/A,
20218,Low-Productivity,Aerobic Treatment,Goats,NENA/Middle East,0,N/A,N/A,
20219,Low-Productivity,Lagoon,Goats,South Asia,0,N/A,N/A,
20220,Low-Productivity,Liquid/Slurry,Goats,South Asia,0,N/A,N/A,
20221,Low-Productivity,Solid Storage,Goats,South Asia,50,N/A,N/A,
20222,Low-Productivity,Dry Lot,Goats,South Asia,0,N/A,N/A,
20223,Low-Productivity,Pasture/Range/Paddock,Goats,South Asia,50,N/A,N/A,
20224,Low-Productivity,Daily Spread,Goats,South Asia,0,N/A,N/A,
20225,Low-Productivity,Digester,Goats,South Asia,0,N/A,N/A,
20226,Low-Productivity,Burned For Fuel,Goats,South Asia,0,N/A,N/A,
20227,Low-Productivity,Pit<1Month,Goats,South Asia,0,N/A,N/A,
20229,Low-Productivity,Poultry Manure,Goats,South Asia,0,N/A,N/A,
20230,Low-Productivity,Deep Bedding,Goats,South Asia,0,N/A,N/A,
20231,Low-Productivity,Composting,Goats,South Asia,0,N/A,N/A,
20232,Low-Productivity,Aerobic Treatment,Goats,South Asia,0,N/A,N/A,
20233,Default,Lagoon,Goats,Sub-Saharan Africa,0,N/A,N/A,
20234,Default,Liquid/Slurry,Goats,Sub-Saharan Africa,0,N/A,N/A,
20235,Default,Solid Storage,Goats,Sub-Saharan Africa,17,N/A,N/A,
20236,Default,Dry Lot,Goats,Sub-Saharan Africa,3,N/A,N/A,
20237,Default,Pasture/Range/Paddock,Goats,Sub-Saharan Africa,80,N/A,N/A,
20238,Default,Daily Spread,Goats,Sub-Saharan Africa,0,N/A,N/A,
20239,Default,Digester,Goats,Sub-Saharan Africa,0,N/A,N/A,
20240,Default,Burned For Fuel,Goats,Sub-Saharan Africa,0,N/A,N/A,
20241,Default,Pit<1Month,Goats,Sub-Saharan Africa,0,N/A,N/A,
20243,Default,Poultry Manure,Goats,Sub-Saharan Africa,0,N/A,N/A,
20244,Default,Deep Bedding,Goats,Sub-Saharan Africa,0,N/A,N/A,
20245,Default,Composting,Goats,Sub-Saharan Africa,0,N/A,N/A,
20246,Default,Aerobic Treatment,Goats,Sub-Saharan Africa,0,N/A,N/A,
20247,Default,Lagoon,Goats,East Asia And South-East Asia,0,N/A,N/A,
20248,Default,Liquid/Slurry,Goats,East Asia And South-East Asia,0,N/A,N/A,
20249,Default,Solid Storage,Goats,East Asia And South-East Asia,50,N/A,N/A,
20250,Default,Dry Lot,Goats,East Asia And South-East Asia,0,N/A,N/A,
20251,Default,Pasture/Range/Paddock,Goats,East Asia And South-East Asia,50,N/A,N/A,
20252,Default,Daily Spread,Goats,East Asia And South-East Asia,0,N/A,N/A,
20253,Default,Digester,Goats,East Asia And South-East Asia,0,N/A,N/A,
20254,Default,Burned For Fuel,Goats,East Asia And South-East Asia,0,N/A,N/A,
20255,Default,Pit<1Month,Goats,East Asia And South-East Asia,0,N/A,N/A,
20257,Default,Poultry Manure,Goats,East Asia And South-East Asia,0,N/A,N/A,
20258,Default,Deep Bedding,Goats,East Asia And South-East Asia,0,N/A,N/A,
20259,Default,Composting,Goats,East Asia And South-East Asia,0,N/A,N/A,
20260,Default,Aerobic Treatment,Goats,East Asia And South-East Asia,0,N/A,N/A,
20261,Default,Lagoon,Goats,North America,0,N/A,N/A,
20262,Default,Liquid/Slurry,Goats,North America,0,N/A,N/A,
20263,Default,Solid Storage,Goats,North America,50,N/A,N/A,
20264,Default,Dry Lot,Goats,North America,0,N/A,N/A,
20265,Default,Pasture/Range/Paddock,Goats,North America,50,N/A,N/A,
20266,Default,Daily Spread,Goats,North America,0,N/A,N/A,
20267,Default,Digester,Goats,North America,0,N/A,N/A,
20268,Default,Burned For Fuel,Goats,North America,0,N/A,N/A,
20269,Default,Pit<1Month,Goats,North America,0,N/A,N/A,
20271,Default,Poultry Manure,Goats,North America,0,N/A,N/A,
20272,Default,Deep Bedding,Goats,North America,0,N/A,N/A,
20273,Default,Composting,Goats,North America,0,N/A,N/A,
20274,Default,Aerobic Treatment,Goats,North America,0,N/A,N/A,
20275,Default,Lagoon,Goats,Latin America And The Caribbean,0,N/A,N/A,
20276,Default,Liquid/Slurry,Goats,Latin America And The Caribbean,0,N/A,N/A,
20277,Default,Solid Storage,Goats,Latin America And The Caribbean,17,N/A,N/A,
20278,Default,Dry Lot,Goats,Latin America And The Caribbean,3,N/A,N/A,
20279,Default,Pasture/Range/Paddock,Goats,Latin America And The Caribbean,80,N/A,N/A,
20280,Default,Daily Spread,Goats,Latin America And The Caribbean,0,N/A,N/A,
20281,Default,Digester,Goats,Latin America And The Caribbean,0,N/A,N/A,
20282,Default,Burned For Fuel,Goats,Latin America And The Caribbean,0,N/A,N/A,
20283,Default,Pit<1Month,Goats,Latin America And The Caribbean,0,N/A,N/A,
20285,Default,Poultry Manure,Goats,Latin America And The Caribbean,0,N/A,N/A,
20286,Default,Deep Bedding,Goats,Latin America And The Caribbean,0,N/A,N/A,
20287,Default,Composting,Goats,Latin America And The Caribbean,0,N/A,N/A,
20288,Default,Aerobic Treatment,Goats,Latin America And The Caribbean,0,N/A,N/A,
20289,Default,Lagoon,Goats,Western Europe,0,N/A,N/A,
20290,Default,Liquid/Slurry,Goats,Western Europe,0,N/A,N/A,
20291,Default,Solid Storage,Goats,Western Europe,28,N/A,N/A,
20292,Default,Dry Lot,Goats,Western Europe,0,N/A,N/A,
20293,Default,Pasture/Range/Paddock,Goats,Western Europe,72,N/A,N/A,
20294,Default,Daily Spread,Goats,Western Europe,0,N/A,N/A,
20295,Default,Digester,Goats,Western Europe,0,N/A,N/A,
20296,Default,Burned For Fuel,Goats,Western Europe,0,N/A,N/A,
20297,Default,Pit<1Month,Goats,Western Europe,0,N/A,N/A,
20299,Default,Poultry Manure,Goats,Western Europe,0,N/A,N/A,
20300,Default,Deep Bedding,Goats,Western Europe,0,N/A,N/A,
20301,Default,Composting,Goats,Western Europe,0,N/A,N/A,
20302,Default,Aerobic Treatment,Goats,Western Europe,0,N/A,N/A,
20303,Default,Lagoon,Goats,Eastern Europe,0,N/A,N/A,
20304,Default,Liquid/Slurry,Goats,Eastern Europe,0,N/A,N/A,
20305,Default,Solid Storage,Goats,Eastern Europe,9,N/A,N/A,
20306,Default,Dry Lot,Goats,Eastern Europe,0,N/A,N/A,
20307,Default,Pasture/Range/Paddock,Goats,Eastern Europe,91,N/A,N/A,
20308,Default,Daily Spread,Goats,Eastern Europe,0,N/A,N/A,
20309,Default,Digester,Goats,Eastern Europe,0,N/A,N/A,
20310,Default,Burned For Fuel,Goats,Eastern Europe,0,N/A,N/A,
20311,Default,Pit<1Month,Goats,Eastern Europe,0,N/A,N/A,
20313,Default,Poultry Manure,Goats,Eastern Europe,0,N/A,N/A,
20314,Default,Deep Bedding,Goats,Eastern Europe,0,N/A,N/A,
20315,Default,Composting,Goats,Eastern Europe,0,N/A,N/A,
20316,Default,Aerobic Treatment,Goats,Eastern Europe,0,N/A,N/A,
20317,Default,Lagoon,Goats,Russian Federation,0,N/A,N/A,
20318,Default,Liquid/Slurry,Goats,Russian Federation,0,N/A,N/A,
20319,Default,Solid Storage,Goats,Russian Federation,82,N/A,N/A,
20320,Default,Dry Lot,Goats,Russian Federation,0,N/A,N/A,
20321,Default,Pasture/Range/Paddock,Goats,Russian Federation,18,N/A,N/A,
20322,Default,Daily Spread,Goats,Russian Federation,0,N/A,N/A,
20323,Default,Digester,Goats,Russian Federation,0,N/A,N/A,
20324,Default,Burned For Fuel,Goats,Russian Federation,0,N/A,N/A,
20325,Default,Pit<1Month,Goats,Russian Federation,0,N/A,N/A,
20327,Default,Poultry Manure,Goats,Russian Federation,0,N/A,N/A,
20328,Default,Deep Bedding,Goats,Russian Federation,0,N/A,N/A,
20329,Default,Composting,Goats,Russian Federation,0,N/A,N/A,
20330,Default,Aerobic Treatment,Goats,Russian Federation,0,N/A,N/A,
20331,Default,Lagoon,Goats,Oceania,0,N/A,N/A,
20332,Default,Liquid/Slurry,Goats,Oceania,0,N/A,N/A,
20333,Default,Solid Storage,Goats,Oceania,0,N/A,N/A,
20334,Default,Dry Lot,Goats,Oceania,0,N/A,N/A,
20335,Default,Pasture/Range/Paddock,Goats,Oceania,100,N/A,N/A,
20336,Default,Daily Spread,Goats,Oceania,0,N/A,N/A,
20337,Default,Digester,Goats,Oceania,0,N/A,N/A,
20338,Default,Burned For Fuel,Goats,Oceania,0,N/A,N/A,
20339,Default,Pit<1Month,Goats,Oceania,0,N/A,N/A,
20341,Default,Poultry Manure,Goats,Oceania,0,N/A,N/A,
20342,Default,Deep Bedding,Goats,Oceania,0,N/A,N/A,
20343,Default,Composting,Goats,Oceania,0,N/A,N/A,
20344,Default,Aerobic Treatment,Goats,Oceania,0,N/A,N/A,
20345,Default,Lagoon,Goats,NENA/Middle East,0,N/A,N/A,
20346,Default,Liquid/Slurry,Goats,NENA/Middle East,0,N/A,N/A,
20347,Default,Solid Storage,Goats,NENA/Middle East,0,N/A,N/A,
20348,Default,Dry Lot,Goats,NENA/Middle East,50,N/A,N/A,
20349,Default,Pasture/Range/Paddock,Goats,NENA/Middle East,50,N/A,N/A,
20350,Default,Daily Spread,Goats,NENA/Middle East,0,N/A,N/A,
20351,Default,Digester,Goats,NENA/Middle East,0,N/A,N/A,
20352,Default,Burned For Fuel,Goats,NENA/Middle East,0,N/A,N/A,
20353,Default,Pit<1Month,Goats,NENA/Middle East,0,N/A,N/A,
20355,Default,Poultry Manure,Goats,NENA/Middle East,0,N/A,N/A,
20356,Default,Deep Bedding,Goats,NENA/Middle East,0,N/A,N/A,
20357,Default,Composting,Goats,NENA/Middle East,0,N/A,N/A,
20358,Default,Aerobic Treatment,Goats,NENA/Middle East,0,N/A,N/A,
20359,Default,Lagoon,Goats,South Asia,0,N/A,N/A,
20360,Default,Liquid/Slurry,Goats,South Asia,0,N/A,N/A,
20361,Default,Solid Storage,Goats,South Asia,50,N/A,N/A,
20362,Default,Dry Lot,Goats,South Asia,0,N/A,N/A,
20363,Default,Pasture/Range/Paddock,Goats,South Asia,50,N/A,N/A,
20364,Default,Daily Spread,Goats,South Asia,0,N/A,N/A,
20365,Default,Digester,Goats,South Asia,0,N/A,N/A,
20366,Default,Burned For Fuel,Goats,South Asia,0,N/A,N/A,
20367,Default,Pit<1Month,Goats,South Asia,0,N/A,N/A,
20369,Default,Poultry Manure,Goats,South Asia,0,N/A,N/A,
20370,Default,Deep Bedding,Goats,South Asia,0,N/A,N/A,
20371,Default,Composting,Goats,South Asia,0,N/A,N/A,
20372,Default,Aerobic Treatment,Goats,South Asia,0,N/A,N/A,
20373,High-Productivity,Lagoon,Camels,Sub-Saharan Africa,0,N/A,N/A,
20374,High-Productivity,Liquid/Slurry,Camels,Sub-Saharan Africa,0,N/A,N/A,
20375,High-Productivity,Solid Storage,Camels,Sub-Saharan Africa,17,N/A,N/A,
20376,High-Productivity,Dry Lot,Camels,Sub-Saharan Africa,3,N/A,N/A,
20377,High-Productivity,Pasture/Range/Paddock,Camels,Sub-Saharan Africa,80,N/A,N/A,
20378,High-Productivity,Daily Spread,Camels,Sub-Saharan Africa,0,N/A,N/A,
20379,High-Productivity,Digester,Camels,Sub-Saharan Africa,0,N/A,N/A,
20380,High-Productivity,Burned For Fuel,Camels,Sub-Saharan Africa,0,N/A,N/A,
20381,High-Productivity,Pit<1Month,Camels,Sub-Saharan Africa,0,N/A,N/A,
20383,High-Productivity,Poultry Manure,Camels,Sub-Saharan Africa,0,N/A,N/A,
20384,High-Productivity,Deep Bedding,Camels,Sub-Saharan Africa,0,N/A,N/A,
20385,High-Productivity,Composting,Camels,Sub-Saharan Africa,0,N/A,N/A,
20386,High-Productivity,Aerobic Treatment,Camels,Sub-Saharan Africa,0,N/A,N/A,
20387,High-Productivity,Lagoon,Camels,East Asia And South-East Asia,0,N/A,N/A,
20388,High-Productivity,Liquid/Slurry,Camels,East Asia And South-East Asia,0,N/A,N/A,
20389,High-Productivity,Solid Storage,Camels,East Asia And South-East Asia,50,N/A,N/A,
20390,High-Productivity,Dry Lot,Camels,East Asia And South-East Asia,0,N/A,N/A,
20391,High-Productivity,Pasture/Range/Paddock,Camels,East Asia And South-East Asia,50,N/A,N/A,
20392,High-Productivity,Daily Spread,Camels,East Asia And South-East Asia,0,N/A,N/A,
20393,High-Productivity,Digester,Camels,East Asia And South-East Asia,0,N/A,N/A,
20394,High-Productivity,Burned For Fuel,Camels,East Asia And South-East Asia,0,N/A,N/A,
20395,High-Productivity,Pit<1Month,Camels,East Asia And South-East Asia,0,N/A,N/A,
20397,High-Productivity,Poultry Manure,Camels,East Asia And South-East Asia,0,N/A,N/A,
20398,High-Productivity,Deep Bedding,Camels,East Asia And South-East Asia,0,N/A,N/A,
20399,High-Productivity,Composting,Camels,East Asia And South-East Asia,0,N/A,N/A,
20400,High-Productivity,Aerobic Treatment,Camels,East Asia And South-East Asia,0,N/A,N/A,
20401,High-Productivity,Lagoon,Camels,North America,0,N/A,N/A,
20402,High-Productivity,Liquid/Slurry,Camels,North America,0,N/A,N/A,
20403,High-Productivity,Solid Storage,Camels,North America,50,N/A,N/A,
20404,High-Productivity,Dry Lot,Camels,North America,0,N/A,N/A,
20405,High-Productivity,Pasture/Range/Paddock,Camels,North America,50,N/A,N/A,
20406,High-Productivity,Daily Spread,Camels,North America,0,N/A,N/A,
20407,High-Productivity,Digester,Camels,North America,0,N/A,N/A,
20408,High-Productivity,Burned For Fuel,Camels,North America,0,N/A,N/A,
20409,High-Productivity,Pit<1Month,Camels,North America,0,N/A,N/A,
20411,High-Productivity,Poultry Manure,Camels,North America,0,N/A,N/A,
20412,High-Productivity,Deep Bedding,Camels,North America,0,N/A,N/A,
20413,High-Productivity,Composting,Camels,North America,0,N/A,N/A,
20414,High-Productivity,Aerobic Treatment,Camels,North America,0,N/A,N/A,
20415,High-Productivity,Lagoon,Camels,Latin America And The Caribbean,0,N/A,N/A,
20416,High-Productivity,Liquid/Slurry,Camels,Latin America And The Caribbean,0,N/A,N/A,
20417,High-Productivity,Solid Storage,Camels,Latin America And The Caribbean,17,N/A,N/A,
20418,High-Productivity,Dry Lot,Camels,Latin America And The Caribbean,3,N/A,N/A,
20419,High-Productivity,Pasture/Range/Paddock,Camels,Latin America And The Caribbean,80,N/A,N/A,
20420,High-Productivity,Daily Spread,Camels,Latin America And The Caribbean,0,N/A,N/A,
20421,High-Productivity,Digester,Camels,Latin America And The Caribbean,0,N/A,N/A,
20422,High-Productivity,Burned For Fuel,Camels,Latin America And The Caribbean,0,N/A,N/A,
20423,High-Productivity,Pit<1Month,Camels,Latin America And The Caribbean,0,N/A,N/A,
20425,High-Productivity,Poultry Manure,Camels,Latin America And The Caribbean,0,N/A,N/A,
20426,High-Productivity,Deep Bedding,Camels,Latin America And The Caribbean,0,N/A,N/A,
20427,High-Productivity,Composting,Camels,Latin America And The Caribbean,0,N/A,N/A,
20428,High-Productivity,Aerobic Treatment,Camels,Latin America And The Caribbean,0,N/A,N/A,
20429,High-Productivity,Lagoon,Camels,Western Europe,0,N/A,N/A,
20430,High-Productivity,Liquid/Slurry,Camels,Western Europe,0,N/A,N/A,
20431,High-Productivity,Solid Storage,Camels,Western Europe,28,N/A,N/A,
20432,High-Productivity,Dry Lot,Camels,Western Europe,0,N/A,N/A,
20433,High-Productivity,Pasture/Range/Paddock,Camels,Western Europe,72,N/A,N/A,
20434,High-Productivity,Daily Spread,Camels,Western Europe,0,N/A,N/A,
20435,High-Productivity,Digester,Camels,Western Europe,0,N/A,N/A,
20436,High-Productivity,Burned For Fuel,Camels,Western Europe,0,N/A,N/A,
20437,High-Productivity,Pit<1Month,Camels,Western Europe,0,N/A,N/A,
20439,High-Productivity,Poultry Manure,Camels,Western Europe,0,N/A,N/A,
20440,High-Productivity,Deep Bedding,Camels,Western Europe,0,N/A,N/A,
20441,High-Productivity,Composting,Camels,Western Europe,0,N/A,N/A,
20442,High-Productivity,Aerobic Treatment,Camels,Western Europe,0,N/A,N/A,
20443,High-Productivity,Lagoon,Camels,Eastern Europe,0,N/A,N/A,
20444,High-Productivity,Liquid/Slurry,Camels,Eastern Europe,0,N/A,N/A,
20445,High-Productivity,Solid Storage,Camels,Eastern Europe,9,N/A,N/A,
20446,High-Productivity,Dry Lot,Camels,Eastern Europe,0,N/A,N/A,
20447,High-Productivity,Pasture/Range/Paddock,Camels,Eastern Europe,91,N/A,N/A,
20448,High-Productivity,Daily Spread,Camels,Eastern Europe,0,N/A,N/A,
20449,High-Productivity,Digester,Camels,Eastern Europe,0,N/A,N/A,
20450,High-Productivity,Burned For Fuel,Camels,Eastern Europe,0,N/A,N/A,
20451,High-Productivity,Pit<1Month,Camels,Eastern Europe,0,N/A,N/A,
20453,High-Productivity,Poultry Manure,Camels,Eastern Europe,0,N/A,N/A,
20454,High-Productivity,Deep Bedding,Camels,Eastern Europe,0,N/A,N/A,
20455,High-Productivity,Composting,Camels,Eastern Europe,0,N/A,N/A,
20456,High-Productivity,Aerobic Treatment,Camels,Eastern Europe,0,N/A,N/A,
20457,High-Productivity,Lagoon,Camels,Russian Federation,0,N/A,N/A,
20458,High-Productivity,Liquid/Slurry,Camels,Russian Federation,0,N/A,N/A,
20459,High-Productivity,Solid Storage,Camels,Russian Federation,82,N/A,N/A,
20460,High-Productivity,Dry Lot,Camels,Russian Federation,0,N/A,N/A,
20461,High-Productivity,Pasture/Range/Paddock,Camels,Russian Federation,18,N/A,N/A,
20462,High-Productivity,Daily Spread,Camels,Russian Federation,0,N/A,N/A,
20463,High-Productivity,Digester,Camels,Russian Federation,0,N/A,N/A,
20464,High-Productivity,Burned For Fuel,Camels,Russian Federation,0,N/A,N/A,
20465,High-Productivity,Pit<1Month,Camels,Russian Federation,0,N/A,N/A,
20467,High-Productivity,Poultry Manure,Camels,Russian Federation,0,N/A,N/A,
20468,High-Productivity,Deep Bedding,Camels,Russian Federation,0,N/A,N/A,
20469,High-Productivity,Composting,Camels,Russian Federation,0,N/A,N/A,
20470,High-Productivity,Aerobic Treatment,Camels,Russian Federation,0,N/A,N/A,
20471,High-Productivity,Lagoon,Camels,Oceania,0,N/A,N/A,
20472,High-Productivity,Liquid/Slurry,Camels,Oceania,0,N/A,N/A,
20473,High-Productivity,Solid Storage,Camels,Oceania,0,N/A,N/A,
20474,High-Productivity,Dry Lot,Camels,Oceania,0,N/A,N/A,
20475,High-Productivity,Pasture/Range/Paddock,Camels,Oceania,100,N/A,N/A,
20476,High-Productivity,Daily Spread,Camels,Oceania,0,N/A,N/A,
20477,High-Productivity,Digester,Camels,Oceania,0,N/A,N/A,
20478,High-Productivity,Burned For Fuel,Camels,Oceania,0,N/A,N/A,
20479,High-Productivity,Pit<1Month,Camels,Oceania,0,N/A,N/A,
20481,High-Productivity,Poultry Manure,Camels,Oceania,0,N/A,N/A,
20482,High-Productivity,Deep Bedding,Camels,Oceania,0,N/A,N/A,
20483,High-Productivity,Composting,Camels,Oceania,0,N/A,N/A,
20484,High-Productivity,Aerobic Treatment,Camels,Oceania,0,N/A,N/A,
20485,High-Productivity,Lagoon,Camels,NENA/Middle East,0,N/A,N/A,
20486,High-Productivity,Liquid/Slurry,Camels,NENA/Middle East,0,N/A,N/A,
20487,High-Productivity,Solid Storage,Camels,NENA/Middle East,0,N/A,N/A,
20488,High-Productivity,Dry Lot,Camels,NENA/Middle East,50,N/A,N/A,
20489,High-Productivity,Pasture/Range/Paddock,Camels,NENA/Middle East,50,N/A,N/A,
20490,High-Productivity,Daily Spread,Camels,NENA/Middle East,0,N/A,N/A,
20491,High-Productivity,Digester,Camels,NENA/Middle East,0,N/A,N/A,
20492,High-Productivity,Burned For Fuel,Camels,NENA/Middle East,0,N/A,N/A,
20493,High-Productivity,Pit<1Month,Camels,NENA/Middle East,0,N/A,N/A,
20495,High-Productivity,Poultry Manure,Camels,NENA/Middle East,0,N/A,N/A,
20496,High-Productivity,Deep Bedding,Camels,NENA/Middle East,0,N/A,N/A,
20497,High-Productivity,Composting,Camels,NENA/Middle East,0,N/A,N/A,
20498,High-Productivity,Aerobic Treatment,Camels,NENA/Middle East,0,N/A,N/A,
20499,High-Productivity,Lagoon,Camels,South Asia,0,N/A,N/A,
20500,High-Productivity,Liquid/Slurry,Camels,South Asia,0,N/A,N/A,
20501,High-Productivity,Solid Storage,Camels,South Asia,50,N/A,N/A,
20502,High-Productivity,Dry Lot,Camels,South Asia,0,N/A,N/A,
20503,High-Productivity,Pasture/Range/Paddock,Camels,South Asia,50,N/A,N/A,
20504,High-Productivity,Daily Spread,Camels,South Asia,0,N/A,N/A,
20505,High-Productivity,Digester,Camels,South Asia,0,N/A,N/A,
20506,High-Productivity,Burned For Fuel,Camels,South Asia,0,N/A,N/A,
20507,High-Productivity,Pit<1Month,Camels,South Asia,0,N/A,N/A,
20509,High-Productivity,Poultry Manure,Camels,South Asia,0,N/A,N/A,
20510,High-Productivity,Deep Bedding,Camels,South Asia,0,N/A,N/A,
20511,High-Productivity,Composting,Camels,South Asia,0,N/A,N/A,
20512,High-Productivity,Aerobic Treatment,Camels,South Asia,0,N/A,N/A,
20513,Low-Productivity,Lagoon,Camels,Sub-Saharan Africa,0,N/A,N/A,
20514,Low-Productivity,Liquid/Slurry,Camels,Sub-Saharan Africa,0,N/A,N/A,
20515,Low-Productivity,Solid Storage,Camels,Sub-Saharan Africa,17,N/A,N/A,
20516,Low-Productivity,Dry Lot,Camels,Sub-Saharan Africa,3,N/A,N/A,
20517,Low-Productivity,Pasture/Range/Paddock,Camels,Sub-Saharan Africa,80,N/A,N/A,
20518,Low-Productivity,Daily Spread,Camels,Sub-Saharan Africa,0,N/A,N/A,
20519,Low-Productivity,Digester,Camels,Sub-Saharan Africa,0,N/A,N/A,
20520,Low-Productivity,Burned For Fuel,Camels,Sub-Saharan Africa,0,N/A,N/A,
20521,Low-Productivity,Pit<1Month,Camels,Sub-Saharan Africa,0,N/A,N/A,
20523,Low-Productivity,Poultry Manure,Camels,Sub-Saharan Africa,0,N/A,N/A,
20524,Low-Productivity,Deep Bedding,Camels,Sub-Saharan Africa,0,N/A,N/A,
20525,Low-Productivity,Composting,Camels,Sub-Saharan Africa,0,N/A,N/A,
20526,Low-Productivity,Aerobic Treatment,Camels,Sub-Saharan Africa,0,N/A,N/A,
20527,Low-Productivity,Lagoon,Camels,East Asia And South-East Asia,0,N/A,N/A,
20528,Low-Productivity,Liquid/Slurry,Camels,East Asia And South-East Asia,0,N/A,N/A,
20529,Low-Productivity,Solid Storage,Camels,East Asia And South-East Asia,50,N/A,N/A,
20530,Low-Productivity,Dry Lot,Camels,East Asia And South-East Asia,0,N/A,N/A,
20531,Low-Productivity,Pasture/Range/Paddock,Camels,East Asia And South-East Asia,50,N/A,N/A,
20532,Low-Productivity,Daily Spread,Camels,East Asia And South-East Asia,0,N/A,N/A,
20533,Low-Productivity,Digester,Camels,East Asia And South-East Asia,0,N/A,N/A,
20534,Low-Productivity,Burned For Fuel,Camels,East Asia And South-East Asia,0,N/A,N/A,
20535,Low-Productivity,Pit<1Month,Camels,East Asia And South-East Asia,0,N/A,N/A,
20537,Low-Productivity,Poultry Manure,Camels,East Asia And South-East Asia,0,N/A,N/A,
20538,Low-Productivity,Deep Bedding,Camels,East Asia And South-East Asia,0,N/A,N/A,
20539,Low-Productivity,Composting,Camels,East Asia And South-East Asia,0,N/A,N/A,
20540,Low-Productivity,Aerobic Treatment,Camels,East Asia And South-East Asia,0,N/A,N/A,
20541,Low-Productivity,Lagoon,Camels,North America,0,N/A,N/A,
20542,Low-Productivity,Liquid/Slurry,Camels,North America,0,N/A,N/A,
20543,Low-Productivity,Solid Storage,Camels,North America,50,N/A,N/A,
20544,Low-Productivity,Dry Lot,Camels,North America,0,N/A,N/A,
20545,Low-Productivity,Pasture/Range/Paddock,Camels,North America,50,N/A,N/A,
20546,Low-Productivity,Daily Spread,Camels,North America,0,N/A,N/A,
20547,Low-Productivity,Digester,Camels,North America,0,N/A,N/A,
20548,Low-Productivity,Burned For Fuel,Camels,North America,0,N/A,N/A,
20549,Low-Productivity,Pit<1Month,Camels,North America,0,N/A,N/A,
20551,Low-Productivity,Poultry Manure,Camels,North America,0,N/A,N/A,
20552,Low-Productivity,Deep Bedding,Camels,North America,0,N/A,N/A,
20553,Low-Productivity,Composting,Camels,North America,0,N/A,N/A,
20554,Low-Productivity,Aerobic Treatment,Camels,North America,0,N/A,N/A,
20555,Low-Productivity,Lagoon,Camels,Latin America And The Caribbean,0,N/A,N/A,
20556,Low-Productivity,Liquid/Slurry,Camels,Latin America And The Caribbean,0,N/A,N/A,
20557,Low-Productivity,Solid Storage,Camels,Latin America And The Caribbean,17,N/A,N/A,
20558,Low-Productivity,Dry Lot,Camels,Latin America And The Caribbean,3,N/A,N/A,
20559,Low-Productivity,Pasture/Range/Paddock,Camels,Latin America And The Caribbean,80,N/A,N/A,
20560,Low-Productivity,Daily Spread,Camels,Latin America And The Caribbean,0,N/A,N/A,
20561,Low-Productivity,Digester,Camels,Latin America And The Caribbean,0,N/A,N/A,
20562,Low-Productivity,Burned For Fuel,Camels,Latin America And The Caribbean,0,N/A,N/A,
20563,Low-Productivity,Pit<1Month,Camels,Latin America And The Caribbean,0,N/A,N/A,
20565,Low-Productivity,Poultry Manure,Camels,Latin America And The Caribbean,0,N/A,N/A,
20566,Low-Productivity,Deep Bedding,Camels,Latin America And The Caribbean,0,N/A,N/A,
20567,Low-Productivity,Composting,Camels,Latin America And The Caribbean,0,N/A,N/A,
20568,Low-Productivity,Aerobic Treatment,Camels,Latin America And The Caribbean,0,N/A,N/A,
20569,Low-Productivity,Lagoon,Camels,Western Europe,0,N/A,N/A,
20570,Low-Productivity,Liquid/Slurry,Camels,Western Europe,0,N/A,N/A,
20571,Low-Productivity,Solid Storage,Camels,Western Europe,28,N/A,N/A,
20572,Low-Productivity,Dry Lot,Camels,Western Europe,0,N/A,N/A,
20573,Low-Productivity,Pasture/Range/Paddock,Camels,Western Europe,72,N/A,N/A,
20574,Low-Productivity,Daily Spread,Camels,Western Europe,0,N/A,N/A,
20575,Low-Productivity,Digester,Camels,Western Europe,0,N/A,N/A,
20576,Low-Productivity,Burned For Fuel,Camels,Western Europe,0,N/A,N/A,
20577,Low-Productivity,Pit<1Month,Camels,Western Europe,0,N/A,N/A,
20579,Low-Productivity,Poultry Manure,Camels,Western Europe,0,N/A,N/A,
20580,Low-Productivity,Deep Bedding,Camels,Western Europe,0,N/A,N/A,
20581,Low-Productivity,Composting,Camels,Western Europe,0,N/A,N/A,
20582,Low-Productivity,Aerobic Treatment,Camels,Western Europe,0,N/A,N/A,
20583,Low-Productivity,Lagoon,Camels,Eastern Europe,0,N/A,N/A,
20584,Low-Productivity,Liquid/Slurry,Camels,Eastern Europe,0,N/A,N/A,
20585,Low-Productivity,Solid Storage,Camels,Eastern Europe,9,N/A,N/A,
20586,Low-Productivity,Dry Lot,Camels,Eastern Europe,0,N/A,N/A,
20587,Low-Productivity,Pasture/Range/Paddock,Camels,Eastern Europe,91,N/A,N/A,
20588,Low-Productivity,Daily Spread,Camels,Eastern Europe,0,N/A,N/A,
20589,Low-Productivity,Digester,Camels,Eastern Europe,0,N/A,N/A,
20590,Low-Productivity,Burned For Fuel,Camels,Eastern Europe,0,N/A,N/A,
20591,Low-Productivity,Pit<1Month,Camels,Eastern Europe,0,N/A,N/A,
20593,Low-Productivity,Poultry Manure,Camels,Eastern Europe,0,N/A,N/A,
20594,Low-Productivity,Deep Bedding,Camels,Eastern Europe,0,N/A,N/A,
20595,Low-Productivity,Composting,Camels,Eastern Europe,0,N/A,N/A,
20596,Low-Productivity,Aerobic Treatment,Camels,Eastern Europe,0,N/A,N/A,
20597,Low-Productivity,Lagoon,Camels,Russian Federation,0,N/A,N/A,
20598,Low-Productivity,Liquid/Slurry,Camels,Russian Federation,0,N/A,N/A,
20599,Low-Productivity,Solid Storage,Camels,Russian Federation,82,N/A,N/A,
20600,Low-Productivity,Dry Lot,Camels,Russian Federation,0,N/A,N/A,
20601,Low-Productivity,Pasture/Range/Paddock,Camels,Russian Federation,18,N/A,N/A,
20602,Low-Productivity,Daily Spread,Camels,Russian Federation,0,N/A,N/A,
20603,Low-Productivity,Digester,Camels,Russian Federation,0,N/A,N/A,
20604,Low-Productivity,Burned For Fuel,Camels,Russian Federation,0,N/A,N/A,
20605,Low-Productivity,Pit<1Month,Camels,Russian Federation,0,N/A,N/A,
20607,Low-Productivity,Poultry Manure,Camels,Russian Federation,0,N/A,N/A,
20608,Low-Productivity,Deep Bedding,Camels,Russian Federation,0,N/A,N/A,
20609,Low-Productivity,Composting,Camels,Russian Federation,0,N/A,N/A,
20610,Low-Productivity,Aerobic Treatment,Camels,Russian Federation,0,N/A,N/A,
20611,Low-Productivity,Lagoon,Camels,Oceania,0,N/A,N/A,
20612,Low-Productivity,Liquid/Slurry,Camels,Oceania,0,N/A,N/A,
20613,Low-Productivity,Solid Storage,Camels,Oceania,0,N/A,N/A,
20614,Low-Productivity,Dry Lot,Camels,Oceania,0,N/A,N/A,
20615,Low-Productivity,Pasture/Range/Paddock,Camels,Oceania,100,N/A,N/A,
20616,Low-Productivity,Daily Spread,Camels,Oceania,0,N/A,N/A,
20617,Low-Productivity,Digester,Camels,Oceania,0,N/A,N/A,
20618,Low-Productivity,Burned For Fuel,Camels,Oceania,0,N/A,N/A,
20619,Low-Productivity,Pit<1Month,Camels,Oceania,0,N/A,N/A,
20621,Low-Productivity,Poultry Manure,Camels,Oceania,0,N/A,N/A,
20622,Low-Productivity,Deep Bedding,Camels,Oceania,0,N/A,N/A,
20623,Low-Productivity,Composting,Camels,Oceania,0,N/A,N/A,
20624,Low-Productivity,Aerobic Treatment,Camels,Oceania,0,N/A,N/A,
20625,Low-Productivity,Lagoon,Camels,NENA/Middle East,0,N/A,N/A,
20626,Low-Productivity,Liquid/Slurry,Camels,NENA/Middle East,0,N/A,N/A,
20627,Low-Productivity,Solid Storage,Camels,NENA/Middle East,0,N/A,N/A,
20628,Low-Productivity,Dry Lot,Camels,NENA/Middle East,50,N/A,N/A,
20629,Low-Productivity,Pasture/Range/Paddock,Camels,NENA/Middle East,50,N/A,N/A,
20630,Low-Productivity,Daily Spread,Camels,NENA/Middle East,0,N/A,N/A,
20631,Low-Productivity,Digester,Camels,NENA/Middle East,0,N/A,N/A,
20632,Low-Productivity,Burned For Fuel,Camels,NENA/Middle East,0,N/A,N/A,
20633,Low-Productivity,Pit<1Month,Camels,NENA/Middle East,0,N/A,N/A,
20635,Low-Productivity,Poultry Manure,Camels,NENA/Middle East,0,N/A,N/A,
20636,Low-Productivity,Deep Bedding,Camels,NENA/Middle East,0,N/A,N/A,
20637,Low-Productivity,Composting,Camels,NENA/Middle East,0,N/A,N/A,
20638,Low-Productivity,Aerobic Treatment,Camels,NENA/Middle East,0,N/A,N/A,
20639,Low-Productivity,Lagoon,Camels,South Asia,0,N/A,N/A,
20640,Low-Productivity,Liquid/Slurry,Camels,South Asia,0,N/A,N/A,
20641,Low-Productivity,Solid Storage,Camels,South Asia,50,N/A,N/A,
20642,Low-Productivity,Dry Lot,Camels,South Asia,0,N/A,N/A,
20643,Low-Productivity,Pasture/Range/Paddock,Camels,South Asia,50,N/A,N/A,
20644,Low-Productivity,Daily Spread,Camels,South Asia,0,N/A,N/A,
20645,Low-Productivity,Digester,Camels,South Asia,0,N/A,N/A,
20646,Low-Productivity,Burned For Fuel,Camels,South Asia,0,N/A,N/A,
20647,Low-Productivity,Pit<1Month,Camels,South Asia,0,N/A,N/A,
20649,Low-Productivity,Poultry Manure,Camels,South Asia,0,N/A,N/A,
20650,Low-Productivity,Deep Bedding,Camels,South Asia,0,N/A,N/A,
20651,Low-Productivity,Composting,Camels,South Asia,0,N/A,N/A,
20652,Low-Productivity,Aerobic Treatment,Camels,South Asia,0,N/A,N/A,
20653,Default,Lagoon,Camels,Sub-Saharan Africa,0,N/A,N/A,
20654,Default,Liquid/Slurry,Camels,Sub-Saharan Africa,0,N/A,N/A,
20655,Default,Solid Storage,Camels,Sub-Saharan Africa,17,N/A,N/A,
20656,Default,Dry Lot,Camels,Sub-Saharan Africa,3,N/A,N/A,
20657,Default,Pasture/Range/Paddock,Camels,Sub-Saharan Africa,80,N/A,N/A,
20658,Default,Daily Spread,Camels,Sub-Saharan Africa,0,N/A,N/A,
20659,Default,Digester,Camels,Sub-Saharan Africa,0,N/A,N/A,
20660,Default,Burned For Fuel,Camels,Sub-Saharan Africa,0,N/A,N/A,
20661,Default,Pit<1Month,Camels,Sub-Saharan Africa,0,N/A,N/A,
20663,Default,Poultry Manure,Camels,Sub-Saharan Africa,0,N/A,N/A,
20664,Default,Deep Bedding,Camels,Sub-Saharan Africa,0,N/A,N/A,
20665,Default,Composting,Camels,Sub-Saharan Africa,0,N/A,N/A,
20666,Default,Aerobic Treatment,Camels,Sub-Saharan Africa,0,N/A,N/A,
20667,Default,Lagoon,Camels,East Asia And South-East Asia,0,N/A,N/A,
20668,Default,Liquid/Slurry,Camels,East Asia And South-East Asia,0,N/A,N/A,
20669,Default,Solid Storage,Camels,East Asia And South-East Asia,50,N/A,N/A,
20670,Default,Dry Lot,Camels,East Asia And South-East Asia,0,N/A,N/A,
20671,Default,Pasture/Range/Paddock,Camels,East Asia And South-East Asia,50,N/A,N/A,
20672,Default,Daily Spread,Camels,East Asia And South-East Asia,0,N/A,N/A,
20673,Default,Digester,Camels,East Asia And South-East Asia,0,N/A,N/A,
20674,Default,Burned For Fuel,Camels,East Asia And South-East Asia,0,N/A,N/A,
20675,Default,Pit<1Month,Camels,East Asia And South-East Asia,0,N/A,N/A,
20677,Default,Poultry Manure,Camels,East Asia And South-East Asia,0,N/A,N/A,
20678,Default,Deep Bedding,Camels,East Asia And South-East Asia,0,N/A,N/A,
20679,Default,Composting,Camels,East Asia And South-East Asia,0,N/A,N/A,
20680,Default,Aerobic Treatment,Camels,East Asia And South-East Asia,0,N/A,N/A,
20681,Default,Lagoon,Camels,North America,0,N/A,N/A,
20682,Default,Liquid/Slurry,Camels,North America,0,N/A,N/A,
20683,Default,Solid Storage,Camels,North America,50,N/A,N/A,
20684,Default,Dry Lot,Camels,North America,0,N/A,N/A,
20685,Default,Pasture/Range/Paddock,Camels,North America,50,N/A,N/A,
20686,Default,Daily Spread,Camels,North America,0,N/A,N/A,
20687,Default,Digester,Camels,North America,0,N/A,N/A,
20688,Default,Burned For Fuel,Camels,North America,0,N/A,N/A,
20689,Default,Pit<1Month,Camels,North America,0,N/A,N/A,
20691,Default,Poultry Manure,Camels,North America,0,N/A,N/A,
20692,Default,Deep Bedding,Camels,North America,0,N/A,N/A,
20693,Default,Composting,Camels,North America,0,N/A,N/A,
20694,Default,Aerobic Treatment,Camels,North America,0,N/A,N/A,
20695,Default,Lagoon,Camels,Latin America And The Caribbean,0,N/A,N/A,
20696,Default,Liquid/Slurry,Camels,Latin America And The Caribbean,0,N/A,N/A,
20697,Default,Solid Storage,Camels,Latin America And The Caribbean,17,N/A,N/A,
20698,Default,Dry Lot,Camels,Latin America And The Caribbean,3,N/A,N/A,
20699,Default,Pasture/Range/Paddock,Camels,Latin America And The Caribbean,80,N/A,N/A,
20700,Default,Daily Spread,Camels,Latin America And The Caribbean,0,N/A,N/A,
20701,Default,Digester,Camels,Latin America And The Caribbean,0,N/A,N/A,
20702,Default,Burned For Fuel,Camels,Latin America And The Caribbean,0,N/A,N/A,
20703,Default,Pit<1Month,Camels,Latin America And The Caribbean,0,N/A,N/A,
20705,Default,Poultry Manure,Camels,Latin America And The Caribbean,0,N/A,N/A,
20706,Default,Deep Bedding,Camels,Latin America And The Caribbean,0,N/A,N/A,
20707,Default,Composting,Camels,Latin America And The Caribbean,0,N/A,N/A,
20708,Default,Aerobic Treatment,Camels,Latin America And The Caribbean,0,N/A,N/A,
20709,Default,Lagoon,Camels,Western Europe,0,N/A,N/A,
20710,Default,Liquid/Slurry,Camels,Western Europe,0,N/A,N/A,
20711,Default,Solid Storage,Camels,Western Europe,28,N/A,N/A,
20712,Default,Dry Lot,Camels,Western Europe,0,N/A,N/A,
20713,Default,Pasture/Range/Paddock,Camels,Western Europe,72,N/A,N/A,
20714,Default,Daily Spread,Camels,Western Europe,0,N/A,N/A,
20715,Default,Digester,Camels,Western Europe,0,N/A,N/A,
20716,Default,Burned For Fuel,Camels,Western Europe,0,N/A,N/A,
20717,Default,Pit<1Month,Camels,Western Europe,0,N/A,N/A,
20719,Default,Poultry Manure,Camels,Western Europe,0,N/A,N/A,
20720,Default,Deep Bedding,Camels,Western Europe,0,N/A,N/A,
20721,Default,Composting,Camels,Western Europe,0,N/A,N/A,
20722,Default,Aerobic Treatment,Camels,Western Europe,0,N/A,N/A,
20723,Default,Lagoon,Camels,Eastern Europe,0,N/A,N/A,
20724,Default,Liquid/Slurry,Camels,Eastern Europe,0,N/A,N/A,
20725,Default,Solid Storage,Camels,Eastern Europe,9,N/A,N/A,
20726,Default,Dry Lot,Camels,Eastern Europe,0,N/A,N/A,
20727,Default,Pasture/Range/Paddock,Camels,Eastern Europe,91,N/A,N/A,
20728,Default,Daily Spread,Camels,Eastern Europe,0,N/A,N/A,
20729,Default,Digester,Camels,Eastern Europe,0,N/A,N/A,
20730,Default,Burned For Fuel,Camels,Eastern Europe,0,N/A,N/A,
20731,Default,Pit<1Month,Camels,Eastern Europe,0,N/A,N/A,
20733,Default,Poultry Manure,Camels,Eastern Europe,0,N/A,N/A,
20734,Default,Deep Bedding,Camels,Eastern Europe,0,N/A,N/A,
20735,Default,Composting,Camels,Eastern Europe,0,N/A,N/A,
20736,Default,Aerobic Treatment,Camels,Eastern Europe,0,N/A,N/A,
20737,Default,Lagoon,Camels,Russian Federation,0,N/A,N/A,
20738,Default,Liquid/Slurry,Camels,Russian Federation,0,N/A,N/A,
20739,Default,Solid Storage,Camels,Russian Federation,82,N/A,N/A,
20740,Default,Dry Lot,Camels,Russian Federation,0,N/A,N/A,
20741,Default,Pasture/Range/Paddock,Camels,Russian Federation,18,N/A,N/A,
20742,Default,Daily Spread,Camels,Russian Federation,0,N/A,N/A,
20743,Default,Digester,Camels,Russian Federation,0,N/A,N/A,
20744,Default,Burned For Fuel,Camels,Russian Federation,0,N/A,N/A,
20745,Default,Pit<1Month,Camels,Russian Federation,0,N/A,N/A,
20747,Default,Poultry Manure,Camels,Russian Federation,0,N/A,N/A,
20748,Default,Deep Bedding,Camels,Russian Federation,0,N/A,N/A,
20749,Default,Composting,Camels,Russian Federation,0,N/A,N/A,
20750,Default,Aerobic Treatment,Camels,Russian Federation,0,N/A,N/A,
20751,Default,Lagoon,Camels,Oceania,0,N/A,N/A,
20752,Default,Liquid/Slurry,Camels,Oceania,0,N/A,N/A,
20753,Default,Solid Storage,Camels,Oceania,0,N/A,N/A,
20754,Default,Dry Lot,Camels,Oceania,0,N/A,N/A,
20755,Default,Pasture/Range/Paddock,Camels,Oceania,100,N/A,N/A,
20756,Default,Daily Spread,Camels,Oceania,0,N/A,N/A,
20757,Default,Digester,Camels,Oceania,0,N/A,N/A,
20758,Default,Burned For Fuel,Camels,Oceania,0,N/A,N/A,
20759,Default,Pit<1Month,Camels,Oceania,0,N/A,N/A,
20761,Default,Poultry Manure,Camels,Oceania,0,N/A,N/A,
20762,Default,Deep Bedding,Camels,Oceania,0,N/A,N/A,
20763,Default,Composting,Camels,Oceania,0,N/A,N/A,
20764,Default,Aerobic Treatment,Camels,Oceania,0,N/A,N/A,
20765,Default,Lagoon,Camels,NENA/Middle East,0,N/A,N/A,
20766,Default,Liquid/Slurry,Camels,NENA/Middle East,0,N/A,N/A,
20767,Default,Solid Storage,Camels,NENA/Middle East,0,N/A,N/A,
20768,Default,Dry Lot,Camels,NENA/Middle East,50,N/A,N/A,
20769,Default,Pasture/Range/Paddock,Camels,NENA/Middle East,50,N/A,N/A,
20770,Default,Daily Spread,Camels,NENA/Middle East,0,N/A,N/A,
20771,Default,Digester,Camels,NENA/Middle East,0,N/A,N/A,
20772,Default,Burned For Fuel,Camels,NENA/Middle East,0,N/A,N/A,
20773,Default,Pit<1Month,Camels,NENA/Middle East,0,N/A,N/A,
20775,Default,Poultry Manure,Camels,NENA/Middle East,0,N/A,N/A,
20776,Default,Deep Bedding,Camels,NENA/Middle East,0,N/A,N/A,
20777,Default,Composting,Camels,NENA/Middle East,0,N/A,N/A,
20778,Default,Aerobic Treatment,Camels,NENA/Middle East,0,N/A,N/A,
20779,Default,Lagoon,Camels,South Asia,0,N/A,N/A,
20780,Default,Liquid/Slurry,Camels,South Asia,0,N/A,N/A,
20781,Default,Solid Storage,Camels,South Asia,50,N/A,N/A,
20782,Default,Dry Lot,Camels,South Asia,0,N/A,N/A,
20783,Default,Pasture/Range/Paddock,Camels,South Asia,50,N/A,N/A,
20784,Default,Daily Spread,Camels,South Asia,0,N/A,N/A,
20785,Default,Digester,Camels,South Asia,0,N/A,N/A,
20786,Default,Burned For Fuel,Camels,South Asia,0,N/A,N/A,
20787,Default,Pit<1Month,Camels,South Asia,0,N/A,N/A,
20789,Default,Poultry Manure,Camels,South Asia,0,N/A,N/A,
20790,Default,Deep Bedding,Camels,South Asia,0,N/A,N/A,
20791,Default,Composting,Camels,South Asia,0,N/A,N/A,
20792,Default,Aerobic Treatment,Camels,South Asia,0,N/A,N/A,
20793,High-Productivity,Lagoon,Horses,Sub-Saharan Africa,0,N/A,N/A,
20794,High-Productivity,Liquid/Slurry,Horses,Sub-Saharan Africa,0,N/A,N/A,
20795,High-Productivity,Solid Storage,Horses,Sub-Saharan Africa,17,N/A,N/A,
20796,High-Productivity,Dry Lot,Horses,Sub-Saharan Africa,3,N/A,N/A,
20797,High-Productivity,Pasture/Range/Paddock,Horses,Sub-Saharan Africa,80,N/A,N/A,
20798,High-Productivity,Daily Spread,Horses,Sub-Saharan Africa,0,N/A,N/A,
20799,High-Productivity,Digester,Horses,Sub-Saharan Africa,0,N/A,N/A,
20800,High-Productivity,Burned For Fuel,Horses,Sub-Saharan Africa,0,N/A,N/A,
20801,High-Productivity,Pit<1Month,Horses,Sub-Saharan Africa,0,N/A,N/A,
20803,High-Productivity,Poultry Manure,Horses,Sub-Saharan Africa,0,N/A,N/A,
20804,High-Productivity,Deep Bedding,Horses,Sub-Saharan Africa,0,N/A,N/A,
20805,High-Productivity,Composting,Horses,Sub-Saharan Africa,0,N/A,N/A,
20806,High-Productivity,Aerobic Treatment,Horses,Sub-Saharan Africa,0,N/A,N/A,
20807,High-Productivity,Lagoon,Horses,East Asia And South-East Asia,0,N/A,N/A,
20808,High-Productivity,Liquid/Slurry,Horses,East Asia And South-East Asia,0,N/A,N/A,
20809,High-Productivity,Solid Storage,Horses,East Asia And South-East Asia,50,N/A,N/A,
20810,High-Productivity,Dry Lot,Horses,East Asia And South-East Asia,0,N/A,N/A,
20811,High-Productivity,Pasture/Range/Paddock,Horses,East Asia And South-East Asia,50,N/A,N/A,
20812,High-Productivity,Daily Spread,Horses,East Asia And South-East Asia,0,N/A,N/A,
20813,High-Productivity,Digester,Horses,East Asia And South-East Asia,0,N/A,N/A,
20814,High-Productivity,Burned For Fuel,Horses,East Asia And South-East Asia,0,N/A,N/A,
20815,High-Productivity,Pit<1Month,Horses,East Asia And South-East Asia,0,N/A,N/A,
20817,High-Productivity,Poultry Manure,Horses,East Asia And South-East Asia,0,N/A,N/A,
20818,High-Productivity,Deep Bedding,Horses,East Asia And South-East Asia,0,N/A,N/A,
20819,High-Productivity,Composting,Horses,East Asia And South-East Asia,0,N/A,N/A,
20820,High-Productivity,Aerobic Treatment,Horses,East Asia And South-East Asia,0,N/A,N/A,
20821,High-Productivity,Lagoon,Horses,North America,0,N/A,N/A,
20822,High-Productivity,Liquid/Slurry,Horses,North America,0,N/A,N/A,
20823,High-Productivity,Solid Storage,Horses,North America,50,N/A,N/A,
20824,High-Productivity,Dry Lot,Horses,North America,0,N/A,N/A,
20825,High-Productivity,Pasture/Range/Paddock,Horses,North America,50,N/A,N/A,
20826,High-Productivity,Daily Spread,Horses,North America,0,N/A,N/A,
20827,High-Productivity,Digester,Horses,North America,0,N/A,N/A,
20828,High-Productivity,Burned For Fuel,Horses,North America,0,N/A,N/A,
20829,High-Productivity,Pit<1Month,Horses,North America,0,N/A,N/A,
20831,High-Productivity,Poultry Manure,Horses,North America,0,N/A,N/A,
20832,High-Productivity,Deep Bedding,Horses,North America,0,N/A,N/A,
20833,High-Productivity,Composting,Horses,North America,0,N/A,N/A,
20834,High-Productivity,Aerobic Treatment,Horses,North America,0,N/A,N/A,
20835,High-Productivity,Lagoon,Horses,Latin America And The Caribbean,0,N/A,N/A,
20836,High-Productivity,Liquid/Slurry,Horses,Latin America And The Caribbean,0,N/A,N/A,
20837,High-Productivity,Solid Storage,Horses,Latin America And The Caribbean,17,N/A,N/A,
20838,High-Productivity,Dry Lot,Horses,Latin America And The Caribbean,3,N/A,N/A,
20839,High-Productivity,Pasture/Range/Paddock,Horses,Latin America And The Caribbean,80,N/A,N/A,
20840,High-Productivity,Daily Spread,Horses,Latin America And The Caribbean,0,N/A,N/A,
20841,High-Productivity,Digester,Horses,Latin America And The Caribbean,0,N/A,N/A,
20842,High-Productivity,Burned For Fuel,Horses,Latin America And The Caribbean,0,N/A,N/A,
20843,High-Productivity,Pit<1Month,Horses,Latin America And The Caribbean,0,N/A,N/A,
20845,High-Productivity,Poultry Manure,Horses,Latin America And The Caribbean,0,N/A,N/A,
20846,High-Productivity,Deep Bedding,Horses,Latin America And The Caribbean,0,N/A,N/A,
20847,High-Productivity,Composting,Horses,Latin America And The Caribbean,0,N/A,N/A,
20848,High-Productivity,Aerobic Treatment,Horses,Latin America And The Caribbean,0,N/A,N/A,
20849,High-Productivity,Lagoon,Horses,Western Europe,0,N/A,N/A,
20850,High-Productivity,Liquid/Slurry,Horses,Western Europe,0,N/A,N/A,
20851,High-Productivity,Solid Storage,Horses,Western Europe,28,N/A,N/A,
20852,High-Productivity,Dry Lot,Horses,Western Europe,0,N/A,N/A,
20853,High-Productivity,Pasture/Range/Paddock,Horses,Western Europe,72,N/A,N/A,
20854,High-Productivity,Daily Spread,Horses,Western Europe,0,N/A,N/A,
20855,High-Productivity,Digester,Horses,Western Europe,0,N/A,N/A,
20856,High-Productivity,Burned For Fuel,Horses,Western Europe,0,N/A,N/A,
20857,High-Productivity,Pit<1Month,Horses,Western Europe,0,N/A,N/A,
20859,High-Productivity,Poultry Manure,Horses,Western Europe,0,N/A,N/A,
20860,High-Productivity,Deep Bedding,Horses,Western Europe,0,N/A,N/A,
20861,High-Productivity,Composting,Horses,Western Europe,0,N/A,N/A,
20862,High-Productivity,Aerobic Treatment,Horses,Western Europe,0,N/A,N/A,
20863,High-Productivity,Lagoon,Horses,Eastern Europe,0,N/A,N/A,
20864,High-Productivity,Liquid/Slurry,Horses,Eastern Europe,0,N/A,N/A,
20865,High-Productivity,Solid Storage,Horses,Eastern Europe,9,N/A,N/A,
20866,High-Productivity,Dry Lot,Horses,Eastern Europe,0,N/A,N/A,
20867,High-Productivity,Pasture/Range/Paddock,Horses,Eastern Europe,91,N/A,N/A,
20868,High-Productivity,Daily Spread,Horses,Eastern Europe,0,N/A,N/A,
20869,High-Productivity,Digester,Horses,Eastern Europe,0,N/A,N/A,
20870,High-Productivity,Burned For Fuel,Horses,Eastern Europe,0,N/A,N/A,
20871,High-Productivity,Pit<1Month,Horses,Eastern Europe,0,N/A,N/A,
20873,High-Productivity,Poultry Manure,Horses,Eastern Europe,0,N/A,N/A,
20874,High-Productivity,Deep Bedding,Horses,Eastern Europe,0,N/A,N/A,
20875,High-Productivity,Composting,Horses,Eastern Europe,0,N/A,N/A,
20876,High-Productivity,Aerobic Treatment,Horses,Eastern Europe,0,N/A,N/A,
20877,High-Productivity,Lagoon,Horses,Russian Federation,0,N/A,N/A,
20878,High-Productivity,Liquid/Slurry,Horses,Russian Federation,0,N/A,N/A,
20879,High-Productivity,Solid Storage,Horses,Russian Federation,82,N/A,N/A,
20880,High-Productivity,Dry Lot,Horses,Russian Federation,0,N/A,N/A,
20881,High-Productivity,Pasture/Range/Paddock,Horses,Russian Federation,18,N/A,N/A,
20882,High-Productivity,Daily Spread,Horses,Russian Federation,0,N/A,N/A,
20883,High-Productivity,Digester,Horses,Russian Federation,0,N/A,N/A,
20884,High-Productivity,Burned For Fuel,Horses,Russian Federation,0,N/A,N/A,
20885,High-Productivity,Pit<1Month,Horses,Russian Federation,0,N/A,N/A,
20887,High-Productivity,Poultry Manure,Horses,Russian Federation,0,N/A,N/A,
20888,High-Productivity,Deep Bedding,Horses,Russian Federation,0,N/A,N/A,
20889,High-Productivity,Composting,Horses,Russian Federation,0,N/A,N/A,
20890,High-Productivity,Aerobic Treatment,Horses,Russian Federation,0,N/A,N/A,
20891,High-Productivity,Lagoon,Horses,Oceania,0,N/A,N/A,
20892,High-Productivity,Liquid/Slurry,Horses,Oceania,0,N/A,N/A,
20893,High-Productivity,Solid Storage,Horses,Oceania,0,N/A,N/A,
20894,High-Productivity,Dry Lot,Horses,Oceania,0,N/A,N/A,
20895,High-Productivity,Pasture/Range/Paddock,Horses,Oceania,100,N/A,N/A,
20896,High-Productivity,Daily Spread,Horses,Oceania,0,N/A,N/A,
20897,High-Productivity,Digester,Horses,Oceania,0,N/A,N/A,
20898,High-Productivity,Burned For Fuel,Horses,Oceania,0,N/A,N/A,
20899,High-Productivity,Pit<1Month,Horses,Oceania,0,N/A,N/A,
20901,High-Productivity,Poultry Manure,Horses,Oceania,0,N/A,N/A,
20902,High-Productivity,Deep Bedding,Horses,Oceania,0,N/A,N/A,
20903,High-Productivity,Composting,Horses,Oceania,0,N/A,N/A,
20904,High-Productivity,Aerobic Treatment,Horses,Oceania,0,N/A,N/A,
20905,High-Productivity,Lagoon,Horses,NENA/Middle East,0,N/A,N/A,
20906,High-Productivity,Liquid/Slurry,Horses,NENA/Middle East,0,N/A,N/A,
20907,High-Productivity,Solid Storage,Horses,NENA/Middle East,0,N/A,N/A,
20908,High-Productivity,Dry Lot,Horses,NENA/Middle East,50,N/A,N/A,
20909,High-Productivity,Pasture/Range/Paddock,Horses,NENA/Middle East,50,N/A,N/A,
20910,High-Productivity,Daily Spread,Horses,NENA/Middle East,0,N/A,N/A,
20911,High-Productivity,Digester,Horses,NENA/Middle East,0,N/A,N/A,
20912,High-Productivity,Burned For Fuel,Horses,NENA/Middle East,0,N/A,N/A,
20913,High-Productivity,Pit<1Month,Horses,NENA/Middle East,0,N/A,N/A,
20915,High-Productivity,Poultry Manure,Horses,NENA/Middle East,0,N/A,N/A,
20916,High-Productivity,Deep Bedding,Horses,NENA/Middle East,0,N/A,N/A,
20917,High-Productivity,Composting,Horses,NENA/Middle East,0,N/A,N/A,
20918,High-Productivity,Aerobic Treatment,Horses,NENA/Middle East,0,N/A,N/A,
20919,High-Productivity,Lagoon,Horses,South Asia,0,N/A,N/A,
20920,High-Productivity,Liquid/Slurry,Horses,South Asia,0,N/A,N/A,
20921,High-Productivity,Solid Storage,Horses,South Asia,50,N/A,N/A,
20922,High-Productivity,Dry Lot,Horses,South Asia,0,N/A,N/A,
20923,High-Productivity,Pasture/Range/Paddock,Horses,South Asia,50,N/A,N/A,
20924,High-Productivity,Daily Spread,Horses,South Asia,0,N/A,N/A,
20925,High-Productivity,Digester,Horses,South Asia,0,N/A,N/A,
20926,High-Productivity,Burned For Fuel,Horses,South Asia,0,N/A,N/A,
20927,High-Productivity,Pit<1Month,Horses,South Asia,0,N/A,N/A,
20929,High-Productivity,Poultry Manure,Horses,South Asia,0,N/A,N/A,
20930,High-Productivity,Deep Bedding,Horses,South Asia,0,N/A,N/A,
20931,High-Productivity,Composting,Horses,South Asia,0,N/A,N/A,
20932,High-Productivity,Aerobic Treatment,Horses,South Asia,0,N/A,N/A,
20933,Low-Productivity,Lagoon,Horses,Sub-Saharan Africa,0,N/A,N/A,
20934,Low-Productivity,Liquid/Slurry,Horses,Sub-Saharan Africa,0,N/A,N/A,
20935,Low-Productivity,Solid Storage,Horses,Sub-Saharan Africa,17,N/A,N/A,
20936,Low-Productivity,Dry Lot,Horses,Sub-Saharan Africa,3,N/A,N/A,
20937,Low-Productivity,Pasture/Range/Paddock,Horses,Sub-Saharan Africa,80,N/A,N/A,
20938,Low-Productivity,Daily Spread,Horses,Sub-Saharan Africa,0,N/A,N/A,
20939,Low-Productivity,Digester,Horses,Sub-Saharan Africa,0,N/A,N/A,
20940,Low-Productivity,Burned For Fuel,Horses,Sub-Saharan Africa,0,N/A,N/A,
20941,Low-Productivity,Pit<1Month,Horses,Sub-Saharan Africa,0,N/A,N/A,
20943,Low-Productivity,Poultry Manure,Horses,Sub-Saharan Africa,0,N/A,N/A,
20944,Low-Productivity,Deep Bedding,Horses,Sub-Saharan Africa,0,N/A,N/A,
20945,Low-Productivity,Composting,Horses,Sub-Saharan Africa,0,N/A,N/A,
20946,Low-Productivity,Aerobic Treatment,Horses,Sub-Saharan Africa,0,N/A,N/A,
20947,Low-Productivity,Lagoon,Horses,East Asia And South-East Asia,0,N/A,N/A,
20948,Low-Productivity,Liquid/Slurry,Horses,East Asia And South-East Asia,0,N/A,N/A,
20949,Low-Productivity,Solid Storage,Horses,East Asia And South-East Asia,50,N/A,N/A,
20950,Low-Productivity,Dry Lot,Horses,East Asia And South-East Asia,0,N/A,N/A,
20951,Low-Productivity,Pasture/Range/Paddock,Horses,East Asia And South-East Asia,50,N/A,N/A,
20952,Low-Productivity,Daily Spread,Horses,East Asia And South-East Asia,0,N/A,N/A,
20953,Low-Productivity,Digester,Horses,East Asia And South-East Asia,0,N/A,N/A,
20954,Low-Productivity,Burned For Fuel,Horses,East Asia And South-East Asia,0,N/A,N/A,
20955,Low-Productivity,Pit<1Month,Horses,East Asia And South-East Asia,0,N/A,N/A,
20957,Low-Productivity,Poultry Manure,Horses,East Asia And South-East Asia,0,N/A,N/A,
20958,Low-Productivity,Deep Bedding,Horses,East Asia And South-East Asia,0,N/A,N/A,
20959,Low-Productivity,Composting,Horses,East Asia And South-East Asia,0,N/A,N/A,
20960,Low-Productivity,Aerobic Treatment,Horses,East Asia And South-East Asia,0,N/A,N/A,
20961,Low-Productivity,Lagoon,Horses,North America,0,N/A,N/A,
20962,Low-Productivity,Liquid/Slurry,Horses,North America,0,N/A,N/A,
20963,Low-Productivity,Solid Storage,Horses,North America,50,N/A,N/A,
20964,Low-Productivity,Dry Lot,Horses,North America,0,N/A,N/A,
20965,Low-Productivity,Pasture/Range/Paddock,Horses,North America,50,N/A,N/A,
20966,Low-Productivity,Daily Spread,Horses,North America,0,N/A,N/A,
20967,Low-Productivity,Digester,Horses,North America,0,N/A,N/A,
20968,Low-Productivity,Burned For Fuel,Horses,North America,0,N/A,N/A,
20969,Low-Productivity,Pit<1Month,Horses,North America,0,N/A,N/A,
20971,Low-Productivity,Poultry Manure,Horses,North America,0,N/A,N/A,
20972,Low-Productivity,Deep Bedding,Horses,North America,0,N/A,N/A,
20973,Low-Productivity,Composting,Horses,North America,0,N/A,N/A,
20974,Low-Productivity,Aerobic Treatment,Horses,North America,0,N/A,N/A,
20975,Low-Productivity,Lagoon,Horses,Latin America And The Caribbean,0,N/A,N/A,
20976,Low-Productivity,Liquid/Slurry,Horses,Latin America And The Caribbean,0,N/A,N/A,
20977,Low-Productivity,Solid Storage,Horses,Latin America And The Caribbean,17,N/A,N/A,
20978,Low-Productivity,Dry Lot,Horses,Latin America And The Caribbean,3,N/A,N/A,
20979,Low-Productivity,Pasture/Range/Paddock,Horses,Latin America And The Caribbean,80,N/A,N/A,
20980,Low-Productivity,Daily Spread,Horses,Latin America And The Caribbean,0,N/A,N/A,
20981,Low-Productivity,Digester,Horses,Latin America And The Caribbean,0,N/A,N/A,
20982,Low-Productivity,Burned For Fuel,Horses,Latin America And The Caribbean,0,N/A,N/A,
20983,Low-Productivity,Pit<1Month,Horses,Latin America And The Caribbean,0,N/A,N/A,
20985,Low-Productivity,Poultry Manure,Horses,Latin America And The Caribbean,0,N/A,N/A,
20986,Low-Productivity,Deep Bedding,Horses,Latin America And The Caribbean,0,N/A,N/A,
20987,Low-Productivity,Composting,Horses,Latin America And The Caribbean,0,N/A,N/A,
20988,Low-Productivity,Aerobic Treatment,Horses,Latin America And The Caribbean,0,N/A,N/A,
20989,Low-Productivity,Lagoon,Horses,Western Europe,0,N/A,N/A,
20990,Low-Productivity,Liquid/Slurry,Horses,Western Europe,0,N/A,N/A,
20991,Low-Productivity,Solid Storage,Horses,Western Europe,28,N/A,N/A,
20992,Low-Productivity,Dry Lot,Horses,Western Europe,0,N/A,N/A,
20993,Low-Productivity,Pasture/Range/Paddock,Horses,Western Europe,72,N/A,N/A,
20994,Low-Productivity,Daily Spread,Horses,Western Europe,0,N/A,N/A,
20995,Low-Productivity,Digester,Horses,Western Europe,0,N/A,N/A,
20996,Low-Productivity,Burned For Fuel,Horses,Western Europe,0,N/A,N/A,
20997,Low-Productivity,Pit<1Month,Horses,Western Europe,0,N/A,N/A,
20999,Low-Productivity,Poultry Manure,Horses,Western Europe,0,N/A,N/A,
21000,Low-Productivity,Deep Bedding,Horses,Western Europe,0,N/A,N/A,
21001,Low-Productivity,Composting,Horses,Western Europe,0,N/A,N/A,
21002,Low-Productivity,Aerobic Treatment,Horses,Western Europe,0,N/A,N/A,
21003,Low-Productivity,Lagoon,Horses,Eastern Europe,0,N/A,N/A,
21004,Low-Productivity,Liquid/Slurry,Horses,Eastern Europe,0,N/A,N/A,
21005,Low-Productivity,Solid Storage,Horses,Eastern Europe,9,N/A,N/A,
21006,Low-Productivity,Dry Lot,Horses,Eastern Europe,0,N/A,N/A,
21007,Low-Productivity,Pasture/Range/Paddock,Horses,Eastern Europe,91,N/A,N/A,
21008,Low-Productivity,Daily Spread,Horses,Eastern Europe,0,N/A,N/A,
21009,Low-Productivity,Digester,Horses,Eastern Europe,0,N/A,N/A,
21010,Low-Productivity,Burned For Fuel,Horses,Eastern Europe,0,N/A,N/A,
21011,Low-Productivity,Pit<1Month,Horses,Eastern Europe,0,N/A,N/A,
21013,Low-Productivity,Poultry Manure,Horses,Eastern Europe,0,N/A,N/A,
21014,Low-Productivity,Deep Bedding,Horses,Eastern Europe,0,N/A,N/A,
21015,Low-Productivity,Composting,Horses,Eastern Europe,0,N/A,N/A,
21016,Low-Productivity,Aerobic Treatment,Horses,Eastern Europe,0,N/A,N/A,
21017,Low-Productivity,Lagoon,Horses,Russian Federation,0,N/A,N/A,
21018,Low-Productivity,Liquid/Slurry,Horses,Russian Federation,0,N/A,N/A,
21019,Low-Productivity,Solid Storage,Horses,Russian Federation,82,N/A,N/A,
21020,Low-Productivity,Dry Lot,Horses,Russian Federation,0,N/A,N/A,
21021,Low-Productivity,Pasture/Range/Paddock,Horses,Russian Federation,18,N/A,N/A,
21022,Low-Productivity,Daily Spread,Horses,Russian Federation,0,N/A,N/A,
21023,Low-Productivity,Digester,Horses,Russian Federation,0,N/A,N/A,
21024,Low-Productivity,Burned For Fuel,Horses,Russian Federation,0,N/A,N/A,
21025,Low-Productivity,Pit<1Month,Horses,Russian Federation,0,N/A,N/A,
21027,Low-Productivity,Poultry Manure,Horses,Russian Federation,0,N/A,N/A,
21028,Low-Productivity,Deep Bedding,Horses,Russian Federation,0,N/A,N/A,
21029,Low-Productivity,Composting,Horses,Russian Federation,0,N/A,N/A,
21030,Low-Productivity,Aerobic Treatment,Horses,Russian Federation,0,N/A,N/A,
21031,Low-Productivity,Lagoon,Horses,Oceania,0,N/A,N/A,
21032,Low-Productivity,Liquid/Slurry,Horses,Oceania,0,N/A,N/A,
21033,Low-Productivity,Solid Storage,Horses,Oceania,0,N/A,N/A,
21034,Low-Productivity,Dry Lot,Horses,Oceania,0,N/A,N/A,
21035,Low-Productivity,Pasture/Range/Paddock,Horses,Oceania,100,N/A,N/A,
21036,Low-Productivity,Daily Spread,Horses,Oceania,0,N/A,N/A,
21037,Low-Productivity,Digester,Horses,Oceania,0,N/A,N/A,
21038,Low-Productivity,Burned For Fuel,Horses,Oceania,0,N/A,N/A,
21039,Low-Productivity,Pit<1Month,Horses,Oceania,0,N/A,N/A,
21041,Low-Productivity,Poultry Manure,Horses,Oceania,0,N/A,N/A,
21042,Low-Productivity,Deep Bedding,Horses,Oceania,0,N/A,N/A,
21043,Low-Productivity,Composting,Horses,Oceania,0,N/A,N/A,
21044,Low-Productivity,Aerobic Treatment,Horses,Oceania,0,N/A,N/A,
21045,Low-Productivity,Lagoon,Horses,NENA/Middle East,0,N/A,N/A,
21046,Low-Productivity,Liquid/Slurry,Horses,NENA/Middle East,0,N/A,N/A,
21047,Low-Productivity,Solid Storage,Horses,NENA/Middle East,0,N/A,N/A,
21048,Low-Productivity,Dry Lot,Horses,NENA/Middle East,50,N/A,N/A,
21049,Low-Productivity,Pasture/Range/Paddock,Horses,NENA/Middle East,50,N/A,N/A,
21050,Low-Productivity,Daily Spread,Horses,NENA/Middle East,0,N/A,N/A,
21051,Low-Productivity,Digester,Horses,NENA/Middle East,0,N/A,N/A,
21052,Low-Productivity,Burned For Fuel,Horses,NENA/Middle East,0,N/A,N/A,
21053,Low-Productivity,Pit<1Month,Horses,NENA/Middle East,0,N/A,N/A,
21055,Low-Productivity,Poultry Manure,Horses,NENA/Middle East,0,N/A,N/A,
21056,Low-Productivity,Deep Bedding,Horses,NENA/Middle East,0,N/A,N/A,
21057,Low-Productivity,Composting,Horses,NENA/Middle East,0,N/A,N/A,
21058,Low-Productivity,Aerobic Treatment,Horses,NENA/Middle East,0,N/A,N/A,
21059,Low-Productivity,Lagoon,Horses,South Asia,0,N/A,N/A,
21060,Low-Productivity,Liquid/Slurry,Horses,South Asia,0,N/A,N/A,
21061,Low-Productivity,Solid Storage,Horses,South Asia,50,N/A,N/A,
21062,Low-Productivity,Dry Lot,Horses,South Asia,0,N/A,N/A,
21063,Low-Productivity,Pasture/Range/Paddock,Horses,South Asia,50,N/A,N/A,
21064,Low-Productivity,Daily Spread,Horses,South Asia,0,N/A,N/A,
21065,Low-Productivity,Digester,Horses,South Asia,0,N/A,N/A,
21066,Low-Productivity,Burned For Fuel,Horses,South Asia,0,N/A,N/A,
21067,Low-Productivity,Pit<1Month,Horses,South Asia,0,N/A,N/A,
21069,Low-Productivity,Poultry Manure,Horses,South Asia,0,N/A,N/A,
21070,Low-Productivity,Deep Bedding,Horses,South Asia,0,N/A,N/A,
21071,Low-Productivity,Composting,Horses,South Asia,0,N/A,N/A,
21072,Low-Productivity,Aerobic Treatment,Horses,South Asia,0,N/A,N/A,
21073,Default,Lagoon,Horses,Sub-Saharan Africa,0,N/A,N/A,
21074,Default,Liquid/Slurry,Horses,Sub-Saharan Africa,0,N/A,N/A,
21075,Default,Solid Storage,Horses,Sub-Saharan Africa,17,N/A,N/A,
21076,Default,Dry Lot,Horses,Sub-Saharan Africa,3,N/A,N/A,
21077,Default,Pasture/Range/Paddock,Horses,Sub-Saharan Africa,80,N/A,N/A,
21078,Default,Daily Spread,Horses,Sub-Saharan Africa,0,N/A,N/A,
21079,Default,Digester,Horses,Sub-Saharan Africa,0,N/A,N/A,
21080,Default,Burned For Fuel,Horses,Sub-Saharan Africa,0,N/A,N/A,
21081,Default,Pit<1Month,Horses,Sub-Saharan Africa,0,N/A,N/A,
21083,Default,Poultry Manure,Horses,Sub-Saharan Africa,0,N/A,N/A,
21084,Default,Deep Bedding,Horses,Sub-Saharan Africa,0,N/A,N/A,
21085,Default,Composting,Horses,Sub-Saharan Africa,0,N/A,N/A,
21086,Default,Aerobic Treatment,Horses,Sub-Saharan Africa,0,N/A,N/A,
21087,Default,Lagoon,Horses,East Asia And South-East Asia,0,N/A,N/A,
21088,Default,Liquid/Slurry,Horses,East Asia And South-East Asia,0,N/A,N/A,
21089,Default,Solid Storage,Horses,East Asia And South-East Asia,50,N/A,N/A,
21090,Default,Dry Lot,Horses,East Asia And South-East Asia,0,N/A,N/A,
21091,Default,Pasture/Range/Paddock,Horses,East Asia And South-East Asia,50,N/A,N/A,
21092,Default,Daily Spread,Horses,East Asia And South-East Asia,0,N/A,N/A,
21093,Default,Digester,Horses,East Asia And South-East Asia,0,N/A,N/A,
21094,Default,Burned For Fuel,Horses,East Asia And South-East Asia,0,N/A,N/A,
21095,Default,Pit<1Month,Horses,East Asia And South-East Asia,0,N/A,N/A,
21097,Default,Poultry Manure,Horses,East Asia And South-East Asia,0,N/A,N/A,
21098,Default,Deep Bedding,Horses,East Asia And South-East Asia,0,N/A,N/A,
21099,Default,Composting,Horses,East Asia And South-East Asia,0,N/A,N/A,
21100,Default,Aerobic Treatment,Horses,East Asia And South-East Asia,0,N/A,N/A,
21101,Default,Lagoon,Horses,North America,0,N/A,N/A,
21102,Default,Liquid/Slurry,Horses,North America,0,N/A,N/A,
21103,Default,Solid Storage,Horses,North America,50,N/A,N/A,
21104,Default,Dry Lot,Horses,North America,0,N/A,N/A,
21105,Default,Pasture/Range/Paddock,Horses,North America,50,N/A,N/A,
21106,Default,Daily Spread,Horses,North America,0,N/A,N/A,
21107,Default,Digester,Horses,North America,0,N/A,N/A,
21108,Default,Burned For Fuel,Horses,North America,0,N/A,N/A,
21109,Default,Pit<1Month,Horses,North America,0,N/A,N/A,
21111,Default,Poultry Manure,Horses,North America,0,N/A,N/A,
21112,Default,Deep Bedding,Horses,North America,0,N/A,N/A,
21113,Default,Composting,Horses,North America,0,N/A,N/A,
21114,Default,Aerobic Treatment,Horses,North America,0,N/A,N/A,
21115,Default,Lagoon,Horses,Latin America And The Caribbean,0,N/A,N/A,
21116,Default,Liquid/Slurry,Horses,Latin America And The Caribbean,0,N/A,N/A,
21117,Default,Solid Storage,Horses,Latin America And The Caribbean,17,N/A,N/A,
21118,Default,Dry Lot,Horses,Latin America And The Caribbean,3,N/A,N/A,
21119,Default,Pasture/Range/Paddock,Horses,Latin America And The Caribbean,80,N/A,N/A,
21120,Default,Daily Spread,Horses,Latin America And The Caribbean,0,N/A,N/A,
21121,Default,Digester,Horses,Latin America And The Caribbean,0,N/A,N/A,
21122,Default,Burned For Fuel,Horses,Latin America And The Caribbean,0,N/A,N/A,
21123,Default,Pit<1Month,Horses,Latin America And The Caribbean,0,N/A,N/A,
21125,Default,Poultry Manure,Horses,Latin America And The Caribbean,0,N/A,N/A,
21126,Default,Deep Bedding,Horses,Latin America And The Caribbean,0,N/A,N/A,
21127,Default,Composting,Horses,Latin America And The Caribbean,0,N/A,N/A,
21128,Default,Aerobic Treatment,Horses,Latin America And The Caribbean,0,N/A,N/A,
21129,Default,Lagoon,Horses,Western Europe,0,N/A,N/A,
21130,Default,Liquid/Slurry,Horses,Western Europe,0,N/A,N/A,
21131,Default,Solid Storage,Horses,Western Europe,28,N/A,N/A,
21132,Default,Dry Lot,Horses,Western Europe,0,N/A,N/A,
21133,Default,Pasture/Range/Paddock,Horses,Western Europe,72,N/A,N/A,
21134,Default,Daily Spread,Horses,Western Europe,0,N/A,N/A,
21135,Default,Digester,Horses,Western Europe,0,N/A,N/A,
21136,Default,Burned For Fuel,Horses,Western Europe,0,N/A,N/A,
21137,Default,Pit<1Month,Horses,Western Europe,0,N/A,N/A,
21139,Default,Poultry Manure,Horses,Western Europe,0,N/A,N/A,
21140,Default,Deep Bedding,Horses,Western Europe,0,N/A,N/A,
21141,Default,Composting,Horses,Western Europe,0,N/A,N/A,
21142,Default,Aerobic Treatment,Horses,Western Europe,0,N/A,N/A,
21143,Default,Lagoon,Horses,Eastern Europe,0,N/A,N/A,
21144,Default,Liquid/Slurry,Horses,Eastern Europe,0,N/A,N/A,
21145,Default,Solid Storage,Horses,Eastern Europe,9,N/A,N/A,
21146,Default,Dry Lot,Horses,Eastern Europe,0,N/A,N/A,
21147,Default,Pasture/Range/Paddock,Horses,Eastern Europe,91,N/A,N/A,
21148,Default,Daily Spread,Horses,Eastern Europe,0,N/A,N/A,
21149,Default,Digester,Horses,Eastern Europe,0,N/A,N/A,
21150,Default,Burned For Fuel,Horses,Eastern Europe,0,N/A,N/A,
21151,Default,Pit<1Month,Horses,Eastern Europe,0,N/A,N/A,
21153,Default,Poultry Manure,Horses,Eastern Europe,0,N/A,N/A,
21154,Default,Deep Bedding,Horses,Eastern Europe,0,N/A,N/A,
21155,Default,Composting,Horses,Eastern Europe,0,N/A,N/A,
21156,Default,Aerobic Treatment,Horses,Eastern Europe,0,N/A,N/A,
21157,Default,Lagoon,Horses,Russian Federation,0,N/A,N/A,
21158,Default,Liquid/Slurry,Horses,Russian Federation,0,N/A,N/A,
21159,Default,Solid Storage,Horses,Russian Federation,82,N/A,N/A,
21160,Default,Dry Lot,Horses,Russian Federation,0,N/A,N/A,
21161,Default,Pasture/Range/Paddock,Horses,Russian Federation,18,N/A,N/A,
21162,Default,Daily Spread,Horses,Russian Federation,0,N/A,N/A,
21163,Default,Digester,Horses,Russian Federation,0,N/A,N/A,
21164,Default,Burned For Fuel,Horses,Russian Federation,0,N/A,N/A,
21165,Default,Pit<1Month,Horses,Russian Federation,0,N/A,N/A,
21167,Default,Poultry Manure,Horses,Russian Federation,0,N/A,N/A,
21168,Default,Deep Bedding,Horses,Russian Federation,0,N/A,N/A,
21169,Default,Composting,Horses,Russian Federation,0,N/A,N/A,
21170,Default,Aerobic Treatment,Horses,Russian Federation,0,N/A,N/A,
21171,Default,Lagoon,Horses,Oceania,0,N/A,N/A,
21172,Default,Liquid/Slurry,Horses,Oceania,0,N/A,N/A,
21173,Default,Solid Storage,Horses,Oceania,0,N/A,N/A,
21174,Default,Dry Lot,Horses,Oceania,0,N/A,N/A,
21175,Default,Pasture/Range/Paddock,Horses,Oceania,100,N/A,N/A,
21176,Default,Daily Spread,Horses,Oceania,0,N/A,N/A,
21177,Default,Digester,Horses,Oceania,0,N/A,N/A,
21178,Default,Burned For Fuel,Horses,Oceania,0,N/A,N/A,
21179,Default,Pit<1Month,Horses,Oceania,0,N/A,N/A,
21181,Default,Poultry Manure,Horses,Oceania,0,N/A,N/A,
21182,Default,Deep Bedding,Horses,Oceania,0,N/A,N/A,
21183,Default,Composting,Horses,Oceania,0,N/A,N/A,
21184,Default,Aerobic Treatment,Horses,Oceania,0,N/A,N/A,
21185,Default,Lagoon,Horses,NENA/Middle East,0,N/A,N/A,
21186,Default,Liquid/Slurry,Horses,NENA/Middle East,0,N/A,N/A,
21187,Default,Solid Storage,Horses,NENA/Middle East,0,N/A,N/A,
21188,Default,Dry Lot,Horses,NENA/Middle East,50,N/A,N/A,
21189,Default,Pasture/Range/Paddock,Horses,NENA/Middle East,50,N/A,N/A,
21190,Default,Daily Spread,Horses,NENA/Middle East,0,N/A,N/A,
21191,Default,Digester,Horses,NENA/Middle East,0,N/A,N/A,
21192,Default,Burned For Fuel,Horses,NENA/Middle East,0,N/A,N/A,
21193,Default,Pit<1Month,Horses,NENA/Middle East,0,N/A,N/A,
21195,Default,Poultry Manure,Horses,NENA/Middle East,0,N/A,N/A,
21196,Default,Deep Bedding,Horses,NENA/Middle East,0,N/A,N/A,
21197,Default,Composting,Horses,NENA/Middle East,0,N/A,N/A,
21198,Default,Aerobic Treatment,Horses,NENA/Middle East,0,N/A,N/A,
21199,Default,Lagoon,Horses,South Asia,0,N/A,N/A,
21200,Default,Liquid/Slurry,Horses,South Asia,0,N/A,N/A,
21201,Default,Solid Storage,Horses,South Asia,50,N/A,N/A,
21202,Default,Dry Lot,Horses,South Asia,0,N/A,N/A,
21203,Default,Pasture/Range/Paddock,Horses,South Asia,50,N/A,N/A,
21204,Default,Daily Spread,Horses,South Asia,0,N/A,N/A,
21205,Default,Digester,Horses,South Asia,0,N/A,N/A,
21206,Default,Burned For Fuel,Horses,South Asia,0,N/A,N/A,
21207,Default,Pit<1Month,Horses,South Asia,0,N/A,N/A,
21209,Default,Poultry Manure,Horses,South Asia,0,N/A,N/A,
21210,Default,Deep Bedding,Horses,South Asia,0,N/A,N/A,
21211,Default,Composting,Horses,South Asia,0,N/A,N/A,
21212,Default,Aerobic Treatment,Horses,South Asia,0,N/A,N/A,
21213,High-Productivity,Lagoon,Mules And Asses,Sub-Saharan Africa,0,N/A,N/A,
21214,High-Productivity,Liquid/Slurry,Mules And Asses,Sub-Saharan Africa,0,N/A,N/A,
21215,High-Productivity,Solid Storage,Mules And Asses,Sub-Saharan Africa,17,N/A,N/A,
21216,High-Productivity,Dry Lot,Mules And Asses,Sub-Saharan Africa,3,N/A,N/A,
21217,High-Productivity,Pasture/Range/Paddock,Mules And Asses,Sub-Saharan Africa,80,N/A,N/A,
21218,High-Productivity,Daily Spread,Mules And Asses,Sub-Saharan Africa,0,N/A,N/A,
21219,High-Productivity,Digester,Mules And Asses,Sub-Saharan Africa,0,N/A,N/A,
21220,High-Productivity,Burned For Fuel,Mules And Asses,Sub-Saharan Africa,0,N/A,N/A,
21221,High-Productivity,Pit<1Month,Mules And Asses,Sub-Saharan Africa,0,N/A,N/A,
21223,High-Productivity,Poultry Manure,Mules And Asses,Sub-Saharan Africa,0,N/A,N/A,
21224,High-Productivity,Deep Bedding,Mules And Asses,Sub-Saharan Africa,0,N/A,N/A,
21225,High-Productivity,Composting,Mules And Asses,Sub-Saharan Africa,0,N/A,N/A,
21226,High-Productivity,Aerobic Treatment,Mules And Asses,Sub-Saharan Africa,0,N/A,N/A,
21227,High-Productivity,Lagoon,Mules And Asses,East Asia And South-East Asia,0,N/A,N/A,
21228,High-Productivity,Liquid/Slurry,Mules And Asses,East Asia And South-East Asia,0,N/A,N/A,
21229,High-Productivity,Solid Storage,Mules And Asses,East Asia And South-East Asia,50,N/A,N/A,
21230,High-Productivity,Dry Lot,Mules And Asses,East Asia And South-East Asia,0,N/A,N/A,
21231,High-Productivity,Pasture/Range/Paddock,Mules And Asses,East Asia And South-East Asia,50,N/A,N/A,
21232,High-Productivity,Daily Spread,Mules And Asses,East Asia And South-East Asia,0,N/A,N/A,
21233,High-Productivity,Digester,Mules And Asses,East Asia And South-East Asia,0,N/A,N/A,
21234,High-Productivity,Burned For Fuel,Mules And Asses,East Asia And South-East Asia,0,N/A,N/A,
21235,High-Productivity,Pit<1Month,Mules And Asses,East Asia And South-East Asia,0,N/A,N/A,
21237,High-Productivity,Poultry Manure,Mules And Asses,East Asia And South-East Asia,0,N/A,N/A,
21238,High-Productivity,Deep Bedding,Mules And Asses,East Asia And South-East Asia,0,N/A,N/A,
21239,High-Productivity,Composting,Mules And Asses,East Asia And South-East Asia,0,N/A,N/A,
21240,High-Productivity,Aerobic Treatment,Mules And Asses,East Asia And South-East Asia,0,N/A,N/A,
21241,High-Productivity,Lagoon,Mules And Asses,North America,0,N/A,N/A,
21242,High-Productivity,Liquid/Slurry,Mules And Asses,North America,0,N/A,N/A,
21243,High-Productivity,Solid Storage,Mules And Asses,North America,50,N/A,N/A,
21244,High-Productivity,Dry Lot,Mules And Asses,North America,0,N/A,N/A,
21245,High-Productivity,Pasture/Range/Paddock,Mules And Asses,North America,50,N/A,N/A,
21246,High-Productivity,Daily Spread,Mules And Asses,North America,0,N/A,N/A,
21247,High-Productivity,Digester,Mules And Asses,North America,0,N/A,N/A,
21248,High-Productivity,Burned For Fuel,Mules And Asses,North America,0,N/A,N/A,
21249,High-Productivity,Pit<1Month,Mules And Asses,North America,0,N/A,N/A,
21251,High-Productivity,Poultry Manure,Mules And Asses,North America,0,N/A,N/A,
21252,High-Productivity,Deep Bedding,Mules And Asses,North America,0,N/A,N/A,
21253,High-Productivity,Composting,Mules And Asses,North America,0,N/A,N/A,
21254,High-Productivity,Aerobic Treatment,Mules And Asses,North America,0,N/A,N/A,
21255,High-Productivity,Lagoon,Mules And Asses,Latin America And The Caribbean,0,N/A,N/A,
21256,High-Productivity,Liquid/Slurry,Mules And Asses,Latin America And The Caribbean,0,N/A,N/A,
21257,High-Productivity,Solid Storage,Mules And Asses,Latin America And The Caribbean,17,N/A,N/A,
21258,High-Productivity,Dry Lot,Mules And Asses,Latin America And The Caribbean,3,N/A,N/A,
21259,High-Productivity,Pasture/Range/Paddock,Mules And Asses,Latin America And The Caribbean,80,N/A,N/A,
21260,High-Productivity,Daily Spread,Mules And Asses,Latin America And The Caribbean,0,N/A,N/A,
21261,High-Productivity,Digester,Mules And Asses,Latin America And The Caribbean,0,N/A,N/A,
21262,High-Productivity,Burned For Fuel,Mules And Asses,Latin America And The Caribbean,0,N/A,N/A,
21263,High-Productivity,Pit<1Month,Mules And Asses,Latin America And The Caribbean,0,N/A,N/A,
21265,High-Productivity,Poultry Manure,Mules And Asses,Latin America And The Caribbean,0,N/A,N/A,
21266,High-Productivity,Deep Bedding,Mules And Asses,Latin America And The Caribbean,0,N/A,N/A,
21267,High-Productivity,Composting,Mules And Asses,Latin America And The Caribbean,0,N/A,N/A,
21268,High-Productivity,Aerobic Treatment,Mules And Asses,Latin America And The Caribbean,0,N/A,N/A,
21269,High-Productivity,Lagoon,Mules And Asses,Western Europe,0,N/A,N/A,
21270,High-Productivity,Liquid/Slurry,Mules And Asses,Western Europe,0,N/A,N/A,
21271,High-Productivity,Solid Storage,Mules And Asses,Western Europe,28,N/A,N/A,
21272,High-Productivity,Dry Lot,Mules And Asses,Western Europe,0,N/A,N/A,
21273,High-Productivity,Pasture/Range/Paddock,Mules And Asses,Western Europe,72,N/A,N/A,
21274,High-Productivity,Daily Spread,Mules And Asses,Western Europe,0,N/A,N/A,
21275,High-Productivity,Digester,Mules And Asses,Western Europe,0,N/A,N/A,
21276,High-Productivity,Burned For Fuel,Mules And Asses,Western Europe,0,N/A,N/A,
21277,High-Productivity,Pit<1Month,Mules And Asses,Western Europe,0,N/A,N/A,
21279,High-Productivity,Poultry Manure,Mules And Asses,Western Europe,0,N/A,N/A,
21280,High-Productivity,Deep Bedding,Mules And Asses,Western Europe,0,N/A,N/A,
21281,High-Productivity,Composting,Mules And Asses,Western Europe,0,N/A,N/A,
21282,High-Productivity,Aerobic Treatment,Mules And Asses,Western Europe,0,N/A,N/A,
21283,High-Productivity,Lagoon,Mules And Asses,Eastern Europe,0,N/A,N/A,
21284,High-Productivity,Liquid/Slurry,Mules And Asses,Eastern Europe,0,N/A,N/A,
21285,High-Productivity,Solid Storage,Mules And Asses,Eastern Europe,9,N/A,N/A,
21286,High-Productivity,Dry Lot,Mules And Asses,Eastern Europe,0,N/A,N/A,
21287,High-Productivity,Pasture/Range/Paddock,Mules And Asses,Eastern Europe,91,N/A,N/A,
21288,High-Productivity,Daily Spread,Mules And Asses,Eastern Europe,0,N/A,N/A,
21289,High-Productivity,Digester,Mules And Asses,Eastern Europe,0,N/A,N/A,
21290,High-Productivity,Burned For Fuel,Mules And Asses,Eastern Europe,0,N/A,N/A,
21291,High-Productivity,Pit<1Month,Mules And Asses,Eastern Europe,0,N/A,N/A,
21293,High-Productivity,Poultry Manure,Mules And Asses,Eastern Europe,0,N/A,N/A,
21294,High-Productivity,Deep Bedding,Mules And Asses,Eastern Europe,0,N/A,N/A,
21295,High-Productivity,Composting,Mules And Asses,Eastern Europe,0,N/A,N/A,
21296,High-Productivity,Aerobic Treatment,Mules And Asses,Eastern Europe,0,N/A,N/A,
21297,High-Productivity,Lagoon,Mules And Asses,Russian Federation,0,N/A,N/A,
21298,High-Productivity,Liquid/Slurry,Mules And Asses,Russian Federation,0,N/A,N/A,
21299,High-Productivity,Solid Storage,Mules And Asses,Russian Federation,82,N/A,N/A,
21300,High-Productivity,Dry Lot,Mules And Asses,Russian Federation,0,N/A,N/A,
21301,High-Productivity,Pasture/Range/Paddock,Mules And Asses,Russian Federation,18,N/A,N/A,
21302,High-Productivity,Daily Spread,Mules And Asses,Russian Federation,0,N/A,N/A,
21303,High-Productivity,Digester,Mules And Asses,Russian Federation,0,N/A,N/A,
21304,High-Productivity,Burned For Fuel,Mules And Asses,Russian Federation,0,N/A,N/A,
21305,High-Productivity,Pit<1Month,Mules And Asses,Russian Federation,0,N/A,N/A,
21307,High-Productivity,Poultry Manure,Mules And Asses,Russian Federation,0,N/A,N/A,
21308,High-Productivity,Deep Bedding,Mules And Asses,Russian Federation,0,N/A,N/A,
21309,High-Productivity,Composting,Mules And Asses,Russian Federation,0,N/A,N/A,
21310,High-Productivity,Aerobic Treatment,Mules And Asses,Russian Federation,0,N/A,N/A,
21311,High-Productivity,Lagoon,Mules And Asses,Oceania,0,N/A,N/A,
21312,High-Productivity,Liquid/Slurry,Mules And Asses,Oceania,0,N/A,N/A,
21313,High-Productivity,Solid Storage,Mules And Asses,Oceania,0,N/A,N/A,
21314,High-Productivity,Dry Lot,Mules And Asses,Oceania,0,N/A,N/A,
21315,High-Productivity,Pasture/Range/Paddock,Mules And Asses,Oceania,100,N/A,N/A,
21316,High-Productivity,Daily Spread,Mules And Asses,Oceania,0,N/A,N/A,
21317,High-Productivity,Digester,Mules And Asses,Oceania,0,N/A,N/A,
21318,High-Productivity,Burned For Fuel,Mules And Asses,Oceania,0,N/A,N/A,
21319,High-Productivity,Pit<1Month,Mules And Asses,Oceania,0,N/A,N/A,
21321,High-Productivity,Poultry Manure,Mules And Asses,Oceania,0,N/A,N/A,
21322,High-Productivity,Deep Bedding,Mules And Asses,Oceania,0,N/A,N/A,
21323,High-Productivity,Composting,Mules And Asses,Oceania,0,N/A,N/A,
21324,High-Productivity,Aerobic Treatment,Mules And Asses,Oceania,0,N/A,N/A,
21325,High-Productivity,Lagoon,Mules And Asses,NENA/Middle East,0,N/A,N/A,
21326,High-Productivity,Liquid/Slurry,Mules And Asses,NENA/Middle East,0,N/A,N/A,
21327,High-Productivity,Solid Storage,Mules And Asses,NENA/Middle East,0,N/A,N/A,
21328,High-Productivity,Dry Lot,Mules And Asses,NENA/Middle East,50,N/A,N/A,
21329,High-Productivity,Pasture/Range/Paddock,Mules And Asses,NENA/Middle East,50,N/A,N/A,
21330,High-Productivity,Daily Spread,Mules And Asses,NENA/Middle East,0,N/A,N/A,
21331,High-Productivity,Digester,Mules And Asses,NENA/Middle East,0,N/A,N/A,
21332,High-Productivity,Burned For Fuel,Mules And Asses,NENA/Middle East,0,N/A,N/A,
21333,High-Productivity,Pit<1Month,Mules And Asses,NENA/Middle East,0,N/A,N/A,
21335,High-Productivity,Poultry Manure,Mules And Asses,NENA/Middle East,0,N/A,N/A,
21336,High-Productivity,Deep Bedding,Mules And Asses,NENA/Middle East,0,N/A,N/A,
21337,High-Productivity,Composting,Mules And Asses,NENA/Middle East,0,N/A,N/A,
21338,High-Productivity,Aerobic Treatment,Mules And Asses,NENA/Middle East,0,N/A,N/A,
21339,High-Productivity,Lagoon,Mules And Asses,South Asia,0,N/A,N/A,
21340,High-Productivity,Liquid/Slurry,Mules And Asses,South Asia,0,N/A,N/A,
21341,High-Productivity,Solid Storage,Mules And Asses,South Asia,50,N/A,N/A,
21342,High-Productivity,Dry Lot,Mules And Asses,South Asia,0,N/A,N/A,
21343,High-Productivity,Pasture/Range/Paddock,Mules And Asses,South Asia,50,N/A,N/A,
21344,High-Productivity,Daily Spread,Mules And Asses,South Asia,0,N/A,N/A,
21345,High-Productivity,Digester,Mules And Asses,South Asia,0,N/A,N/A,
21346,High-Productivity,Burned For Fuel,Mules And Asses,South Asia,0,N/A,N/A,
21347,High-Productivity,Pit<1Month,Mules And Asses,South Asia,0,N/A,N/A,
21349,High-Productivity,Poultry Manure,Mules And Asses,South Asia,0,N/A,N/A,
21350,High-Productivity,Deep Bedding,Mules And Asses,South Asia,0,N/A,N/A,
21351,High-Productivity,Composting,Mules And Asses,South Asia,0,N/A,N/A,
21352,High-Productivity,Aerobic Treatment,Mules And Asses,South Asia,0,N/A,N/A,
21353,Low-Productivity,Lagoon,Mules And Asses,Sub-Saharan Africa,0,N/A,N/A,
21354,Low-Productivity,Liquid/Slurry,Mules And Asses,Sub-Saharan Africa,0,N/A,N/A,
21355,Low-Productivity,Solid Storage,Mules And Asses,Sub-Saharan Africa,17,N/A,N/A,
21356,Low-Productivity,Dry Lot,Mules And Asses,Sub-Saharan Africa,3,N/A,N/A,
21357,Low-Productivity,Pasture/Range/Paddock,Mules And Asses,Sub-Saharan Africa,80,N/A,N/A,
21358,Low-Productivity,Daily Spread,Mules And Asses,Sub-Saharan Africa,0,N/A,N/A,
21359,Low-Productivity,Digester,Mules And Asses,Sub-Saharan Africa,0,N/A,N/A,
21360,Low-Productivity,Burned For Fuel,Mules And Asses,Sub-Saharan Africa,0,N/A,N/A,
21361,Low-Productivity,Pit<1Month,Mules And Asses,Sub-Saharan Africa,0,N/A,N/A,
21363,Low-Productivity,Poultry Manure,Mules And Asses,Sub-Saharan Africa,0,N/A,N/A,
21364,Low-Productivity,Deep Bedding,Mules And Asses,Sub-Saharan Africa,0,N/A,N/A,
21365,Low-Productivity,Composting,Mules And Asses,Sub-Saharan Africa,0,N/A,N/A,
21366,Low-Productivity,Aerobic Treatment,Mules And Asses,Sub-Saharan Africa,0,N/A,N/A,
21367,Low-Productivity,Lagoon,Mules And Asses,East Asia And South-East Asia,0,N/A,N/A,
21368,Low-Productivity,Liquid/Slurry,Mules And Asses,East Asia And South-East Asia,0,N/A,N/A,
21369,Low-Productivity,Solid Storage,Mules And Asses,East Asia And South-East Asia,50,N/A,N/A,
21370,Low-Productivity,Dry Lot,Mules And Asses,East Asia And South-East Asia,0,N/A,N/A,
21371,Low-Productivity,Pasture/Range/Paddock,Mules And Asses,East Asia And South-East Asia,50,N/A,N/A,
21372,Low-Productivity,Daily Spread,Mules And Asses,East Asia And South-East Asia,0,N/A,N/A,
21373,Low-Productivity,Digester,Mules And Asses,East Asia And South-East Asia,0,N/A,N/A,
21374,Low-Productivity,Burned For Fuel,Mules And Asses,East Asia And South-East Asia,0,N/A,N/A,
21375,Low-Productivity,Pit<1Month,Mules And Asses,East Asia And South-East Asia,0,N/A,N/A,
21377,Low-Productivity,Poultry Manure,Mules And Asses,East Asia And South-East Asia,0,N/A,N/A,
21378,Low-Productivity,Deep Bedding,Mules And Asses,East Asia And South-East Asia,0,N/A,N/A,
21379,Low-Productivity,Composting,Mules And Asses,East Asia And South-East Asia,0,N/A,N/A,
21380,Low-Productivity,Aerobic Treatment,Mules And Asses,East Asia And South-East Asia,0,N/A,N/A,
21381,Low-Productivity,Lagoon,Mules And Asses,North America,0,N/A,N/A,
21382,Low-Productivity,Liquid/Slurry,Mules And Asses,North America,0,N/A,N/A,
21383,Low-Productivity,Solid Storage,Mules And Asses,North America,50,N/A,N/A,
21384,Low-Productivity,Dry Lot,Mules And Asses,North America,0,N/A,N/A,
21385,Low-Productivity,Pasture/Range/Paddock,Mules And Asses,North America,50,N/A,N/A,
21386,Low-Productivity,Daily Spread,Mules And Asses,North America,0,N/A,N/A,
21387,Low-Productivity,Digester,Mules And Asses,North America,0,N/A,N/A,
21388,Low-Productivity,Burned For Fuel,Mules And Asses,North America,0,N/A,N/A,
21389,Low-Productivity,Pit<1Month,Mules And Asses,North America,0,N/A,N/A,
21391,Low-Productivity,Poultry Manure,Mules And Asses,North America,0,N/A,N/A,
21392,Low-Productivity,Deep Bedding,Mules And Asses,North America,0,N/A,N/A,
21393,Low-Productivity,Composting,Mules And Asses,North America,0,N/A,N/A,
21394,Low-Productivity,Aerobic Treatment,Mules And Asses,North America,0,N/A,N/A,
21395,Low-Productivity,Lagoon,Mules And Asses,Latin America And The Caribbean,0,N/A,N/A,
21396,Low-Productivity,Liquid/Slurry,Mules And Asses,Latin America And The Caribbean,0,N/A,N/A,
21397,Low-Productivity,Solid Storage,Mules And Asses,Latin America And The Caribbean,17,N/A,N/A,
21398,Low-Productivity,Dry Lot,Mules And Asses,Latin America And The Caribbean,3,N/A,N/A,
21399,Low-Productivity,Pasture/Range/Paddock,Mules And Asses,Latin America And The Caribbean,80,N/A,N/A,
21400,Low-Productivity,Daily Spread,Mules And Asses,Latin America And The Caribbean,0,N/A,N/A,
21401,Low-Productivity,Digester,Mules And Asses,Latin America And The Caribbean,0,N/A,N/A,
21402,Low-Productivity,Burned For Fuel,Mules And Asses,Latin America And The Caribbean,0,N/A,N/A,
21403,Low-Productivity,Pit<1Month,Mules And Asses,Latin America And The Caribbean,0,N/A,N/A,
21405,Low-Productivity,Poultry Manure,Mules And Asses,Latin America And The Caribbean,0,N/A,N/A,
21406,Low-Productivity,Deep Bedding,Mules And Asses,Latin America And The Caribbean,0,N/A,N/A,
21407,Low-Productivity,Composting,Mules And Asses,Latin America And The Caribbean,0,N/A,N/A,
21408,Low-Productivity,Aerobic Treatment,Mules And Asses,Latin America And The Caribbean,0,N/A,N/A,
21409,Low-Productivity,Lagoon,Mules And Asses,Western Europe,0,N/A,N/A,
21410,Low-Productivity,Liquid/Slurry,Mules And Asses,Western Europe,0,N/A,N/A,
21411,Low-Productivity,Solid Storage,Mules And Asses,Western Europe,28,N/A,N/A,
21412,Low-Productivity,Dry Lot,Mules And Asses,Western Europe,0,N/A,N/A,
21413,Low-Productivity,Pasture/Range/Paddock,Mules And Asses,Western Europe,72,N/A,N/A,
21414,Low-Productivity,Daily Spread,Mules And Asses,Western Europe,0,N/A,N/A,
21415,Low-Productivity,Digester,Mules And Asses,Western Europe,0,N/A,N/A,
21416,Low-Productivity,Burned For Fuel,Mules And Asses,Western Europe,0,N/A,N/A,
21417,Low-Productivity,Pit<1Month,Mules And Asses,Western Europe,0,N/A,N/A,
21419,Low-Productivity,Poultry Manure,Mules And Asses,Western Europe,0,N/A,N/A,
21420,Low-Productivity,Deep Bedding,Mules And Asses,Western Europe,0,N/A,N/A,
21421,Low-Productivity,Composting,Mules And Asses,Western Europe,0,N/A,N/A,
21422,Low-Productivity,Aerobic Treatment,Mules And Asses,Western Europe,0,N/A,N/A,
21423,Low-Productivity,Lagoon,Mules And Asses,Eastern Europe,0,N/A,N/A,
21424,Low-Productivity,Liquid/Slurry,Mules And Asses,Eastern Europe,0,N/A,N/A,
21425,Low-Productivity,Solid Storage,Mules And Asses,Eastern Europe,9,N/A,N/A,
21426,Low-Productivity,Dry Lot,Mules And Asses,Eastern Europe,0,N/A,N/A,
21427,Low-Productivity,Pasture/Range/Paddock,Mules And Asses,Eastern Europe,91,N/A,N/A,
21428,Low-Productivity,Daily Spread,Mules And Asses,Eastern Europe,0,N/A,N/A,
21429,Low-Productivity,Digester,Mules And Asses,Eastern Europe,0,N/A,N/A,
21430,Low-Productivity,Burned For Fuel,Mules And Asses,Eastern Europe,0,N/A,N/A,
21431,Low-Productivity,Pit<1Month,Mules And Asses,Eastern Europe,0,N/A,N/A,
21433,Low-Productivity,Poultry Manure,Mules And Asses,Eastern Europe,0,N/A,N/A,
21434,Low-Productivity,Deep Bedding,Mules And Asses,Eastern Europe,0,N/A,N/A,
21435,Low-Productivity,Composting,Mules And Asses,Eastern Europe,0,N/A,N/A,
21436,Low-Productivity,Aerobic Treatment,Mules And Asses,Eastern Europe,0,N/A,N/A,
21437,Low-Productivity,Lagoon,Mules And Asses,Russian Federation,0,N/A,N/A,
21438,Low-Productivity,Liquid/Slurry,Mules And Asses,Russian Federation,0,N/A,N/A,
21439,Low-Productivity,Solid Storage,Mules And Asses,Russian Federation,82,N/A,N/A,
21440,Low-Productivity,Dry Lot,Mules And Asses,Russian Federation,0,N/A,N/A,
21441,Low-Productivity,Pasture/Range/Paddock,Mules And Asses,Russian Federation,18,N/A,N/A,
21442,Low-Productivity,Daily Spread,Mules And Asses,Russian Federation,0,N/A,N/A,
21443,Low-Productivity,Digester,Mules And Asses,Russian Federation,0,N/A,N/A,
21444,Low-Productivity,Burned For Fuel,Mules And Asses,Russian Federation,0,N/A,N/A,
21445,Low-Productivity,Pit<1Month,Mules And Asses,Russian Federation,0,N/A,N/A,
21447,Low-Productivity,Poultry Manure,Mules And Asses,Russian Federation,0,N/A,N/A,
21448,Low-Productivity,Deep Bedding,Mules And Asses,Russian Federation,0,N/A,N/A,
21449,Low-Productivity,Composting,Mules And Asses,Russian Federation,0,N/A,N/A,
21450,Low-Productivity,Aerobic Treatment,Mules And Asses,Russian Federation,0,N/A,N/A,
21451,Low-Productivity,Lagoon,Mules And Asses,Oceania,0,N/A,N/A,
21452,Low-Productivity,Liquid/Slurry,Mules And Asses,Oceania,0,N/A,N/A,
21453,Low-Productivity,Solid Storage,Mules And Asses,Oceania,0,N/A,N/A,
21454,Low-Productivity,Dry Lot,Mules And Asses,Oceania,0,N/A,N/A,
21455,Low-Productivity,Pasture/Range/Paddock,Mules And Asses,Oceania,100,N/A,N/A,
21456,Low-Productivity,Daily Spread,Mules And Asses,Oceania,0,N/A,N/A,
21457,Low-Productivity,Digester,Mules And Asses,Oceania,0,N/A,N/A,
21458,Low-Productivity,Burned For Fuel,Mules And Asses,Oceania,0,N/A,N/A,
21459,Low-Productivity,Pit<1Month,Mules And Asses,Oceania,0,N/A,N/A,
21461,Low-Productivity,Poultry Manure,Mules And Asses,Oceania,0,N/A,N/A,
21462,Low-Productivity,Deep Bedding,Mules And Asses,Oceania,0,N/A,N/A,
21463,Low-Productivity,Composting,Mules And Asses,Oceania,0,N/A,N/A,
21464,Low-Productivity,Aerobic Treatment,Mules And Asses,Oceania,0,N/A,N/A,
21465,Low-Productivity,Lagoon,Mules And Asses,NENA/Middle East,0,N/A,N/A,
21466,Low-Productivity,Liquid/Slurry,Mules And Asses,NENA/Middle East,0,N/A,N/A,
21467,Low-Productivity,Solid Storage,Mules And Asses,NENA/Middle East,0,N/A,N/A,
21468,Low-Productivity,Dry Lot,Mules And Asses,NENA/Middle East,50,N/A,N/A,
21469,Low-Productivity,Pasture/Range/Paddock,Mules And Asses,NENA/Middle East,50,N/A,N/A,
21470,Low-Productivity,Daily Spread,Mules And Asses,NENA/Middle East,0,N/A,N/A,
21471,Low-Productivity,Digester,Mules And Asses,NENA/Middle East,0,N/A,N/A,
21472,Low-Productivity,Burned For Fuel,Mules And Asses,NENA/Middle East,0,N/A,N/A,
21473,Low-Productivity,Pit<1Month,Mules And Asses,NENA/Middle East,0,N/A,N/A,
21475,Low-Productivity,Poultry Manure,Mules And Asses,NENA/Middle East,0,N/A,N/A,
21476,Low-Productivity,Deep Bedding,Mules And Asses,NENA/Middle East,0,N/A,N/A,
21477,Low-Productivity,Composting,Mules And Asses,NENA/Middle East,0,N/A,N/A,
21478,Low-Productivity,Aerobic Treatment,Mules And Asses,NENA/Middle East,0,N/A,N/A,
21479,Low-Productivity,Lagoon,Mules And Asses,South Asia,0,N/A,N/A,
21480,Low-Productivity,Liquid/Slurry,Mules And Asses,South Asia,0,N/A,N/A,
21481,Low-Productivity,Solid Storage,Mules And Asses,South Asia,50,N/A,N/A,
21482,Low-Productivity,Dry Lot,Mules And Asses,South Asia,0,N/A,N/A,
21483,Low-Productivity,Pasture/Range/Paddock,Mules And Asses,South Asia,50,N/A,N/A,
21484,Low-Productivity,Daily Spread,Mules And Asses,South Asia,0,N/A,N/A,
21485,Low-Productivity,Digester,Mules And Asses,South Asia,0,N/A,N/A,
21486,Low-Productivity,Burned For Fuel,Mules And Asses,South Asia,0,N/A,N/A,
21487,Low-Productivity,Pit<1Month,Mules And Asses,South Asia,0,N/A,N/A,
21489,Low-Productivity,Poultry Manure,Mules And Asses,South Asia,0,N/A,N/A,
21490,Low-Productivity,Deep Bedding,Mules And Asses,South Asia,0,N/A,N/A,
21491,Low-Productivity,Composting,Mules And Asses,South Asia,0,N/A,N/A,
21492,Low-Productivity,Aerobic Treatment,Mules And Asses,South Asia,0,N/A,N/A,
21493,Default,Lagoon,Mules And Asses,Sub-Saharan Africa,0,N/A,N/A,
21494,Default,Liquid/Slurry,Mules And Asses,Sub-Saharan Africa,0,N/A,N/A,
21495,Default,Solid Storage,Mules And Asses,Sub-Saharan Africa,17,N/A,N/A,
21496,Default,Dry Lot,Mules And Asses,Sub-Saharan Africa,3,N/A,N/A,
21497,Default,Pasture/Range/Paddock,Mules And Asses,Sub-Saharan Africa,80,N/A,N/A,
21498,Default,Daily Spread,Mules And Asses,Sub-Saharan Africa,0,N/A,N/A,
21499,Default,Digester,Mules And Asses,Sub-Saharan Africa,0,N/A,N/A,
21500,Default,Burned For Fuel,Mules And Asses,Sub-Saharan Africa,0,N/A,N/A,
21501,Default,Pit<1Month,Mules And Asses,Sub-Saharan Africa,0,N/A,N/A,
21503,Default,Poultry Manure,Mules And Asses,Sub-Saharan Africa,0,N/A,N/A,
21504,Default,Deep Bedding,Mules And Asses,Sub-Saharan Africa,0,N/A,N/A,
21505,Default,Composting,Mules And Asses,Sub-Saharan Africa,0,N/A,N/A,
21506,Default,Aerobic Treatment,Mules And Asses,Sub-Saharan Africa,0,N/A,N/A,
21507,Default,Lagoon,Mules And Asses,East Asia And South-East Asia,0,N/A,N/A,
21508,Default,Liquid/Slurry,Mules And Asses,East Asia And South-East Asia,0,N/A,N/A,
21509,Default,Solid Storage,Mules And Asses,East Asia And South-East Asia,50,N/A,N/A,
21510,Default,Dry Lot,Mules And Asses,East Asia And South-East Asia,0,N/A,N/A,
21511,Default,Pasture/Range/Paddock,Mules And Asses,East Asia And South-East Asia,50,N/A,N/A,
21512,Default,Daily Spread,Mules And Asses,East Asia And South-East Asia,0,N/A,N/A,
21513,Default,Digester,Mules And Asses,East Asia And South-East Asia,0,N/A,N/A,
21514,Default,Burned For Fuel,Mules And Asses,East Asia And South-East Asia,0,N/A,N/A,
21515,Default,Pit<1Month,Mules And Asses,East Asia And South-East Asia,0,N/A,N/A,
21517,Default,Poultry Manure,Mules And Asses,East Asia And South-East Asia,0,N/A,N/A,
21518,Default,Deep Bedding,Mules And Asses,East Asia And South-East Asia,0,N/A,N/A,
21519,Default,Composting,Mules And Asses,East Asia And South-East Asia,0,N/A,N/A,
21520,Default,Aerobic Treatment,Mules And Asses,East Asia And South-East Asia,0,N/A,N/A,
21521,Default,Lagoon,Mules And Asses,North America,0,N/A,N/A,
21522,Default,Liquid/Slurry,Mules And Asses,North America,0,N/A,N/A,
21523,Default,Solid Storage,Mules And Asses,North America,50,N/A,N/A,
21524,Default,Dry Lot,Mules And Asses,North America,0,N/A,N/A,
21525,Default,Pasture/Range/Paddock,Mules And Asses,North America,50,N/A,N/A,
21526,Default,Daily Spread,Mules And Asses,North America,0,N/A,N/A,
21527,Default,Digester,Mules And Asses,North America,0,N/A,N/A,
21528,Default,Burned For Fuel,Mules And Asses,North America,0,N/A,N/A,
21529,Default,Pit<1Month,Mules And Asses,North America,0,N/A,N/A,
21531,Default,Poultry Manure,Mules And Asses,North America,0,N/A,N/A,
21532,Default,Deep Bedding,Mules And Asses,North America,0,N/A,N/A,
21533,Default,Composting,Mules And Asses,North America,0,N/A,N/A,
21534,Default,Aerobic Treatment,Mules And Asses,North America,0,N/A,N/A,
21535,Default,Lagoon,Mules And Asses,Latin America And The Caribbean,0,N/A,N/A,
21536,Default,Liquid/Slurry,Mules And Asses,Latin America And The Caribbean,0,N/A,N/A,
21537,Default,Solid Storage,Mules And Asses,Latin America And The Caribbean,17,N/A,N/A,
21538,Default,Dry Lot,Mules And Asses,Latin America And The Caribbean,3,N/A,N/A,
21539,Default,Pasture/Range/Paddock,Mules And Asses,Latin America And The Caribbean,80,N/A,N/A,
21540,Default,Daily Spread,Mules And Asses,Latin America And The Caribbean,0,N/A,N/A,
21541,Default,Digester,Mules And Asses,Latin America And The Caribbean,0,N/A,N/A,
21542,Default,Burned For Fuel,Mules And Asses,Latin America And The Caribbean,0,N/A,N/A,
21543,Default,Pit<1Month,Mules And Asses,Latin America And The Caribbean,0,N/A,N/A,
21545,Default,Poultry Manure,Mules And Asses,Latin America And The Caribbean,0,N/A,N/A,
21546,Default,Deep Bedding,Mules And Asses,Latin America And The Caribbean,0,N/A,N/A,
21547,Default,Composting,Mules And Asses,Latin America And The Caribbean,0,N/A,N/A,
21548,Default,Aerobic Treatment,Mules And Asses,Latin America And The Caribbean,0,N/A,N/A,
21549,Default,Lagoon,Mules And Asses,Western Europe,0,N/A,N/A,
21550,Default,Liquid/Slurry,Mules And Asses,Western Europe,0,N/A,N/A,
21551,Default,Solid Storage,Mules And Asses,Western Europe,28,N/A,N/A,
21552,Default,Dry Lot,Mules And Asses,Western Europe,0,N/A,N/A,
21553,Default,Pasture/Range/Paddock,Mules And Asses,Western Europe,72,N/A,N/A,
21554,Default,Daily Spread,Mules And Asses,Western Europe,0,N/A,N/A,
21555,Default,Digester,Mules And Asses,Western Europe,0,N/A,N/A,
21556,Default,Burned For Fuel,Mules And Asses,Western Europe,0,N/A,N/A,
21557,Default,Pit<1Month,Mules And Asses,Western Europe,0,N/A,N/A,
21559,Default,Poultry Manure,Mules And Asses,Western Europe,0,N/A,N/A,
21560,Default,Deep Bedding,Mules And Asses,Western Europe,0,N/A,N/A,
21561,Default,Composting,Mules And Asses,Western Europe,0,N/A,N/A,
21562,Default,Aerobic Treatment,Mules And Asses,Western Europe,0,N/A,N/A,
21563,Default,Lagoon,Mules And Asses,Eastern Europe,0,N/A,N/A,
21564,Default,Liquid/Slurry,Mules And Asses,Eastern Europe,0,N/A,N/A,
21565,Default,Solid Storage,Mules And Asses,Eastern Europe,9,N/A,N/A,
21566,Default,Dry Lot,Mules And Asses,Eastern Europe,0,N/A,N/A,
21567,Default,Pasture/Range/Paddock,Mules And Asses,Eastern Europe,91,N/A,N/A,
21568,Default,Daily Spread,Mules And Asses,Eastern Europe,0,N/A,N/A,
21569,Default,Digester,Mules And Asses,Eastern Europe,0,N/A,N/A,
21570,Default,Burned For Fuel,Mules And Asses,Eastern Europe,0,N/A,N/A,
21571,Default,Pit<1Month,Mules And Asses,Eastern Europe,0,N/A,N/A,
21573,Default,Poultry Manure,Mules And Asses,Eastern Europe,0,N/A,N/A,
21574,Default,Deep Bedding,Mules And Asses,Eastern Europe,0,N/A,N/A,
21575,Default,Composting,Mules And Asses,Eastern Europe,0,N/A,N/A,
21576,Default,Aerobic Treatment,Mules And Asses,Eastern Europe,0,N/A,N/A,
21577,Default,Lagoon,Mules And Asses,Russian Federation,0,N/A,N/A,
21578,Default,Liquid/Slurry,Mules And Asses,Russian Federation,0,N/A,N/A,
21579,Default,Solid Storage,Mules And Asses,Russian Federation,82,N/A,N/A,
21580,Default,Dry Lot,Mules And Asses,Russian Federation,0,N/A,N/A,
21581,Default,Pasture/Range/Paddock,Mules And Asses,Russian Federation,18,N/A,N/A,
21582,Default,Daily Spread,Mules And Asses,Russian Federation,0,N/A,N/A,
21583,Default,Digester,Mules And Asses,Russian Federation,0,N/A,N/A,
21584,Default,Burned For Fuel,Mules And Asses,Russian Federation,0,N/A,N/A,
21585,Default,Pit<1Month,Mules And Asses,Russian Federation,0,N/A,N/A,
21587,Default,Poultry Manure,Mules And Asses,Russian Federation,0,N/A,N/A,
21588,Default,Deep Bedding,Mules And Asses,Russian Federation,0,N/A,N/A,
21589,Default,Composting,Mules And Asses,Russian Federation,0,N/A,N/A,
21590,Default,Aerobic Treatment,Mules And Asses,Russian Federation,0,N/A,N/A,
21591,Default,Lagoon,Mules And Asses,Oceania,0,N/A,N/A,
21592,Default,Liquid/Slurry,Mules And Asses,Oceania,0,N/A,N/A,
21593,Default,Solid Storage,Mules And Asses,Oceania,0,N/A,N/A,
21594,Default,Dry Lot,Mules And Asses,Oceania,0,N/A,N/A,
21595,Default,Pasture/Range/Paddock,Mules And Asses,Oceania,100,N/A,N/A,
21596,Default,Daily Spread,Mules And Asses,Oceania,0,N/A,N/A,
21597,Default,Digester,Mules And Asses,Oceania,0,N/A,N/A,
21598,Default,Burned For Fuel,Mules And Asses,Oceania,0,N/A,N/A,
21599,Default,Pit<1Month,Mules And Asses,Oceania,0,N/A,N/A,
21601,Default,Poultry Manure,Mules And Asses,Oceania,0,N/A,N/A,
21602,Default,Deep Bedding,Mules And Asses,Oceania,0,N/A,N/A,
21603,Default,Composting,Mules And Asses,Oceania,0,N/A,N/A,
21604,Default,Aerobic Treatment,Mules And Asses,Oceania,0,N/A,N/A,
21605,Default,Lagoon,Mules And Asses,NENA/Middle East,0,N/A,N/A,
21606,Default,Liquid/Slurry,Mules And Asses,NENA/Middle East,0,N/A,N/A,
21607,Default,Solid Storage,Mules And Asses,NENA/Middle East,0,N/A,N/A,
21608,Default,Dry Lot,Mules And Asses,NENA/Middle East,50,N/A,N/A,
21609,Default,Pasture/Range/Paddock,Mules And Asses,NENA/Middle East,50,N/A,N/A,
21610,Default,Daily Spread,Mules And Asses,NENA/Middle East,0,N/A,N/A,
21611,Default,Digester,Mules And Asses,NENA/Middle East,0,N/A,N/A,
21612,Default,Burned For Fuel,Mules And Asses,NENA/Middle East,0,N/A,N/A,
21613,Default,Pit<1Month,Mules And Asses,NENA/Middle East,0,N/A,N/A,
21615,Default,Poultry Manure,Mules And Asses,NENA/Middle East,0,N/A,N/A,
21616,Default,Deep Bedding,Mules And Asses,NENA/Middle East,0,N/A,N/A,
21617,Default,Composting,Mules And Asses,NENA/Middle East,0,N/A,N/A,
21618,Default,Aerobic Treatment,Mules And Asses,NENA/Middle East,0,N/A,N/A,
21619,Default,Lagoon,Mules And Asses,South Asia,0,N/A,N/A,
21620,Default,Liquid/Slurry,Mules And Asses,South Asia,0,N/A,N/A,
21621,Default,Solid Storage,Mules And Asses,South Asia,50,N/A,N/A,
21622,Default,Dry Lot,Mules And Asses,South Asia,0,N/A,N/A,
21623,Default,Pasture/Range/Paddock,Mules And Asses,South Asia,50,N/A,N/A,
21624,Default,Daily Spread,Mules And Asses,South Asia,0,N/A,N/A,
21625,Default,Digester,Mules And Asses,South Asia,0,N/A,N/A,
21626,Default,Burned For Fuel,Mules And Asses,South Asia,0,N/A,N/A,
21627,Default,Pit<1Month,Mules And Asses,South Asia,0,N/A,N/A,
21629,Default,Poultry Manure,Mules And Asses,South Asia,0,N/A,N/A,
21630,Default,Deep Bedding,Mules And Asses,South Asia,0,N/A,N/A,
21631,Default,Composting,Mules And Asses,South Asia,0,N/A,N/A,
21632,Default,Aerobic Treatment,Mules And Asses,South Asia,0,N/A,N/A,
21633,High-Productivity,Lagoon,Deer,Sub-Saharan Africa,0,N/A,N/A,
21634,High-Productivity,Liquid/Slurry,Deer,Sub-Saharan Africa,0,N/A,N/A,
21635,High-Productivity,Solid Storage,Deer,Sub-Saharan Africa,0,N/A,N/A,
21636,High-Productivity,Dry Lot,Deer,Sub-Saharan Africa,0,N/A,N/A,
21637,High-Productivity,Pasture/Range/Paddock,Deer,Sub-Saharan Africa,100,N/A,N/A,
21638,High-Productivity,Daily Spread,Deer,Sub-Saharan Africa,0,N/A,N/A,
21639,High-Productivity,Digester,Deer,Sub-Saharan Africa,0,N/A,N/A,
21640,High-Productivity,Burned For Fuel,Deer,Sub-Saharan Africa,0,N/A,N/A,
21641,High-Productivity,Pit<1Month,Deer,Sub-Saharan Africa,0,N/A,N/A,
21643,High-Productivity,Poultry Manure,Deer,Sub-Saharan Africa,0,N/A,N/A,
21644,High-Productivity,Deep Bedding,Deer,Sub-Saharan Africa,0,N/A,N/A,
21645,High-Productivity,Composting,Deer,Sub-Saharan Africa,0,N/A,N/A,
21646,High-Productivity,Aerobic Treatment,Deer,Sub-Saharan Africa,0,N/A,N/A,
21647,High-Productivity,Lagoon,Deer,East Asia And South-East Asia,0,N/A,N/A,
21648,High-Productivity,Liquid/Slurry,Deer,East Asia And South-East Asia,0,N/A,N/A,
21649,High-Productivity,Solid Storage,Deer,East Asia And South-East Asia,0,N/A,N/A,
21650,High-Productivity,Dry Lot,Deer,East Asia And South-East Asia,0,N/A,N/A,
21651,High-Productivity,Pasture/Range/Paddock,Deer,East Asia And South-East Asia,100,N/A,N/A,
21652,High-Productivity,Daily Spread,Deer,East Asia And South-East Asia,0,N/A,N/A,
21653,High-Productivity,Digester,Deer,East Asia And South-East Asia,0,N/A,N/A,
21654,High-Productivity,Burned For Fuel,Deer,East Asia And South-East Asia,0,N/A,N/A,
21655,High-Productivity,Pit<1Month,Deer,East Asia And South-East Asia,0,N/A,N/A,
21657,High-Productivity,Poultry Manure,Deer,East Asia And South-East Asia,0,N/A,N/A,
21658,High-Productivity,Deep Bedding,Deer,East Asia And South-East Asia,0,N/A,N/A,
21659,High-Productivity,Composting,Deer,East Asia And South-East Asia,0,N/A,N/A,
21660,High-Productivity,Aerobic Treatment,Deer,East Asia And South-East Asia,0,N/A,N/A,
21661,High-Productivity,Lagoon,Deer,North America,0,N/A,N/A,
21662,High-Productivity,Liquid/Slurry,Deer,North America,0,N/A,N/A,
21663,High-Productivity,Solid Storage,Deer,North America,0,N/A,N/A,
21664,High-Productivity,Dry Lot,Deer,North America,0,N/A,N/A,
21665,High-Productivity,Pasture/Range/Paddock,Deer,North America,100,N/A,N/A,
21666,High-Productivity,Daily Spread,Deer,North America,0,N/A,N/A,
21667,High-Productivity,Digester,Deer,North America,0,N/A,N/A,
21668,High-Productivity,Burned For Fuel,Deer,North America,0,N/A,N/A,
21669,High-Productivity,Pit<1Month,Deer,North America,0,N/A,N/A,
21671,High-Productivity,Poultry Manure,Deer,North America,0,N/A,N/A,
21672,High-Productivity,Deep Bedding,Deer,North America,0,N/A,N/A,
21673,High-Productivity,Composting,Deer,North America,0,N/A,N/A,
21674,High-Productivity,Aerobic Treatment,Deer,North America,0,N/A,N/A,
21675,High-Productivity,Lagoon,Deer,Latin America And The Caribbean,0,N/A,N/A,
21676,High-Productivity,Liquid/Slurry,Deer,Latin America And The Caribbean,0,N/A,N/A,
21677,High-Productivity,Solid Storage,Deer,Latin America And The Caribbean,0,N/A,N/A,
21678,High-Productivity,Dry Lot,Deer,Latin America And The Caribbean,0,N/A,N/A,
21679,High-Productivity,Pasture/Range/Paddock,Deer,Latin America And The Caribbean,100,N/A,N/A,
21680,High-Productivity,Daily Spread,Deer,Latin America And The Caribbean,0,N/A,N/A,
21681,High-Productivity,Digester,Deer,Latin America And The Caribbean,0,N/A,N/A,
21682,High-Productivity,Burned For Fuel,Deer,Latin America And The Caribbean,0,N/A,N/A,
21683,High-Productivity,Pit<1Month,Deer,Latin America And The Caribbean,0,N/A,N/A,
21685,High-Productivity,Poultry Manure,Deer,Latin America And The Caribbean,0,N/A,N/A,
21686,High-Productivity,Deep Bedding,Deer,Latin America And The Caribbean,0,N/A,N/A,
21687,High-Productivity,Composting,Deer,Latin America And The Caribbean,0,N/A,N/A,
21688,High-Productivity,Aerobic Treatment,Deer,Latin America And The Caribbean,0,N/A,N/A,
21689,High-Productivity,Lagoon,Deer,Western Europe,0,N/A,N/A,
21690,High-Productivity,Liquid/Slurry,Deer,Western Europe,0,N/A,N/A,
21691,High-Productivity,Solid Storage,Deer,Western Europe,0,N/A,N/A,
21692,High-Productivity,Dry Lot,Deer,Western Europe,0,N/A,N/A,
21693,High-Productivity,Pasture/Range/Paddock,Deer,Western Europe,100,N/A,N/A,
21694,High-Productivity,Daily Spread,Deer,Western Europe,0,N/A,N/A,
21695,High-Productivity,Digester,Deer,Western Europe,0,N/A,N/A,
21696,High-Productivity,Burned For Fuel,Deer,Western Europe,0,N/A,N/A,
21697,High-Productivity,Pit<1Month,Deer,Western Europe,0,N/A,N/A,
21699,High-Productivity,Poultry Manure,Deer,Western Europe,0,N/A,N/A,
21700,High-Productivity,Deep Bedding,Deer,Western Europe,0,N/A,N/A,
21701,High-Productivity,Composting,Deer,Western Europe,0,N/A,N/A,
21702,High-Productivity,Aerobic Treatment,Deer,Western Europe,0,N/A,N/A,
21703,High-Productivity,Lagoon,Deer,Eastern Europe,0,N/A,N/A,
21704,High-Productivity,Liquid/Slurry,Deer,Eastern Europe,0,N/A,N/A,
21705,High-Productivity,Solid Storage,Deer,Eastern Europe,0,N/A,N/A,
21706,High-Productivity,Dry Lot,Deer,Eastern Europe,0,N/A,N/A,
21707,High-Productivity,Pasture/Range/Paddock,Deer,Eastern Europe,100,N/A,N/A,
21708,High-Productivity,Daily Spread,Deer,Eastern Europe,0,N/A,N/A,
21709,High-Productivity,Digester,Deer,Eastern Europe,0,N/A,N/A,
21710,High-Productivity,Burned For Fuel,Deer,Eastern Europe,0,N/A,N/A,
21711,High-Productivity,Pit<1Month,Deer,Eastern Europe,0,N/A,N/A,
21713,High-Productivity,Poultry Manure,Deer,Eastern Europe,0,N/A,N/A,
21714,High-Productivity,Deep Bedding,Deer,Eastern Europe,0,N/A,N/A,
21715,High-Productivity,Composting,Deer,Eastern Europe,0,N/A,N/A,
21716,High-Productivity,Aerobic Treatment,Deer,Eastern Europe,0,N/A,N/A,
21717,High-Productivity,Lagoon,Deer,Russian Federation,0,N/A,N/A,
21718,High-Productivity,Liquid/Slurry,Deer,Russian Federation,0,N/A,N/A,
21719,High-Productivity,Solid Storage,Deer,Russian Federation,0,N/A,N/A,
21720,High-Productivity,Dry Lot,Deer,Russian Federation,0,N/A,N/A,
21721,High-Productivity,Pasture/Range/Paddock,Deer,Russian Federation,100,N/A,N/A,
21722,High-Productivity,Daily Spread,Deer,Russian Federation,0,N/A,N/A,
21723,High-Productivity,Digester,Deer,Russian Federation,0,N/A,N/A,
21724,High-Productivity,Burned For Fuel,Deer,Russian Federation,0,N/A,N/A,
21725,High-Productivity,Pit<1Month,Deer,Russian Federation,0,N/A,N/A,
21727,High-Productivity,Poultry Manure,Deer,Russian Federation,0,N/A,N/A,
21728,High-Productivity,Deep Bedding,Deer,Russian Federation,0,N/A,N/A,
21729,High-Productivity,Composting,Deer,Russian Federation,0,N/A,N/A,
21730,High-Productivity,Aerobic Treatment,Deer,Russian Federation,0,N/A,N/A,
21731,High-Productivity,Lagoon,Deer,Oceania,0,N/A,N/A,
21732,High-Productivity,Liquid/Slurry,Deer,Oceania,0,N/A,N/A,
21733,High-Productivity,Solid Storage,Deer,Oceania,0,N/A,N/A,
21734,High-Productivity,Dry Lot,Deer,Oceania,0,N/A,N/A,
21735,High-Productivity,Pasture/Range/Paddock,Deer,Oceania,100,N/A,N/A,
21736,High-Productivity,Daily Spread,Deer,Oceania,0,N/A,N/A,
21737,High-Productivity,Digester,Deer,Oceania,0,N/A,N/A,
21738,High-Productivity,Burned For Fuel,Deer,Oceania,0,N/A,N/A,
21739,High-Productivity,Pit<1Month,Deer,Oceania,0,N/A,N/A,
21741,High-Productivity,Poultry Manure,Deer,Oceania,0,N/A,N/A,
21742,High-Productivity,Deep Bedding,Deer,Oceania,0,N/A,N/A,
21743,High-Productivity,Composting,Deer,Oceania,0,N/A,N/A,
21744,High-Productivity,Aerobic Treatment,Deer,Oceania,0,N/A,N/A,
21745,High-Productivity,Lagoon,Deer,NENA/Middle East,0,N/A,N/A,
21746,High-Productivity,Liquid/Slurry,Deer,NENA/Middle East,0,N/A,N/A,
21747,High-Productivity,Solid Storage,Deer,NENA/Middle East,0,N/A,N/A,
21748,High-Productivity,Dry Lot,Deer,NENA/Middle East,0,N/A,N/A,
21749,High-Productivity,Pasture/Range/Paddock,Deer,NENA/Middle East,100,N/A,N/A,
21750,High-Productivity,Daily Spread,Deer,NENA/Middle East,0,N/A,N/A,
21751,High-Productivity,Digester,Deer,NENA/Middle East,0,N/A,N/A,
21752,High-Productivity,Burned For Fuel,Deer,NENA/Middle East,0,N/A,N/A,
21753,High-Productivity,Pit<1Month,Deer,NENA/Middle East,0,N/A,N/A,
21755,High-Productivity,Poultry Manure,Deer,NENA/Middle East,0,N/A,N/A,
21756,High-Productivity,Deep Bedding,Deer,NENA/Middle East,0,N/A,N/A,
21757,High-Productivity,Composting,Deer,NENA/Middle East,0,N/A,N/A,
21758,High-Productivity,Aerobic Treatment,Deer,NENA/Middle East,0,N/A,N/A,
21759,High-Productivity,Lagoon,Deer,South Asia,0,N/A,N/A,
21760,High-Productivity,Liquid/Slurry,Deer,South Asia,0,N/A,N/A,
21761,High-Productivity,Solid Storage,Deer,South Asia,0,N/A,N/A,
21762,High-Productivity,Dry Lot,Deer,South Asia,0,N/A,N/A,
21763,High-Productivity,Pasture/Range/Paddock,Deer,South Asia,100,N/A,N/A,
21764,High-Productivity,Daily Spread,Deer,South Asia,0,N/A,N/A,
21765,High-Productivity,Digester,Deer,South Asia,0,N/A,N/A,
21766,High-Productivity,Burned For Fuel,Deer,South Asia,0,N/A,N/A,
21767,High-Productivity,Pit<1Month,Deer,South Asia,0,N/A,N/A,
21769,High-Productivity,Poultry Manure,Deer,South Asia,0,N/A,N/A,
21770,High-Productivity,Deep Bedding,Deer,South Asia,0,N/A,N/A,
21771,High-Productivity,Composting,Deer,South Asia,0,N/A,N/A,
21772,High-Productivity,Aerobic Treatment,Deer,South Asia,0,N/A,N/A,
21773,Low-Productivity,Lagoon,Deer,Sub-Saharan Africa,0,N/A,N/A,
21774,Low-Productivity,Liquid/Slurry,Deer,Sub-Saharan Africa,0,N/A,N/A,
21775,Low-Productivity,Solid Storage,Deer,Sub-Saharan Africa,0,N/A,N/A,
21776,Low-Productivity,Dry Lot,Deer,Sub-Saharan Africa,0,N/A,N/A,
21777,Low-Productivity,Pasture/Range/Paddock,Deer,Sub-Saharan Africa,100,N/A,N/A,
21778,Low-Productivity,Daily Spread,Deer,Sub-Saharan Africa,0,N/A,N/A,
21779,Low-Productivity,Digester,Deer,Sub-Saharan Africa,0,N/A,N/A,
21780,Low-Productivity,Burned For Fuel,Deer,Sub-Saharan Africa,0,N/A,N/A,
21781,Low-Productivity,Pit<1Month,Deer,Sub-Saharan Africa,0,N/A,N/A,
21783,Low-Productivity,Poultry Manure,Deer,Sub-Saharan Africa,0,N/A,N/A,
21784,Low-Productivity,Deep Bedding,Deer,Sub-Saharan Africa,0,N/A,N/A,
21785,Low-Productivity,Composting,Deer,Sub-Saharan Africa,0,N/A,N/A,
21786,Low-Productivity,Aerobic Treatment,Deer,Sub-Saharan Africa,0,N/A,N/A,
21787,Low-Productivity,Lagoon,Deer,East Asia And South-East Asia,0,N/A,N/A,
21788,Low-Productivity,Liquid/Slurry,Deer,East Asia And South-East Asia,0,N/A,N/A,
21789,Low-Productivity,Solid Storage,Deer,East Asia And South-East Asia,0,N/A,N/A,
21790,Low-Productivity,Dry Lot,Deer,East Asia And South-East Asia,0,N/A,N/A,
21791,Low-Productivity,Pasture/Range/Paddock,Deer,East Asia And South-East Asia,100,N/A,N/A,
21792,Low-Productivity,Daily Spread,Deer,East Asia And South-East Asia,0,N/A,N/A,
21793,Low-Productivity,Digester,Deer,East Asia And South-East Asia,0,N/A,N/A,
21794,Low-Productivity,Burned For Fuel,Deer,East Asia And South-East Asia,0,N/A,N/A,
21795,Low-Productivity,Pit<1Month,Deer,East Asia And South-East Asia,0,N/A,N/A,
21797,Low-Productivity,Poultry Manure,Deer,East Asia And South-East Asia,0,N/A,N/A,
21798,Low-Productivity,Deep Bedding,Deer,East Asia And South-East Asia,0,N/A,N/A,
21799,Low-Productivity,Composting,Deer,East Asia And South-East Asia,0,N/A,N/A,
21800,Low-Productivity,Aerobic Treatment,Deer,East Asia And South-East Asia,0,N/A,N/A,
21801,Low-Productivity,Lagoon,Deer,North America,0,N/A,N/A,
21802,Low-Productivity,Liquid/Slurry,Deer,North America,0,N/A,N/A,
21803,Low-Productivity,Solid Storage,Deer,North America,0,N/A,N/A,
21804,Low-Productivity,Dry Lot,Deer,North America,0,N/A,N/A,
21805,Low-Productivity,Pasture/Range/Paddock,Deer,North America,100,N/A,N/A,
21806,Low-Productivity,Daily Spread,Deer,North America,0,N/A,N/A,
21807,Low-Productivity,Digester,Deer,North America,0,N/A,N/A,
21808,Low-Productivity,Burned For Fuel,Deer,North America,0,N/A,N/A,
21809,Low-Productivity,Pit<1Month,Deer,North America,0,N/A,N/A,
21811,Low-Productivity,Poultry Manure,Deer,North America,0,N/A,N/A,
21812,Low-Productivity,Deep Bedding,Deer,North America,0,N/A,N/A,
21813,Low-Productivity,Composting,Deer,North America,0,N/A,N/A,
21814,Low-Productivity,Aerobic Treatment,Deer,North America,0,N/A,N/A,
21815,Low-Productivity,Lagoon,Deer,Latin America And The Caribbean,0,N/A,N/A,
21816,Low-Productivity,Liquid/Slurry,Deer,Latin America And The Caribbean,0,N/A,N/A,
21817,Low-Productivity,Solid Storage,Deer,Latin America And The Caribbean,0,N/A,N/A,
21818,Low-Productivity,Dry Lot,Deer,Latin America And The Caribbean,0,N/A,N/A,
21819,Low-Productivity,Pasture/Range/Paddock,Deer,Latin America And The Caribbean,100,N/A,N/A,
21820,Low-Productivity,Daily Spread,Deer,Latin America And The Caribbean,0,N/A,N/A,
21821,Low-Productivity,Digester,Deer,Latin America And The Caribbean,0,N/A,N/A,
21822,Low-Productivity,Burned For Fuel,Deer,Latin America And The Caribbean,0,N/A,N/A,
21823,Low-Productivity,Pit<1Month,Deer,Latin America And The Caribbean,0,N/A,N/A,
21825,Low-Productivity,Poultry Manure,Deer,Latin America And The Caribbean,0,N/A,N/A,
21826,Low-Productivity,Deep Bedding,Deer,Latin America And The Caribbean,0,N/A,N/A,
21827,Low-Productivity,Composting,Deer,Latin America And The Caribbean,0,N/A,N/A,
21828,Low-Productivity,Aerobic Treatment,Deer,Latin America And The Caribbean,0,N/A,N/A,
21829,Low-Productivity,Lagoon,Deer,Western Europe,0,N/A,N/A,
21830,Low-Productivity,Liquid/Slurry,Deer,Western Europe,0,N/A,N/A,
21831,Low-Productivity,Solid Storage,Deer,Western Europe,0,N/A,N/A,
21832,Low-Productivity,Dry Lot,Deer,Western Europe,0,N/A,N/A,
21833,Low-Productivity,Pasture/Range/Paddock,Deer,Western Europe,100,N/A,N/A,
21834,Low-Productivity,Daily Spread,Deer,Western Europe,0,N/A,N/A,
21835,Low-Productivity,Digester,Deer,Western Europe,0,N/A,N/A,
21836,Low-Productivity,Burned For Fuel,Deer,Western Europe,0,N/A,N/A,
21837,Low-Productivity,Pit<1Month,Deer,Western Europe,0,N/A,N/A,
21839,Low-Productivity,Poultry Manure,Deer,Western Europe,0,N/A,N/A,
21840,Low-Productivity,Deep Bedding,Deer,Western Europe,0,N/A,N/A,
21841,Low-Productivity,Composting,Deer,Western Europe,0,N/A,N/A,
21842,Low-Productivity,Aerobic Treatment,Deer,Western Europe,0,N/A,N/A,
21843,Low-Productivity,Lagoon,Deer,Eastern Europe,0,N/A,N/A,
21844,Low-Productivity,Liquid/Slurry,Deer,Eastern Europe,0,N/A,N/A,
21845,Low-Productivity,Solid Storage,Deer,Eastern Europe,0,N/A,N/A,
21846,Low-Productivity,Dry Lot,Deer,Eastern Europe,0,N/A,N/A,
21847,Low-Productivity,Pasture/Range/Paddock,Deer,Eastern Europe,100,N/A,N/A,
21848,Low-Productivity,Daily Spread,Deer,Eastern Europe,0,N/A,N/A,
21849,Low-Productivity,Digester,Deer,Eastern Europe,0,N/A,N/A,
21850,Low-Productivity,Burned For Fuel,Deer,Eastern Europe,0,N/A,N/A,
21851,Low-Productivity,Pit<1Month,Deer,Eastern Europe,0,N/A,N/A,
21853,Low-Productivity,Poultry Manure,Deer,Eastern Europe,0,N/A,N/A,
21854,Low-Productivity,Deep Bedding,Deer,Eastern Europe,0,N/A,N/A,
21855,Low-Productivity,Composting,Deer,Eastern Europe,0,N/A,N/A,
21856,Low-Productivity,Aerobic Treatment,Deer,Eastern Europe,0,N/A,N/A,
21857,Low-Productivity,Lagoon,Deer,Russian Federation,0,N/A,N/A,
21858,Low-Productivity,Liquid/Slurry,Deer,Russian Federation,0,N/A,N/A,
21859,Low-Productivity,Solid Storage,Deer,Russian Federation,0,N/A,N/A,
21860,Low-Productivity,Dry Lot,Deer,Russian Federation,0,N/A,N/A,
21861,Low-Productivity,Pasture/Range/Paddock,Deer,Russian Federation,100,N/A,N/A,
21862,Low-Productivity,Daily Spread,Deer,Russian Federation,0,N/A,N/A,
21863,Low-Productivity,Digester,Deer,Russian Federation,0,N/A,N/A,
21864,Low-Productivity,Burned For Fuel,Deer,Russian Federation,0,N/A,N/A,
21865,Low-Productivity,Pit<1Month,Deer,Russian Federation,0,N/A,N/A,
21867,Low-Productivity,Poultry Manure,Deer,Russian Federation,0,N/A,N/A,
21868,Low-Productivity,Deep Bedding,Deer,Russian Federation,0,N/A,N/A,
21869,Low-Productivity,Composting,Deer,Russian Federation,0,N/A,N/A,
21870,Low-Productivity,Aerobic Treatment,Deer,Russian Federation,0,N/A,N/A,
21871,Low-Productivity,Lagoon,Deer,Oceania,0,N/A,N/A,
21872,Low-Productivity,Liquid/Slurry,Deer,Oceania,0,N/A,N/A,
21873,Low-Productivity,Solid Storage,Deer,Oceania,0,N/A,N/A,
21874,Low-Productivity,Dry Lot,Deer,Oceania,0,N/A,N/A,
21875,Low-Productivity,Pasture/Range/Paddock,Deer,Oceania,100,N/A,N/A,
21876,Low-Productivity,Daily Spread,Deer,Oceania,0,N/A,N/A,
21877,Low-Productivity,Digester,Deer,Oceania,0,N/A,N/A,
21878,Low-Productivity,Burned For Fuel,Deer,Oceania,0,N/A,N/A,
21879,Low-Productivity,Pit<1Month,Deer,Oceania,0,N/A,N/A,
21881,Low-Productivity,Poultry Manure,Deer,Oceania,0,N/A,N/A,
21882,Low-Productivity,Deep Bedding,Deer,Oceania,0,N/A,N/A,
21883,Low-Productivity,Composting,Deer,Oceania,0,N/A,N/A,
21884,Low-Productivity,Aerobic Treatment,Deer,Oceania,0,N/A,N/A,
21885,Low-Productivity,Lagoon,Deer,NENA/Middle East,0,N/A,N/A,
21886,Low-Productivity,Liquid/Slurry,Deer,NENA/Middle East,0,N/A,N/A,
21887,Low-Productivity,Solid Storage,Deer,NENA/Middle East,0,N/A,N/A,
21888,Low-Productivity,Dry Lot,Deer,NENA/Middle East,0,N/A,N/A,
21889,Low-Productivity,Pasture/Range/Paddock,Deer,NENA/Middle East,100,N/A,N/A,
21890,Low-Productivity,Daily Spread,Deer,NENA/Middle East,0,N/A,N/A,
21891,Low-Productivity,Digester,Deer,NENA/Middle East,0,N/A,N/A,
21892,Low-Productivity,Burned For Fuel,Deer,NENA/Middle East,0,N/A,N/A,
21893,Low-Productivity,Pit<1Month,Deer,NENA/Middle East,0,N/A,N/A,
21895,Low-Productivity,Poultry Manure,Deer,NENA/Middle East,0,N/A,N/A,
21896,Low-Productivity,Deep Bedding,Deer,NENA/Middle East,0,N/A,N/A,
21897,Low-Productivity,Composting,Deer,NENA/Middle East,0,N/A,N/A,
21898,Low-Productivity,Aerobic Treatment,Deer,NENA/Middle East,0,N/A,N/A,
21899,Low-Productivity,Lagoon,Deer,South Asia,0,N/A,N/A,
21900,Low-Productivity,Liquid/Slurry,Deer,South Asia,0,N/A,N/A,
21901,Low-Productivity,Solid Storage,Deer,South Asia,0,N/A,N/A,
21902,Low-Productivity,Dry Lot,Deer,South Asia,0,N/A,N/A,
21903,Low-Productivity,Pasture/Range/Paddock,Deer,South Asia,100,N/A,N/A,
21904,Low-Productivity,Daily Spread,Deer,South Asia,0,N/A,N/A,
21905,Low-Productivity,Digester,Deer,South Asia,0,N/A,N/A,
21906,Low-Productivity,Burned For Fuel,Deer,South Asia,0,N/A,N/A,
21907,Low-Productivity,Pit<1Month,Deer,South Asia,0,N/A,N/A,
21909,Low-Productivity,Poultry Manure,Deer,South Asia,0,N/A,N/A,
21910,Low-Productivity,Deep Bedding,Deer,South Asia,0,N/A,N/A,
21911,Low-Productivity,Composting,Deer,South Asia,0,N/A,N/A,
21912,Low-Productivity,Aerobic Treatment,Deer,South Asia,0,N/A,N/A,
21913,Default,Lagoon,Deer,Sub-Saharan Africa,0,N/A,N/A,
21914,Default,Liquid/Slurry,Deer,Sub-Saharan Africa,0,N/A,N/A,
21915,Default,Solid Storage,Deer,Sub-Saharan Africa,0,N/A,N/A,
21916,Default,Dry Lot,Deer,Sub-Saharan Africa,0,N/A,N/A,
21917,Default,Pasture/Range/Paddock,Deer,Sub-Saharan Africa,100,N/A,N/A,
21918,Default,Daily Spread,Deer,Sub-Saharan Africa,0,N/A,N/A,
21919,Default,Digester,Deer,Sub-Saharan Africa,0,N/A,N/A,
21920,Default,Burned For Fuel,Deer,Sub-Saharan Africa,0,N/A,N/A,
21921,Default,Pit<1Month,Deer,Sub-Saharan Africa,0,N/A,N/A,
21923,Default,Poultry Manure,Deer,Sub-Saharan Africa,0,N/A,N/A,
21924,Default,Deep Bedding,Deer,Sub-Saharan Africa,0,N/A,N/A,
21925,Default,Composting,Deer,Sub-Saharan Africa,0,N/A,N/A,
21926,Default,Aerobic Treatment,Deer,Sub-Saharan Africa,0,N/A,N/A,
21927,Default,Lagoon,Deer,East Asia And South-East Asia,0,N/A,N/A,
21928,Default,Liquid/Slurry,Deer,East Asia And South-East Asia,0,N/A,N/A,
21929,Default,Solid Storage,Deer,East Asia And South-East Asia,0,N/A,N/A,
21930,Default,Dry Lot,Deer,East Asia And South-East Asia,0,N/A,N/A,
21931,Default,Pasture/Range/Paddock,Deer,East Asia And South-East Asia,100,N/A,N/A,
21932,Default,Daily Spread,Deer,East Asia And South-East Asia,0,N/A,N/A,
21933,Default,Digester,Deer,East Asia And South-East Asia,0,N/A,N/A,
21934,Default,Burned For Fuel,Deer,East Asia And South-East Asia,0,N/A,N/A,
21935,Default,Pit<1Month,Deer,East Asia And South-East Asia,0,N/A,N/A,
21937,Default,Poultry Manure,Deer,East Asia And South-East Asia,0,N/A,N/A,
21938,Default,Deep Bedding,Deer,East Asia And South-East Asia,0,N/A,N/A,
21939,Default,Composting,Deer,East Asia And South-East Asia,0,N/A,N/A,
21940,Default,Aerobic Treatment,Deer,East Asia And South-East Asia,0,N/A,N/A,
21941,Default,Lagoon,Deer,North America,0,N/A,N/A,
21942,Default,Liquid/Slurry,Deer,North America,0,N/A,N/A,
21943,Default,Solid Storage,Deer,North America,0,N/A,N/A,
21944,Default,Dry Lot,Deer,North America,0,N/A,N/A,
21945,Default,Pasture/Range/Paddock,Deer,North America,100,N/A,N/A,
21946,Default,Daily Spread,Deer,North America,0,N/A,N/A,
21947,Default,Digester,Deer,North America,0,N/A,N/A,
21948,Default,Burned For Fuel,Deer,North America,0,N/A,N/A,
21949,Default,Pit<1Month,Deer,North America,0,N/A,N/A,
21951,Default,Poultry Manure,Deer,North America,0,N/A,N/A,
21952,Default,Deep Bedding,Deer,North America,0,N/A,N/A,
21953,Default,Composting,Deer,North America,0,N/A,N/A,
21954,Default,Aerobic Treatment,Deer,North America,0,N/A,N/A,
21955,Default,Lagoon,Deer,Latin America And The Caribbean,0,N/A,N/A,
21956,Default,Liquid/Slurry,Deer,Latin America And The Caribbean,0,N/A,N/A,
21957,Default,Solid Storage,Deer,Latin America And The Caribbean,0,N/A,N/A,
21958,Default,Dry Lot,Deer,Latin America And The Caribbean,0,N/A,N/A,
21959,Default,Pasture/Range/Paddock,Deer,Latin America And The Caribbean,100,N/A,N/A,
21960,Default,Daily Spread,Deer,Latin America And The Caribbean,0,N/A,N/A,
21961,Default,Digester,Deer,Latin America And The Caribbean,0,N/A,N/A,
21962,Default,Burned For Fuel,Deer,Latin America And The Caribbean,0,N/A,N/A,
21963,Default,Pit<1Month,Deer,Latin America And The Caribbean,0,N/A,N/A,
21965,Default,Poultry Manure,Deer,Latin America And The Caribbean,0,N/A,N/A,
21966,Default,Deep Bedding,Deer,Latin America And The Caribbean,0,N/A,N/A,
21967,Default,Composting,Deer,Latin America And The Caribbean,0,N/A,N/A,
21968,Default,Aerobic Treatment,Deer,Latin America And The Caribbean,0,N/A,N/A,
21969,Default,Lagoon,Deer,Western Europe,0,N/A,N/A,
21970,Default,Liquid/Slurry,Deer,Western Europe,0,N/A,N/A,
21971,Default,Solid Storage,Deer,Western Europe,0,N/A,N/A,
21972,Default,Dry Lot,Deer,Western Europe,0,N/A,N/A,
21973,Default,Pasture/Range/Paddock,Deer,Western Europe,100,N/A,N/A,
21974,Default,Daily Spread,Deer,Western Europe,0,N/A,N/A,
21975,Default,Digester,Deer,Western Europe,0,N/A,N/A,
21976,Default,Burned For Fuel,Deer,Western Europe,0,N/A,N/A,
21977,Default,Pit<1Month,Deer,Western Europe,0,N/A,N/A,
21979,Default,Poultry Manure,Deer,Western Europe,0,N/A,N/A,
21980,Default,Deep Bedding,Deer,Western Europe,0,N/A,N/A,
21981,Default,Composting,Deer,Western Europe,0,N/A,N/A,
21982,Default,Aerobic Treatment,Deer,Western Europe,0,N/A,N/A,
21983,Default,Lagoon,Deer,Eastern Europe,0,N/A,N/A,
21984,Default,Liquid/Slurry,Deer,Eastern Europe,0,N/A,N/A,
21985,Default,Solid Storage,Deer,Eastern Europe,0,N/A,N/A,
21986,Default,Dry Lot,Deer,Eastern Europe,0,N/A,N/A,
21987,Default,Pasture/Range/Paddock,Deer,Eastern Europe,100,N/A,N/A,
21988,Default,Daily Spread,Deer,Eastern Europe,0,N/A,N/A,
21989,Default,Digester,Deer,Eastern Europe,0,N/A,N/A,
21990,Default,Burned For Fuel,Deer,Eastern Europe,0,N/A,N/A,
21991,Default,Pit<1Month,Deer,Eastern Europe,0,N/A,N/A,
21993,Default,Poultry Manure,Deer,Eastern Europe,0,N/A,N/A,
21994,Default,Deep Bedding,Deer,Eastern Europe,0,N/A,N/A,
21995,Default,Composting,Deer,Eastern Europe,0,N/A,N/A,
21996,Default,Aerobic Treatment,Deer,Eastern Europe,0,N/A,N/A,
21997,Default,Lagoon,Deer,Russian Federation,0,N/A,N/A,
21998,Default,Liquid/Slurry,Deer,Russian Federation,0,N/A,N/A,
21999,Default,Solid Storage,Deer,Russian Federation,0,N/A,N/A,
22000,Default,Dry Lot,Deer,Russian Federation,0,N/A,N/A,
22001,Default,Pasture/Range/Paddock,Deer,Russian Federation,100,N/A,N/A,
22002,Default,Daily Spread,Deer,Russian Federation,0,N/A,N/A,
22003,Default,Digester,Deer,Russian Federation,0,N/A,N/A,
22004,Default,Burned For Fuel,Deer,Russian Federation,0,N/A,N/A,
22005,Default,Pit<1Month,Deer,Russian Federation,0,N/A,N/A,
22007,Default,Poultry Manure,Deer,Russian Federation,0,N/A,N/A,
22008,Default,Deep Bedding,Deer,Russian Federation,0,N/A,N/A,
22009,Default,Composting,Deer,Russian Federation,0,N/A,N/A,
22010,Default,Aerobic Treatment,Deer,Russian Federation,0,N/A,N/A,
22011,Default,Lagoon,Deer,Oceania,0,N/A,N/A,
22012,Default,Liquid/Slurry,Deer,Oceania,0,N/A,N/A,
22013,Default,Solid Storage,Deer,Oceania,0,N/A,N/A,
22014,Default,Dry Lot,Deer,Oceania,0,N/A,N/A,
22015,Default,Pasture/Range/Paddock,Deer,Oceania,100,N/A,N/A,
22016,Default,Daily Spread,Deer,Oceania,0,N/A,N/A,
22017,Default,Digester,Deer,Oceania,0,N/A,N/A,
22018,Default,Burned For Fuel,Deer,Oceania,0,N/A,N/A,
22019,Default,Pit<1Month,Deer,Oceania,0,N/A,N/A,
22021,Default,Poultry Manure,Deer,Oceania,0,N/A,N/A,
22022,Default,Deep Bedding,Deer,Oceania,0,N/A,N/A,
22023,Default,Composting,Deer,Oceania,0,N/A,N/A,
22024,Default,Aerobic Treatment,Deer,Oceania,0,N/A,N/A,
22025,Default,Lagoon,Deer,NENA/Middle East,0,N/A,N/A,
22026,Default,Liquid/Slurry,Deer,NENA/Middle East,0,N/A,N/A,
22027,Default,Solid Storage,Deer,NENA/Middle East,0,N/A,N/A,
22028,Default,Dry Lot,Deer,NENA/Middle East,0,N/A,N/A,
22029,Default,Pasture/Range/Paddock,Deer,NENA/Middle East,100,N/A,N/A,
22030,Default,Daily Spread,Deer,NENA/Middle East,0,N/A,N/A,
22031,Default,Digester,Deer,NENA/Middle East,0,N/A,N/A,
22032,Default,Burned For Fuel,Deer,NENA/Middle East,0,N/A,N/A,
22033,Default,Pit<1Month,Deer,NENA/Middle East,0,N/A,N/A,
22035,Default,Poultry Manure,Deer,NENA/Middle East,0,N/A,N/A,
22036,Default,Deep Bedding,Deer,NENA/Middle East,0,N/A,N/A,
22037,Default,Composting,Deer,NENA/Middle East,0,N/A,N/A,
22038,Default,Aerobic Treatment,Deer,NENA/Middle East,0,N/A,N/A,
22039,Default,Lagoon,Deer,South Asia,0,N/A,N/A,
22040,Default,Liquid/Slurry,Deer,South Asia,0,N/A,N/A,
22041,Default,Solid Storage,Deer,South Asia,0,N/A,N/A,
22042,Default,Dry Lot,Deer,South Asia,0,N/A,N/A,
22043,Default,Pasture/Range/Paddock,Deer,South Asia,100,N/A,N/A,
22044,Default,Daily Spread,Deer,South Asia,0,N/A,N/A,
22045,Default,Digester,Deer,South Asia,0,N/A,N/A,
22046,Default,Burned For Fuel,Deer,South Asia,0,N/A,N/A,
22047,Default,Pit<1Month,Deer,South Asia,0,N/A,N/A,
22049,Default,Poultry Manure,Deer,South Asia,0,N/A,N/A,
22050,Default,Deep Bedding,Deer,South Asia,0,N/A,N/A,
22051,Default,Composting,Deer,South Asia,0,N/A,N/A,
22052,Default,Aerobic Treatment,Deer,South Asia,0,N/A,N/A,
22053,High-Productivity,Lagoon,Ostrich,Sub-Saharan Africa,0,N/A,N/A,
22054,High-Productivity,Liquid/Slurry,Ostrich,Sub-Saharan Africa,0,N/A,N/A,
22055,High-Productivity,Solid Storage,Ostrich,Sub-Saharan Africa,20,N/A,N/A,
22056,High-Productivity,Dry Lot,Ostrich,Sub-Saharan Africa,0,N/A,N/A,
22057,High-Productivity,Pasture/Range/Paddock,Ostrich,Sub-Saharan Africa,80,N/A,N/A,
22058,High-Productivity,Daily Spread,Ostrich,Sub-Saharan Africa,0,N/A,N/A,
22059,High-Productivity,Digester,Ostrich,Sub-Saharan Africa,0,N/A,N/A,
22060,High-Productivity,Burned For Fuel,Ostrich,Sub-Saharan Africa,0,N/A,N/A,
22061,High-Productivity,Pit<1Month,Ostrich,Sub-Saharan Africa,0,N/A,N/A,
22063,High-Productivity,Poultry Manure,Ostrich,Sub-Saharan Africa,0,N/A,N/A,
22064,High-Productivity,Deep Bedding,Ostrich,Sub-Saharan Africa,0,N/A,N/A,
22065,High-Productivity,Composting,Ostrich,Sub-Saharan Africa,0,N/A,N/A,
22066,High-Productivity,Aerobic Treatment,Ostrich,Sub-Saharan Africa,0,N/A,N/A,
22067,High-Productivity,Lagoon,Ostrich,East Asia And South-East Asia,0,N/A,N/A,
22068,High-Productivity,Liquid/Slurry,Ostrich,East Asia And South-East Asia,0,N/A,N/A,
22069,High-Productivity,Solid Storage,Ostrich,East Asia And South-East Asia,20,N/A,N/A,
22070,High-Productivity,Dry Lot,Ostrich,East Asia And South-East Asia,0,N/A,N/A,
22071,High-Productivity,Pasture/Range/Paddock,Ostrich,East Asia And South-East Asia,80,N/A,N/A,
22072,High-Productivity,Daily Spread,Ostrich,East Asia And South-East Asia,0,N/A,N/A,
22073,High-Productivity,Digester,Ostrich,East Asia And South-East Asia,0,N/A,N/A,
22074,High-Productivity,Burned For Fuel,Ostrich,East Asia And South-East Asia,0,N/A,N/A,
22075,High-Productivity,Pit<1Month,Ostrich,East Asia And South-East Asia,0,N/A,N/A,
22077,High-Productivity,Poultry Manure,Ostrich,East Asia And South-East Asia,0,N/A,N/A,
22078,High-Productivity,Deep Bedding,Ostrich,East Asia And South-East Asia,0,N/A,N/A,
22079,High-Productivity,Composting,Ostrich,East Asia And South-East Asia,0,N/A,N/A,
22080,High-Productivity,Aerobic Treatment,Ostrich,East Asia And South-East Asia,0,N/A,N/A,
22081,High-Productivity,Lagoon,Ostrich,North America,0,N/A,N/A,
22082,High-Productivity,Liquid/Slurry,Ostrich,North America,0,N/A,N/A,
22083,High-Productivity,Solid Storage,Ostrich,North America,20,N/A,N/A,
22084,High-Productivity,Dry Lot,Ostrich,North America,0,N/A,N/A,
22085,High-Productivity,Pasture/Range/Paddock,Ostrich,North America,80,N/A,N/A,
22086,High-Productivity,Daily Spread,Ostrich,North America,0,N/A,N/A,
22087,High-Productivity,Digester,Ostrich,North America,0,N/A,N/A,
22088,High-Productivity,Burned For Fuel,Ostrich,North America,0,N/A,N/A,
22089,High-Productivity,Pit<1Month,Ostrich,North America,0,N/A,N/A,
22091,High-Productivity,Poultry Manure,Ostrich,North America,0,N/A,N/A,
22092,High-Productivity,Deep Bedding,Ostrich,North America,0,N/A,N/A,
22093,High-Productivity,Composting,Ostrich,North America,0,N/A,N/A,
22094,High-Productivity,Aerobic Treatment,Ostrich,North America,0,N/A,N/A,
22095,High-Productivity,Lagoon,Ostrich,Latin America And The Caribbean,0,N/A,N/A,
22096,High-Productivity,Liquid/Slurry,Ostrich,Latin America And The Caribbean,0,N/A,N/A,
22097,High-Productivity,Solid Storage,Ostrich,Latin America And The Caribbean,20,N/A,N/A,
22098,High-Productivity,Dry Lot,Ostrich,Latin America And The Caribbean,0,N/A,N/A,
22099,High-Productivity,Pasture/Range/Paddock,Ostrich,Latin America And The Caribbean,80,N/A,N/A,
22100,High-Productivity,Daily Spread,Ostrich,Latin America And The Caribbean,0,N/A,N/A,
22101,High-Productivity,Digester,Ostrich,Latin America And The Caribbean,0,N/A,N/A,
22102,High-Productivity,Burned For Fuel,Ostrich,Latin America And The Caribbean,0,N/A,N/A,
22103,High-Productivity,Pit<1Month,Ostrich,Latin America And The Caribbean,0,N/A,N/A,
22105,High-Productivity,Poultry Manure,Ostrich,Latin America And The Caribbean,0,N/A,N/A,
22106,High-Productivity,Deep Bedding,Ostrich,Latin America And The Caribbean,0,N/A,N/A,
22107,High-Productivity,Composting,Ostrich,Latin America And The Caribbean,0,N/A,N/A,
22108,High-Productivity,Aerobic Treatment,Ostrich,Latin America And The Caribbean,0,N/A,N/A,
22109,High-Productivity,Lagoon,Ostrich,Western Europe,0,N/A,N/A,
22110,High-Productivity,Liquid/Slurry,Ostrich,Western Europe,0,N/A,N/A,
22111,High-Productivity,Solid Storage,Ostrich,Western Europe,20,N/A,N/A,
22112,High-Productivity,Dry Lot,Ostrich,Western Europe,0,N/A,N/A,
22113,High-Productivity,Pasture/Range/Paddock,Ostrich,Western Europe,80,N/A,N/A,
22114,High-Productivity,Daily Spread,Ostrich,Western Europe,0,N/A,N/A,
22115,High-Productivity,Digester,Ostrich,Western Europe,0,N/A,N/A,
22116,High-Productivity,Burned For Fuel,Ostrich,Western Europe,0,N/A,N/A,
22117,High-Productivity,Pit<1Month,Ostrich,Western Europe,0,N/A,N/A,
22119,High-Productivity,Poultry Manure,Ostrich,Western Europe,0,N/A,N/A,
22120,High-Productivity,Deep Bedding,Ostrich,Western Europe,0,N/A,N/A,
22121,High-Productivity,Composting,Ostrich,Western Europe,0,N/A,N/A,
22122,High-Productivity,Aerobic Treatment,Ostrich,Western Europe,0,N/A,N/A,
22123,High-Productivity,Lagoon,Ostrich,Eastern Europe,0,N/A,N/A,
22124,High-Productivity,Liquid/Slurry,Ostrich,Eastern Europe,0,N/A,N/A,
22125,High-Productivity,Solid Storage,Ostrich,Eastern Europe,20,N/A,N/A,
22126,High-Productivity,Dry Lot,Ostrich,Eastern Europe,0,N/A,N/A,
22127,High-Productivity,Pasture/Range/Paddock,Ostrich,Eastern Europe,80,N/A,N/A,
22128,High-Productivity,Daily Spread,Ostrich,Eastern Europe,0,N/A,N/A,
22129,High-Productivity,Digester,Ostrich,Eastern Europe,0,N/A,N/A,
22130,High-Productivity,Burned For Fuel,Ostrich,Eastern Europe,0,N/A,N/A,
22131,High-Productivity,Pit<1Month,Ostrich,Eastern Europe,0,N/A,N/A,
22133,High-Productivity,Poultry Manure,Ostrich,Eastern Europe,0,N/A,N/A,
22134,High-Productivity,Deep Bedding,Ostrich,Eastern Europe,0,N/A,N/A,
22135,High-Productivity,Composting,Ostrich,Eastern Europe,0,N/A,N/A,
22136,High-Productivity,Aerobic Treatment,Ostrich,Eastern Europe,0,N/A,N/A,
22137,High-Productivity,Lagoon,Ostrich,Russian Federation,0,N/A,N/A,
22138,High-Productivity,Liquid/Slurry,Ostrich,Russian Federation,0,N/A,N/A,
22139,High-Productivity,Solid Storage,Ostrich,Russian Federation,20,N/A,N/A,
22140,High-Productivity,Dry Lot,Ostrich,Russian Federation,0,N/A,N/A,
22141,High-Productivity,Pasture/Range/Paddock,Ostrich,Russian Federation,80,N/A,N/A,
22142,High-Productivity,Daily Spread,Ostrich,Russian Federation,0,N/A,N/A,
22143,High-Productivity,Digester,Ostrich,Russian Federation,0,N/A,N/A,
22144,High-Productivity,Burned For Fuel,Ostrich,Russian Federation,0,N/A,N/A,
22145,High-Productivity,Pit<1Month,Ostrich,Russian Federation,0,N/A,N/A,
22147,High-Productivity,Poultry Manure,Ostrich,Russian Federation,0,N/A,N/A,
22148,High-Productivity,Deep Bedding,Ostrich,Russian Federation,0,N/A,N/A,
22149,High-Productivity,Composting,Ostrich,Russian Federation,0,N/A,N/A,
22150,High-Productivity,Aerobic Treatment,Ostrich,Russian Federation,0,N/A,N/A,
22151,High-Productivity,Lagoon,Ostrich,Oceania,0,N/A,N/A,
22152,High-Productivity,Liquid/Slurry,Ostrich,Oceania,0,N/A,N/A,
22153,High-Productivity,Solid Storage,Ostrich,Oceania,20,N/A,N/A,
22154,High-Productivity,Dry Lot,Ostrich,Oceania,0,N/A,N/A,
22155,High-Productivity,Pasture/Range/Paddock,Ostrich,Oceania,80,N/A,N/A,
22156,High-Productivity,Daily Spread,Ostrich,Oceania,0,N/A,N/A,
22157,High-Productivity,Digester,Ostrich,Oceania,0,N/A,N/A,
22158,High-Productivity,Burned For Fuel,Ostrich,Oceania,0,N/A,N/A,
22159,High-Productivity,Pit<1Month,Ostrich,Oceania,0,N/A,N/A,
22161,High-Productivity,Poultry Manure,Ostrich,Oceania,0,N/A,N/A,
22162,High-Productivity,Deep Bedding,Ostrich,Oceania,0,N/A,N/A,
22163,High-Productivity,Composting,Ostrich,Oceania,0,N/A,N/A,
22164,High-Productivity,Aerobic Treatment,Ostrich,Oceania,0,N/A,N/A,
22165,High-Productivity,Lagoon,Ostrich,NENA/Middle East,0,N/A,N/A,
22166,High-Productivity,Liquid/Slurry,Ostrich,NENA/Middle East,0,N/A,N/A,
22167,High-Productivity,Solid Storage,Ostrich,NENA/Middle East,20,N/A,N/A,
22168,High-Productivity,Dry Lot,Ostrich,NENA/Middle East,0,N/A,N/A,
22169,High-Productivity,Pasture/Range/Paddock,Ostrich,NENA/Middle East,80,N/A,N/A,
22170,High-Productivity,Daily Spread,Ostrich,NENA/Middle East,0,N/A,N/A,
22171,High-Productivity,Digester,Ostrich,NENA/Middle East,0,N/A,N/A,
22172,High-Productivity,Burned For Fuel,Ostrich,NENA/Middle East,0,N/A,N/A,
22173,High-Productivity,Pit<1Month,Ostrich,NENA/Middle East,0,N/A,N/A,
22175,High-Productivity,Poultry Manure,Ostrich,NENA/Middle East,0,N/A,N/A,
22176,High-Productivity,Deep Bedding,Ostrich,NENA/Middle East,0,N/A,N/A,
22177,High-Productivity,Composting,Ostrich,NENA/Middle East,0,N/A,N/A,
22178,High-Productivity,Aerobic Treatment,Ostrich,NENA/Middle East,0,N/A,N/A,
22179,High-Productivity,Lagoon,Ostrich,South Asia,0,N/A,N/A,
22180,High-Productivity,Liquid/Slurry,Ostrich,South Asia,0,N/A,N/A,
22181,High-Productivity,Solid Storage,Ostrich,South Asia,20,N/A,N/A,
22182,High-Productivity,Dry Lot,Ostrich,South Asia,0,N/A,N/A,
22183,High-Productivity,Pasture/Range/Paddock,Ostrich,South Asia,80,N/A,N/A,
22184,High-Productivity,Daily Spread,Ostrich,South Asia,0,N/A,N/A,
22185,High-Productivity,Digester,Ostrich,South Asia,0,N/A,N/A,
22186,High-Productivity,Burned For Fuel,Ostrich,South Asia,0,N/A,N/A,
22187,High-Productivity,Pit<1Month,Ostrich,South Asia,0,N/A,N/A,
22189,High-Productivity,Poultry Manure,Ostrich,South Asia,0,N/A,N/A,
22190,High-Productivity,Deep Bedding,Ostrich,South Asia,0,N/A,N/A,
22191,High-Productivity,Composting,Ostrich,South Asia,0,N/A,N/A,
22192,High-Productivity,Aerobic Treatment,Ostrich,South Asia,0,N/A,N/A,
22193,Low-Productivity,Lagoon,Ostrich,Sub-Saharan Africa,0,N/A,N/A,
22194,Low-Productivity,Liquid/Slurry,Ostrich,Sub-Saharan Africa,0,N/A,N/A,
22195,Low-Productivity,Solid Storage,Ostrich,Sub-Saharan Africa,20,N/A,N/A,
22196,Low-Productivity,Dry Lot,Ostrich,Sub-Saharan Africa,0,N/A,N/A,
22197,Low-Productivity,Pasture/Range/Paddock,Ostrich,Sub-Saharan Africa,80,N/A,N/A,
22198,Low-Productivity,Daily Spread,Ostrich,Sub-Saharan Africa,0,N/A,N/A,
22199,Low-Productivity,Digester,Ostrich,Sub-Saharan Africa,0,N/A,N/A,
22200,Low-Productivity,Burned For Fuel,Ostrich,Sub-Saharan Africa,0,N/A,N/A,
22201,Low-Productivity,Pit<1Month,Ostrich,Sub-Saharan Africa,0,N/A,N/A,
22203,Low-Productivity,Poultry Manure,Ostrich,Sub-Saharan Africa,0,N/A,N/A,
22204,Low-Productivity,Deep Bedding,Ostrich,Sub-Saharan Africa,0,N/A,N/A,
22205,Low-Productivity,Composting,Ostrich,Sub-Saharan Africa,0,N/A,N/A,
22206,Low-Productivity,Aerobic Treatment,Ostrich,Sub-Saharan Africa,0,N/A,N/A,
22207,Low-Productivity,Lagoon,Ostrich,East Asia And South-East Asia,0,N/A,N/A,
22208,Low-Productivity,Liquid/Slurry,Ostrich,East Asia And South-East Asia,0,N/A,N/A,
22209,Low-Productivity,Solid Storage,Ostrich,East Asia And South-East Asia,20,N/A,N/A,
22210,Low-Productivity,Dry Lot,Ostrich,East Asia And South-East Asia,0,N/A,N/A,
22211,Low-Productivity,Pasture/Range/Paddock,Ostrich,East Asia And South-East Asia,80,N/A,N/A,
22212,Low-Productivity,Daily Spread,Ostrich,East Asia And South-East Asia,0,N/A,N/A,
22213,Low-Productivity,Digester,Ostrich,East Asia And South-East Asia,0,N/A,N/A,
22214,Low-Productivity,Burned For Fuel,Ostrich,East Asia And South-East Asia,0,N/A,N/A,
22215,Low-Productivity,Pit<1Month,Ostrich,East Asia And South-East Asia,0,N/A,N/A,
22217,Low-Productivity,Poultry Manure,Ostrich,East Asia And South-East Asia,0,N/A,N/A,
22218,Low-Productivity,Deep Bedding,Ostrich,East Asia And South-East Asia,0,N/A,N/A,
22219,Low-Productivity,Composting,Ostrich,East Asia And South-East Asia,0,N/A,N/A,
22220,Low-Productivity,Aerobic Treatment,Ostrich,East Asia And South-East Asia,0,N/A,N/A,
22221,Low-Productivity,Lagoon,Ostrich,North America,0,N/A,N/A,
22222,Low-Productivity,Liquid/Slurry,Ostrich,North America,0,N/A,N/A,
22223,Low-Productivity,Solid Storage,Ostrich,North America,20,N/A,N/A,
22224,Low-Productivity,Dry Lot,Ostrich,North America,0,N/A,N/A,
22225,Low-Productivity,Pasture/Range/Paddock,Ostrich,North America,80,N/A,N/A,
22226,Low-Productivity,Daily Spread,Ostrich,North America,0,N/A,N/A,
22227,Low-Productivity,Digester,Ostrich,North America,0,N/A,N/A,
22228,Low-Productivity,Burned For Fuel,Ostrich,North America,0,N/A,N/A,
22229,Low-Productivity,Pit<1Month,Ostrich,North America,0,N/A,N/A,
22231,Low-Productivity,Poultry Manure,Ostrich,North America,0,N/A,N/A,
22232,Low-Productivity,Deep Bedding,Ostrich,North America,0,N/A,N/A,
22233,Low-Productivity,Composting,Ostrich,North America,0,N/A,N/A,
22234,Low-Productivity,Aerobic Treatment,Ostrich,North America,0,N/A,N/A,
22235,Low-Productivity,Lagoon,Ostrich,Latin America And The Caribbean,0,N/A,N/A,
22236,Low-Productivity,Liquid/Slurry,Ostrich,Latin America And The Caribbean,0,N/A,N/A,
22237,Low-Productivity,Solid Storage,Ostrich,Latin America And The Caribbean,20,N/A,N/A,
22238,Low-Productivity,Dry Lot,Ostrich,Latin America And The Caribbean,0,N/A,N/A,
22239,Low-Productivity,Pasture/Range/Paddock,Ostrich,Latin America And The Caribbean,80,N/A,N/A,
22240,Low-Productivity,Daily Spread,Ostrich,Latin America And The Caribbean,0,N/A,N/A,
22241,Low-Productivity,Digester,Ostrich,Latin America And The Caribbean,0,N/A,N/A,
22242,Low-Productivity,Burned For Fuel,Ostrich,Latin America And The Caribbean,0,N/A,N/A,
22243,Low-Productivity,Pit<1Month,Ostrich,Latin America And The Caribbean,0,N/A,N/A,
22245,Low-Productivity,Poultry Manure,Ostrich,Latin America And The Caribbean,0,N/A,N/A,
22246,Low-Productivity,Deep Bedding,Ostrich,Latin America And The Caribbean,0,N/A,N/A,
22247,Low-Productivity,Composting,Ostrich,Latin America And The Caribbean,0,N/A,N/A,
22248,Low-Productivity,Aerobic Treatment,Ostrich,Latin America And The Caribbean,0,N/A,N/A,
22249,Low-Productivity,Lagoon,Ostrich,Western Europe,0,N/A,N/A,
22250,Low-Productivity,Liquid/Slurry,Ostrich,Western Europe,0,N/A,N/A,
22251,Low-Productivity,Solid Storage,Ostrich,Western Europe,20,N/A,N/A,
22252,Low-Productivity,Dry Lot,Ostrich,Western Europe,0,N/A,N/A,
22253,Low-Productivity,Pasture/Range/Paddock,Ostrich,Western Europe,80,N/A,N/A,
22254,Low-Productivity,Daily Spread,Ostrich,Western Europe,0,N/A,N/A,
22255,Low-Productivity,Digester,Ostrich,Western Europe,0,N/A,N/A,
22256,Low-Productivity,Burned For Fuel,Ostrich,Western Europe,0,N/A,N/A,
22257,Low-Productivity,Pit<1Month,Ostrich,Western Europe,0,N/A,N/A,
22259,Low-Productivity,Poultry Manure,Ostrich,Western Europe,0,N/A,N/A,
22260,Low-Productivity,Deep Bedding,Ostrich,Western Europe,0,N/A,N/A,
22261,Low-Productivity,Composting,Ostrich,Western Europe,0,N/A,N/A,
22262,Low-Productivity,Aerobic Treatment,Ostrich,Western Europe,0,N/A,N/A,
22263,Low-Productivity,Lagoon,Ostrich,Eastern Europe,0,N/A,N/A,
22264,Low-Productivity,Liquid/Slurry,Ostrich,Eastern Europe,0,N/A,N/A,
22265,Low-Productivity,Solid Storage,Ostrich,Eastern Europe,20,N/A,N/A,
22266,Low-Productivity,Dry Lot,Ostrich,Eastern Europe,0,N/A,N/A,
22267,Low-Productivity,Pasture/Range/Paddock,Ostrich,Eastern Europe,80,N/A,N/A,
22268,Low-Productivity,Daily Spread,Ostrich,Eastern Europe,0,N/A,N/A,
22269,Low-Productivity,Digester,Ostrich,Eastern Europe,0,N/A,N/A,
22270,Low-Productivity,Burned For Fuel,Ostrich,Eastern Europe,0,N/A,N/A,
22271,Low-Productivity,Pit<1Month,Ostrich,Eastern Europe,0,N/A,N/A,
22273,Low-Productivity,Poultry Manure,Ostrich,Eastern Europe,0,N/A,N/A,
22274,Low-Productivity,Deep Bedding,Ostrich,Eastern Europe,0,N/A,N/A,
22275,Low-Productivity,Composting,Ostrich,Eastern Europe,0,N/A,N/A,
22276,Low-Productivity,Aerobic Treatment,Ostrich,Eastern Europe,0,N/A,N/A,
22277,Low-Productivity,Lagoon,Ostrich,Russian Federation,0,N/A,N/A,
22278,Low-Productivity,Liquid/Slurry,Ostrich,Russian Federation,0,N/A,N/A,
22279,Low-Productivity,Solid Storage,Ostrich,Russian Federation,20,N/A,N/A,
22280,Low-Productivity,Dry Lot,Ostrich,Russian Federation,0,N/A,N/A,
22281,Low-Productivity,Pasture/Range/Paddock,Ostrich,Russian Federation,80,N/A,N/A,
22282,Low-Productivity,Daily Spread,Ostrich,Russian Federation,0,N/A,N/A,
22283,Low-Productivity,Digester,Ostrich,Russian Federation,0,N/A,N/A,
22284,Low-Productivity,Burned For Fuel,Ostrich,Russian Federation,0,N/A,N/A,
22285,Low-Productivity,Pit<1Month,Ostrich,Russian Federation,0,N/A,N/A,
22287,Low-Productivity,Poultry Manure,Ostrich,Russian Federation,0,N/A,N/A,
22288,Low-Productivity,Deep Bedding,Ostrich,Russian Federation,0,N/A,N/A,
22289,Low-Productivity,Composting,Ostrich,Russian Federation,0,N/A,N/A,
22290,Low-Productivity,Aerobic Treatment,Ostrich,Russian Federation,0,N/A,N/A,
22291,Low-Productivity,Lagoon,Ostrich,Oceania,0,N/A,N/A,
22292,Low-Productivity,Liquid/Slurry,Ostrich,Oceania,0,N/A,N/A,
22293,Low-Productivity,Solid Storage,Ostrich,Oceania,20,N/A,N/A,
22294,Low-Productivity,Dry Lot,Ostrich,Oceania,0,N/A,N/A,
22295,Low-Productivity,Pasture/Range/Paddock,Ostrich,Oceania,80,N/A,N/A,
22296,Low-Productivity,Daily Spread,Ostrich,Oceania,0,N/A,N/A,
22297,Low-Productivity,Digester,Ostrich,Oceania,0,N/A,N/A,
22298,Low-Productivity,Burned For Fuel,Ostrich,Oceania,0,N/A,N/A,
22299,Low-Productivity,Pit<1Month,Ostrich,Oceania,0,N/A,N/A,
22301,Low-Productivity,Poultry Manure,Ostrich,Oceania,0,N/A,N/A,
22302,Low-Productivity,Deep Bedding,Ostrich,Oceania,0,N/A,N/A,
22303,Low-Productivity,Composting,Ostrich,Oceania,0,N/A,N/A,
22304,Low-Productivity,Aerobic Treatment,Ostrich,Oceania,0,N/A,N/A,
22305,Low-Productivity,Lagoon,Ostrich,NENA/Middle East,0,N/A,N/A,
22306,Low-Productivity,Liquid/Slurry,Ostrich,NENA/Middle East,0,N/A,N/A,
22307,Low-Productivity,Solid Storage,Ostrich,NENA/Middle East,20,N/A,N/A,
22308,Low-Productivity,Dry Lot,Ostrich,NENA/Middle East,0,N/A,N/A,
22309,Low-Productivity,Pasture/Range/Paddock,Ostrich,NENA/Middle East,80,N/A,N/A,
22310,Low-Productivity,Daily Spread,Ostrich,NENA/Middle East,0,N/A,N/A,
22311,Low-Productivity,Digester,Ostrich,NENA/Middle East,0,N/A,N/A,
22312,Low-Productivity,Burned For Fuel,Ostrich,NENA/Middle East,0,N/A,N/A,
22313,Low-Productivity,Pit<1Month,Ostrich,NENA/Middle East,0,N/A,N/A,
22315,Low-Productivity,Poultry Manure,Ostrich,NENA/Middle East,0,N/A,N/A,
22316,Low-Productivity,Deep Bedding,Ostrich,NENA/Middle East,0,N/A,N/A,
22317,Low-Productivity,Composting,Ostrich,NENA/Middle East,0,N/A,N/A,
22318,Low-Productivity,Aerobic Treatment,Ostrich,NENA/Middle East,0,N/A,N/A,
22319,Low-Productivity,Lagoon,Ostrich,South Asia,0,N/A,N/A,
22320,Low-Productivity,Liquid/Slurry,Ostrich,South Asia,0,N/A,N/A,
22321,Low-Productivity,Solid Storage,Ostrich,South Asia,20,N/A,N/A,
22322,Low-Productivity,Dry Lot,Ostrich,South Asia,0,N/A,N/A,
22323,Low-Productivity,Pasture/Range/Paddock,Ostrich,South Asia,80,N/A,N/A,
22324,Low-Productivity,Daily Spread,Ostrich,South Asia,0,N/A,N/A,
22325,Low-Productivity,Digester,Ostrich,South Asia,0,N/A,N/A,
22326,Low-Productivity,Burned For Fuel,Ostrich,South Asia,0,N/A,N/A,
22327,Low-Productivity,Pit<1Month,Ostrich,South Asia,0,N/A,N/A,
22329,Low-Productivity,Poultry Manure,Ostrich,South Asia,0,N/A,N/A,
22330,Low-Productivity,Deep Bedding,Ostrich,South Asia,0,N/A,N/A,
22331,Low-Productivity,Composting,Ostrich,South Asia,0,N/A,N/A,
22332,Low-Productivity,Aerobic Treatment,Ostrich,South Asia,0,N/A,N/A,
22333,Default,Lagoon,Ostrich,Sub-Saharan Africa,0,N/A,N/A,
22334,Default,Liquid/Slurry,Ostrich,Sub-Saharan Africa,0,N/A,N/A,
22335,Default,Solid Storage,Ostrich,Sub-Saharan Africa,20,N/A,N/A,
22336,Default,Dry Lot,Ostrich,Sub-Saharan Africa,0,N/A,N/A,
22337,Default,Pasture/Range/Paddock,Ostrich,Sub-Saharan Africa,80,N/A,N/A,
22338,Default,Daily Spread,Ostrich,Sub-Saharan Africa,0,N/A,N/A,
22339,Default,Digester,Ostrich,Sub-Saharan Africa,0,N/A,N/A,
22340,Default,Burned For Fuel,Ostrich,Sub-Saharan Africa,0,N/A,N/A,
22341,Default,Pit<1Month,Ostrich,Sub-Saharan Africa,0,N/A,N/A,
22343,Default,Poultry Manure,Ostrich,Sub-Saharan Africa,0,N/A,N/A,
22344,Default,Deep Bedding,Ostrich,Sub-Saharan Africa,0,N/A,N/A,
22345,Default,Composting,Ostrich,Sub-Saharan Africa,0,N/A,N/A,
22346,Default,Aerobic Treatment,Ostrich,Sub-Saharan Africa,0,N/A,N/A,
22347,Default,Lagoon,Ostrich,East Asia And South-East Asia,0,N/A,N/A,
22348,Default,Liquid/Slurry,Ostrich,East Asia And South-East Asia,0,N/A,N/A,
22349,Default,Solid Storage,Ostrich,East Asia And South-East Asia,20,N/A,N/A,
22350,Default,Dry Lot,Ostrich,East Asia And South-East Asia,0,N/A,N/A,
22351,Default,Pasture/Range/Paddock,Ostrich,East Asia And South-East Asia,80,N/A,N/A,
22352,Default,Daily Spread,Ostrich,East Asia And South-East Asia,0,N/A,N/A,
22353,Default,Digester,Ostrich,East Asia And South-East Asia,0,N/A,N/A,
22354,Default,Burned For Fuel,Ostrich,East Asia And South-East Asia,0,N/A,N/A,
22355,Default,Pit<1Month,Ostrich,East Asia And South-East Asia,0,N/A,N/A,
22357,Default,Poultry Manure,Ostrich,East Asia And South-East Asia,0,N/A,N/A,
22358,Default,Deep Bedding,Ostrich,East Asia And South-East Asia,0,N/A,N/A,
22359,Default,Composting,Ostrich,East Asia And South-East Asia,0,N/A,N/A,
22360,Default,Aerobic Treatment,Ostrich,East Asia And South-East Asia,0,N/A,N/A,
22361,Default,Lagoon,Ostrich,North America,0,N/A,N/A,
22362,Default,Liquid/Slurry,Ostrich,North America,0,N/A,N/A,
22363,Default,Solid Storage,Ostrich,North America,20,N/A,N/A,
22364,Default,Dry Lot,Ostrich,North America,0,N/A,N/A,
22365,Default,Pasture/Range/Paddock,Ostrich,North America,80,N/A,N/A,
22366,Default,Daily Spread,Ostrich,North America,0,N/A,N/A,
22367,Default,Digester,Ostrich,North America,0,N/A,N/A,
22368,Default,Burned For Fuel,Ostrich,North America,0,N/A,N/A,
22369,Default,Pit<1Month,Ostrich,North America,0,N/A,N/A,
22371,Default,Poultry Manure,Ostrich,North America,0,N/A,N/A,
22372,Default,Deep Bedding,Ostrich,North America,0,N/A,N/A,
22373,Default,Composting,Ostrich,North America,0,N/A,N/A,
22374,Default,Aerobic Treatment,Ostrich,North America,0,N/A,N/A,
22375,Default,Lagoon,Ostrich,Latin America And The Caribbean,0,N/A,N/A,
22376,Default,Liquid/Slurry,Ostrich,Latin America And The Caribbean,0,N/A,N/A,
22377,Default,Solid Storage,Ostrich,Latin America And The Caribbean,20,N/A,N/A,
22378,Default,Dry Lot,Ostrich,Latin America And The Caribbean,0,N/A,N/A,
22379,Default,Pasture/Range/Paddock,Ostrich,Latin America And The Caribbean,80,N/A,N/A,
22380,Default,Daily Spread,Ostrich,Latin America And The Caribbean,0,N/A,N/A,
22381,Default,Digester,Ostrich,Latin America And The Caribbean,0,N/A,N/A,
22382,Default,Burned For Fuel,Ostrich,Latin America And The Caribbean,0,N/A,N/A,
22383,Default,Pit<1Month,Ostrich,Latin America And The Caribbean,0,N/A,N/A,
22385,Default,Poultry Manure,Ostrich,Latin America And The Caribbean,0,N/A,N/A,
22386,Default,Deep Bedding,Ostrich,Latin America And The Caribbean,0,N/A,N/A,
22387,Default,Composting,Ostrich,Latin America And The Caribbean,0,N/A,N/A,
22388,Default,Aerobic Treatment,Ostrich,Latin America And The Caribbean,0,N/A,N/A,
22389,Default,Lagoon,Ostrich,Western Europe,0,N/A,N/A,
22390,Default,Liquid/Slurry,Ostrich,Western Europe,0,N/A,N/A,
22391,Default,Solid Storage,Ostrich,Western Europe,20,N/A,N/A,
22392,Default,Dry Lot,Ostrich,Western Europe,0,N/A,N/A,
22393,Default,Pasture/Range/Paddock,Ostrich,Western Europe,80,N/A,N/A,
22394,Default,Daily Spread,Ostrich,Western Europe,0,N/A,N/A,
22395,Default,Digester,Ostrich,Western Europe,0,N/A,N/A,
22396,Default,Burned For Fuel,Ostrich,Western Europe,0,N/A,N/A,
22397,Default,Pit<1Month,Ostrich,Western Europe,0,N/A,N/A,
22399,Default,Poultry Manure,Ostrich,Western Europe,0,N/A,N/A,
22400,Default,Deep Bedding,Ostrich,Western Europe,0,N/A,N/A,
22401,Default,Composting,Ostrich,Western Europe,0,N/A,N/A,
22402,Default,Aerobic Treatment,Ostrich,Western Europe,0,N/A,N/A,
22403,Default,Lagoon,Ostrich,Eastern Europe,0,N/A,N/A,
22404,Default,Liquid/Slurry,Ostrich,Eastern Europe,0,N/A,N/A,
22405,Default,Solid Storage,Ostrich,Eastern Europe,20,N/A,N/A,
22406,Default,Dry Lot,Ostrich,Eastern Europe,0,N/A,N/A,
22407,Default,Pasture/Range/Paddock,Ostrich,Eastern Europe,80,N/A,N/A,
22408,Default,Daily Spread,Ostrich,Eastern Europe,0,N/A,N/A,
22409,Default,Digester,Ostrich,Eastern Europe,0,N/A,N/A,
22410,Default,Burned For Fuel,Ostrich,Eastern Europe,0,N/A,N/A,
22411,Default,Pit<1Month,Ostrich,Eastern Europe,0,N/A,N/A,
22413,Default,Poultry Manure,Ostrich,Eastern Europe,0,N/A,N/A,
22414,Default,Deep Bedding,Ostrich,Eastern Europe,0,N/A,N/A,
22415,Default,Composting,Ostrich,Eastern Europe,0,N/A,N/A,
22416,Default,Aerobic Treatment,Ostrich,Eastern Europe,0,N/A,N/A,
22417,Default,Lagoon,Ostrich,Russian Federation,0,N/A,N/A,
22418,Default,Liquid/Slurry,Ostrich,Russian Federation,0,N/A,N/A,
22419,Default,Solid Storage,Ostrich,Russian Federation,20,N/A,N/A,
22420,Default,Dry Lot,Ostrich,Russian Federation,0,N/A,N/A,
22421,Default,Pasture/Range/Paddock,Ostrich,Russian Federation,80,N/A,N/A,
22422,Default,Daily Spread,Ostrich,Russian Federation,0,N/A,N/A,
22423,Default,Digester,Ostrich,Russian Federation,0,N/A,N/A,
22424,Default,Burned For Fuel,Ostrich,Russian Federation,0,N/A,N/A,
22425,Default,Pit<1Month,Ostrich,Russian Federation,0,N/A,N/A,
22427,Default,Poultry Manure,Ostrich,Russian Federation,0,N/A,N/A,
22428,Default,Deep Bedding,Ostrich,Russian Federation,0,N/A,N/A,
22429,Default,Composting,Ostrich,Russian Federation,0,N/A,N/A,
22430,Default,Aerobic Treatment,Ostrich,Russian Federation,0,N/A,N/A,
22431,Default,Lagoon,Ostrich,Oceania,0,N/A,N/A,
22432,Default,Liquid/Slurry,Ostrich,Oceania,0,N/A,N/A,
22433,Default,Solid Storage,Ostrich,Oceania,20,N/A,N/A,
22434,Default,Dry Lot,Ostrich,Oceania,0,N/A,N/A,
22435,Default,Pasture/Range/Paddock,Ostrich,Oceania,80,N/A,N/A,
22436,Default,Daily Spread,Ostrich,Oceania,0,N/A,N/A,
22437,Default,Digester,Ostrich,Oceania,0,N/A,N/A,
22438,Default,Burned For Fuel,Ostrich,Oceania,0,N/A,N/A,
22439,Default,Pit<1Month,Ostrich,Oceania,0,N/A,N/A,
22441,Default,Poultry Manure,Ostrich,Oceania,0,N/A,N/A,
22442,Default,Deep Bedding,Ostrich,Oceania,0,N/A,N/A,
22443,Default,Composting,Ostrich,Oceania,0,N/A,N/A,
22444,Default,Aerobic Treatment,Ostrich,Oceania,0,N/A,N/A,
22445,Default,Lagoon,Ostrich,NENA/Middle East,0,N/A,N/A,
22446,Default,Liquid/Slurry,Ostrich,NENA/Middle East,0,N/A,N/A,
22447,Default,Solid Storage,Ostrich,NENA/Middle East,20,N/A,N/A,
22448,Default,Dry Lot,Ostrich,NENA/Middle East,0,N/A,N/A,
22449,Default,Pasture/Range/Paddock,Ostrich,NENA/Middle East,80,N/A,N/A,
22450,Default,Daily Spread,Ostrich,NENA/Middle East,0,N/A,N/A,
22451,Default,Digester,Ostrich,NENA/Middle East,0,N/A,N/A,
22452,Default,Burned For Fuel,Ostrich,NENA/Middle East,0,N/A,N/A,
22453,Default,Pit<1Month,Ostrich,NENA/Middle East,0,N/A,N/A,
22455,Default,Poultry Manure,Ostrich,NENA/Middle East,0,N/A,N/A,
22456,Default,Deep Bedding,Ostrich,NENA/Middle East,0,N/A,N/A,
22457,Default,Composting,Ostrich,NENA/Middle East,0,N/A,N/A,
22458,Default,Aerobic Treatment,Ostrich,NENA/Middle East,0,N/A,N/A,
22459,Default,Lagoon,Ostrich,South Asia,0,N/A,N/A,
22460,Default,Liquid/Slurry,Ostrich,South Asia,0,N/A,N/A,
22461,Default,Solid Storage,Ostrich,South Asia,20,N/A,N/A,
22462,Default,Dry Lot,Ostrich,South Asia,0,N/A,N/A,
22463,Default,Pasture/Range/Paddock,Ostrich,South Asia,80,N/A,N/A,
22464,Default,Daily Spread,Ostrich,South Asia,0,N/A,N/A,
22465,Default,Digester,Ostrich,South Asia,0,N/A,N/A,
22466,Default,Burned For Fuel,Ostrich,South Asia,0,N/A,N/A,
22467,Default,Pit<1Month,Ostrich,South Asia,0,N/A,N/A,
22469,Default,Poultry Manure,Ostrich,South Asia,0,N/A,N/A,
22470,Default,Deep Bedding,Ostrich,South Asia,0,N/A,N/A,
22471,Default,Composting,Ostrich,South Asia,0,N/A,N/A,
22472,Default,Aerobic Treatment,Ostrich,South Asia,0,N/A,N/A,
22473,High-Productivity,Lagoon,Llamas And Alpacas,Sub-Saharan Africa,0,N/A,N/A,
22474,High-Productivity,Liquid/Slurry,Llamas And Alpacas,Sub-Saharan Africa,0,N/A,N/A,
22475,High-Productivity,Solid Storage,Llamas And Alpacas,Sub-Saharan Africa,17,N/A,N/A,
22476,High-Productivity,Dry Lot,Llamas And Alpacas,Sub-Saharan Africa,3,N/A,N/A,
22477,High-Productivity,Pasture/Range/Paddock,Llamas And Alpacas,Sub-Saharan Africa,80,N/A,N/A,
22478,High-Productivity,Daily Spread,Llamas And Alpacas,Sub-Saharan Africa,0,N/A,N/A,
22479,High-Productivity,Digester,Llamas And Alpacas,Sub-Saharan Africa,0,N/A,N/A,
22480,High-Productivity,Burned For Fuel,Llamas And Alpacas,Sub-Saharan Africa,0,N/A,N/A,
22481,High-Productivity,Pit<1Month,Llamas And Alpacas,Sub-Saharan Africa,0,N/A,N/A,
22483,High-Productivity,Poultry Manure,Llamas And Alpacas,Sub-Saharan Africa,0,N/A,N/A,
22484,High-Productivity,Deep Bedding,Llamas And Alpacas,Sub-Saharan Africa,0,N/A,N/A,
22485,High-Productivity,Composting,Llamas And Alpacas,Sub-Saharan Africa,0,N/A,N/A,
22486,High-Productivity,Aerobic Treatment,Llamas And Alpacas,Sub-Saharan Africa,0,N/A,N/A,
22487,High-Productivity,Lagoon,Llamas And Alpacas,East Asia And South-East Asia,0,N/A,N/A,
22488,High-Productivity,Liquid/Slurry,Llamas And Alpacas,East Asia And South-East Asia,0,N/A,N/A,
22489,High-Productivity,Solid Storage,Llamas And Alpacas,East Asia And South-East Asia,50,N/A,N/A,
22490,High-Productivity,Dry Lot,Llamas And Alpacas,East Asia And South-East Asia,0,N/A,N/A,
22491,High-Productivity,Pasture/Range/Paddock,Llamas And Alpacas,East Asia And South-East Asia,50,N/A,N/A,
22492,High-Productivity,Daily Spread,Llamas And Alpacas,East Asia And South-East Asia,0,N/A,N/A,
22493,High-Productivity,Digester,Llamas And Alpacas,East Asia And South-East Asia,0,N/A,N/A,
22494,High-Productivity,Burned For Fuel,Llamas And Alpacas,East Asia And South-East Asia,0,N/A,N/A,
22495,High-Productivity,Pit<1Month,Llamas And Alpacas,East Asia And South-East Asia,0,N/A,N/A,
22497,High-Productivity,Poultry Manure,Llamas And Alpacas,East Asia And South-East Asia,0,N/A,N/A,
22498,High-Productivity,Deep Bedding,Llamas And Alpacas,East Asia And South-East Asia,0,N/A,N/A,
22499,High-Productivity,Composting,Llamas And Alpacas,East Asia And South-East Asia,0,N/A,N/A,
22500,High-Productivity,Aerobic Treatment,Llamas And Alpacas,East Asia And South-East Asia,0,N/A,N/A,
22501,High-Productivity,Lagoon,Llamas And Alpacas,North America,0,N/A,N/A,
22502,High-Productivity,Liquid/Slurry,Llamas And Alpacas,North America,0,N/A,N/A,
22503,High-Productivity,Solid Storage,Llamas And Alpacas,North America,50,N/A,N/A,
22504,High-Productivity,Dry Lot,Llamas And Alpacas,North America,0,N/A,N/A,
22505,High-Productivity,Pasture/Range/Paddock,Llamas And Alpacas,North America,50,N/A,N/A,
22506,High-Productivity,Daily Spread,Llamas And Alpacas,North America,0,N/A,N/A,
22507,High-Productivity,Digester,Llamas And Alpacas,North America,0,N/A,N/A,
22508,High-Productivity,Burned For Fuel,Llamas And Alpacas,North America,0,N/A,N/A,
22509,High-Productivity,Pit<1Month,Llamas And Alpacas,North America,0,N/A,N/A,
22511,High-Productivity,Poultry Manure,Llamas And Alpacas,North America,0,N/A,N/A,
22512,High-Productivity,Deep Bedding,Llamas And Alpacas,North America,0,N/A,N/A,
22513,High-Productivity,Composting,Llamas And Alpacas,North America,0,N/A,N/A,
22514,High-Productivity,Aerobic Treatment,Llamas And Alpacas,North America,0,N/A,N/A,
22515,High-Productivity,Lagoon,Llamas And Alpacas,Latin America And The Caribbean,0,N/A,N/A,
22516,High-Productivity,Liquid/Slurry,Llamas And Alpacas,Latin America And The Caribbean,0,N/A,N/A,
22517,High-Productivity,Solid Storage,Llamas And Alpacas,Latin America And The Caribbean,17,N/A,N/A,
22518,High-Productivity,Dry Lot,Llamas And Alpacas,Latin America And The Caribbean,3,N/A,N/A,
22519,High-Productivity,Pasture/Range/Paddock,Llamas And Alpacas,Latin America And The Caribbean,80,N/A,N/A,
22520,High-Productivity,Daily Spread,Llamas And Alpacas,Latin America And The Caribbean,0,N/A,N/A,
22521,High-Productivity,Digester,Llamas And Alpacas,Latin America And The Caribbean,0,N/A,N/A,
22522,High-Productivity,Burned For Fuel,Llamas And Alpacas,Latin America And The Caribbean,0,N/A,N/A,
22523,High-Productivity,Pit<1Month,Llamas And Alpacas,Latin America And The Caribbean,0,N/A,N/A,
22525,High-Productivity,Poultry Manure,Llamas And Alpacas,Latin America And The Caribbean,0,N/A,N/A,
22526,High-Productivity,Deep Bedding,Llamas And Alpacas,Latin America And The Caribbean,0,N/A,N/A,
22527,High-Productivity,Composting,Llamas And Alpacas,Latin America And The Caribbean,0,N/A,N/A,
22528,High-Productivity,Aerobic Treatment,Llamas And Alpacas,Latin America And The Caribbean,0,N/A,N/A,
22529,High-Productivity,Lagoon,Llamas And Alpacas,Western Europe,0,N/A,N/A,
22530,High-Productivity,Liquid/Slurry,Llamas And Alpacas,Western Europe,0,N/A,N/A,
22531,High-Productivity,Solid Storage,Llamas And Alpacas,Western Europe,28,N/A,N/A,
22532,High-Productivity,Dry Lot,Llamas And Alpacas,Western Europe,0,N/A,N/A,
22533,High-Productivity,Pasture/Range/Paddock,Llamas And Alpacas,Western Europe,72,N/A,N/A,
22534,High-Productivity,Daily Spread,Llamas And Alpacas,Western Europe,0,N/A,N/A,
22535,High-Productivity,Digester,Llamas And Alpacas,Western Europe,0,N/A,N/A,
22536,High-Productivity,Burned For Fuel,Llamas And Alpacas,Western Europe,0,N/A,N/A,
22537,High-Productivity,Pit<1Month,Llamas And Alpacas,Western Europe,0,N/A,N/A,
22539,High-Productivity,Poultry Manure,Llamas And Alpacas,Western Europe,0,N/A,N/A,
22540,High-Productivity,Deep Bedding,Llamas And Alpacas,Western Europe,0,N/A,N/A,
22541,High-Productivity,Composting,Llamas And Alpacas,Western Europe,0,N/A,N/A,
22542,High-Productivity,Aerobic Treatment,Llamas And Alpacas,Western Europe,0,N/A,N/A,
22543,High-Productivity,Lagoon,Llamas And Alpacas,Eastern Europe,0,N/A,N/A,
22544,High-Productivity,Liquid/Slurry,Llamas And Alpacas,Eastern Europe,0,N/A,N/A,
22545,High-Productivity,Solid Storage,Llamas And Alpacas,Eastern Europe,9,N/A,N/A,
22546,High-Productivity,Dry Lot,Llamas And Alpacas,Eastern Europe,0,N/A,N/A,
22547,High-Productivity,Pasture/Range/Paddock,Llamas And Alpacas,Eastern Europe,91,N/A,N/A,
22548,High-Productivity,Daily Spread,Llamas And Alpacas,Eastern Europe,0,N/A,N/A,
22549,High-Productivity,Digester,Llamas And Alpacas,Eastern Europe,0,N/A,N/A,
22550,High-Productivity,Burned For Fuel,Llamas And Alpacas,Eastern Europe,0,N/A,N/A,
22551,High-Productivity,Pit<1Month,Llamas And Alpacas,Eastern Europe,0,N/A,N/A,
22553,High-Productivity,Poultry Manure,Llamas And Alpacas,Eastern Europe,0,N/A,N/A,
22554,High-Productivity,Deep Bedding,Llamas And Alpacas,Eastern Europe,0,N/A,N/A,
22555,High-Productivity,Composting,Llamas And Alpacas,Eastern Europe,0,N/A,N/A,
22556,High-Productivity,Aerobic Treatment,Llamas And Alpacas,Eastern Europe,0,N/A,N/A,
22557,High-Productivity,Lagoon,Llamas And Alpacas,Russian Federation,0,N/A,N/A,
22558,High-Productivity,Liquid/Slurry,Llamas And Alpacas,Russian Federation,0,N/A,N/A,
22559,High-Productivity,Solid Storage,Llamas And Alpacas,Russian Federation,82,N/A,N/A,
22560,High-Productivity,Dry Lot,Llamas And Alpacas,Russian Federation,0,N/A,N/A,
22561,High-Productivity,Pasture/Range/Paddock,Llamas And Alpacas,Russian Federation,18,N/A,N/A,
22562,High-Productivity,Daily Spread,Llamas And Alpacas,Russian Federation,0,N/A,N/A,
22563,High-Productivity,Digester,Llamas And Alpacas,Russian Federation,0,N/A,N/A,
22564,High-Productivity,Burned For Fuel,Llamas And Alpacas,Russian Federation,0,N/A,N/A,
22565,High-Productivity,Pit<1Month,Llamas And Alpacas,Russian Federation,0,N/A,N/A,
22567,High-Productivity,Poultry Manure,Llamas And Alpacas,Russian Federation,0,N/A,N/A,
22568,High-Productivity,Deep Bedding,Llamas And Alpacas,Russian Federation,0,N/A,N/A,
22569,High-Productivity,Composting,Llamas And Alpacas,Russian Federation,0,N/A,N/A,
22570,High-Productivity,Aerobic Treatment,Llamas And Alpacas,Russian Federation,0,N/A,N/A,
22571,High-Productivity,Lagoon,Llamas And Alpacas,Oceania,0,N/A,N/A,
22572,High-Productivity,Liquid/Slurry,Llamas And Alpacas,Oceania,0,N/A,N/A,
22573,High-Productivity,Solid Storage,Llamas And Alpacas,Oceania,0,N/A,N/A,
22574,High-Productivity,Dry Lot,Llamas And Alpacas,Oceania,0,N/A,N/A,
22575,High-Productivity,Pasture/Range/Paddock,Llamas And Alpacas,Oceania,100,N/A,N/A,
22576,High-Productivity,Daily Spread,Llamas And Alpacas,Oceania,0,N/A,N/A,
22577,High-Productivity,Digester,Llamas And Alpacas,Oceania,0,N/A,N/A,
22578,High-Productivity,Burned For Fuel,Llamas And Alpacas,Oceania,0,N/A,N/A,
22579,High-Productivity,Pit<1Month,Llamas And Alpacas,Oceania,0,N/A,N/A,
22581,High-Productivity,Poultry Manure,Llamas And Alpacas,Oceania,0,N/A,N/A,
22582,High-Productivity,Deep Bedding,Llamas And Alpacas,Oceania,0,N/A,N/A,
22583,High-Productivity,Composting,Llamas And Alpacas,Oceania,0,N/A,N/A,
22584,High-Productivity,Aerobic Treatment,Llamas And Alpacas,Oceania,0,N/A,N/A,
22585,High-Productivity,Lagoon,Llamas And Alpacas,NENA/Middle East,0,N/A,N/A,
22586,High-Productivity,Liquid/Slurry,Llamas And Alpacas,NENA/Middle East,0,N/A,N/A,
22587,High-Productivity,Solid Storage,Llamas And Alpacas,NENA/Middle East,0,N/A,N/A,
22588,High-Productivity,Dry Lot,Llamas And Alpacas,NENA/Middle East,50,N/A,N/A,
22589,High-Productivity,Pasture/Range/Paddock,Llamas And Alpacas,NENA/Middle East,50,N/A,N/A,
22590,High-Productivity,Daily Spread,Llamas And Alpacas,NENA/Middle East,0,N/A,N/A,
22591,High-Productivity,Digester,Llamas And Alpacas,NENA/Middle East,0,N/A,N/A,
22592,High-Productivity,Burned For Fuel,Llamas And Alpacas,NENA/Middle East,0,N/A,N/A,
22593,High-Productivity,Pit<1Month,Llamas And Alpacas,NENA/Middle East,0,N/A,N/A,
22595,High-Productivity,Poultry Manure,Llamas And Alpacas,NENA/Middle East,0,N/A,N/A,
22596,High-Productivity,Deep Bedding,Llamas And Alpacas,NENA/Middle East,0,N/A,N/A,
22597,High-Productivity,Composting,Llamas And Alpacas,NENA/Middle East,0,N/A,N/A,
22598,High-Productivity,Aerobic Treatment,Llamas And Alpacas,NENA/Middle East,0,N/A,N/A,
22599,High-Productivity,Lagoon,Llamas And Alpacas,South Asia,0,N/A,N/A,
22600,High-Productivity,Liquid/Slurry,Llamas And Alpacas,South Asia,0,N/A,N/A,
22601,High-Productivity,Solid Storage,Llamas And Alpacas,South Asia,50,N/A,N/A,
22602,High-Productivity,Dry Lot,Llamas And Alpacas,South Asia,0,N/A,N/A,
22603,High-Productivity,Pasture/Range/Paddock,Llamas And Alpacas,South Asia,50,N/A,N/A,
22604,High-Productivity,Daily Spread,Llamas And Alpacas,South Asia,0,N/A,N/A,
22605,High-Productivity,Digester,Llamas And Alpacas,South Asia,0,N/A,N/A,
22606,High-Productivity,Burned For Fuel,Llamas And Alpacas,South Asia,0,N/A,N/A,
22607,High-Productivity,Pit<1Month,Llamas And Alpacas,South Asia,0,N/A,N/A,
22609,High-Productivity,Poultry Manure,Llamas And Alpacas,South Asia,0,N/A,N/A,
22610,High-Productivity,Deep Bedding,Llamas And Alpacas,South Asia,0,N/A,N/A,
22611,High-Productivity,Composting,Llamas And Alpacas,South Asia,0,N/A,N/A,
22612,High-Productivity,Aerobic Treatment,Llamas And Alpacas,South Asia,0,N/A,N/A,
22613,Low-Productivity,Lagoon,Llamas And Alpacas,Sub-Saharan Africa,0,N/A,N/A,
22614,Low-Productivity,Liquid/Slurry,Llamas And Alpacas,Sub-Saharan Africa,0,N/A,N/A,
22615,Low-Productivity,Solid Storage,Llamas And Alpacas,Sub-Saharan Africa,17,N/A,N/A,
22616,Low-Productivity,Dry Lot,Llamas And Alpacas,Sub-Saharan Africa,3,N/A,N/A,
22617,Low-Productivity,Pasture/Range/Paddock,Llamas And Alpacas,Sub-Saharan Africa,80,N/A,N/A,
22618,Low-Productivity,Daily Spread,Llamas And Alpacas,Sub-Saharan Africa,0,N/A,N/A,
22619,Low-Productivity,Digester,Llamas And Alpacas,Sub-Saharan Africa,0,N/A,N/A,
22620,Low-Productivity,Burned For Fuel,Llamas And Alpacas,Sub-Saharan Africa,0,N/A,N/A,
22621,Low-Productivity,Pit<1Month,Llamas And Alpacas,Sub-Saharan Africa,0,N/A,N/A,
22623,Low-Productivity,Poultry Manure,Llamas And Alpacas,Sub-Saharan Africa,0,N/A,N/A,
22624,Low-Productivity,Deep Bedding,Llamas And Alpacas,Sub-Saharan Africa,0,N/A,N/A,
22625,Low-Productivity,Composting,Llamas And Alpacas,Sub-Saharan Africa,0,N/A,N/A,
22626,Low-Productivity,Aerobic Treatment,Llamas And Alpacas,Sub-Saharan Africa,0,N/A,N/A,
22627,Low-Productivity,Lagoon,Llamas And Alpacas,East Asia And South-East Asia,0,N/A,N/A,
22628,Low-Productivity,Liquid/Slurry,Llamas And Alpacas,East Asia And South-East Asia,0,N/A,N/A,
22629,Low-Productivity,Solid Storage,Llamas And Alpacas,East Asia And South-East Asia,50,N/A,N/A,
22630,Low-Productivity,Dry Lot,Llamas And Alpacas,East Asia And South-East Asia,0,N/A,N/A,
22631,Low-Productivity,Pasture/Range/Paddock,Llamas And Alpacas,East Asia And South-East Asia,50,N/A,N/A,
22632,Low-Productivity,Daily Spread,Llamas And Alpacas,East Asia And South-East Asia,0,N/A,N/A,
22633,Low-Productivity,Digester,Llamas And Alpacas,East Asia And South-East Asia,0,N/A,N/A,
22634,Low-Productivity,Burned For Fuel,Llamas And Alpacas,East Asia And South-East Asia,0,N/A,N/A,
22635,Low-Productivity,Pit<1Month,Llamas And Alpacas,East Asia And South-East Asia,0,N/A,N/A,
22637,Low-Productivity,Poultry Manure,Llamas And Alpacas,East Asia And South-East Asia,0,N/A,N/A,
22638,Low-Productivity,Deep Bedding,Llamas And Alpacas,East Asia And South-East Asia,0,N/A,N/A,
22639,Low-Productivity,Composting,Llamas And Alpacas,East Asia And South-East Asia,0,N/A,N/A,
22640,Low-Productivity,Aerobic Treatment,Llamas And Alpacas,East Asia And South-East Asia,0,N/A,N/A,
22641,Low-Productivity,Lagoon,Llamas And Alpacas,North America,0,N/A,N/A,
22642,Low-Productivity,Liquid/Slurry,Llamas And Alpacas,North America,0,N/A,N/A,
22643,Low-Productivity,Solid Storage,Llamas And Alpacas,North America,50,N/A,N/A,
22644,Low-Productivity,Dry Lot,Llamas And Alpacas,North America,0,N/A,N/A,
22645,Low-Productivity,Pasture/Range/Paddock,Llamas And Alpacas,North America,50,N/A,N/A,
22646,Low-Productivity,Daily Spread,Llamas And Alpacas,North America,0,N/A,N/A,
22647,Low-Productivity,Digester,Llamas And Alpacas,North America,0,N/A,N/A,
22648,Low-Productivity,Burned For Fuel,Llamas And Alpacas,North America,0,N/A,N/A,
22649,Low-Productivity,Pit<1Month,Llamas And Alpacas,North America,0,N/A,N/A,
22651,Low-Productivity,Poultry Manure,Llamas And Alpacas,North America,0,N/A,N/A,
22652,Low-Productivity,Deep Bedding,Llamas And Alpacas,North America,0,N/A,N/A,
22653,Low-Productivity,Composting,Llamas And Alpacas,North America,0,N/A,N/A,
22654,Low-Productivity,Aerobic Treatment,Llamas And Alpacas,North America,0,N/A,N/A,
22655,Low-Productivity,Lagoon,Llamas And Alpacas,Latin America And The Caribbean,0,N/A,N/A,
22656,Low-Productivity,Liquid/Slurry,Llamas And Alpacas,Latin America And The Caribbean,0,N/A,N/A,
22657,Low-Productivity,Solid Storage,Llamas And Alpacas,Latin America And The Caribbean,17,N/A,N/A,
22658,Low-Productivity,Dry Lot,Llamas And Alpacas,Latin America And The Caribbean,3,N/A,N/A,
22659,Low-Productivity,Pasture/Range/Paddock,Llamas And Alpacas,Latin America And The Caribbean,80,N/A,N/A,
22660,Low-Productivity,Daily Spread,Llamas And Alpacas,Latin America And The Caribbean,0,N/A,N/A,
22661,Low-Productivity,Digester,Llamas And Alpacas,Latin America And The Caribbean,0,N/A,N/A,
22662,Low-Productivity,Burned For Fuel,Llamas And Alpacas,Latin America And The Caribbean,0,N/A,N/A,
22663,Low-Productivity,Pit<1Month,Llamas And Alpacas,Latin America And The Caribbean,0,N/A,N/A,
22665,Low-Productivity,Poultry Manure,Llamas And Alpacas,Latin America And The Caribbean,0,N/A,N/A,
22666,Low-Productivity,Deep Bedding,Llamas And Alpacas,Latin America And The Caribbean,0,N/A,N/A,
22667,Low-Productivity,Composting,Llamas And Alpacas,Latin America And The Caribbean,0,N/A,N/A,
22668,Low-Productivity,Aerobic Treatment,Llamas And Alpacas,Latin America And The Caribbean,0,N/A,N/A,
22669,Low-Productivity,Lagoon,Llamas And Alpacas,Western Europe,0,N/A,N/A,
22670,Low-Productivity,Liquid/Slurry,Llamas And Alpacas,Western Europe,0,N/A,N/A,
22671,Low-Productivity,Solid Storage,Llamas And Alpacas,Western Europe,28,N/A,N/A,
22672,Low-Productivity,Dry Lot,Llamas And Alpacas,Western Europe,0,N/A,N/A,
22673,Low-Productivity,Pasture/Range/Paddock,Llamas And Alpacas,Western Europe,72,N/A,N/A,
22674,Low-Productivity,Daily Spread,Llamas And Alpacas,Western Europe,0,N/A,N/A,
22675,Low-Productivity,Digester,Llamas And Alpacas,Western Europe,0,N/A,N/A,
22676,Low-Productivity,Burned For Fuel,Llamas And Alpacas,Western Europe,0,N/A,N/A,
22677,Low-Productivity,Pit<1Month,Llamas And Alpacas,Western Europe,0,N/A,N/A,
22679,Low-Productivity,Poultry Manure,Llamas And Alpacas,Western Europe,0,N/A,N/A,
22680,Low-Productivity,Deep Bedding,Llamas And Alpacas,Western Europe,0,N/A,N/A,
22681,Low-Productivity,Composting,Llamas And Alpacas,Western Europe,0,N/A,N/A,
22682,Low-Productivity,Aerobic Treatment,Llamas And Alpacas,Western Europe,0,N/A,N/A,
22683,Low-Productivity,Lagoon,Llamas And Alpacas,Eastern Europe,0,N/A,N/A,
22684,Low-Productivity,Liquid/Slurry,Llamas And Alpacas,Eastern Europe,0,N/A,N/A,
22685,Low-Productivity,Solid Storage,Llamas And Alpacas,Eastern Europe,9,N/A,N/A,
22686,Low-Productivity,Dry Lot,Llamas And Alpacas,Eastern Europe,0,N/A,N/A,
22687,Low-Productivity,Pasture/Range/Paddock,Llamas And Alpacas,Eastern Europe,91,N/A,N/A,
22688,Low-Productivity,Daily Spread,Llamas And Alpacas,Eastern Europe,0,N/A,N/A,
22689,Low-Productivity,Digester,Llamas And Alpacas,Eastern Europe,0,N/A,N/A,
22690,Low-Productivity,Burned For Fuel,Llamas And Alpacas,Eastern Europe,0,N/A,N/A,
22691,Low-Productivity,Pit<1Month,Llamas And Alpacas,Eastern Europe,0,N/A,N/A,
22693,Low-Productivity,Poultry Manure,Llamas And Alpacas,Eastern Europe,0,N/A,N/A,
22694,Low-Productivity,Deep Bedding,Llamas And Alpacas,Eastern Europe,0,N/A,N/A,
22695,Low-Productivity,Composting,Llamas And Alpacas,Eastern Europe,0,N/A,N/A,
22696,Low-Productivity,Aerobic Treatment,Llamas And Alpacas,Eastern Europe,0,N/A,N/A,
22697,Low-Productivity,Lagoon,Llamas And Alpacas,Russian Federation,0,N/A,N/A,
22698,Low-Productivity,Liquid/Slurry,Llamas And Alpacas,Russian Federation,0,N/A,N/A,
22699,Low-Productivity,Solid Storage,Llamas And Alpacas,Russian Federation,82,N/A,N/A,
22700,Low-Productivity,Dry Lot,Llamas And Alpacas,Russian Federation,0,N/A,N/A,
22701,Low-Productivity,Pasture/Range/Paddock,Llamas And Alpacas,Russian Federation,18,N/A,N/A,
22702,Low-Productivity,Daily Spread,Llamas And Alpacas,Russian Federation,0,N/A,N/A,
22703,Low-Productivity,Digester,Llamas And Alpacas,Russian Federation,0,N/A,N/A,
22704,Low-Productivity,Burned For Fuel,Llamas And Alpacas,Russian Federation,0,N/A,N/A,
22705,Low-Productivity,Pit<1Month,Llamas And Alpacas,Russian Federation,0,N/A,N/A,
22707,Low-Productivity,Poultry Manure,Llamas And Alpacas,Russian Federation,0,N/A,N/A,
22708,Low-Productivity,Deep Bedding,Llamas And Alpacas,Russian Federation,0,N/A,N/A,
22709,Low-Productivity,Composting,Llamas And Alpacas,Russian Federation,0,N/A,N/A,
22710,Low-Productivity,Aerobic Treatment,Llamas And Alpacas,Russian Federation,0,N/A,N/A,
22711,Low-Productivity,Lagoon,Llamas And Alpacas,Oceania,0,N/A,N/A,
22712,Low-Productivity,Liquid/Slurry,Llamas And Alpacas,Oceania,0,N/A,N/A,
22713,Low-Productivity,Solid Storage,Llamas And Alpacas,Oceania,0,N/A,N/A,
22714,Low-Productivity,Dry Lot,Llamas And Alpacas,Oceania,0,N/A,N/A,
22715,Low-Productivity,Pasture/Range/Paddock,Llamas And Alpacas,Oceania,100,N/A,N/A,
22716,Low-Productivity,Daily Spread,Llamas And Alpacas,Oceania,0,N/A,N/A,
22717,Low-Productivity,Digester,Llamas And Alpacas,Oceania,0,N/A,N/A,
22718,Low-Productivity,Burned For Fuel,Llamas And Alpacas,Oceania,0,N/A,N/A,
22719,Low-Productivity,Pit<1Month,Llamas And Alpacas,Oceania,0,N/A,N/A,
22721,Low-Productivity,Poultry Manure,Llamas And Alpacas,Oceania,0,N/A,N/A,
22722,Low-Productivity,Deep Bedding,Llamas And Alpacas,Oceania,0,N/A,N/A,
22723,Low-Productivity,Composting,Llamas And Alpacas,Oceania,0,N/A,N/A,
22724,Low-Productivity,Aerobic Treatment,Llamas And Alpacas,Oceania,0,N/A,N/A,
22725,Low-Productivity,Lagoon,Llamas And Alpacas,NENA/Middle East,0,N/A,N/A,
22726,Low-Productivity,Liquid/Slurry,Llamas And Alpacas,NENA/Middle East,0,N/A,N/A,
22727,Low-Productivity,Solid Storage,Llamas And Alpacas,NENA/Middle East,0,N/A,N/A,
22728,Low-Productivity,Dry Lot,Llamas And Alpacas,NENA/Middle East,50,N/A,N/A,
22729,Low-Productivity,Pasture/Range/Paddock,Llamas And Alpacas,NENA/Middle East,50,N/A,N/A,
22730,Low-Productivity,Daily Spread,Llamas And Alpacas,NENA/Middle East,0,N/A,N/A,
22731,Low-Productivity,Digester,Llamas And Alpacas,NENA/Middle East,0,N/A,N/A,
22732,Low-Productivity,Burned For Fuel,Llamas And Alpacas,NENA/Middle East,0,N/A,N/A,
22733,Low-Productivity,Pit<1Month,Llamas And Alpacas,NENA/Middle East,0,N/A,N/A,
22735,Low-Productivity,Poultry Manure,Llamas And Alpacas,NENA/Middle East,0,N/A,N/A,
22736,Low-Productivity,Deep Bedding,Llamas And Alpacas,NENA/Middle East,0,N/A,N/A,
22737,Low-Productivity,Composting,Llamas And Alpacas,NENA/Middle East,0,N/A,N/A,
22738,Low-Productivity,Aerobic Treatment,Llamas And Alpacas,NENA/Middle East,0,N/A,N/A,
22739,Low-Productivity,Lagoon,Llamas And Alpacas,South Asia,0,N/A,N/A,
22740,Low-Productivity,Liquid/Slurry,Llamas And Alpacas,South Asia,0,N/A,N/A,
22741,Low-Productivity,Solid Storage,Llamas And Alpacas,South Asia,50,N/A,N/A,
22742,Low-Productivity,Dry Lot,Llamas And Alpacas,South Asia,0,N/A,N/A,
22743,Low-Productivity,Pasture/Range/Paddock,Llamas And Alpacas,South Asia,50,N/A,N/A,
22744,Low-Productivity,Daily Spread,Llamas And Alpacas,South Asia,0,N/A,N/A,
22745,Low-Productivity,Digester,Llamas And Alpacas,South Asia,0,N/A,N/A,
22746,Low-Productivity,Burned For Fuel,Llamas And Alpacas,South Asia,0,N/A,N/A,
22747,Low-Productivity,Pit<1Month,Llamas And Alpacas,South Asia,0,N/A,N/A,
22749,Low-Productivity,Poultry Manure,Llamas And Alpacas,South Asia,0,N/A,N/A,
22750,Low-Productivity,Deep Bedding,Llamas And Alpacas,South Asia,0,N/A,N/A,
22751,Low-Productivity,Composting,Llamas And Alpacas,South Asia,0,N/A,N/A,
22752,Low-Productivity,Aerobic Treatment,Llamas And Alpacas,South Asia,0,N/A,N/A,
22753,Default,Lagoon,Llamas And Alpacas,Sub-Saharan Africa,0,N/A,N/A,
22754,Default,Liquid/Slurry,Llamas And Alpacas,Sub-Saharan Africa,0,N/A,N/A,
22755,Default,Solid Storage,Llamas And Alpacas,Sub-Saharan Africa,17,N/A,N/A,
22756,Default,Dry Lot,Llamas And Alpacas,Sub-Saharan Africa,3,N/A,N/A,
22757,Default,Pasture/Range/Paddock,Llamas And Alpacas,Sub-Saharan Africa,80,N/A,N/A,
22758,Default,Daily Spread,Llamas And Alpacas,Sub-Saharan Africa,0,N/A,N/A,
22759,Default,Digester,Llamas And Alpacas,Sub-Saharan Africa,0,N/A,N/A,
22760,Default,Burned For Fuel,Llamas And Alpacas,Sub-Saharan Africa,0,N/A,N/A,
22761,Default,Pit<1Month,Llamas And Alpacas,Sub-Saharan Africa,0,N/A,N/A,
22763,Default,Poultry Manure,Llamas And Alpacas,Sub-Saharan Africa,0,N/A,N/A,
22764,Default,Deep Bedding,Llamas And Alpacas,Sub-Saharan Africa,0,N/A,N/A,
22765,Default,Composting,Llamas And Alpacas,Sub-Saharan Africa,0,N/A,N/A,
22766,Default,Aerobic Treatment,Llamas And Alpacas,Sub-Saharan Africa,0,N/A,N/A,
22767,Default,Lagoon,Llamas And Alpacas,East Asia And South-East Asia,0,N/A,N/A,
22768,Default,Liquid/Slurry,Llamas And Alpacas,East Asia And South-East Asia,0,N/A,N/A,
22769,Default,Solid Storage,Llamas And Alpacas,East Asia And South-East Asia,50,N/A,N/A,
22770,Default,Dry Lot,Llamas And Alpacas,East Asia And South-East Asia,0,N/A,N/A,
22771,Default,Pasture/Range/Paddock,Llamas And Alpacas,East Asia And South-East Asia,50,N/A,N/A,
22772,Default,Daily Spread,Llamas And Alpacas,East Asia And South-East Asia,0,N/A,N/A,
22773,Default,Digester,Llamas And Alpacas,East Asia And South-East Asia,0,N/A,N/A,
22774,Default,Burned For Fuel,Llamas And Alpacas,East Asia And South-East Asia,0,N/A,N/A,
22775,Default,Pit<1Month,Llamas And Alpacas,East Asia And South-East Asia,0,N/A,N/A,
22777,Default,Poultry Manure,Llamas And Alpacas,East Asia And South-East Asia,0,N/A,N/A,
22778,Default,Deep Bedding,Llamas And Alpacas,East Asia And South-East Asia,0,N/A,N/A,
22779,Default,Composting,Llamas And Alpacas,East Asia And South-East Asia,0,N/A,N/A,
22780,Default,Aerobic Treatment,Llamas And Alpacas,East Asia And South-East Asia,0,N/A,N/A,
22781,Default,Lagoon,Llamas And Alpacas,North America,0,N/A,N/A,
22782,Default,Liquid/Slurry,Llamas And Alpacas,North America,0,N/A,N/A,
22783,Default,Solid Storage,Llamas And Alpacas,North America,50,N/A,N/A,
22784,Default,Dry Lot,Llamas And Alpacas,North America,0,N/A,N/A,
22785,Default,Pasture/Range/Paddock,Llamas And Alpacas,North America,50,N/A,N/A,
22786,Default,Daily Spread,Llamas And Alpacas,North America,0,N/A,N/A,
22787,Default,Digester,Llamas And Alpacas,North America,0,N/A,N/A,
22788,Default,Burned For Fuel,Llamas And Alpacas,North America,0,N/A,N/A,
22789,Default,Pit<1Month,Llamas And Alpacas,North America,0,N/A,N/A,
22791,Default,Poultry Manure,Llamas And Alpacas,North America,0,N/A,N/A,
22792,Default,Deep Bedding,Llamas And Alpacas,North America,0,N/A,N/A,
22793,Default,Composting,Llamas And Alpacas,North America,0,N/A,N/A,
22794,Default,Aerobic Treatment,Llamas And Alpacas,North America,0,N/A,N/A,
22795,Default,Lagoon,Llamas And Alpacas,Latin America And The Caribbean,0,N/A,N/A,
22796,Default,Liquid/Slurry,Llamas And Alpacas,Latin America And The Caribbean,0,N/A,N/A,
22797,Default,Solid Storage,Llamas And Alpacas,Latin America And The Caribbean,17,N/A,N/A,
22798,Default,Dry Lot,Llamas And Alpacas,Latin America And The Caribbean,3,N/A,N/A,
22799,Default,Pasture/Range/Paddock,Llamas And Alpacas,Latin America And The Caribbean,80,N/A,N/A,
22800,Default,Daily Spread,Llamas And Alpacas,Latin America And The Caribbean,0,N/A,N/A,
22801,Default,Digester,Llamas And Alpacas,Latin America And The Caribbean,0,N/A,N/A,
22802,Default,Burned For Fuel,Llamas And Alpacas,Latin America And The Caribbean,0,N/A,N/A,
22803,Default,Pit<1Month,Llamas And Alpacas,Latin America And The Caribbean,0,N/A,N/A,
22805,Default,Poultry Manure,Llamas And Alpacas,Latin America And The Caribbean,0,N/A,N/A,
22806,Default,Deep Bedding,Llamas And Alpacas,Latin America And The Caribbean,0,N/A,N/A,
22807,Default,Composting,Llamas And Alpacas,Latin America And The Caribbean,0,N/A,N/A,
22808,Default,Aerobic Treatment,Llamas And Alpacas,Latin America And The Caribbean,0,N/A,N/A,
22809,Default,Lagoon,Llamas And Alpacas,Western Europe,0,N/A,N/A,
22810,Default,Liquid/Slurry,Llamas And Alpacas,Western Europe,0,N/A,N/A,
22811,Default,Solid Storage,Llamas And Alpacas,Western Europe,28,N/A,N/A,
22812,Default,Dry Lot,Llamas And Alpacas,Western Europe,0,N/A,N/A,
22813,Default,Pasture/Range/Paddock,Llamas And Alpacas,Western Europe,72,N/A,N/A,
22814,Default,Daily Spread,Llamas And Alpacas,Western Europe,0,N/A,N/A,
22815,Default,Digester,Llamas And Alpacas,Western Europe,0,N/A,N/A,
22816,Default,Burned For Fuel,Llamas And Alpacas,Western Europe,0,N/A,N/A,
22817,Default,Pit<1Month,Llamas And Alpacas,Western Europe,0,N/A,N/A,
22819,Default,Poultry Manure,Llamas And Alpacas,Western Europe,0,N/A,N/A,
22820,Default,Deep Bedding,Llamas And Alpacas,Western Europe,0,N/A,N/A,
22821,Default,Composting,Llamas And Alpacas,Western Europe,0,N/A,N/A,
22822,Default,Aerobic Treatment,Llamas And Alpacas,Western Europe,0,N/A,N/A,
22823,Default,Lagoon,Llamas And Alpacas,Eastern Europe,0,N/A,N/A,
22824,Default,Liquid/Slurry,Llamas And Alpacas,Eastern Europe,0,N/A,N/A,
22825,Default,Solid Storage,Llamas And Alpacas,Eastern Europe,9,N/A,N/A,
22826,Default,Dry Lot,Llamas And Alpacas,Eastern Europe,0,N/A,N/A,
22827,Default,Pasture/Range/Paddock,Llamas And Alpacas,Eastern Europe,91,N/A,N/A,
22828,Default,Daily Spread,Llamas And Alpacas,Eastern Europe,0,N/A,N/A,
22829,Default,Digester,Llamas And Alpacas,Eastern Europe,0,N/A,N/A,
22830,Default,Burned For Fuel,Llamas And Alpacas,Eastern Europe,0,N/A,N/A,
22831,Default,Pit<1Month,Llamas And Alpacas,Eastern Europe,0,N/A,N/A,
22833,Default,Poultry Manure,Llamas And Alpacas,Eastern Europe,0,N/A,N/A,
22834,Default,Deep Bedding,Llamas And Alpacas,Eastern Europe,0,N/A,N/A,
22835,Default,Composting,Llamas And Alpacas,Eastern Europe,0,N/A,N/A,
22836,Default,Aerobic Treatment,Llamas And Alpacas,Eastern Europe,0,N/A,N/A,
22837,Default,Lagoon,Llamas And Alpacas,Russian Federation,0,N/A,N/A,
22838,Default,Liquid/Slurry,Llamas And Alpacas,Russian Federation,0,N/A,N/A,
22839,Default,Solid Storage,Llamas And Alpacas,Russian Federation,82,N/A,N/A,
22840,Default,Dry Lot,Llamas And Alpacas,Russian Federation,0,N/A,N/A,
22841,Default,Pasture/Range/Paddock,Llamas And Alpacas,Russian Federation,18,N/A,N/A,
22842,Default,Daily Spread,Llamas And Alpacas,Russian Federation,0,N/A,N/A,
22843,Default,Digester,Llamas And Alpacas,Russian Federation,0,N/A,N/A,
22844,Default,Burned For Fuel,Llamas And Alpacas,Russian Federation,0,N/A,N/A,
22845,Default,Pit<1Month,Llamas And Alpacas,Russian Federation,0,N/A,N/A,
22847,Default,Poultry Manure,Llamas And Alpacas,Russian Federation,0,N/A,N/A,
22848,Default,Deep Bedding,Llamas And Alpacas,Russian Federation,0,N/A,N/A,
22849,Default,Composting,Llamas And Alpacas,Russian Federation,0,N/A,N/A,
22850,Default,Aerobic Treatment,Llamas And Alpacas,Russian Federation,0,N/A,N/A,
22851,Default,Lagoon,Llamas And Alpacas,Oceania,0,N/A,N/A,
22852,Default,Liquid/Slurry,Llamas And Alpacas,Oceania,0,N/A,N/A,
22853,Default,Solid Storage,Llamas And Alpacas,Oceania,0,N/A,N/A,
22854,Default,Dry Lot,Llamas And Alpacas,Oceania,0,N/A,N/A,
22855,Default,Pasture/Range/Paddock,Llamas And Alpacas,Oceania,100,N/A,N/A,
22856,Default,Daily Spread,Llamas And Alpacas,Oceania,0,N/A,N/A,
22857,Default,Digester,Llamas And Alpacas,Oceania,0,N/A,N/A,
22858,Default,Burned For Fuel,Llamas And Alpacas,Oceania,0,N/A,N/A,
22859,Default,Pit<1Month,Llamas And Alpacas,Oceania,0,N/A,N/A,
22861,Default,Poultry Manure,Llamas And Alpacas,Oceania,0,N/A,N/A,
22862,Default,Deep Bedding,Llamas And Alpacas,Oceania,0,N/A,N/A,
22863,Default,Composting,Llamas And Alpacas,Oceania,0,N/A,N/A,
22864,Default,Aerobic Treatment,Llamas And Alpacas,Oceania,0,N/A,N/A,
22865,Default,Lagoon,Llamas And Alpacas,NENA/Middle East,0,N/A,N/A,
22866,Default,Liquid/Slurry,Llamas And Alpacas,NENA/Middle East,0,N/A,N/A,
22867,Default,Solid Storage,Llamas And Alpacas,NENA/Middle East,0,N/A,N/A,
22868,Default,Dry Lot,Llamas And Alpacas,NENA/Middle East,50,N/A,N/A,
22869,Default,Pasture/Range/Paddock,Llamas And Alpacas,NENA/Middle East,50,N/A,N/A,
22870,Default,Daily Spread,Llamas And Alpacas,NENA/Middle East,0,N/A,N/A,
22871,Default,Digester,Llamas And Alpacas,NENA/Middle East,0,N/A,N/A,
22872,Default,Burned For Fuel,Llamas And Alpacas,NENA/Middle East,0,N/A,N/A,
22873,Default,Pit<1Month,Llamas And Alpacas,NENA/Middle East,0,N/A,N/A,
22875,Default,Poultry Manure,Llamas And Alpacas,NENA/Middle East,0,N/A,N/A,
22876,Default,Deep Bedding,Llamas And Alpacas,NENA/Middle East,0,N/A,N/A,
22877,Default,Composting,Llamas And Alpacas,NENA/Middle East,0,N/A,N/A,
22878,Default,Aerobic Treatment,Llamas And Alpacas,NENA/Middle East,0,N/A,N/A,
22879,Default,Lagoon,Llamas And Alpacas,South Asia,0,N/A,N/A,
22880,Default,Liquid/Slurry,Llamas And Alpacas,South Asia,0,N/A,N/A,
22881,Default,Solid Storage,Llamas And Alpacas,South Asia,50,N/A,N/A,
22882,Default,Dry Lot,Llamas And Alpacas,South Asia,0,N/A,N/A,
22883,Default,Pasture/Range/Paddock,Llamas And Alpacas,South Asia,50,N/A,N/A,
22884,Default,Daily Spread,Llamas And Alpacas,South Asia,0,N/A,N/A,
22885,Default,Digester,Llamas And Alpacas,South Asia,0,N/A,N/A,
22886,Default,Burned For Fuel,Llamas And Alpacas,South Asia,0,N/A,N/A,
22887,Default,Pit<1Month,Llamas And Alpacas,South Asia,0,N/A,N/A,
22889,Default,Poultry Manure,Llamas And Alpacas,South Asia,0,N/A,N/A,
22890,Default,Deep Bedding,Llamas And Alpacas,South Asia,0,N/A,N/A,
22891,Default,Composting,Llamas And Alpacas,South Asia,0,N/A,N/A,
22892,Default,Aerobic Treatment,Llamas And Alpacas,South Asia,0,N/A,N/A,
22846,Default,Pit>1Month,Llamas And Alpacas,Russian Federation,0,N/A,N/A,
22860,Default,Pit>1Month,Llamas And Alpacas,Oceania,0,N/A,N/A,
22874,Default,Pit>1Month,Llamas And Alpacas,NENA/Middle East,0,N/A,N/A,
22888,Default,Pit>1Month,Llamas And Alpacas,South Asia,0,N/A,N/A,
