id,climate,moisture,continent,land_use_type,value,value_min,value_max,"Source: 2019 Refinement to the 2006 IPCC Guidelines for National Greenhouse Gas Inventories, IPCC (2019), Volume 4 AFOLU, tables 5.2, 5.3.",,,,,,,,,,,,
13422,Cool Temperate,Dry,Eastern Africa,Agroforestry - Default,1.266666667,0.481333333,2.052000001,,,,,,,,,,,,,
13423,Cool Temperate,Dry,Eastern Africa,Hedgerow,0.87,0.4437,1.2963,,,,,,,,,,,,,
13424,Cool Temperate,Dry,Eastern Africa,Silvoarable,1.12,0.4256,1.8144,,,,,,,,,,,,,
13425,Cool Temperate,Dry,Eastern Africa,Silvopasture,1.81,1.0136,2.6064,,,,,,,,,,,,,
13426,Cool Temperate,Dry,Eastern Africa,Olive,0.46,0.3358,0.5842,,,,,,,,,,,,,
13427,Cool Temperate,Dry,Eastern Africa,Orchard,0.43,0.2322,0.6278,,,,,,,,,,,,,
13428,Cool Temperate,Dry,Eastern Africa,Vine,0.28,0.2072,0.3528,,,,,,,,,,,,,
13429,Cool Temperate,Dry,Eastern Africa,Short Rotation Coppice,3.2,1.92,4.48,,,,,,,,,,,,,
13430,Cool Temperate,Dry,Eastern Africa,Tea,0.7,0.525,0.875,,,,,,,,,,,,,
13431,Cool Temperate,Dry,Central Africa,Agroforestry - Default,1.266666667,0.481333333,2.052000001,,,,,,,,,,,,,
13432,Cool Temperate,Dry,Central Africa,Hedgerow,0.87,0.4437,1.2963,,,,,,,,,,,,,
13433,Cool Temperate,Dry,Central Africa,Silvoarable,1.12,0.4256,1.8144,,,,,,,,,,,,,
13434,Cool Temperate,Dry,Central Africa,Silvopasture,1.81,1.0136,2.6064,,,,,,,,,,,,,
13435,Cool Temperate,Dry,Central Africa,Olive,0.46,0.3358,0.5842,,,,,,,,,,,,,
13436,Cool Temperate,Dry,Central Africa,Orchard,0.43,0.2322,0.6278,,,,,,,,,,,,,
13437,Cool Temperate,Dry,Central Africa,Vine,0.28,0.2072,0.3528,,,,,,,,,,,,,
13438,Cool Temperate,Dry,Central Africa,Short Rotation Coppice,3.2,1.92,4.48,,,,,,,,,,,,,
13439,Cool Temperate,Dry,Central Africa,Tea,0.7,0.525,0.875,,,,,,,,,,,,,
13440,Cool Temperate,Dry,Northern Africa,Agroforestry - Default,1.266666667,0.481333333,2.052000001,,,,,,,,,,,,,
13441,Cool Temperate,Dry,Northern Africa,Hedgerow,0.87,0.4437,1.2963,,,,,,,,,,,,,
13442,Cool Temperate,Dry,Northern Africa,Silvoarable,1.12,0.4256,1.8144,,,,,,,,,,,,,
13443,Cool Temperate,Dry,Northern Africa,Silvopasture,1.81,1.0136,2.6064,,,,,,,,,,,,,
13444,Cool Temperate,Dry,Northern Africa,Olive,0.46,0.3358,0.5842,,,,,,,,,,,,,
13445,Cool Temperate,Dry,Northern Africa,Orchard,0.43,0.2322,0.6278,,,,,,,,,,,,,
13446,Cool Temperate,Dry,Northern Africa,Vine,0.28,0.2072,0.3528,,,,,,,,,,,,,
13447,Cool Temperate,Dry,Northern Africa,Short Rotation Coppice,3.2,1.92,4.48,,,,,,,,,,,,,
13448,Cool Temperate,Dry,Northern Africa,Tea,0.7,0.525,0.875,,,,,,,,,,,,,
13449,Cool Temperate,Dry,Southern Africa,Agroforestry - Default,1.266666667,0.481333333,2.052000001,,,,,,,,,,,,,
13450,Cool Temperate,Dry,Southern Africa,Hedgerow,0.87,0.4437,1.2963,,,,,,,,,,,,,
13451,Cool Temperate,Dry,Southern Africa,Silvoarable,1.12,0.4256,1.8144,,,,,,,,,,,,,
13452,Cool Temperate,Dry,Southern Africa,Silvopasture,1.81,1.0136,2.6064,,,,,,,,,,,,,
13453,Cool Temperate,Dry,Southern Africa,Olive,0.46,0.3358,0.5842,,,,,,,,,,,,,
13454,Cool Temperate,Dry,Southern Africa,Orchard,0.43,0.2322,0.6278,,,,,,,,,,,,,
13455,Cool Temperate,Dry,Southern Africa,Vine,0.28,0.2072,0.3528,,,,,,,,,,,,,
13456,Cool Temperate,Dry,Southern Africa,Short Rotation Coppice,3.2,1.92,4.48,,,,,,,,,,,,,
13457,Cool Temperate,Dry,Southern Africa,Tea,0.7,0.525,0.875,,,,,,,,,,,,,
13458,Cool Temperate,Dry,Western Africa,Agroforestry - Default,1.266666667,0.481333333,2.052000001,,,,,,,,,,,,,
13459,Cool Temperate,Dry,Western Africa,Hedgerow,0.87,0.4437,1.2963,,,,,,,,,,,,,
13460,Cool Temperate,Dry,Western Africa,Silvoarable,1.12,0.4256,1.8144,,,,,,,,,,,,,
13461,Cool Temperate,Dry,Western Africa,Silvopasture,1.81,1.0136,2.6064,,,,,,,,,,,,,
13462,Cool Temperate,Dry,Western Africa,Olive,0.46,0.3358,0.5842,,,,,,,,,,,,,
13463,Cool Temperate,Dry,Western Africa,Orchard,0.43,0.2322,0.6278,,,,,,,,,,,,,
13464,Cool Temperate,Dry,Western Africa,Vine,0.28,0.2072,0.3528,,,,,,,,,,,,,
13465,Cool Temperate,Dry,Western Africa,Short Rotation Coppice,3.2,1.92,4.48,,,,,,,,,,,,,
13466,Cool Temperate,Dry,Western Africa,Tea,0.7,0.525,0.875,,,,,,,,,,,,,
13467,Cool Temperate,Dry,Central Asia,Agroforestry - Default,1.883333333,0.470833333,3.295833333,,,,,,,,,,,,,
13468,Cool Temperate,Dry,Central Asia,Hedgerow,0.87,0.4437,1.2963,,,,,,,,,,,,,
13469,Cool Temperate,Dry,Central Asia,Silvoarable,2.97,0.7425,5.1975,,,,,,,,,,,,,
13470,Cool Temperate,Dry,Central Asia,Silvopasture,1.81,1.0136,2.6064,,,,,,,,,,,,,
13471,Cool Temperate,Dry,Central Asia,Olive,0.46,0.3358,0.5842,,,,,,,,,,,,,
13472,Cool Temperate,Dry,Central Asia,Orchard,0.43,0.2322,0.6278,,,,,,,,,,,,,
13473,Cool Temperate,Dry,Central Asia,Vine,0.28,0.2072,0.3528,,,,,,,,,,,,,
13474,Cool Temperate,Dry,Central Asia,Short Rotation Coppice,3.2,1.92,4.48,,,,,,,,,,,,,
13475,Cool Temperate,Dry,Central Asia,Tea,0.7,0.525,0.875,,,,,,,,,,,,,
13476,Cool Temperate,Dry,Eastern Asia,Agroforestry - Default,1.883333333,0.470833333,3.295833333,,,,,,,,,,,,,
13477,Cool Temperate,Dry,Eastern Asia,Hedgerow,0.87,0.4437,1.2963,,,,,,,,,,,,,
13478,Cool Temperate,Dry,Eastern Asia,Silvoarable,2.97,0.7425,5.1975,,,,,,,,,,,,,
13479,Cool Temperate,Dry,Eastern Asia,Silvopasture,1.81,1.0136,2.6064,,,,,,,,,,,,,
13480,Cool Temperate,Dry,Eastern Asia,Olive,0.46,0.3358,0.5842,,,,,,,,,,,,,
13481,Cool Temperate,Dry,Eastern Asia,Orchard,0.43,0.2322,0.6278,,,,,,,,,,,,,
13482,Cool Temperate,Dry,Eastern Asia,Vine,0.28,0.2072,0.3528,,,,,,,,,,,,,
13483,Cool Temperate,Dry,Eastern Asia,Short Rotation Coppice,3.2,1.92,4.48,,,,,,,,,,,,,
13484,Cool Temperate,Dry,Eastern Asia,Tea,0.7,0.525,0.875,,,,,,,,,,,,,
13485,Cool Temperate,Dry,South-Eastern Asia,Agroforestry - Default,1.883333333,0.470833333,3.295833333,,,,,,,,,,,,,
13486,Cool Temperate,Dry,South-Eastern Asia,Hedgerow,0.87,0.4437,1.2963,,,,,,,,,,,,,
13487,Cool Temperate,Dry,South-Eastern Asia,Silvoarable,2.97,0.7425,5.1975,,,,,,,,,,,,,
13488,Cool Temperate,Dry,South-Eastern Asia,Silvopasture,1.81,1.0136,2.6064,,,,,,,,,,,,,
13489,Cool Temperate,Dry,South-Eastern Asia,Olive,0.46,0.3358,0.5842,,,,,,,,,,,,,
13490,Cool Temperate,Dry,South-Eastern Asia,Orchard,0.43,0.2322,0.6278,,,,,,,,,,,,,
13491,Cool Temperate,Dry,South-Eastern Asia,Vine,0.28,0.2072,0.3528,,,,,,,,,,,,,
13492,Cool Temperate,Dry,South-Eastern Asia,Short Rotation Coppice,3.2,1.92,4.48,,,,,,,,,,,,,
13493,Cool Temperate,Dry,South-Eastern Asia,Tea,0.7,0.525,0.875,,,,,,,,,,,,,
13494,Cool Temperate,Dry,Southern Asia,Agroforestry - Default,1.883333333,0.470833333,3.295833333,,,,,,,,,,,,,
13495,Cool Temperate,Dry,Southern Asia,Hedgerow,0.87,0.4437,1.2963,,,,,,,,,,,,,
13496,Cool Temperate,Dry,Southern Asia,Silvoarable,2.97,0.7425,5.1975,,,,,,,,,,,,,
13497,Cool Temperate,Dry,Southern Asia,Silvopasture,1.81,1.0136,2.6064,,,,,,,,,,,,,
13498,Cool Temperate,Dry,Southern Asia,Olive,0.46,0.3358,0.5842,,,,,,,,,,,,,
13499,Cool Temperate,Dry,Southern Asia,Orchard,0.43,0.2322,0.6278,,,,,,,,,,,,,
13500,Cool Temperate,Dry,Southern Asia,Vine,0.28,0.2072,0.3528,,,,,,,,,,,,,
13501,Cool Temperate,Dry,Southern Asia,Short Rotation Coppice,3.2,1.92,4.48,,,,,,,,,,,,,
13502,Cool Temperate,Dry,Southern Asia,Tea,0.7,0.525,0.875,,,,,,,,,,,,,
13503,Cool Temperate,Dry,Western Asia,Agroforestry - Default,1.883333333,0.470833333,3.295833333,,,,,,,,,,,,,
13504,Cool Temperate,Dry,Western Asia,Hedgerow,0.87,0.4437,1.2963,,,,,,,,,,,,,
13505,Cool Temperate,Dry,Western Asia,Silvoarable,2.97,0.7425,5.1975,,,,,,,,,,,,,
13506,Cool Temperate,Dry,Western Asia,Silvopasture,1.81,1.0136,2.6064,,,,,,,,,,,,,
13507,Cool Temperate,Dry,Western Asia,Olive,0.46,0.3358,0.5842,,,,,,,,,,,,,
13508,Cool Temperate,Dry,Western Asia,Orchard,0.43,0.2322,0.6278,,,,,,,,,,,,,
13509,Cool Temperate,Dry,Western Asia,Vine,0.28,0.2072,0.3528,,,,,,,,,,,,,
13510,Cool Temperate,Dry,Western Asia,Short Rotation Coppice,3.2,1.92,4.48,,,,,,,,,,,,,
13511,Cool Temperate,Dry,Western Asia,Tea,0.7,0.525,0.875,,,,,,,,,,,,,
13512,Cool Temperate,Dry,Europe,Agroforestry - Default,1.386666667,0.526933333,2.246400001,,,,,,,,,,,,,
13513,Cool Temperate,Dry,Europe,Hedgerow,0.87,0.4437,1.2963,,,,,,,,,,,,,
13514,Cool Temperate,Dry,Europe,Silvoarable,1.12,0.4256,1.8144,,,,,,,,,,,,,
13515,Cool Temperate,Dry,Europe,Silvopasture,2.17,1.1501,3.1899,,,,,,,,,,,,,
13516,Cool Temperate,Dry,Europe,Olive,0.46,0.3358,0.5842,,,,,,,,,,,,,
13517,Cool Temperate,Dry,Europe,Orchard,0.43,0.2322,0.6278,,,,,,,,,,,,,
13518,Cool Temperate,Dry,Europe,Vine,0.28,0.2072,0.3528,,,,,,,,,,,,,
13519,Cool Temperate,Dry,Europe,Short Rotation Coppice,3.2,1.92,4.48,,,,,,,,,,,,,
13520,Cool Temperate,Dry,Europe,Tea,0.7,0.525,0.875,,,,,,,,,,,,,
13521,Cool Temperate,Dry,Oceania,Agroforestry - Default,1.266666667,0.481333333,2.052000001,,,,,,,,,,,,,
13522,Cool Temperate,Dry,Oceania,Hedgerow,0.87,0.4437,1.2963,,,,,,,,,,,,,
13523,Cool Temperate,Dry,Oceania,Silvoarable,1.12,0.4256,1.8144,,,,,,,,,,,,,
13524,Cool Temperate,Dry,Oceania,Silvopasture,1.81,1.0136,2.6064,,,,,,,,,,,,,
13525,Cool Temperate,Dry,Oceania,Olive,0.46,0.3358,0.5842,,,,,,,,,,,,,
13526,Cool Temperate,Dry,Oceania,Orchard,0.43,0.2322,0.6278,,,,,,,,,,,,,
13527,Cool Temperate,Dry,Oceania,Vine,0.28,0.2072,0.3528,,,,,,,,,,,,,
13528,Cool Temperate,Dry,Oceania,Short Rotation Coppice,3.2,1.92,4.48,,,,,,,,,,,,,
13529,Cool Temperate,Dry,Oceania,Tea,0.7,0.525,0.875,,,,,,,,,,,,,
13530,Cool Temperate,Dry,North America,Agroforestry - Default,0.81,0.2025,1.4175,,,,,,,,,,,,,
13531,Cool Temperate,Dry,North America,Hedgerow,0.87,0.4437,1.2963,,,,,,,,,,,,,
13532,Cool Temperate,Dry,North America,Silvoarable,0.59,0.4189,0.7611,,,,,,,,,,,,,
13533,Cool Temperate,Dry,North America,Silvopasture,0.97,0.2425,1.6975,,,,,,,,,,,,,
13534,Cool Temperate,Dry,North America,Olive,0.46,0.3358,0.5842,,,,,,,,,,,,,
13535,Cool Temperate,Dry,North America,Orchard,0.43,0.2322,0.6278,,,,,,,,,,,,,
13536,Cool Temperate,Dry,North America,Vine,0.28,0.2072,0.3528,,,,,,,,,,,,,
13537,Cool Temperate,Dry,North America,Short Rotation Coppice,3.2,1.92,4.48,,,,,,,,,,,,,
13538,Cool Temperate,Dry,North America,Tea,0.7,0.525,0.875,,,,,,,,,,,,,
13539,Cool Temperate,Dry,South America,Agroforestry - Default,1.056666667,0.264166667,1.849166667,,,,,,,,,,,,,
13540,Cool Temperate,Dry,South America,Hedgerow,0.87,0.4437,1.2963,,,,,,,,,,,,,
13541,Cool Temperate,Dry,South America,Silvoarable,1.12,0.4256,1.8144,,,,,,,,,,,,,
13542,Cool Temperate,Dry,South America,Silvopasture,1.18,0.295,2.065,,,,,,,,,,,,,
13543,Cool Temperate,Dry,South America,Olive,0.46,0.3358,0.5842,,,,,,,,,,,,,
13544,Cool Temperate,Dry,South America,Orchard,0.43,0.2322,0.6278,,,,,,,,,,,,,
13545,Cool Temperate,Dry,South America,Vine,0.28,0.2072,0.3528,,,,,,,,,,,,,
13546,Cool Temperate,Dry,South America,Short Rotation Coppice,3.2,1.92,4.48,,,,,,,,,,,,,
13547,Cool Temperate,Dry,South America,Tea,0.7,0.525,0.875,,,,,,,,,,,,,
13548,Cool Temperate,Dry,Central America,Agroforestry - Default,1.056666667,0.264166667,1.849166667,,,,,,,,,,,,,
13549,Cool Temperate,Dry,Central America,Hedgerow,0.87,0.4437,1.2963,,,,,,,,,,,,,
13550,Cool Temperate,Dry,Central America,Silvoarable,1.12,0.4256,1.8144,,,,,,,,,,,,,
13551,Cool Temperate,Dry,Central America,Silvopasture,1.18,0.295,2.065,,,,,,,,,,,,,
13552,Cool Temperate,Dry,Central America,Olive,0.46,0.3358,0.5842,,,,,,,,,,,,,
13553,Cool Temperate,Dry,Central America,Orchard,0.43,0.2322,0.6278,,,,,,,,,,,,,
13554,Cool Temperate,Dry,Central America,Vine,0.28,0.2072,0.3528,,,,,,,,,,,,,
13555,Cool Temperate,Dry,Central America,Short Rotation Coppice,3.2,1.92,4.48,,,,,,,,,,,,,
13556,Cool Temperate,Dry,Central America,Tea,0.7,0.525,0.875,,,,,,,,,,,,,
13557,Cool Temperate,Dry,Caribbean,Agroforestry - Default,1.056666667,0.264166667,1.849166667,,,,,,,,,,,,,
13558,Cool Temperate,Dry,Caribbean,Hedgerow,0.87,0.4437,1.2963,,,,,,,,,,,,,
13559,Cool Temperate,Dry,Caribbean,Silvoarable,1.12,0.4256,1.8144,,,,,,,,,,,,,
13560,Cool Temperate,Dry,Caribbean,Silvopasture,1.18,0.295,2.065,,,,,,,,,,,,,
13561,Cool Temperate,Dry,Caribbean,Olive,0.46,0.3358,0.5842,,,,,,,,,,,,,
13562,Cool Temperate,Dry,Caribbean,Orchard,0.43,0.2322,0.6278,,,,,,,,,,,,,
13563,Cool Temperate,Dry,Caribbean,Vine,0.28,0.2072,0.3528,,,,,,,,,,,,,
13564,Cool Temperate,Dry,Caribbean,Short Rotation Coppice,3.2,1.92,4.48,,,,,,,,,,,,,
13565,Cool Temperate,Dry,Caribbean,Tea,0.7,0.525,0.875,,,,,,,,,,,,,
13566,Cool Temperate,Moist,Eastern Africa,Agroforestry - Default,1.266666667,0.481333333,2.052000001,,,,,,,,,,,,,
13567,Cool Temperate,Moist,Eastern Africa,Hedgerow,0.87,0.4437,1.2963,,,,,,,,,,,,,
13568,Cool Temperate,Moist,Eastern Africa,Silvoarable,1.12,0.4256,1.8144,,,,,,,,,,,,,
13569,Cool Temperate,Moist,Eastern Africa,Silvopasture,1.81,1.0136,2.6064,,,,,,,,,,,,,
13570,Cool Temperate,Moist,Eastern Africa,Olive,0.46,0.3358,0.5842,,,,,,,,,,,,,
13571,Cool Temperate,Moist,Eastern Africa,Orchard,0.43,0.2322,0.6278,,,,,,,,,,,,,
13572,Cool Temperate,Moist,Eastern Africa,Vine,0.28,0.2072,0.3528,,,,,,,,,,,,,
13573,Cool Temperate,Moist,Eastern Africa,Short Rotation Coppice,3.2,1.92,4.48,,,,,,,,,,,,,
13574,Cool Temperate,Moist,Eastern Africa,Tea,0.7,0.525,0.875,,,,,,,,,,,,,
13575,Cool Temperate,Moist,Central Africa,Agroforestry - Default,1.266666667,0.481333333,2.052000001,,,,,,,,,,,,,
13576,Cool Temperate,Moist,Central Africa,Hedgerow,0.87,0.4437,1.2963,,,,,,,,,,,,,
13577,Cool Temperate,Moist,Central Africa,Silvoarable,1.12,0.4256,1.8144,,,,,,,,,,,,,
13578,Cool Temperate,Moist,Central Africa,Silvopasture,1.81,1.0136,2.6064,,,,,,,,,,,,,
13579,Cool Temperate,Moist,Central Africa,Olive,0.46,0.3358,0.5842,,,,,,,,,,,,,
13580,Cool Temperate,Moist,Central Africa,Orchard,0.43,0.2322,0.6278,,,,,,,,,,,,,
13581,Cool Temperate,Moist,Central Africa,Vine,0.28,0.2072,0.3528,,,,,,,,,,,,,
13582,Cool Temperate,Moist,Central Africa,Short Rotation Coppice,3.2,1.92,4.48,,,,,,,,,,,,,
13583,Cool Temperate,Moist,Central Africa,Tea,0.7,0.525,0.875,,,,,,,,,,,,,
13584,Cool Temperate,Moist,Northern Africa,Agroforestry - Default,1.266666667,0.481333333,2.052000001,,,,,,,,,,,,,
13585,Cool Temperate,Moist,Northern Africa,Hedgerow,0.87,0.4437,1.2963,,,,,,,,,,,,,
13586,Cool Temperate,Moist,Northern Africa,Silvoarable,1.12,0.4256,1.8144,,,,,,,,,,,,,
13587,Cool Temperate,Moist,Northern Africa,Silvopasture,1.81,1.0136,2.6064,,,,,,,,,,,,,
13588,Cool Temperate,Moist,Northern Africa,Olive,0.46,0.3358,0.5842,,,,,,,,,,,,,
13589,Cool Temperate,Moist,Northern Africa,Orchard,0.43,0.2322,0.6278,,,,,,,,,,,,,
13590,Cool Temperate,Moist,Northern Africa,Vine,0.28,0.2072,0.3528,,,,,,,,,,,,,
13591,Cool Temperate,Moist,Northern Africa,Short Rotation Coppice,3.2,1.92,4.48,,,,,,,,,,,,,
13592,Cool Temperate,Moist,Northern Africa,Tea,0.7,0.525,0.875,,,,,,,,,,,,,
13593,Cool Temperate,Moist,Southern Africa,Agroforestry - Default,1.266666667,0.481333333,2.052000001,,,,,,,,,,,,,
13594,Cool Temperate,Moist,Southern Africa,Hedgerow,0.87,0.4437,1.2963,,,,,,,,,,,,,
13595,Cool Temperate,Moist,Southern Africa,Silvoarable,1.12,0.4256,1.8144,,,,,,,,,,,,,
13596,Cool Temperate,Moist,Southern Africa,Silvopasture,1.81,1.0136,2.6064,,,,,,,,,,,,,
13597,Cool Temperate,Moist,Southern Africa,Olive,0.46,0.3358,0.5842,,,,,,,,,,,,,
13598,Cool Temperate,Moist,Southern Africa,Orchard,0.43,0.2322,0.6278,,,,,,,,,,,,,
13599,Cool Temperate,Moist,Southern Africa,Vine,0.28,0.2072,0.3528,,,,,,,,,,,,,
13600,Cool Temperate,Moist,Southern Africa,Short Rotation Coppice,3.2,1.92,4.48,,,,,,,,,,,,,
13601,Cool Temperate,Moist,Southern Africa,Tea,0.7,0.525,0.875,,,,,,,,,,,,,
13602,Cool Temperate,Moist,Western Africa,Agroforestry - Default,1.266666667,0.481333333,2.052000001,,,,,,,,,,,,,
13603,Cool Temperate,Moist,Western Africa,Hedgerow,0.87,0.4437,1.2963,,,,,,,,,,,,,
13604,Cool Temperate,Moist,Western Africa,Silvoarable,1.12,0.4256,1.8144,,,,,,,,,,,,,
13605,Cool Temperate,Moist,Western Africa,Silvopasture,1.81,1.0136,2.6064,,,,,,,,,,,,,
13606,Cool Temperate,Moist,Western Africa,Olive,0.46,0.3358,0.5842,,,,,,,,,,,,,
13607,Cool Temperate,Moist,Western Africa,Orchard,0.43,0.2322,0.6278,,,,,,,,,,,,,
13608,Cool Temperate,Moist,Western Africa,Vine,0.28,0.2072,0.3528,,,,,,,,,,,,,
13609,Cool Temperate,Moist,Western Africa,Short Rotation Coppice,3.2,1.92,4.48,,,,,,,,,,,,,
13610,Cool Temperate,Moist,Western Africa,Tea,0.7,0.525,0.875,,,,,,,,,,,,,
13611,Cool Temperate,Moist,Central Asia,Agroforestry - Default,1.883333333,0.470833333,3.295833333,,,,,,,,,,,,,
13612,Cool Temperate,Moist,Central Asia,Hedgerow,0.87,0.4437,1.2963,,,,,,,,,,,,,
13613,Cool Temperate,Moist,Central Asia,Silvoarable,2.97,0.7425,5.1975,,,,,,,,,,,,,
13614,Cool Temperate,Moist,Central Asia,Silvopasture,1.81,1.0136,2.6064,,,,,,,,,,,,,
13615,Cool Temperate,Moist,Central Asia,Olive,0.46,0.3358,0.5842,,,,,,,,,,,,,
13616,Cool Temperate,Moist,Central Asia,Orchard,0.43,0.2322,0.6278,,,,,,,,,,,,,
13617,Cool Temperate,Moist,Central Asia,Vine,0.28,0.2072,0.3528,,,,,,,,,,,,,
13618,Cool Temperate,Moist,Central Asia,Short Rotation Coppice,3.2,1.92,4.48,,,,,,,,,,,,,
13619,Cool Temperate,Moist,Central Asia,Tea,0.7,0.525,0.875,,,,,,,,,,,,,
13620,Cool Temperate,Moist,Eastern Asia,Agroforestry - Default,1.883333333,0.470833333,3.295833333,,,,,,,,,,,,,
13621,Cool Temperate,Moist,Eastern Asia,Hedgerow,0.87,0.4437,1.2963,,,,,,,,,,,,,
13622,Cool Temperate,Moist,Eastern Asia,Silvoarable,2.97,0.7425,5.1975,,,,,,,,,,,,,
13623,Cool Temperate,Moist,Eastern Asia,Silvopasture,1.81,1.0136,2.6064,,,,,,,,,,,,,
13624,Cool Temperate,Moist,Eastern Asia,Olive,0.46,0.3358,0.5842,,,,,,,,,,,,,
13625,Cool Temperate,Moist,Eastern Asia,Orchard,0.43,0.2322,0.6278,,,,,,,,,,,,,
13626,Cool Temperate,Moist,Eastern Asia,Vine,0.28,0.2072,0.3528,,,,,,,,,,,,,
13627,Cool Temperate,Moist,Eastern Asia,Short Rotation Coppice,3.2,1.92,4.48,,,,,,,,,,,,,
13628,Cool Temperate,Moist,Eastern Asia,Tea,0.7,0.525,0.875,,,,,,,,,,,,,
13629,Cool Temperate,Moist,South-Eastern Asia,Agroforestry - Default,1.883333333,0.470833333,3.295833333,,,,,,,,,,,,,
13630,Cool Temperate,Moist,South-Eastern Asia,Hedgerow,0.87,0.4437,1.2963,,,,,,,,,,,,,
13631,Cool Temperate,Moist,South-Eastern Asia,Silvoarable,2.97,0.7425,5.1975,,,,,,,,,,,,,
13632,Cool Temperate,Moist,South-Eastern Asia,Silvopasture,1.81,1.0136,2.6064,,,,,,,,,,,,,
13633,Cool Temperate,Moist,South-Eastern Asia,Olive,0.46,0.3358,0.5842,,,,,,,,,,,,,
13634,Cool Temperate,Moist,South-Eastern Asia,Orchard,0.43,0.2322,0.6278,,,,,,,,,,,,,
13635,Cool Temperate,Moist,South-Eastern Asia,Vine,0.28,0.2072,0.3528,,,,,,,,,,,,,
13636,Cool Temperate,Moist,South-Eastern Asia,Short Rotation Coppice,3.2,1.92,4.48,,,,,,,,,,,,,
13637,Cool Temperate,Moist,South-Eastern Asia,Tea,0.7,0.525,0.875,,,,,,,,,,,,,
13638,Cool Temperate,Moist,Southern Asia,Agroforestry - Default,1.883333333,0.470833333,3.295833333,,,,,,,,,,,,,
13639,Cool Temperate,Moist,Southern Asia,Hedgerow,0.87,0.4437,1.2963,,,,,,,,,,,,,
13640,Cool Temperate,Moist,Southern Asia,Silvoarable,2.97,0.7425,5.1975,,,,,,,,,,,,,
13641,Cool Temperate,Moist,Southern Asia,Silvopasture,1.81,1.0136,2.6064,,,,,,,,,,,,,
13642,Cool Temperate,Moist,Southern Asia,Olive,0.46,0.3358,0.5842,,,,,,,,,,,,,
13643,Cool Temperate,Moist,Southern Asia,Orchard,0.43,0.2322,0.6278,,,,,,,,,,,,,
13644,Cool Temperate,Moist,Southern Asia,Vine,0.28,0.2072,0.3528,,,,,,,,,,,,,
13645,Cool Temperate,Moist,Southern Asia,Short Rotation Coppice,3.2,1.92,4.48,,,,,,,,,,,,,
13646,Cool Temperate,Moist,Southern Asia,Tea,0.7,0.525,0.875,,,,,,,,,,,,,
13647,Cool Temperate,Moist,Western Asia,Agroforestry - Default,1.883333333,0.470833333,3.295833333,,,,,,,,,,,,,
13648,Cool Temperate,Moist,Western Asia,Hedgerow,0.87,0.4437,1.2963,,,,,,,,,,,,,
13649,Cool Temperate,Moist,Western Asia,Silvoarable,2.97,0.7425,5.1975,,,,,,,,,,,,,
13650,Cool Temperate,Moist,Western Asia,Silvopasture,1.81,1.0136,2.6064,,,,,,,,,,,,,
13651,Cool Temperate,Moist,Western Asia,Olive,0.46,0.3358,0.5842,,,,,,,,,,,,,
13652,Cool Temperate,Moist,Western Asia,Orchard,0.43,0.2322,0.6278,,,,,,,,,,,,,
13653,Cool Temperate,Moist,Western Asia,Vine,0.28,0.2072,0.3528,,,,,,,,,,,,,
13654,Cool Temperate,Moist,Western Asia,Short Rotation Coppice,3.2,1.92,4.48,,,,,,,,,,,,,
13655,Cool Temperate,Moist,Western Asia,Tea,0.7,0.525,0.875,,,,,,,,,,,,,
13656,Cool Temperate,Moist,Europe,Agroforestry - Default,1.386666667,0.526933333,2.246400001,,,,,,,,,,,,,
13657,Cool Temperate,Moist,Europe,Hedgerow,0.87,0.4437,1.2963,,,,,,,,,,,,,
13658,Cool Temperate,Moist,Europe,Silvoarable,1.12,0.4256,1.8144,,,,,,,,,,,,,
13659,Cool Temperate,Moist,Europe,Silvopasture,2.17,1.1501,3.1899,,,,,,,,,,,,,
13660,Cool Temperate,Moist,Europe,Olive,0.46,0.3358,0.5842,,,,,,,,,,,,,
13661,Cool Temperate,Moist,Europe,Orchard,0.43,0.2322,0.6278,,,,,,,,,,,,,
13662,Cool Temperate,Moist,Europe,Vine,0.28,0.2072,0.3528,,,,,,,,,,,,,
13663,Cool Temperate,Moist,Europe,Short Rotation Coppice,3.2,1.92,4.48,,,,,,,,,,,,,
13664,Cool Temperate,Moist,Europe,Tea,0.7,0.525,0.875,,,,,,,,,,,,,
13665,Cool Temperate,Moist,Oceania,Agroforestry - Default,1.266666667,0.481333333,2.052000001,,,,,,,,,,,,,
13666,Cool Temperate,Moist,Oceania,Hedgerow,0.87,0.4437,1.2963,,,,,,,,,,,,,
13667,Cool Temperate,Moist,Oceania,Silvoarable,1.12,0.4256,1.8144,,,,,,,,,,,,,
13668,Cool Temperate,Moist,Oceania,Silvopasture,1.81,1.0136,2.6064,,,,,,,,,,,,,
13669,Cool Temperate,Moist,Oceania,Olive,0.46,0.3358,0.5842,,,,,,,,,,,,,
13670,Cool Temperate,Moist,Oceania,Orchard,0.43,0.2322,0.6278,,,,,,,,,,,,,
13671,Cool Temperate,Moist,Oceania,Vine,0.28,0.2072,0.3528,,,,,,,,,,,,,
13672,Cool Temperate,Moist,Oceania,Short Rotation Coppice,3.2,1.92,4.48,,,,,,,,,,,,,
13673,Cool Temperate,Moist,Oceania,Tea,0.7,0.525,0.875,,,,,,,,,,,,,
13674,Cool Temperate,Moist,North America,Agroforestry - Default,0.81,0.2025,1.4175,,,,,,,,,,,,,
13675,Cool Temperate,Moist,North America,Hedgerow,0.87,0.4437,1.2963,,,,,,,,,,,,,
13676,Cool Temperate,Moist,North America,Silvoarable,0.59,0.4189,0.7611,,,,,,,,,,,,,
13677,Cool Temperate,Moist,North America,Silvopasture,0.97,0.2425,1.6975,,,,,,,,,,,,,
13678,Cool Temperate,Moist,North America,Olive,0.46,0.3358,0.5842,,,,,,,,,,,,,
13679,Cool Temperate,Moist,North America,Orchard,0.43,0.2322,0.6278,,,,,,,,,,,,,
13680,Cool Temperate,Moist,North America,Vine,0.28,0.2072,0.3528,,,,,,,,,,,,,
13681,Cool Temperate,Moist,North America,Short Rotation Coppice,3.2,1.92,4.48,,,,,,,,,,,,,
13682,Cool Temperate,Moist,North America,Tea,0.7,0.525,0.875,,,,,,,,,,,,,
13683,Cool Temperate,Moist,South America,Agroforestry - Default,1.056666667,0.264166667,1.849166667,,,,,,,,,,,,,
13684,Cool Temperate,Moist,South America,Hedgerow,0.87,0.4437,1.2963,,,,,,,,,,,,,
13685,Cool Temperate,Moist,South America,Silvoarable,1.12,0.4256,1.8144,,,,,,,,,,,,,
13686,Cool Temperate,Moist,South America,Silvopasture,1.18,0.295,2.065,,,,,,,,,,,,,
13687,Cool Temperate,Moist,South America,Olive,0.46,0.3358,0.5842,,,,,,,,,,,,,
13688,Cool Temperate,Moist,South America,Orchard,0.43,0.2322,0.6278,,,,,,,,,,,,,
13689,Cool Temperate,Moist,South America,Vine,0.28,0.2072,0.3528,,,,,,,,,,,,,
13690,Cool Temperate,Moist,South America,Short Rotation Coppice,3.2,1.92,4.48,,,,,,,,,,,,,
13691,Cool Temperate,Moist,South America,Tea,0.7,0.525,0.875,,,,,,,,,,,,,
13692,Cool Temperate,Moist,Central America,Agroforestry - Default,1.056666667,0.264166667,1.849166667,,,,,,,,,,,,,
13693,Cool Temperate,Moist,Central America,Hedgerow,0.87,0.4437,1.2963,,,,,,,,,,,,,
13694,Cool Temperate,Moist,Central America,Silvoarable,1.12,0.4256,1.8144,,,,,,,,,,,,,
13695,Cool Temperate,Moist,Central America,Silvopasture,1.18,0.295,2.065,,,,,,,,,,,,,
13696,Cool Temperate,Moist,Central America,Olive,0.46,0.3358,0.5842,,,,,,,,,,,,,
13697,Cool Temperate,Moist,Central America,Orchard,0.43,0.2322,0.6278,,,,,,,,,,,,,
13698,Cool Temperate,Moist,Central America,Vine,0.28,0.2072,0.3528,,,,,,,,,,,,,
13699,Cool Temperate,Moist,Central America,Short Rotation Coppice,3.2,1.92,4.48,,,,,,,,,,,,,
13700,Cool Temperate,Moist,Central America,Tea,0.7,0.525,0.875,,,,,,,,,,,,,
13701,Cool Temperate,Moist,Caribbean,Agroforestry - Default,1.056666667,0.264166667,1.849166667,,,,,,,,,,,,,
13702,Cool Temperate,Moist,Caribbean,Hedgerow,0.87,0.4437,1.2963,,,,,,,,,,,,,
13703,Cool Temperate,Moist,Caribbean,Silvoarable,1.12,0.4256,1.8144,,,,,,,,,,,,,
13704,Cool Temperate,Moist,Caribbean,Silvopasture,1.18,0.295,2.065,,,,,,,,,,,,,
13705,Cool Temperate,Moist,Caribbean,Olive,0.46,0.3358,0.5842,,,,,,,,,,,,,
13706,Cool Temperate,Moist,Caribbean,Orchard,0.43,0.2322,0.6278,,,,,,,,,,,,,
13707,Cool Temperate,Moist,Caribbean,Vine,0.28,0.2072,0.3528,,,,,,,,,,,,,
13708,Cool Temperate,Moist,Caribbean,Short Rotation Coppice,3.2,1.92,4.48,,,,,,,,,,,,,
13709,Cool Temperate,Moist,Caribbean,Tea,0.7,0.525,0.875,,,,,,,,,,,,,
13710,Warm Temperate,Dry,Eastern Africa,Agroforestry - Default,1.37,0.6302,2.1098,,,,,,,,,,,,,
13711,Warm Temperate,Dry,Eastern Africa,Hedgerow,0.87,0.4437,1.2963,,,,,,,,,,,,,
13712,Warm Temperate,Dry,Eastern Africa,Silvoarable,0.91,0.4186,1.4014,,,,,,,,,,,,,
13713,Warm Temperate,Dry,Eastern Africa,Silvopasture,2.33,1.1184,3.5416,,,,,,,,,,,,,
13714,Warm Temperate,Dry,Eastern Africa,Olive,0.46,0.3358,0.5842,,,,,,,,,,,,,
13715,Warm Temperate,Dry,Eastern Africa,Orchard,0.43,0.2322,0.6278,,,,,,,,,,,,,
13716,Warm Temperate,Dry,Eastern Africa,Vine,0.28,0.2072,0.3528,,,,,,,,,,,,,
13717,Warm Temperate,Dry,Eastern Africa,Short Rotation Coppice,3.2,1.92,4.48,,,,,,,,,,,,,
13718,Warm Temperate,Dry,Eastern Africa,Tea,0.7,0.525,0.875,,,,,,,,,,,,,
13719,Warm Temperate,Dry,Central Africa,Agroforestry - Default,1.37,0.6302,2.1098,,,,,,,,,,,,,
13720,Warm Temperate,Dry,Central Africa,Hedgerow,0.87,0.4437,1.2963,,,,,,,,,,,,,
13721,Warm Temperate,Dry,Central Africa,Silvoarable,0.91,0.4186,1.4014,,,,,,,,,,,,,
13722,Warm Temperate,Dry,Central Africa,Silvopasture,2.33,1.1184,3.5416,,,,,,,,,,,,,
13723,Warm Temperate,Dry,Central Africa,Olive,0.46,0.3358,0.5842,,,,,,,,,,,,,
13724,Warm Temperate,Dry,Central Africa,Orchard,0.43,0.2322,0.6278,,,,,,,,,,,,,
13725,Warm Temperate,Dry,Central Africa,Vine,0.28,0.2072,0.3528,,,,,,,,,,,,,
13726,Warm Temperate,Dry,Central Africa,Short Rotation Coppice,3.2,1.92,4.48,,,,,,,,,,,,,
13727,Warm Temperate,Dry,Central Africa,Tea,0.7,0.525,0.875,,,,,,,,,,,,,
13728,Warm Temperate,Dry,Northern Africa,Agroforestry - Default,1.37,0.6302,2.1098,,,,,,,,,,,,,
13729,Warm Temperate,Dry,Northern Africa,Hedgerow,0.87,0.4437,1.2963,,,,,,,,,,,,,
13730,Warm Temperate,Dry,Northern Africa,Silvoarable,0.91,0.4186,1.4014,,,,,,,,,,,,,
13731,Warm Temperate,Dry,Northern Africa,Silvopasture,2.33,1.1184,3.5416,,,,,,,,,,,,,
13732,Warm Temperate,Dry,Northern Africa,Olive,0.46,0.3358,0.5842,,,,,,,,,,,,,
13733,Warm Temperate,Dry,Northern Africa,Orchard,0.43,0.2322,0.6278,,,,,,,,,,,,,
13734,Warm Temperate,Dry,Northern Africa,Vine,0.28,0.2072,0.3528,,,,,,,,,,,,,
13735,Warm Temperate,Dry,Northern Africa,Short Rotation Coppice,3.2,1.92,4.48,,,,,,,,,,,,,
13736,Warm Temperate,Dry,Northern Africa,Tea,0.7,0.525,0.875,,,,,,,,,,,,,
13737,Warm Temperate,Dry,Southern Africa,Agroforestry - Default,1.37,0.6302,2.1098,,,,,,,,,,,,,
13738,Warm Temperate,Dry,Southern Africa,Hedgerow,0.87,0.4437,1.2963,,,,,,,,,,,,,
13739,Warm Temperate,Dry,Southern Africa,Silvoarable,0.91,0.4186,1.4014,,,,,,,,,,,,,
13740,Warm Temperate,Dry,Southern Africa,Silvopasture,2.33,1.1184,3.5416,,,,,,,,,,,,,
13741,Warm Temperate,Dry,Southern Africa,Olive,0.46,0.3358,0.5842,,,,,,,,,,,,,
13742,Warm Temperate,Dry,Southern Africa,Orchard,0.43,0.2322,0.6278,,,,,,,,,,,,,
13743,Warm Temperate,Dry,Southern Africa,Vine,0.28,0.2072,0.3528,,,,,,,,,,,,,
13744,Warm Temperate,Dry,Southern Africa,Short Rotation Coppice,3.2,1.92,4.48,,,,,,,,,,,,,
13745,Warm Temperate,Dry,Southern Africa,Tea,0.7,0.525,0.875,,,,,,,,,,,,,
13746,Warm Temperate,Dry,Western Africa,Agroforestry - Default,1.37,0.6302,2.1098,,,,,,,,,,,,,
13747,Warm Temperate,Dry,Western Africa,Hedgerow,0.87,0.4437,1.2963,,,,,,,,,,,,,
13748,Warm Temperate,Dry,Western Africa,Silvoarable,0.91,0.4186,1.4014,,,,,,,,,,,,,
13749,Warm Temperate,Dry,Western Africa,Silvopasture,2.33,1.1184,3.5416,,,,,,,,,,,,,
13750,Warm Temperate,Dry,Western Africa,Olive,0.46,0.3358,0.5842,,,,,,,,,,,,,
13751,Warm Temperate,Dry,Western Africa,Orchard,0.43,0.2322,0.6278,,,,,,,,,,,,,
13752,Warm Temperate,Dry,Western Africa,Vine,0.28,0.2072,0.3528,,,,,,,,,,,,,
13753,Warm Temperate,Dry,Western Africa,Short Rotation Coppice,3.2,1.92,4.48,,,,,,,,,,,,,
13754,Warm Temperate,Dry,Western Africa,Tea,0.7,0.525,0.875,,,,,,,,,,,,,
13755,Warm Temperate,Dry,Central Asia,Agroforestry - Default,1.37,0.6302,2.1098,,,,,,,,,,,,,
13756,Warm Temperate,Dry,Central Asia,Hedgerow,0.87,0.4437,1.2963,,,,,,,,,,,,,
13757,Warm Temperate,Dry,Central Asia,Silvoarable,0.91,0.4186,1.4014,,,,,,,,,,,,,
13758,Warm Temperate,Dry,Central Asia,Silvopasture,2.33,1.1184,3.5416,,,,,,,,,,,,,
13759,Warm Temperate,Dry,Central Asia,Olive,0.46,0.3358,0.5842,,,,,,,,,,,,,
13760,Warm Temperate,Dry,Central Asia,Orchard,0.43,0.2322,0.6278,,,,,,,,,,,,,
13761,Warm Temperate,Dry,Central Asia,Vine,0.28,0.2072,0.3528,,,,,,,,,,,,,
13762,Warm Temperate,Dry,Central Asia,Short Rotation Coppice,3.2,1.92,4.48,,,,,,,,,,,,,
13763,Warm Temperate,Dry,Central Asia,Tea,0.7,0.525,0.875,,,,,,,,,,,,,
13764,Warm Temperate,Dry,Eastern Asia,Agroforestry - Default,1.37,0.6302,2.1098,,,,,,,,,,,,,
13765,Warm Temperate,Dry,Eastern Asia,Hedgerow,0.87,0.4437,1.2963,,,,,,,,,,,,,
13766,Warm Temperate,Dry,Eastern Asia,Silvoarable,0.91,0.4186,1.4014,,,,,,,,,,,,,
13767,Warm Temperate,Dry,Eastern Asia,Silvopasture,2.33,1.1184,3.5416,,,,,,,,,,,,,
13768,Warm Temperate,Dry,Eastern Asia,Olive,0.46,0.3358,0.5842,,,,,,,,,,,,,
13769,Warm Temperate,Dry,Eastern Asia,Orchard,0.43,0.2322,0.6278,,,,,,,,,,,,,
13770,Warm Temperate,Dry,Eastern Asia,Vine,0.28,0.2072,0.3528,,,,,,,,,,,,,
13771,Warm Temperate,Dry,Eastern Asia,Short Rotation Coppice,3.2,1.92,4.48,,,,,,,,,,,,,
13772,Warm Temperate,Dry,Eastern Asia,Tea,0.7,0.525,0.875,,,,,,,,,,,,,
13773,Warm Temperate,Dry,South-Eastern Asia,Agroforestry - Default,1.37,0.6302,2.1098,,,,,,,,,,,,,
13774,Warm Temperate,Dry,South-Eastern Asia,Hedgerow,0.87,0.4437,1.2963,,,,,,,,,,,,,
13775,Warm Temperate,Dry,South-Eastern Asia,Silvoarable,0.91,0.4186,1.4014,,,,,,,,,,,,,
13776,Warm Temperate,Dry,South-Eastern Asia,Silvopasture,2.33,1.1184,3.5416,,,,,,,,,,,,,
13777,Warm Temperate,Dry,South-Eastern Asia,Olive,0.46,0.3358,0.5842,,,,,,,,,,,,,
13778,Warm Temperate,Dry,South-Eastern Asia,Orchard,0.43,0.2322,0.6278,,,,,,,,,,,,,
13779,Warm Temperate,Dry,South-Eastern Asia,Vine,0.28,0.2072,0.3528,,,,,,,,,,,,,
13780,Warm Temperate,Dry,South-Eastern Asia,Short Rotation Coppice,3.2,1.92,4.48,,,,,,,,,,,,,
13781,Warm Temperate,Dry,South-Eastern Asia,Tea,0.7,0.525,0.875,,,,,,,,,,,,,
13782,Warm Temperate,Dry,Southern Asia,Agroforestry - Default,1.37,0.6302,2.1098,,,,,,,,,,,,,
13783,Warm Temperate,Dry,Southern Asia,Hedgerow,0.87,0.4437,1.2963,,,,,,,,,,,,,
13784,Warm Temperate,Dry,Southern Asia,Silvoarable,0.91,0.4186,1.4014,,,,,,,,,,,,,
13785,Warm Temperate,Dry,Southern Asia,Silvopasture,2.33,1.1184,3.5416,,,,,,,,,,,,,
13786,Warm Temperate,Dry,Southern Asia,Olive,0.46,0.3358,0.5842,,,,,,,,,,,,,
13787,Warm Temperate,Dry,Southern Asia,Orchard,0.43,0.2322,0.6278,,,,,,,,,,,,,
13788,Warm Temperate,Dry,Southern Asia,Vine,0.28,0.2072,0.3528,,,,,,,,,,,,,
13789,Warm Temperate,Dry,Southern Asia,Short Rotation Coppice,3.2,1.92,4.48,,,,,,,,,,,,,
13790,Warm Temperate,Dry,Southern Asia,Tea,0.7,0.525,0.875,,,,,,,,,,,,,
13791,Warm Temperate,Dry,Western Asia,Agroforestry - Default,1.37,0.6302,2.1098,,,,,,,,,,,,,
13792,Warm Temperate,Dry,Western Asia,Hedgerow,0.87,0.4437,1.2963,,,,,,,,,,,,,
13793,Warm Temperate,Dry,Western Asia,Silvoarable,0.91,0.4186,1.4014,,,,,,,,,,,,,
13794,Warm Temperate,Dry,Western Asia,Silvopasture,2.33,1.1184,3.5416,,,,,,,,,,,,,
13795,Warm Temperate,Dry,Western Asia,Olive,0.46,0.3358,0.5842,,,,,,,,,,,,,
13796,Warm Temperate,Dry,Western Asia,Orchard,0.43,0.2322,0.6278,,,,,,,,,,,,,
13797,Warm Temperate,Dry,Western Asia,Vine,0.28,0.2072,0.3528,,,,,,,,,,,,,
13798,Warm Temperate,Dry,Western Asia,Short Rotation Coppice,3.2,1.92,4.48,,,,,,,,,,,,,
13799,Warm Temperate,Dry,Western Asia,Tea,0.7,0.525,0.875,,,,,,,,,,,,,
13800,Warm Temperate,Dry,Europe,Agroforestry - Default,1.5,-0.03,3.03,,,,,,,,,,,,,
13801,Warm Temperate,Dry,Europe,Hedgerow,0.87,0.4437,1.2963,,,,,,,,,,,,,
13802,Warm Temperate,Dry,Europe,Silvoarable,0.52,-0.0104,1.0504,,,,,,,,,,,,,
13803,Warm Temperate,Dry,Europe,Silvopasture,3.11,0.2799,5.9401,,,,,,,,,,,,,
13804,Warm Temperate,Dry,Europe,Olive,0.46,0.3358,0.5842,,,,,,,,,,,,,
13805,Warm Temperate,Dry,Europe,Orchard,0.43,0.2322,0.6278,,,,,,,,,,,,,
13806,Warm Temperate,Dry,Europe,Vine,0.28,0.2072,0.3528,,,,,,,,,,,,,
13807,Warm Temperate,Dry,Europe,Short Rotation Coppice,3.2,1.92,4.48,,,,,,,,,,,,,
13808,Warm Temperate,Dry,Europe,Tea,0.7,0.525,0.875,,,,,,,,,,,,,
13809,Warm Temperate,Dry,Oceania,Agroforestry - Default,1.37,0.6302,2.1098,,,,,,,,,,,,,
13810,Warm Temperate,Dry,Oceania,Hedgerow,0.87,0.4437,1.2963,,,,,,,,,,,,,
13811,Warm Temperate,Dry,Oceania,Silvoarable,0.91,0.4186,1.4014,,,,,,,,,,,,,
13812,Warm Temperate,Dry,Oceania,Silvopasture,2.33,1.1184,3.5416,,,,,,,,,,,,,
13813,Warm Temperate,Dry,Oceania,Olive,0.46,0.3358,0.5842,,,,,,,,,,,,,
13814,Warm Temperate,Dry,Oceania,Orchard,0.43,0.2322,0.6278,,,,,,,,,,,,,
13815,Warm Temperate,Dry,Oceania,Vine,0.28,0.2072,0.3528,,,,,,,,,,,,,
13816,Warm Temperate,Dry,Oceania,Short Rotation Coppice,3.2,1.92,4.48,,,,,,,,,,,,,
13817,Warm Temperate,Dry,Oceania,Tea,0.7,0.525,0.875,,,,,,,,,,,,,
13818,Warm Temperate,Dry,North America,Agroforestry - Default,1.37,0.6302,2.1098,,,,,,,,,,,,,
13819,Warm Temperate,Dry,North America,Hedgerow,0.87,0.4437,1.2963,,,,,,,,,,,,,
13820,Warm Temperate,Dry,North America,Silvoarable,0.91,0.4186,1.4014,,,,,,,,,,,,,
13821,Warm Temperate,Dry,North America,Silvopasture,2.33,1.1184,3.5416,,,,,,,,,,,,,
13822,Warm Temperate,Dry,North America,Olive,0.46,0.3358,0.5842,,,,,,,,,,,,,
13823,Warm Temperate,Dry,North America,Orchard,0.43,0.2322,0.6278,,,,,,,,,,,,,
13824,Warm Temperate,Dry,North America,Vine,0.28,0.2072,0.3528,,,,,,,,,,,,,
13825,Warm Temperate,Dry,North America,Short Rotation Coppice,3.2,1.92,4.48,,,,,,,,,,,,,
13826,Warm Temperate,Dry,North America,Tea,0.7,0.525,0.875,,,,,,,,,,,,,
13827,Warm Temperate,Dry,South America,Agroforestry - Default,1.37,0.6302,2.1098,,,,,,,,,,,,,
13828,Warm Temperate,Dry,South America,Hedgerow,0.87,0.4437,1.2963,,,,,,,,,,,,,
13829,Warm Temperate,Dry,South America,Silvoarable,0.91,0.4186,1.4014,,,,,,,,,,,,,
13830,Warm Temperate,Dry,South America,Silvopasture,2.33,1.1184,3.5416,,,,,,,,,,,,,
13831,Warm Temperate,Dry,South America,Olive,0.46,0.3358,0.5842,,,,,,,,,,,,,
13832,Warm Temperate,Dry,South America,Orchard,0.43,0.2322,0.6278,,,,,,,,,,,,,
13833,Warm Temperate,Dry,South America,Vine,0.28,0.2072,0.3528,,,,,,,,,,,,,
13834,Warm Temperate,Dry,South America,Short Rotation Coppice,3.2,1.92,4.48,,,,,,,,,,,,,
13835,Warm Temperate,Dry,South America,Tea,0.7,0.525,0.875,,,,,,,,,,,,,
13836,Warm Temperate,Dry,Central America,Agroforestry - Default,1.37,0.6302,2.1098,,,,,,,,,,,,,
13837,Warm Temperate,Dry,Central America,Hedgerow,0.87,0.4437,1.2963,,,,,,,,,,,,,
13838,Warm Temperate,Dry,Central America,Silvoarable,0.91,0.4186,1.4014,,,,,,,,,,,,,
13839,Warm Temperate,Dry,Central America,Silvopasture,2.33,1.1184,3.5416,,,,,,,,,,,,,
13840,Warm Temperate,Dry,Central America,Olive,0.46,0.3358,0.5842,,,,,,,,,,,,,
13841,Warm Temperate,Dry,Central America,Orchard,0.43,0.2322,0.6278,,,,,,,,,,,,,
13842,Warm Temperate,Dry,Central America,Vine,0.28,0.2072,0.3528,,,,,,,,,,,,,
13843,Warm Temperate,Dry,Central America,Short Rotation Coppice,3.2,1.92,4.48,,,,,,,,,,,,,
13844,Warm Temperate,Dry,Central America,Tea,0.7,0.525,0.875,,,,,,,,,,,,,
13845,Warm Temperate,Dry,Caribbean,Agroforestry - Default,1.37,0.6302,2.1098,,,,,,,,,,,,,
13846,Warm Temperate,Dry,Caribbean,Hedgerow,0.87,0.4437,1.2963,,,,,,,,,,,,,
13847,Warm Temperate,Dry,Caribbean,Silvoarable,0.91,0.4186,1.4014,,,,,,,,,,,,,
13848,Warm Temperate,Dry,Caribbean,Silvopasture,2.33,1.1184,3.5416,,,,,,,,,,,,,
13849,Warm Temperate,Dry,Caribbean,Olive,0.46,0.3358,0.5842,,,,,,,,,,,,,
13850,Warm Temperate,Dry,Caribbean,Orchard,0.43,0.2322,0.6278,,,,,,,,,,,,,
13851,Warm Temperate,Dry,Caribbean,Vine,0.28,0.2072,0.3528,,,,,,,,,,,,,
13852,Warm Temperate,Dry,Caribbean,Short Rotation Coppice,3.2,1.92,4.48,,,,,,,,,,,,,
13853,Warm Temperate,Dry,Caribbean,Tea,0.7,0.525,0.875,,,,,,,,,,,,,
13854,Warm Temperate,Moist,Eastern Africa,Agroforestry - Default,1.37,0.6302,2.1098,,,,,,,,,,,,,
13855,Warm Temperate,Moist,Eastern Africa,Hedgerow,0.87,0.4437,1.2963,,,,,,,,,,,,,
13856,Warm Temperate,Moist,Eastern Africa,Silvoarable,0.91,0.4186,1.4014,,,,,,,,,,,,,
13857,Warm Temperate,Moist,Eastern Africa,Silvopasture,2.33,1.1184,3.5416,,,,,,,,,,,,,
13858,Warm Temperate,Moist,Eastern Africa,Olive,0.46,0.3358,0.5842,,,,,,,,,,,,,
13859,Warm Temperate,Moist,Eastern Africa,Orchard,0.43,0.2322,0.6278,,,,,,,,,,,,,
13860,Warm Temperate,Moist,Eastern Africa,Vine,0.28,0.2072,0.3528,,,,,,,,,,,,,
13861,Warm Temperate,Moist,Eastern Africa,Short Rotation Coppice,3.2,1.92,4.48,,,,,,,,,,,,,
13862,Warm Temperate,Moist,Eastern Africa,Tea,0.7,0.525,0.875,,,,,,,,,,,,,
13863,Warm Temperate,Moist,Central Africa,Agroforestry - Default,1.37,0.6302,2.1098,,,,,,,,,,,,,
13864,Warm Temperate,Moist,Central Africa,Hedgerow,0.87,0.4437,1.2963,,,,,,,,,,,,,
13865,Warm Temperate,Moist,Central Africa,Silvoarable,0.91,0.4186,1.4014,,,,,,,,,,,,,
13866,Warm Temperate,Moist,Central Africa,Silvopasture,2.33,1.1184,3.5416,,,,,,,,,,,,,
13867,Warm Temperate,Moist,Central Africa,Olive,0.46,0.3358,0.5842,,,,,,,,,,,,,
13868,Warm Temperate,Moist,Central Africa,Orchard,0.43,0.2322,0.6278,,,,,,,,,,,,,
13869,Warm Temperate,Moist,Central Africa,Vine,0.28,0.2072,0.3528,,,,,,,,,,,,,
13870,Warm Temperate,Moist,Central Africa,Short Rotation Coppice,3.2,1.92,4.48,,,,,,,,,,,,,
13871,Warm Temperate,Moist,Central Africa,Tea,0.7,0.525,0.875,,,,,,,,,,,,,
13872,Warm Temperate,Moist,Northern Africa,Agroforestry - Default,1.37,0.6302,2.1098,,,,,,,,,,,,,
13873,Warm Temperate,Moist,Northern Africa,Hedgerow,0.87,0.4437,1.2963,,,,,,,,,,,,,
13874,Warm Temperate,Moist,Northern Africa,Silvoarable,0.91,0.4186,1.4014,,,,,,,,,,,,,
13875,Warm Temperate,Moist,Northern Africa,Silvopasture,2.33,1.1184,3.5416,,,,,,,,,,,,,
13876,Warm Temperate,Moist,Northern Africa,Olive,0.46,0.3358,0.5842,,,,,,,,,,,,,
13877,Warm Temperate,Moist,Northern Africa,Orchard,0.43,0.2322,0.6278,,,,,,,,,,,,,
13878,Warm Temperate,Moist,Northern Africa,Vine,0.28,0.2072,0.3528,,,,,,,,,,,,,
13879,Warm Temperate,Moist,Northern Africa,Short Rotation Coppice,3.2,1.92,4.48,,,,,,,,,,,,,
13880,Warm Temperate,Moist,Northern Africa,Tea,0.7,0.525,0.875,,,,,,,,,,,,,
13881,Warm Temperate,Moist,Southern Africa,Agroforestry - Default,1.37,0.6302,2.1098,,,,,,,,,,,,,
13882,Warm Temperate,Moist,Southern Africa,Hedgerow,0.87,0.4437,1.2963,,,,,,,,,,,,,
13883,Warm Temperate,Moist,Southern Africa,Silvoarable,0.91,0.4186,1.4014,,,,,,,,,,,,,
13884,Warm Temperate,Moist,Southern Africa,Silvopasture,2.33,1.1184,3.5416,,,,,,,,,,,,,
13885,Warm Temperate,Moist,Southern Africa,Olive,0.46,0.3358,0.5842,,,,,,,,,,,,,
13886,Warm Temperate,Moist,Southern Africa,Orchard,0.43,0.2322,0.6278,,,,,,,,,,,,,
13887,Warm Temperate,Moist,Southern Africa,Vine,0.28,0.2072,0.3528,,,,,,,,,,,,,
13888,Warm Temperate,Moist,Southern Africa,Short Rotation Coppice,3.2,1.92,4.48,,,,,,,,,,,,,
13889,Warm Temperate,Moist,Southern Africa,Tea,0.7,0.525,0.875,,,,,,,,,,,,,
13890,Warm Temperate,Moist,Western Africa,Agroforestry - Default,1.37,0.6302,2.1098,,,,,,,,,,,,,
13891,Warm Temperate,Moist,Western Africa,Hedgerow,0.87,0.4437,1.2963,,,,,,,,,,,,,
13892,Warm Temperate,Moist,Western Africa,Silvoarable,0.91,0.4186,1.4014,,,,,,,,,,,,,
13893,Warm Temperate,Moist,Western Africa,Silvopasture,2.33,1.1184,3.5416,,,,,,,,,,,,,
13894,Warm Temperate,Moist,Western Africa,Olive,0.46,0.3358,0.5842,,,,,,,,,,,,,
13895,Warm Temperate,Moist,Western Africa,Orchard,0.43,0.2322,0.6278,,,,,,,,,,,,,
13896,Warm Temperate,Moist,Western Africa,Vine,0.28,0.2072,0.3528,,,,,,,,,,,,,
13897,Warm Temperate,Moist,Western Africa,Short Rotation Coppice,3.2,1.92,4.48,,,,,,,,,,,,,
13898,Warm Temperate,Moist,Western Africa,Tea,0.7,0.525,0.875,,,,,,,,,,,,,
13899,Warm Temperate,Moist,Central Asia,Agroforestry - Default,1.37,0.6302,2.1098,,,,,,,,,,,,,
13900,Warm Temperate,Moist,Central Asia,Hedgerow,0.87,0.4437,1.2963,,,,,,,,,,,,,
13901,Warm Temperate,Moist,Central Asia,Silvoarable,0.91,0.4186,1.4014,,,,,,,,,,,,,
13902,Warm Temperate,Moist,Central Asia,Silvopasture,2.33,1.1184,3.5416,,,,,,,,,,,,,
13903,Warm Temperate,Moist,Central Asia,Olive,0.46,0.3358,0.5842,,,,,,,,,,,,,
13904,Warm Temperate,Moist,Central Asia,Orchard,0.43,0.2322,0.6278,,,,,,,,,,,,,
13905,Warm Temperate,Moist,Central Asia,Vine,0.28,0.2072,0.3528,,,,,,,,,,,,,
13906,Warm Temperate,Moist,Central Asia,Short Rotation Coppice,3.2,1.92,4.48,,,,,,,,,,,,,
13907,Warm Temperate,Moist,Central Asia,Tea,0.7,0.525,0.875,,,,,,,,,,,,,
13908,Warm Temperate,Moist,Eastern Asia,Agroforestry - Default,1.37,0.6302,2.1098,,,,,,,,,,,,,
13909,Warm Temperate,Moist,Eastern Asia,Hedgerow,0.87,0.4437,1.2963,,,,,,,,,,,,,
13910,Warm Temperate,Moist,Eastern Asia,Silvoarable,0.91,0.4186,1.4014,,,,,,,,,,,,,
13911,Warm Temperate,Moist,Eastern Asia,Silvopasture,2.33,1.1184,3.5416,,,,,,,,,,,,,
13912,Warm Temperate,Moist,Eastern Asia,Olive,0.46,0.3358,0.5842,,,,,,,,,,,,,
13913,Warm Temperate,Moist,Eastern Asia,Orchard,0.43,0.2322,0.6278,,,,,,,,,,,,,
13914,Warm Temperate,Moist,Eastern Asia,Vine,0.28,0.2072,0.3528,,,,,,,,,,,,,
13915,Warm Temperate,Moist,Eastern Asia,Short Rotation Coppice,3.2,1.92,4.48,,,,,,,,,,,,,
13916,Warm Temperate,Moist,Eastern Asia,Tea,0.7,0.525,0.875,,,,,,,,,,,,,
13917,Warm Temperate,Moist,South-Eastern Asia,Agroforestry - Default,1.37,0.6302,2.1098,,,,,,,,,,,,,
13918,Warm Temperate,Moist,South-Eastern Asia,Hedgerow,0.87,0.4437,1.2963,,,,,,,,,,,,,
13919,Warm Temperate,Moist,South-Eastern Asia,Silvoarable,0.91,0.4186,1.4014,,,,,,,,,,,,,
13920,Warm Temperate,Moist,South-Eastern Asia,Silvopasture,2.33,1.1184,3.5416,,,,,,,,,,,,,
13921,Warm Temperate,Moist,South-Eastern Asia,Olive,0.46,0.3358,0.5842,,,,,,,,,,,,,
13922,Warm Temperate,Moist,South-Eastern Asia,Orchard,0.43,0.2322,0.6278,,,,,,,,,,,,,
13923,Warm Temperate,Moist,South-Eastern Asia,Vine,0.28,0.2072,0.3528,,,,,,,,,,,,,
13924,Warm Temperate,Moist,South-Eastern Asia,Short Rotation Coppice,3.2,1.92,4.48,,,,,,,,,,,,,
13925,Warm Temperate,Moist,South-Eastern Asia,Tea,0.7,0.525,0.875,,,,,,,,,,,,,
13926,Warm Temperate,Moist,Southern Asia,Agroforestry - Default,1.37,0.6302,2.1098,,,,,,,,,,,,,
13927,Warm Temperate,Moist,Southern Asia,Hedgerow,0.87,0.4437,1.2963,,,,,,,,,,,,,
13928,Warm Temperate,Moist,Southern Asia,Silvoarable,0.91,0.4186,1.4014,,,,,,,,,,,,,
13929,Warm Temperate,Moist,Southern Asia,Silvopasture,2.33,1.1184,3.5416,,,,,,,,,,,,,
13930,Warm Temperate,Moist,Southern Asia,Olive,0.46,0.3358,0.5842,,,,,,,,,,,,,
13931,Warm Temperate,Moist,Southern Asia,Orchard,0.43,0.2322,0.6278,,,,,,,,,,,,,
13932,Warm Temperate,Moist,Southern Asia,Vine,0.28,0.2072,0.3528,,,,,,,,,,,,,
13933,Warm Temperate,Moist,Southern Asia,Short Rotation Coppice,3.2,1.92,4.48,,,,,,,,,,,,,
13934,Warm Temperate,Moist,Southern Asia,Tea,0.7,0.525,0.875,,,,,,,,,,,,,
13935,Warm Temperate,Moist,Western Asia,Agroforestry - Default,1.37,0.6302,2.1098,,,,,,,,,,,,,
13936,Warm Temperate,Moist,Western Asia,Hedgerow,0.87,0.4437,1.2963,,,,,,,,,,,,,
13937,Warm Temperate,Moist,Western Asia,Silvoarable,0.91,0.4186,1.4014,,,,,,,,,,,,,
13938,Warm Temperate,Moist,Western Asia,Silvopasture,2.33,1.1184,3.5416,,,,,,,,,,,,,
13939,Warm Temperate,Moist,Western Asia,Olive,0.46,0.3358,0.5842,,,,,,,,,,,,,
13940,Warm Temperate,Moist,Western Asia,Orchard,0.43,0.2322,0.6278,,,,,,,,,,,,,
13941,Warm Temperate,Moist,Western Asia,Vine,0.28,0.2072,0.3528,,,,,,,,,,,,,
13942,Warm Temperate,Moist,Western Asia,Short Rotation Coppice,3.2,1.92,4.48,,,,,,,,,,,,,
13943,Warm Temperate,Moist,Western Asia,Tea,0.7,0.525,0.875,,,,,,,,,,,,,
13944,Warm Temperate,Moist,Europe,Agroforestry - Default,1.5,-0.03,3.03,,,,,,,,,,,,,
13945,Warm Temperate,Moist,Europe,Hedgerow,0.87,0.4437,1.2963,,,,,,,,,,,,,
13946,Warm Temperate,Moist,Europe,Silvoarable,0.52,-0.0104,1.0504,,,,,,,,,,,,,
13947,Warm Temperate,Moist,Europe,Silvopasture,3.11,0.2799,5.9401,,,,,,,,,,,,,
13948,Warm Temperate,Moist,Europe,Olive,0.46,0.3358,0.5842,,,,,,,,,,,,,
13949,Warm Temperate,Moist,Europe,Orchard,0.43,0.2322,0.6278,,,,,,,,,,,,,
13950,Warm Temperate,Moist,Europe,Vine,0.28,0.2072,0.3528,,,,,,,,,,,,,
13951,Warm Temperate,Moist,Europe,Short Rotation Coppice,3.2,1.92,4.48,,,,,,,,,,,,,
13952,Warm Temperate,Moist,Europe,Tea,0.7,0.525,0.875,,,,,,,,,,,,,
13953,Warm Temperate,Moist,Oceania,Agroforestry - Default,1.37,0.6302,2.1098,,,,,,,,,,,,,
13954,Warm Temperate,Moist,Oceania,Hedgerow,0.87,0.4437,1.2963,,,,,,,,,,,,,
13955,Warm Temperate,Moist,Oceania,Silvoarable,0.91,0.4186,1.4014,,,,,,,,,,,,,
13956,Warm Temperate,Moist,Oceania,Silvopasture,2.33,1.1184,3.5416,,,,,,,,,,,,,
13957,Warm Temperate,Moist,Oceania,Olive,0.46,0.3358,0.5842,,,,,,,,,,,,,
13958,Warm Temperate,Moist,Oceania,Orchard,0.43,0.2322,0.6278,,,,,,,,,,,,,
13959,Warm Temperate,Moist,Oceania,Vine,0.28,0.2072,0.3528,,,,,,,,,,,,,
13960,Warm Temperate,Moist,Oceania,Short Rotation Coppice,3.2,1.92,4.48,,,,,,,,,,,,,
13961,Warm Temperate,Moist,Oceania,Tea,0.7,0.525,0.875,,,,,,,,,,,,,
13962,Warm Temperate,Moist,North America,Agroforestry - Default,1.37,0.6302,2.1098,,,,,,,,,,,,,
13963,Warm Temperate,Moist,North America,Hedgerow,0.87,0.4437,1.2963,,,,,,,,,,,,,
13964,Warm Temperate,Moist,North America,Silvoarable,0.91,0.4186,1.4014,,,,,,,,,,,,,
13965,Warm Temperate,Moist,North America,Silvopasture,2.33,1.1184,3.5416,,,,,,,,,,,,,
13966,Warm Temperate,Moist,North America,Olive,0.46,0.3358,0.5842,,,,,,,,,,,,,
13967,Warm Temperate,Moist,North America,Orchard,0.43,0.2322,0.6278,,,,,,,,,,,,,
13968,Warm Temperate,Moist,North America,Vine,0.28,0.2072,0.3528,,,,,,,,,,,,,
13969,Warm Temperate,Moist,North America,Short Rotation Coppice,3.2,1.92,4.48,,,,,,,,,,,,,
13970,Warm Temperate,Moist,North America,Tea,0.7,0.525,0.875,,,,,,,,,,,,,
13971,Warm Temperate,Moist,South America,Agroforestry - Default,1.37,0.6302,2.1098,,,,,,,,,,,,,
13972,Warm Temperate,Moist,South America,Hedgerow,0.87,0.4437,1.2963,,,,,,,,,,,,,
13973,Warm Temperate,Moist,South America,Silvoarable,0.91,0.4186,1.4014,,,,,,,,,,,,,
13974,Warm Temperate,Moist,South America,Silvopasture,2.33,1.1184,3.5416,,,,,,,,,,,,,
13975,Warm Temperate,Moist,South America,Olive,0.46,0.3358,0.5842,,,,,,,,,,,,,
13976,Warm Temperate,Moist,South America,Orchard,0.43,0.2322,0.6278,,,,,,,,,,,,,
13977,Warm Temperate,Moist,South America,Vine,0.28,0.2072,0.3528,,,,,,,,,,,,,
13978,Warm Temperate,Moist,South America,Short Rotation Coppice,3.2,1.92,4.48,,,,,,,,,,,,,
13979,Warm Temperate,Moist,South America,Tea,0.7,0.525,0.875,,,,,,,,,,,,,
13980,Warm Temperate,Moist,Central America,Agroforestry - Default,1.37,0.6302,2.1098,,,,,,,,,,,,,
13981,Warm Temperate,Moist,Central America,Hedgerow,0.87,0.4437,1.2963,,,,,,,,,,,,,
13982,Warm Temperate,Moist,Central America,Silvoarable,0.91,0.4186,1.4014,,,,,,,,,,,,,
13983,Warm Temperate,Moist,Central America,Silvopasture,2.33,1.1184,3.5416,,,,,,,,,,,,,
13984,Warm Temperate,Moist,Central America,Olive,0.46,0.3358,0.5842,,,,,,,,,,,,,
13985,Warm Temperate,Moist,Central America,Orchard,0.43,0.2322,0.6278,,,,,,,,,,,,,
13986,Warm Temperate,Moist,Central America,Vine,0.28,0.2072,0.3528,,,,,,,,,,,,,
13987,Warm Temperate,Moist,Central America,Short Rotation Coppice,3.2,1.92,4.48,,,,,,,,,,,,,
13988,Warm Temperate,Moist,Central America,Tea,0.7,0.525,0.875,,,,,,,,,,,,,
13989,Warm Temperate,Moist,Caribbean,Agroforestry - Default,1.37,0.6302,2.1098,,,,,,,,,,,,,
13990,Warm Temperate,Moist,Caribbean,Hedgerow,0.87,0.4437,1.2963,,,,,,,,,,,,,
13991,Warm Temperate,Moist,Caribbean,Silvoarable,0.91,0.4186,1.4014,,,,,,,,,,,,,
13992,Warm Temperate,Moist,Caribbean,Silvopasture,2.33,1.1184,3.5416,,,,,,,,,,,,,
13993,Warm Temperate,Moist,Caribbean,Olive,0.46,0.3358,0.5842,,,,,,,,,,,,,
13994,Warm Temperate,Moist,Caribbean,Orchard,0.43,0.2322,0.6278,,,,,,,,,,,,,
13995,Warm Temperate,Moist,Caribbean,Vine,0.28,0.2072,0.3528,,,,,,,,,,,,,
13996,Warm Temperate,Moist,Caribbean,Short Rotation Coppice,3.2,1.92,4.48,,,,,,,,,,,,,
13997,Warm Temperate,Moist,Caribbean,Tea,0.7,0.525,0.875,,,,,,,,,,,,,
13998,Tropical,Dry,Eastern Africa,Agroforestry - Default,2.7375,0.684375,4.790625,,,,,,,,,,,,,
13999,Tropical,Dry,Eastern Africa,Alley Cropping,1.88,1.3536,2.4064,,,,,,,,,,,,,
14000,Tropical,Dry,Eastern Africa,Perennial Fallow,5.61,4.4319,6.7881,,,,,,,,,,,,,
14001,Tropical,Dry,Eastern Africa,Hedgerow,0.48,0.12,0.84,,,,,,,,,,,,,
14002,Tropical,Dry,Eastern Africa,Multistrata,1.63,1.2062,2.0538,,,,,,,,,,,,,
14003,Tropical,Dry,Eastern Africa,Parkland,0.59,0.2478,0.9322,,,,,,,,,,,,,
14004,Tropical,Dry,Eastern Africa,Shaded Perennial,2.4,1.824,2.976,,,,,,,,,,,,,
14005,Tropical,Dry,Eastern Africa,Silvoarable,6.24,3.9936,8.4864,,,,,,,,,,,,,
14006,Tropical,Dry,Eastern Africa,Silvopasture,3.07,1.1666,4.9734,,,,,,,,,,,,,
14007,Tropical,Dry,Eastern Africa,Oil Palm,2.4,1.416,3.384,,,,,,,,,,,,,
14008,Tropical,Dry,Eastern Africa,Rubber,3,2.61,3.39,,,,,,,,,,,,,
14009,Tropical,Dry,Eastern Africa,Tea,0.7,0.525,0.875,,,,,,,,,,,,,
14010,Tropical,Dry,Central Africa,Agroforestry - Default,2.7375,0.684375,4.790625,,,,,,,,,,,,,
14011,Tropical,Dry,Central Africa,Alley Cropping,1.88,1.3536,2.4064,,,,,,,,,,,,,
14012,Tropical,Dry,Central Africa,Perennial Fallow,5.61,4.4319,6.7881,,,,,,,,,,,,,
14013,Tropical,Dry,Central Africa,Hedgerow,0.48,0.12,0.84,,,,,,,,,,,,,
14014,Tropical,Dry,Central Africa,Multistrata,1.63,1.2062,2.0538,,,,,,,,,,,,,
14015,Tropical,Dry,Central Africa,Parkland,0.59,0.2478,0.9322,,,,,,,,,,,,,
14016,Tropical,Dry,Central Africa,Shaded Perennial,2.4,1.824,2.976,,,,,,,,,,,,,
14017,Tropical,Dry,Central Africa,Silvoarable,6.24,3.9936,8.4864,,,,,,,,,,,,,
14018,Tropical,Dry,Central Africa,Silvopasture,3.07,1.1666,4.9734,,,,,,,,,,,,,
14019,Tropical,Dry,Central Africa,Oil Palm,2.4,1.416,3.384,,,,,,,,,,,,,
14020,Tropical,Dry,Central Africa,Rubber,3,2.61,3.39,,,,,,,,,,,,,
14021,Tropical,Dry,Central Africa,Tea,0.7,0.525,0.875,,,,,,,,,,,,,
14022,Tropical,Dry,Northern Africa,Agroforestry - Default,2.7375,0.684375,4.790625,,,,,,,,,,,,,
14023,Tropical,Dry,Northern Africa,Alley Cropping,1.88,1.3536,2.4064,,,,,,,,,,,,,
14024,Tropical,Dry,Northern Africa,Perennial Fallow,5.61,4.4319,6.7881,,,,,,,,,,,,,
14025,Tropical,Dry,Northern Africa,Hedgerow,0.48,0.12,0.84,,,,,,,,,,,,,
14026,Tropical,Dry,Northern Africa,Multistrata,1.63,1.2062,2.0538,,,,,,,,,,,,,
14027,Tropical,Dry,Northern Africa,Parkland,0.59,0.2478,0.9322,,,,,,,,,,,,,
14028,Tropical,Dry,Northern Africa,Shaded Perennial,2.4,1.824,2.976,,,,,,,,,,,,,
14029,Tropical,Dry,Northern Africa,Silvoarable,6.24,3.9936,8.4864,,,,,,,,,,,,,
14030,Tropical,Dry,Northern Africa,Silvopasture,3.07,1.1666,4.9734,,,,,,,,,,,,,
14031,Tropical,Dry,Northern Africa,Oil Palm,2.4,1.416,3.384,,,,,,,,,,,,,
14032,Tropical,Dry,Northern Africa,Rubber,3,2.61,3.39,,,,,,,,,,,,,
14033,Tropical,Dry,Northern Africa,Tea,0.7,0.525,0.875,,,,,,,,,,,,,
14034,Tropical,Dry,Southern Africa,Agroforestry - Default,2.7375,0.684375,4.790625,,,,,,,,,,,,,
14035,Tropical,Dry,Southern Africa,Alley Cropping,1.88,1.3536,2.4064,,,,,,,,,,,,,
14036,Tropical,Dry,Southern Africa,Perennial Fallow,5.61,4.4319,6.7881,,,,,,,,,,,,,
14037,Tropical,Dry,Southern Africa,Hedgerow,0.48,0.12,0.84,,,,,,,,,,,,,
14038,Tropical,Dry,Southern Africa,Multistrata,1.63,1.2062,2.0538,,,,,,,,,,,,,
14039,Tropical,Dry,Southern Africa,Parkland,0.59,0.2478,0.9322,,,,,,,,,,,,,
14040,Tropical,Dry,Southern Africa,Shaded Perennial,2.4,1.824,2.976,,,,,,,,,,,,,
14041,Tropical,Dry,Southern Africa,Silvoarable,6.24,3.9936,8.4864,,,,,,,,,,,,,
14042,Tropical,Dry,Southern Africa,Silvopasture,3.07,1.1666,4.9734,,,,,,,,,,,,,
14043,Tropical,Dry,Southern Africa,Oil Palm,2.4,1.416,3.384,,,,,,,,,,,,,
14044,Tropical,Dry,Southern Africa,Rubber,3,2.61,3.39,,,,,,,,,,,,,
14045,Tropical,Dry,Southern Africa,Tea,0.7,0.525,0.875,,,,,,,,,,,,,
14046,Tropical,Dry,Western Africa,Agroforestry - Default,2.7375,0.684375,4.790625,,,,,,,,,,,,,
14047,Tropical,Dry,Western Africa,Alley Cropping,1.88,1.3536,2.4064,,,,,,,,,,,,,
14048,Tropical,Dry,Western Africa,Perennial Fallow,5.61,4.4319,6.7881,,,,,,,,,,,,,
14049,Tropical,Dry,Western Africa,Hedgerow,0.48,0.12,0.84,,,,,,,,,,,,,
14050,Tropical,Dry,Western Africa,Multistrata,1.63,1.2062,2.0538,,,,,,,,,,,,,
14051,Tropical,Dry,Western Africa,Parkland,0.59,0.2478,0.9322,,,,,,,,,,,,,
14052,Tropical,Dry,Western Africa,Shaded Perennial,2.4,1.824,2.976,,,,,,,,,,,,,
14053,Tropical,Dry,Western Africa,Silvoarable,6.24,3.9936,8.4864,,,,,,,,,,,,,
14054,Tropical,Dry,Western Africa,Silvopasture,3.07,1.1666,4.9734,,,,,,,,,,,,,
14055,Tropical,Dry,Western Africa,Oil Palm,2.4,1.416,3.384,,,,,,,,,,,,,
14056,Tropical,Dry,Western Africa,Rubber,3,2.61,3.39,,,,,,,,,,,,,
14057,Tropical,Dry,Western Africa,Tea,0.7,0.525,0.875,,,,,,,,,,,,,
14058,Tropical,Dry,Central Asia,Agroforestry - Default,2.85125,0.7128125,4.9896875,,,,,,,,,,,,,
14059,Tropical,Dry,Central Asia,Alley Cropping,2.79,2.1204,3.4596,,,,,,,,,,,,,
14060,Tropical,Dry,Central Asia,Perennial Fallow,5.61,2.3001,8.9199,,,,,,,,,,,,,
14061,Tropical,Dry,Central Asia,Hedgerow,0.48,0.12,0.84,,,,,,,,,,,,,
14062,Tropical,Dry,Central Asia,Multistrata,1.63,1.2062,2.0538,,,,,,,,,,,,,
14063,Tropical,Dry,Central Asia,Parkland,0.59,0.2478,0.9322,,,,,,,,,,,,,
14064,Tropical,Dry,Central Asia,Shaded Perennial,2.4,1.824,2.976,,,,,,,,,,,,,
14065,Tropical,Dry,Central Asia,Silvoarable,6.24,3.9936,8.4864,,,,,,,,,,,,,
14066,Tropical,Dry,Central Asia,Silvopasture,3.07,1.1666,4.9734,,,,,,,,,,,,,
14067,Tropical,Dry,Central Asia,Oil Palm,2.4,1.416,3.384,,,,,,,,,,,,,
14068,Tropical,Dry,Central Asia,Rubber,3,2.61,3.39,,,,,,,,,,,,,
14069,Tropical,Dry,Central Asia,Tea,0.7,0.525,0.875,,,,,,,,,,,,,
14070,Tropical,Dry,Eastern Asia,Agroforestry - Default,2.85125,0.7128125,4.9896875,,,,,,,,,,,,,
14071,Tropical,Dry,Eastern Asia,Alley Cropping,2.79,2.1204,3.4596,,,,,,,,,,,,,
14072,Tropical,Dry,Eastern Asia,Perennial Fallow,5.61,2.3001,8.9199,,,,,,,,,,,,,
14073,Tropical,Dry,Eastern Asia,Hedgerow,0.48,0.12,0.84,,,,,,,,,,,,,
14074,Tropical,Dry,Eastern Asia,Multistrata,1.63,1.2062,2.0538,,,,,,,,,,,,,
14075,Tropical,Dry,Eastern Asia,Parkland,0.59,0.2478,0.9322,,,,,,,,,,,,,
14076,Tropical,Dry,Eastern Asia,Shaded Perennial,2.4,1.824,2.976,,,,,,,,,,,,,
14077,Tropical,Dry,Eastern Asia,Silvoarable,6.24,3.9936,8.4864,,,,,,,,,,,,,
14078,Tropical,Dry,Eastern Asia,Silvopasture,3.07,1.1666,4.9734,,,,,,,,,,,,,
14079,Tropical,Dry,Eastern Asia,Oil Palm,2.4,1.416,3.384,,,,,,,,,,,,,
14080,Tropical,Dry,Eastern Asia,Rubber,3,2.61,3.39,,,,,,,,,,,,,
14081,Tropical,Dry,Eastern Asia,Tea,0.7,0.525,0.875,,,,,,,,,,,,,
14082,Tropical,Dry,South-Eastern Asia,Agroforestry - Default,2.85125,0.7128125,4.9896875,,,,,,,,,,,,,
14083,Tropical,Dry,South-Eastern Asia,Alley Cropping,2.79,2.1204,3.4596,,,,,,,,,,,,,
14084,Tropical,Dry,South-Eastern Asia,Perennial Fallow,5.61,2.3001,8.9199,,,,,,,,,,,,,
14085,Tropical,Dry,South-Eastern Asia,Hedgerow,0.48,0.12,0.84,,,,,,,,,,,,,
14086,Tropical,Dry,South-Eastern Asia,Multistrata,1.63,1.2062,2.0538,,,,,,,,,,,,,
14087,Tropical,Dry,South-Eastern Asia,Parkland,0.59,0.2478,0.9322,,,,,,,,,,,,,
14088,Tropical,Dry,South-Eastern Asia,Shaded Perennial,2.4,1.824,2.976,,,,,,,,,,,,,
14089,Tropical,Dry,South-Eastern Asia,Silvoarable,6.24,3.9936,8.4864,,,,,,,,,,,,,
14090,Tropical,Dry,South-Eastern Asia,Silvopasture,3.07,1.1666,4.9734,,,,,,,,,,,,,
14091,Tropical,Dry,South-Eastern Asia,Oil Palm,2.4,1.416,3.384,,,,,,,,,,,,,
14092,Tropical,Dry,South-Eastern Asia,Rubber,3,2.61,3.39,,,,,,,,,,,,,
14093,Tropical,Dry,South-Eastern Asia,Tea,0,#VALUE!,#VALUE!,,,,,,,,,,,,,
14094,Tropical,Dry,Southern Asia,Agroforestry - Default,2.85125,0.7128125,4.9896875,,,,,,,,,,,,,
14095,Tropical,Dry,Southern Asia,Alley Cropping,2.79,2.1204,3.4596,,,,,,,,,,,,,
14096,Tropical,Dry,Southern Asia,Perennial Fallow,5.61,2.3001,8.9199,,,,,,,,,,,,,
14097,Tropical,Dry,Southern Asia,Hedgerow,0.48,0.12,0.84,,,,,,,,,,,,,
14098,Tropical,Dry,Southern Asia,Multistrata,1.63,1.2062,2.0538,,,,,,,,,,,,,
14099,Tropical,Dry,Southern Asia,Parkland,0.59,0.2478,0.9322,,,,,,,,,,,,,
14100,Tropical,Dry,Southern Asia,Shaded Perennial,2.4,1.824,2.976,,,,,,,,,,,,,
14101,Tropical,Dry,Southern Asia,Silvoarable,6.24,3.9936,8.4864,,,,,,,,,,,,,
14102,Tropical,Dry,Southern Asia,Silvopasture,3.07,1.1666,4.9734,,,,,,,,,,,,,
14103,Tropical,Dry,Southern Asia,Oil Palm,2.4,1.416,3.384,,,,,,,,,,,,,
14104,Tropical,Dry,Southern Asia,Rubber,3,2.61,3.39,,,,,,,,,,,,,
14105,Tropical,Dry,Southern Asia,Tea,0.7,0.525,0.875,,,,,,,,,,,,,
14106,Tropical,Dry,Western Asia,Agroforestry - Default,2.85125,0.7128125,4.9896875,,,,,,,,,,,,,
14107,Tropical,Dry,Western Asia,Alley Cropping,2.79,2.1204,3.4596,,,,,,,,,,,,,
14108,Tropical,Dry,Western Asia,Perennial Fallow,5.61,2.3001,8.9199,,,,,,,,,,,,,
14109,Tropical,Dry,Western Asia,Hedgerow,0.48,0.12,0.84,,,,,,,,,,,,,
14110,Tropical,Dry,Western Asia,Multistrata,1.63,1.2062,2.0538,,,,,,,,,,,,,
14111,Tropical,Dry,Western Asia,Parkland,0.59,0.2478,0.9322,,,,,,,,,,,,,
14112,Tropical,Dry,Western Asia,Shaded Perennial,2.4,1.824,2.976,,,,,,,,,,,,,
14113,Tropical,Dry,Western Asia,Silvoarable,6.24,3.9936,8.4864,,,,,,,,,,,,,
14114,Tropical,Dry,Western Asia,Silvopasture,3.07,1.1666,4.9734,,,,,,,,,,,,,
14115,Tropical,Dry,Western Asia,Oil Palm,2.4,1.416,3.384,,,,,,,,,,,,,
14116,Tropical,Dry,Western Asia,Rubber,3,2.61,3.39,,,,,,,,,,,,,
14117,Tropical,Dry,Western Asia,Tea,0.7,0.525,0.875,,,,,,,,,,,,,
14118,Tropical,Dry,Europe,Agroforestry - Default,2.78625,0.6965625,4.8759375,,,,,,,,,,,,,
14119,Tropical,Dry,Europe,Alley Cropping,2.27,1.8387,2.7013,,,,,,,,,,,,,
14120,Tropical,Dry,Europe,Perennial Fallow,5.61,4.3758,6.8442,,,,,,,,,,,,,
14121,Tropical,Dry,Europe,Hedgerow,0.48,0.12,0.84,,,,,,,,,,,,,
14122,Tropical,Dry,Europe,Multistrata,1.63,1.2062,2.0538,,,,,,,,,,,,,
14123,Tropical,Dry,Europe,Parkland,0.59,0.2478,0.9322,,,,,,,,,,,,,
14124,Tropical,Dry,Europe,Shaded Perennial,2.4,1.824,2.976,,,,,,,,,,,,,
14125,Tropical,Dry,Europe,Silvoarable,6.24,3.9936,8.4864,,,,,,,,,,,,,
14126,Tropical,Dry,Europe,Silvopasture,3.07,1.1666,4.9734,,,,,,,,,,,,,
14127,Tropical,Dry,Europe,Oil Palm,2.4,1.416,3.384,,,,,,,,,,,,,
14128,Tropical,Dry,Europe,Rubber,3,2.61,3.39,,,,,,,,,,,,,
14129,Tropical,Dry,Europe,Tea,0.7,0.525,0.875,,,,,,,,,,,,,
14130,Tropical,Dry,Oceania,Agroforestry - Default,2.78625,0.6965625,4.8759375,,,,,,,,,,,,,
14131,Tropical,Dry,Oceania,Alley Cropping,2.27,1.8387,2.7013,,,,,,,,,,,,,
14132,Tropical,Dry,Oceania,Perennial Fallow,5.61,4.3758,6.8442,,,,,,,,,,,,,
14133,Tropical,Dry,Oceania,Hedgerow,0.48,0.12,0.84,,,,,,,,,,,,,
14134,Tropical,Dry,Oceania,Multistrata,1.63,1.2062,2.0538,,,,,,,,,,,,,
14135,Tropical,Dry,Oceania,Parkland,0.59,0.2478,0.9322,,,,,,,,,,,,,
14136,Tropical,Dry,Oceania,Shaded Perennial,2.4,1.824,2.976,,,,,,,,,,,,,
14137,Tropical,Dry,Oceania,Silvoarable,6.24,3.9936,8.4864,,,,,,,,,,,,,
14138,Tropical,Dry,Oceania,Silvopasture,3.07,1.1666,4.9734,,,,,,,,,,,,,
14139,Tropical,Dry,Oceania,Oil Palm,2.4,1.416,3.384,,,,,,,,,,,,,
14140,Tropical,Dry,Oceania,Rubber,3,2.61,3.39,,,,,,,,,,,,,
14141,Tropical,Dry,Oceania,Tea,0.7,0.525,0.875,,,,,,,,,,,,,
14142,Tropical,Dry,North America,Agroforestry - Default,2.78625,0.6965625,4.8759375,,,,,,,,,,,,,
14143,Tropical,Dry,North America,Alley Cropping,2.27,1.8387,2.7013,,,,,,,,,,,,,
14144,Tropical,Dry,North America,Perennial Fallow,5.61,4.3758,6.8442,,,,,,,,,,,,,
14145,Tropical,Dry,North America,Hedgerow,0.48,0.12,0.84,,,,,,,,,,,,,
14146,Tropical,Dry,North America,Multistrata,1.63,1.2062,2.0538,,,,,,,,,,,,,
14147,Tropical,Dry,North America,Parkland,0.59,0.2478,0.9322,,,,,,,,,,,,,
14148,Tropical,Dry,North America,Shaded Perennial,2.4,1.824,2.976,,,,,,,,,,,,,
14149,Tropical,Dry,North America,Silvoarable,6.24,3.9936,8.4864,,,,,,,,,,,,,
14150,Tropical,Dry,North America,Silvopasture,3.07,1.1666,4.9734,,,,,,,,,,,,,
14151,Tropical,Dry,North America,Oil Palm,2.4,1.416,3.384,,,,,,,,,,,,,
14152,Tropical,Dry,North America,Rubber,3,2.61,3.39,,,,,,,,,,,,,
14153,Tropical,Dry,North America,Tea,0.7,0.525,0.875,,,,,,,,,,,,,
14154,Tropical,Dry,South America,Agroforestry - Default,2.78625,0.6965625,4.8759375,,,,,,,,,,,,,
14155,Tropical,Dry,South America,Alley Cropping,2.27,1.8387,2.7013,,,,,,,,,,,,,
14156,Tropical,Dry,South America,Perennial Fallow,5.61,4.3758,6.8442,,,,,,,,,,,,,
14157,Tropical,Dry,South America,Hedgerow,0.48,0.12,0.84,,,,,,,,,,,,,
14158,Tropical,Dry,South America,Multistrata,1.63,1.2062,2.0538,,,,,,,,,,,,,
14159,Tropical,Dry,South America,Parkland,0.59,0.2478,0.9322,,,,,,,,,,,,,
14160,Tropical,Dry,South America,Shaded Perennial,2.4,1.824,2.976,,,,,,,,,,,,,
14161,Tropical,Dry,South America,Silvoarable,6.24,3.9936,8.4864,,,,,,,,,,,,,
14162,Tropical,Dry,South America,Silvopasture,3.07,1.1666,4.9734,,,,,,,,,,,,,
14163,Tropical,Dry,South America,Oil Palm,2.4,1.416,3.384,,,,,,,,,,,,,
14164,Tropical,Dry,South America,Rubber,3,2.61,3.39,,,,,,,,,,,,,
14165,Tropical,Dry,South America,Tea,0.7,0.525,0.875,,,,,,,,,,,,,
14166,Tropical,Dry,Central America,Agroforestry - Default,2.78625,0.6965625,4.8759375,,,,,,,,,,,,,
14167,Tropical,Dry,Central America,Alley Cropping,2.27,1.8387,2.7013,,,,,,,,,,,,,
14168,Tropical,Dry,Central America,Perennial Fallow,5.61,4.3758,6.8442,,,,,,,,,,,,,
14169,Tropical,Dry,Central America,Hedgerow,0.48,0.12,0.84,,,,,,,,,,,,,
14170,Tropical,Dry,Central America,Multistrata,1.63,1.2062,2.0538,,,,,,,,,,,,,
14171,Tropical,Dry,Central America,Parkland,0.59,0.2478,0.9322,,,,,,,,,,,,,
14172,Tropical,Dry,Central America,Shaded Perennial,2.4,1.824,2.976,,,,,,,,,,,,,
14173,Tropical,Dry,Central America,Silvoarable,6.24,3.9936,8.4864,,,,,,,,,,,,,
14174,Tropical,Dry,Central America,Silvopasture,3.07,1.1666,4.9734,,,,,,,,,,,,,
14175,Tropical,Dry,Central America,Oil Palm,2.4,1.416,3.384,,,,,,,,,,,,,
14176,Tropical,Dry,Central America,Rubber,3,2.61,3.39,,,,,,,,,,,,,
14177,Tropical,Dry,Central America,Tea,0.7,0.525,0.875,,,,,,,,,,,,,
14178,Tropical,Dry,Caribbean,Agroforestry - Default,2.78625,0.6965625,4.8759375,,,,,,,,,,,,,
14179,Tropical,Dry,Caribbean,Alley Cropping,2.27,1.8387,2.7013,,,,,,,,,,,,,
14180,Tropical,Dry,Caribbean,Perennial Fallow,5.61,4.3758,6.8442,,,,,,,,,,,,,
14181,Tropical,Dry,Caribbean,Hedgerow,0.48,0.12,0.84,,,,,,,,,,,,,
14182,Tropical,Dry,Caribbean,Multistrata,1.63,1.2062,2.0538,,,,,,,,,,,,,
14183,Tropical,Dry,Caribbean,Parkland,0.59,0.2478,0.9322,,,,,,,,,,,,,
14184,Tropical,Dry,Caribbean,Shaded Perennial,2.4,1.824,2.976,,,,,,,,,,,,,
14185,Tropical,Dry,Caribbean,Silvoarable,6.24,3.9936,8.4864,,,,,,,,,,,,,
14186,Tropical,Dry,Caribbean,Silvopasture,3.07,1.1666,4.9734,,,,,,,,,,,,,
14187,Tropical,Dry,Caribbean,Oil Palm,2.4,1.416,3.384,,,,,,,,,,,,,
14188,Tropical,Dry,Caribbean,Rubber,3,2.61,3.39,,,,,,,,,,,,,
14189,Tropical,Dry,Caribbean,Tea,0.7,0.525,0.875,,,,,,,,,,,,,
14190,Tropical,Moist,Eastern Africa,Agroforestry - Default,2.73875,0.6846875,4.7928125,,,,,,,,,,,,,
14191,Tropical,Moist,Eastern Africa,Alley Cropping,2.75,2.145,3.355,,,,,,,,,,,,,
14192,Tropical,Moist,Eastern Africa,Perennial Fallow,5.3,1.325,9.275,,,,,,,,,,,,,
14193,Tropical,Moist,Eastern Africa,Hedgerow,0.47,0.3243,0.6157,,,,,,,,,,,,,
14194,Tropical,Moist,Eastern Africa,Multistrata,2.98,2.1456,3.8144,,,,,,,,,,,,,
14195,Tropical,Moist,Eastern Africa,Parkland,0.59,0.2478,0.9322,,,,,,,,,,,,,
14196,Tropical,Moist,Eastern Africa,Shaded Perennial,1.82,1.2012,2.4388,,,,,,,,,,,,,
14197,Tropical,Moist,Eastern Africa,Silvoarable,5.09,3.1049,7.0751,,,,,,,,,,,,,
14198,Tropical,Moist,Eastern Africa,Silvopasture,2.91,1.0767,4.7433,,,,,,,,,,,,,
14199,Tropical,Moist,Eastern Africa,Oil Palm,2.4,1.416,3.384,,,,,,,,,,,,,
14200,Tropical,Moist,Eastern Africa,Rubber,3,2.61,3.39,,,,,,,,,,,,,
14201,Tropical,Moist,Eastern Africa,Tea,0.7,0.525,0.875,,,,,,,,,,,,,
14202,Tropical,Moist,Central Africa,Agroforestry - Default,2.73875,0.6846875,4.7928125,,,,,,,,,,,,,
14203,Tropical,Moist,Central Africa,Alley Cropping,2.75,2.145,3.355,,,,,,,,,,,,,
14204,Tropical,Moist,Central Africa,Perennial Fallow,5.3,1.325,9.275,,,,,,,,,,,,,
14205,Tropical,Moist,Central Africa,Hedgerow,0.47,0.3243,0.6157,,,,,,,,,,,,,
14206,Tropical,Moist,Central Africa,Multistrata,2.98,2.1456,3.8144,,,,,,,,,,,,,
14207,Tropical,Moist,Central Africa,Parkland,0.59,0.2478,0.9322,,,,,,,,,,,,,
14208,Tropical,Moist,Central Africa,Shaded Perennial,1.82,1.2012,2.4388,,,,,,,,,,,,,
14209,Tropical,Moist,Central Africa,Silvoarable,5.09,3.1049,7.0751,,,,,,,,,,,,,
14210,Tropical,Moist,Central Africa,Silvopasture,2.91,1.0767,4.7433,,,,,,,,,,,,,
14211,Tropical,Moist,Central Africa,Oil Palm,2.4,1.416,3.384,,,,,,,,,,,,,
14212,Tropical,Moist,Central Africa,Rubber,3,2.61,3.39,,,,,,,,,,,,,
14213,Tropical,Moist,Central Africa,Tea,0.7,0.525,0.875,,,,,,,,,,,,,
14214,Tropical,Moist,Northern Africa,Agroforestry - Default,2.73875,0.6846875,4.7928125,,,,,,,,,,,,,
14215,Tropical,Moist,Northern Africa,Alley Cropping,2.75,2.145,3.355,,,,,,,,,,,,,
14216,Tropical,Moist,Northern Africa,Perennial Fallow,5.3,1.325,9.275,,,,,,,,,,,,,
14217,Tropical,Moist,Northern Africa,Hedgerow,0.47,0.3243,0.6157,,,,,,,,,,,,,
14218,Tropical,Moist,Northern Africa,Multistrata,2.98,2.1456,3.8144,,,,,,,,,,,,,
14219,Tropical,Moist,Northern Africa,Parkland,0.59,0.2478,0.9322,,,,,,,,,,,,,
14220,Tropical,Moist,Northern Africa,Shaded Perennial,1.82,1.2012,2.4388,,,,,,,,,,,,,
14221,Tropical,Moist,Northern Africa,Silvoarable,5.09,3.1049,7.0751,,,,,,,,,,,,,
14222,Tropical,Moist,Northern Africa,Silvopasture,2.91,1.0767,4.7433,,,,,,,,,,,,,
14223,Tropical,Moist,Northern Africa,Oil Palm,2.4,1.416,3.384,,,,,,,,,,,,,
14224,Tropical,Moist,Northern Africa,Rubber,3,2.61,3.39,,,,,,,,,,,,,
14225,Tropical,Moist,Northern Africa,Tea,0.7,0.525,0.875,,,,,,,,,,,,,
14226,Tropical,Moist,Southern Africa,Agroforestry - Default,2.73875,0.6846875,4.7928125,,,,,,,,,,,,,
14227,Tropical,Moist,Southern Africa,Alley Cropping,2.75,2.145,3.355,,,,,,,,,,,,,
14228,Tropical,Moist,Southern Africa,Perennial Fallow,5.3,1.325,9.275,,,,,,,,,,,,,
14229,Tropical,Moist,Southern Africa,Hedgerow,0.47,0.3243,0.6157,,,,,,,,,,,,,
14230,Tropical,Moist,Southern Africa,Multistrata,2.98,2.1456,3.8144,,,,,,,,,,,,,
14231,Tropical,Moist,Southern Africa,Parkland,0.59,0.2478,0.9322,,,,,,,,,,,,,
14232,Tropical,Moist,Southern Africa,Shaded Perennial,1.82,1.2012,2.4388,,,,,,,,,,,,,
14233,Tropical,Moist,Southern Africa,Silvoarable,5.09,3.1049,7.0751,,,,,,,,,,,,,
14234,Tropical,Moist,Southern Africa,Silvopasture,2.91,1.0767,4.7433,,,,,,,,,,,,,
14235,Tropical,Moist,Southern Africa,Oil Palm,2.4,1.416,3.384,,,,,,,,,,,,,
14236,Tropical,Moist,Southern Africa,Rubber,3,2.61,3.39,,,,,,,,,,,,,
14237,Tropical,Moist,Southern Africa,Tea,0.7,0.525,0.875,,,,,,,,,,,,,
14238,Tropical,Moist,Western Africa,Agroforestry - Default,2.73875,0.6846875,4.7928125,,,,,,,,,,,,,
14239,Tropical,Moist,Western Africa,Alley Cropping,2.75,2.145,3.355,,,,,,,,,,,,,
14240,Tropical,Moist,Western Africa,Perennial Fallow,5.3,1.325,9.275,,,,,,,,,,,,,
14241,Tropical,Moist,Western Africa,Hedgerow,0.47,0.3243,0.6157,,,,,,,,,,,,,
14242,Tropical,Moist,Western Africa,Multistrata,2.98,2.1456,3.8144,,,,,,,,,,,,,
14243,Tropical,Moist,Western Africa,Parkland,0.59,0.2478,0.9322,,,,,,,,,,,,,
14244,Tropical,Moist,Western Africa,Shaded Perennial,1.82,1.2012,2.4388,,,,,,,,,,,,,
14245,Tropical,Moist,Western Africa,Silvoarable,5.09,3.1049,7.0751,,,,,,,,,,,,,
14246,Tropical,Moist,Western Africa,Silvopasture,2.91,1.0767,4.7433,,,,,,,,,,,,,
14247,Tropical,Moist,Western Africa,Oil Palm,2.4,1.416,3.384,,,,,,,,,,,,,
14248,Tropical,Moist,Western Africa,Rubber,3,2.61,3.39,,,,,,,,,,,,,
14249,Tropical,Moist,Western Africa,Tea,0.7,0.525,0.875,,,,,,,,,,,,,
14250,Tropical,Moist,Central Asia,Agroforestry - Default,2.3075,0.576875,4.038125,,,,,,,,,,,,,
14251,Tropical,Moist,Central Asia,Alley Cropping,2.59,2.1497,3.0303,,,,,,,,,,,,,
14252,Tropical,Moist,Central Asia,Perennial Fallow,5.3,1.325,9.275,,,,,,,,,,,,,
14253,Tropical,Moist,Central Asia,Hedgerow,0.47,0.3243,0.6157,,,,,,,,,,,,,
14254,Tropical,Moist,Central Asia,Multistrata,3.03,2.121,3.939,,,,,,,,,,,,,
14255,Tropical,Moist,Central Asia,Parkland,0.59,0.2478,0.9322,,,,,,,,,,,,,
14256,Tropical,Moist,Central Asia,Shaded Perennial,2.07,1.3248,2.8152,,,,,,,,,,,,,
14257,Tropical,Moist,Central Asia,Silvoarable,1.5,0.84,2.16,,,,,,,,,,,,,
14258,Tropical,Moist,Central Asia,Silvopasture,2.91,1.0767,4.7433,,,,,,,,,,,,,
14259,Tropical,Moist,Central Asia,Oil Palm,2.4,1.416,3.384,,,,,,,,,,,,,
14260,Tropical,Moist,Central Asia,Rubber,3,2.61,3.39,,,,,,,,,,,,,
14261,Tropical,Moist,Central Asia,Tea,0.7,0.525,0.875,,,,,,,,,,,,,
14262,Tropical,Moist,Eastern Asia,Agroforestry - Default,2.3075,0.576875,4.038125,,,,,,,,,,,,,
14263,Tropical,Moist,Eastern Asia,Alley Cropping,2.59,2.1497,3.0303,,,,,,,,,,,,,
14264,Tropical,Moist,Eastern Asia,Perennial Fallow,5.3,1.325,9.275,,,,,,,,,,,,,
14265,Tropical,Moist,Eastern Asia,Hedgerow,0.47,0.3243,0.6157,,,,,,,,,,,,,
14266,Tropical,Moist,Eastern Asia,Multistrata,3.03,2.121,3.939,,,,,,,,,,,,,
14267,Tropical,Moist,Eastern Asia,Parkland,0.59,0.2478,0.9322,,,,,,,,,,,,,
14268,Tropical,Moist,Eastern Asia,Shaded Perennial,2.07,1.3248,2.8152,,,,,,,,,,,,,
14269,Tropical,Moist,Eastern Asia,Silvoarable,1.5,0.84,2.16,,,,,,,,,,,,,
14270,Tropical,Moist,Eastern Asia,Silvopasture,2.91,1.0767,4.7433,,,,,,,,,,,,,
14271,Tropical,Moist,Eastern Asia,Oil Palm,2.4,1.416,3.384,,,,,,,,,,,,,
14272,Tropical,Moist,Eastern Asia,Rubber,3,2.61,3.39,,,,,,,,,,,,,
14273,Tropical,Moist,Eastern Asia,Tea,0.7,0.525,0.875,,,,,,,,,,,,,
14274,Tropical,Moist,South-Eastern Asia,Agroforestry - Default,2.3075,0.576875,4.038125,,,,,,,,,,,,,
14275,Tropical,Moist,South-Eastern Asia,Alley Cropping,2.59,2.1497,3.0303,,,,,,,,,,,,,
14276,Tropical,Moist,South-Eastern Asia,Perennial Fallow,5.3,1.325,9.275,,,,,,,,,,,,,
14277,Tropical,Moist,South-Eastern Asia,Hedgerow,0.47,0.3243,0.6157,,,,,,,,,,,,,
14278,Tropical,Moist,South-Eastern Asia,Multistrata,3.03,2.121,3.939,,,,,,,,,,,,,
14279,Tropical,Moist,South-Eastern Asia,Parkland,0.59,0.2478,0.9322,,,,,,,,,,,,,
14280,Tropical,Moist,South-Eastern Asia,Shaded Perennial,2.07,1.3248,2.8152,,,,,,,,,,,,,
14281,Tropical,Moist,South-Eastern Asia,Silvoarable,1.5,0.84,2.16,,,,,,,,,,,,,
14282,Tropical,Moist,South-Eastern Asia,Silvopasture,2.91,1.0767,4.7433,,,,,,,,,,,,,
14283,Tropical,Moist,South-Eastern Asia,Oil Palm,2.4,1.416,3.384,,,,,,,,,,,,,
14284,Tropical,Moist,South-Eastern Asia,Rubber,3,2.61,3.39,,,,,,,,,,,,,
14285,Tropical,Moist,South-Eastern Asia,Tea,0.7,0.525,0.875,,,,,,,,,,,,,
14286,Tropical,Moist,Southern Asia,Agroforestry - Default,2.3075,0.576875,4.038125,,,,,,,,,,,,,
14287,Tropical,Moist,Southern Asia,Alley Cropping,2.59,2.1497,3.0303,,,,,,,,,,,,,
14288,Tropical,Moist,Southern Asia,Perennial Fallow,5.3,1.325,9.275,,,,,,,,,,,,,
14289,Tropical,Moist,Southern Asia,Hedgerow,0.47,0.3243,0.6157,,,,,,,,,,,,,
14290,Tropical,Moist,Southern Asia,Multistrata,3.03,2.121,3.939,,,,,,,,,,,,,
14291,Tropical,Moist,Southern Asia,Parkland,0.59,0.2478,0.9322,,,,,,,,,,,,,
14292,Tropical,Moist,Southern Asia,Shaded Perennial,2.07,1.3248,2.8152,,,,,,,,,,,,,
14293,Tropical,Moist,Southern Asia,Silvoarable,1.5,0.84,2.16,,,,,,,,,,,,,
14294,Tropical,Moist,Southern Asia,Silvopasture,2.91,1.0767,4.7433,,,,,,,,,,,,,
14295,Tropical,Moist,Southern Asia,Oil Palm,2.4,1.416,3.384,,,,,,,,,,,,,
14296,Tropical,Moist,Southern Asia,Rubber,3,2.61,3.39,,,,,,,,,,,,,
14297,Tropical,Moist,Southern Asia,Tea,0.7,0.525,0.875,,,,,,,,,,,,,
14298,Tropical,Moist,Western Asia,Agroforestry - Default,2.3075,0.576875,4.038125,,,,,,,,,,,,,
14299,Tropical,Moist,Western Asia,Alley Cropping,2.59,2.1497,3.0303,,,,,,,,,,,,,
14300,Tropical,Moist,Western Asia,Perennial Fallow,5.3,1.325,9.275,,,,,,,,,,,,,
14301,Tropical,Moist,Western Asia,Hedgerow,0.47,0.3243,0.6157,,,,,,,,,,,,,
14302,Tropical,Moist,Western Asia,Multistrata,3.03,2.121,3.939,,,,,,,,,,,,,
14303,Tropical,Moist,Western Asia,Parkland,0.59,0.2478,0.9322,,,,,,,,,,,,,
14304,Tropical,Moist,Western Asia,Shaded Perennial,2.07,1.3248,2.8152,,,,,,,,,,,,,
14305,Tropical,Moist,Western Asia,Silvoarable,1.5,0.84,2.16,,,,,,,,,,,,,
14306,Tropical,Moist,Western Asia,Silvopasture,2.91,1.0767,4.7433,,,,,,,,,,,,,
14307,Tropical,Moist,Western Asia,Oil Palm,2.4,1.416,3.384,,,,,,,,,,,,,
14308,Tropical,Moist,Western Asia,Rubber,3,2.61,3.39,,,,,,,,,,,,,
14309,Tropical,Moist,Western Asia,Tea,0.7,0.525,0.875,,,,,,,,,,,,,
14310,Tropical,Moist,Europe,Agroforestry - Default,2.4925,0.623125,4.361875,,,,,,,,,,,,,
14311,Tropical,Moist,Europe,Alley Cropping,2.59,2.1497,3.0303,,,,,,,,,,,,,
14312,Tropical,Moist,Europe,Perennial Fallow,5.3,1.325,9.275,,,,,,,,,,,,,
14313,Tropical,Moist,Europe,Hedgerow,0.47,0.3243,0.6157,,,,,,,,,,,,,
14314,Tropical,Moist,Europe,Multistrata,3.02,2.2348,3.8052,,,,,,,,,,,,,
14315,Tropical,Moist,Europe,Parkland,0.59,0.2478,0.9322,,,,,,,,,,,,,
14316,Tropical,Moist,Europe,Shaded Perennial,2.43,1.458,3.402,,,,,,,,,,,,,
14317,Tropical,Moist,Europe,Silvoarable,2.63,1.5254,3.7346,,,,,,,,,,,,,
14318,Tropical,Moist,Europe,Silvopasture,2.91,1.0767,4.7433,,,,,,,,,,,,,
14319,Tropical,Moist,Europe,Oil Palm,2.4,1.416,3.384,,,,,,,,,,,,,
14320,Tropical,Moist,Europe,Rubber,3,2.61,3.39,,,,,,,,,,,,,
14321,Tropical,Moist,Europe,Tea,0.7,0.525,0.875,,,,,,,,,,,,,
14322,Tropical,Moist,Oceania,Agroforestry - Default,2.4925,0.623125,4.361875,,,,,,,,,,,,,
14323,Tropical,Moist,Oceania,Alley Cropping,2.59,2.1497,3.0303,,,,,,,,,,,,,
14324,Tropical,Moist,Oceania,Perennial Fallow,5.3,1.325,9.275,,,,,,,,,,,,,
14325,Tropical,Moist,Oceania,Hedgerow,0.47,0.3243,0.6157,,,,,,,,,,,,,
14326,Tropical,Moist,Oceania,Multistrata,3.02,2.2348,3.8052,,,,,,,,,,,,,
14327,Tropical,Moist,Oceania,Parkland,0.59,0.2478,0.9322,,,,,,,,,,,,,
14328,Tropical,Moist,Oceania,Shaded Perennial,2.43,1.458,3.402,,,,,,,,,,,,,
14329,Tropical,Moist,Oceania,Silvoarable,2.63,1.5254,3.7346,,,,,,,,,,,,,
14330,Tropical,Moist,Oceania,Silvopasture,2.91,1.0767,4.7433,,,,,,,,,,,,,
14331,Tropical,Moist,Oceania,Oil Palm,2.4,1.416,3.384,,,,,,,,,,,,,
14332,Tropical,Moist,Oceania,Rubber,3,2.61,3.39,,,,,,,,,,,,,
14333,Tropical,Moist,Oceania,Tea,0.7,0.525,0.875,,,,,,,,,,,,,
14334,Tropical,Moist,North America,Agroforestry - Default,2.4925,0.623125,4.361875,,,,,,,,,,,,,
14335,Tropical,Moist,North America,Alley Cropping,2.59,2.1497,3.0303,,,,,,,,,,,,,
14336,Tropical,Moist,North America,Perennial Fallow,5.3,1.325,9.275,,,,,,,,,,,,,
14337,Tropical,Moist,North America,Hedgerow,0.47,0.3243,0.6157,,,,,,,,,,,,,
14338,Tropical,Moist,North America,Multistrata,3.02,2.2348,3.8052,,,,,,,,,,,,,
14339,Tropical,Moist,North America,Parkland,0.59,0.2478,0.9322,,,,,,,,,,,,,
14340,Tropical,Moist,North America,Shaded Perennial,2.43,1.458,3.402,,,,,,,,,,,,,
14341,Tropical,Moist,North America,Silvoarable,2.63,1.5254,3.7346,,,,,,,,,,,,,
14342,Tropical,Moist,North America,Silvopasture,2.91,1.0767,4.7433,,,,,,,,,,,,,
14343,Tropical,Moist,North America,Oil Palm,2.4,1.416,3.384,,,,,,,,,,,,,
14344,Tropical,Moist,North America,Rubber,3,2.61,3.39,,,,,,,,,,,,,
14345,Tropical,Moist,North America,Tea,0.7,0.525,0.875,,,,,,,,,,,,,
14346,Tropical,Moist,South America,Agroforestry - Default,2.57125,0.6428125,4.4996875,,,,,,,,,,,,,
14347,Tropical,Moist,South America,Alley Cropping,2.59,2.1497,3.0303,,,,,,,,,,,,,
14348,Tropical,Moist,South America,Perennial Fallow,5.3,1.325,9.275,,,,,,,,,,,,,
14349,Tropical,Moist,South America,Hedgerow,0.47,0.3243,0.6157,,,,,,,,,,,,,
14350,Tropical,Moist,South America,Multistrata,3.02,2.2348,3.8052,,,,,,,,,,,,,
14351,Tropical,Moist,South America,Parkland,0.59,0.2478,0.9322,,,,,,,,,,,,,
14352,Tropical,Moist,South America,Shaded Perennial,3.06,1.0404,5.0796,,,,,,,,,,,,,
14353,Tropical,Moist,South America,Silvoarable,2.63,1.5254,3.7346,,,,,,,,,,,,,
14354,Tropical,Moist,South America,Silvopasture,2.91,1.0767,4.7433,,,,,,,,,,,,,
14355,Tropical,Moist,South America,Oil Palm,2.4,1.416,3.384,,,,,,,,,,,,,
14356,Tropical,Moist,South America,Rubber,3,2.61,3.39,,,,,,,,,,,,,
14357,Tropical,Moist,South America,Tea,0.7,0.525,0.875,,,,,,,,,,,,,
14358,Tropical,Moist,Central America,Agroforestry - Default,2.45375,0.6134375,4.2940625,,,,,,,,,,,,,
14359,Tropical,Moist,Central America,Alley Cropping,2.28,1.7556,2.8044,,,,,,,,,,,,,
14360,Tropical,Moist,Central America,Perennial Fallow,5.3,1.325,9.275,,,,,,,,,,,,,
14361,Tropical,Moist,Central America,Hedgerow,0.47,0.3243,0.6157,,,,,,,,,,,,,
14362,Tropical,Moist,Central America,Multistrata,3.02,2.2348,3.8052,,,,,,,,,,,,,
14363,Tropical,Moist,Central America,Parkland,0.59,0.2478,0.9322,,,,,,,,,,,,,
14364,Tropical,Moist,Central America,Shaded Perennial,2.43,1.458,3.402,,,,,,,,,,,,,
14365,Tropical,Moist,Central America,Silvoarable,2.63,1.5254,3.7346,,,,,,,,,,,,,
14366,Tropical,Moist,Central America,Silvopasture,2.91,1.0767,4.7433,,,,,,,,,,,,,
14367,Tropical,Moist,Central America,Oil Palm,2.4,1.416,3.384,,,,,,,,,,,,,
14368,Tropical,Moist,Central America,Rubber,3,2.61,3.39,,,,,,,,,,,,,
14369,Tropical,Moist,Central America,Tea,0.7,0.525,0.875,,,,,,,,,,,,,
14370,Tropical,Moist,Caribbean,Agroforestry - Default,2.4925,0.623125,4.361875,,,,,,,,,,,,,
14371,Tropical,Moist,Caribbean,Alley Cropping,2.59,2.1497,3.0303,,,,,,,,,,,,,
14372,Tropical,Moist,Caribbean,Perennial Fallow,5.3,1.325,9.275,,,,,,,,,,,,,
14373,Tropical,Moist,Caribbean,Hedgerow,0.47,0.3243,0.6157,,,,,,,,,,,,,
14374,Tropical,Moist,Caribbean,Multistrata,3.02,2.2348,3.8052,,,,,,,,,,,,,
14375,Tropical,Moist,Caribbean,Parkland,0.59,0.2478,0.9322,,,,,,,,,,,,,
14376,Tropical,Moist,Caribbean,Shaded Perennial,2.43,1.458,3.402,,,,,,,,,,,,,
14377,Tropical,Moist,Caribbean,Silvoarable,2.63,1.5254,3.7346,,,,,,,,,,,,,
14378,Tropical,Moist,Caribbean,Silvopasture,2.91,1.0767,4.7433,,,,,,,,,,,,,
14379,Tropical,Moist,Caribbean,Oil Palm,2.4,1.416,3.384,,,,,,,,,,,,,
14380,Tropical,Moist,Caribbean,Rubber,3,2.61,3.39,,,,,,,,,,,,,
14381,Tropical,Moist,Caribbean,Tea,0.7,0.525,0.875,,,,,,,,,,,,,
14382,Tropical Montane,Dry,Eastern Africa,Agroforestry - Default,2.16,0.54,3.78,,,,,,,,,,,,,
14383,Tropical Montane,Dry,Eastern Africa,Alley Cropping,2.37,2.0619,2.6781,,,,,,,,,,,,,
14384,Tropical Montane,Dry,Eastern Africa,Perennial Fallow,3.12,2.652,3.588,,,,,,,,,,,,,
14385,Tropical Montane,Dry,Eastern Africa,Hedgerow,0.67,0.3417,0.9983,,,,,,,,,,,,,
14386,Tropical Montane,Dry,Eastern Africa,Multistrata,3.25,2.5675,3.9325,,,,,,,,,,,,,
14387,Tropical Montane,Dry,Eastern Africa,Parkland,0.59,0.2478,0.9322,,,,,,,,,,,,,
14388,Tropical Montane,Dry,Eastern Africa,Shaded Perennial,2.4,1.824,2.976,,,,,,,,,,,,,
14389,Tropical Montane,Dry,Eastern Africa,Silvoarable,2.26,1.0396,3.4804,,,,,,,,,,,,,
14390,Tropical Montane,Dry,Eastern Africa,Silvopasture,2.62,0.9694,4.2706,,,,,,,,,,,,,
14391,Tropical Montane,Dry,Eastern Africa,Oil Palm,2.4,1.416,3.384,,,,,,,,,,,,,
14392,Tropical Montane,Dry,Eastern Africa,Rubber,3,2.61,3.39,,,,,,,,,,,,,
14393,Tropical Montane,Dry,Eastern Africa,Tea,0.7,0.525,0.875,,,,,,,,,,,,,
14394,Tropical Montane,Dry,Central Africa,Agroforestry - Default,2.16,0.54,3.78,,,,,,,,,,,,,
14395,Tropical Montane,Dry,Central Africa,Alley Cropping,2.37,2.0619,2.6781,,,,,,,,,,,,,
14396,Tropical Montane,Dry,Central Africa,Perennial Fallow,3.12,2.652,3.588,,,,,,,,,,,,,
14397,Tropical Montane,Dry,Central Africa,Hedgerow,0.67,0.3417,0.9983,,,,,,,,,,,,,
14398,Tropical Montane,Dry,Central Africa,Multistrata,3.25,2.5675,3.9325,,,,,,,,,,,,,
14399,Tropical Montane,Dry,Central Africa,Parkland,0.59,0.2478,0.9322,,,,,,,,,,,,,
14400,Tropical Montane,Dry,Central Africa,Shaded Perennial,2.4,1.824,2.976,,,,,,,,,,,,,
14401,Tropical Montane,Dry,Central Africa,Silvoarable,2.26,1.0396,3.4804,,,,,,,,,,,,,
14402,Tropical Montane,Dry,Central Africa,Silvopasture,2.62,0.9694,4.2706,,,,,,,,,,,,,
14403,Tropical Montane,Dry,Central Africa,Oil Palm,2.4,1.416,3.384,,,,,,,,,,,,,
14404,Tropical Montane,Dry,Central Africa,Rubber,3,2.61,3.39,,,,,,,,,,,,,
14405,Tropical Montane,Dry,Central Africa,Tea,0.7,0.525,0.875,,,,,,,,,,,,,
14406,Tropical Montane,Dry,Northern Africa,Agroforestry - Default,2.16,0.54,3.78,,,,,,,,,,,,,
14407,Tropical Montane,Dry,Northern Africa,Alley Cropping,2.37,2.0619,2.6781,,,,,,,,,,,,,
14408,Tropical Montane,Dry,Northern Africa,Perennial Fallow,3.12,2.652,3.588,,,,,,,,,,,,,
14409,Tropical Montane,Dry,Northern Africa,Hedgerow,0.67,0.3417,0.9983,,,,,,,,,,,,,
14410,Tropical Montane,Dry,Northern Africa,Multistrata,3.25,2.5675,3.9325,,,,,,,,,,,,,
14411,Tropical Montane,Dry,Northern Africa,Parkland,0.59,0.2478,0.9322,,,,,,,,,,,,,
14412,Tropical Montane,Dry,Northern Africa,Shaded Perennial,2.4,1.824,2.976,,,,,,,,,,,,,
14413,Tropical Montane,Dry,Northern Africa,Silvoarable,2.26,1.0396,3.4804,,,,,,,,,,,,,
14414,Tropical Montane,Dry,Northern Africa,Silvopasture,2.62,0.9694,4.2706,,,,,,,,,,,,,
14415,Tropical Montane,Dry,Northern Africa,Oil Palm,2.4,1.416,3.384,,,,,,,,,,,,,
14416,Tropical Montane,Dry,Northern Africa,Rubber,3,2.61,3.39,,,,,,,,,,,,,
14417,Tropical Montane,Dry,Northern Africa,Tea,0.7,0.525,0.875,,,,,,,,,,,,,
14418,Tropical Montane,Dry,Southern Africa,Agroforestry - Default,2.16,0.54,3.78,,,,,,,,,,,,,
14419,Tropical Montane,Dry,Southern Africa,Alley Cropping,2.37,2.0619,2.6781,,,,,,,,,,,,,
14420,Tropical Montane,Dry,Southern Africa,Perennial Fallow,3.12,2.652,3.588,,,,,,,,,,,,,
14421,Tropical Montane,Dry,Southern Africa,Hedgerow,0.67,0.3417,0.9983,,,,,,,,,,,,,
14422,Tropical Montane,Dry,Southern Africa,Multistrata,3.25,2.5675,3.9325,,,,,,,,,,,,,
14423,Tropical Montane,Dry,Southern Africa,Parkland,0.59,0.2478,0.9322,,,,,,,,,,,,,
14424,Tropical Montane,Dry,Southern Africa,Shaded Perennial,2.4,1.824,2.976,,,,,,,,,,,,,
14425,Tropical Montane,Dry,Southern Africa,Silvoarable,2.26,1.0396,3.4804,,,,,,,,,,,,,
14426,Tropical Montane,Dry,Southern Africa,Silvopasture,2.62,0.9694,4.2706,,,,,,,,,,,,,
14427,Tropical Montane,Dry,Southern Africa,Oil Palm,2.4,1.416,3.384,,,,,,,,,,,,,
14428,Tropical Montane,Dry,Southern Africa,Rubber,3,2.61,3.39,,,,,,,,,,,,,
14429,Tropical Montane,Dry,Southern Africa,Tea,0.7,0.525,0.875,,,,,,,,,,,,,
14430,Tropical Montane,Dry,Western Africa,Agroforestry - Default,2.16,0.54,3.78,,,,,,,,,,,,,
14431,Tropical Montane,Dry,Western Africa,Alley Cropping,2.37,2.0619,2.6781,,,,,,,,,,,,,
14432,Tropical Montane,Dry,Western Africa,Perennial Fallow,3.12,2.652,3.588,,,,,,,,,,,,,
14433,Tropical Montane,Dry,Western Africa,Hedgerow,0.67,0.3417,0.9983,,,,,,,,,,,,,
14434,Tropical Montane,Dry,Western Africa,Multistrata,3.25,2.5675,3.9325,,,,,,,,,,,,,
14435,Tropical Montane,Dry,Western Africa,Parkland,0.59,0.2478,0.9322,,,,,,,,,,,,,
14436,Tropical Montane,Dry,Western Africa,Shaded Perennial,2.4,1.824,2.976,,,,,,,,,,,,,
14437,Tropical Montane,Dry,Western Africa,Silvoarable,2.26,1.0396,3.4804,,,,,,,,,,,,,
14438,Tropical Montane,Dry,Western Africa,Silvopasture,2.62,0.9694,4.2706,,,,,,,,,,,,,
14439,Tropical Montane,Dry,Western Africa,Oil Palm,2.4,1.416,3.384,,,,,,,,,,,,,
14440,Tropical Montane,Dry,Western Africa,Rubber,3,2.61,3.39,,,,,,,,,,,,,
14441,Tropical Montane,Dry,Western Africa,Tea,0.7,0.525,0.875,,,,,,,,,,,,,
14442,Tropical Montane,Dry,Central Asia,Agroforestry - Default,2.3225,0.580625,4.064375,,,,,,,,,,,,,
14443,Tropical Montane,Dry,Central Asia,Alley Cropping,2.37,2.0619,2.6781,,,,,,,,,,,,,
14444,Tropical Montane,Dry,Central Asia,Perennial Fallow,4.42,3.757,5.083,,,,,,,,,,,,,
14445,Tropical Montane,Dry,Central Asia,Hedgerow,0.67,0.3417,0.9983,,,,,,,,,,,,,
14446,Tropical Montane,Dry,Central Asia,Multistrata,3.25,2.5675,3.9325,,,,,,,,,,,,,
14447,Tropical Montane,Dry,Central Asia,Parkland,0.59,0.2478,0.9322,,,,,,,,,,,,,
14448,Tropical Montane,Dry,Central Asia,Shaded Perennial,2.4,1.824,2.976,,,,,,,,,,,,,
14449,Tropical Montane,Dry,Central Asia,Silvoarable,2.26,1.0396,3.4804,,,,,,,,,,,,,
14450,Tropical Montane,Dry,Central Asia,Silvopasture,2.62,0.9694,4.2706,,,,,,,,,,,,,
14451,Tropical Montane,Dry,Central Asia,Oil Palm,2.4,1.416,3.384,,,,,,,,,,,,,
14452,Tropical Montane,Dry,Central Asia,Rubber,3,2.61,3.39,,,,,,,,,,,,,
14453,Tropical Montane,Dry,Central Asia,Tea,0.7,0.525,0.875,,,,,,,,,,,,,
14454,Tropical Montane,Dry,Eastern Asia,Agroforestry - Default,2.3225,0.580625,4.064375,,,,,,,,,,,,,
14455,Tropical Montane,Dry,Eastern Asia,Alley Cropping,2.37,2.0619,2.6781,,,,,,,,,,,,,
14456,Tropical Montane,Dry,Eastern Asia,Perennial Fallow,4.42,3.757,5.083,,,,,,,,,,,,,
14457,Tropical Montane,Dry,Eastern Asia,Hedgerow,0.67,0.3417,0.9983,,,,,,,,,,,,,
14458,Tropical Montane,Dry,Eastern Asia,Multistrata,3.25,2.5675,3.9325,,,,,,,,,,,,,
14459,Tropical Montane,Dry,Eastern Asia,Parkland,0.59,0.2478,0.9322,,,,,,,,,,,,,
14460,Tropical Montane,Dry,Eastern Asia,Shaded Perennial,2.4,1.824,2.976,,,,,,,,,,,,,
14461,Tropical Montane,Dry,Eastern Asia,Silvoarable,2.26,1.0396,3.4804,,,,,,,,,,,,,
14462,Tropical Montane,Dry,Eastern Asia,Silvopasture,2.62,0.9694,4.2706,,,,,,,,,,,,,
14463,Tropical Montane,Dry,Eastern Asia,Oil Palm,2.4,1.416,3.384,,,,,,,,,,,,,
14464,Tropical Montane,Dry,Eastern Asia,Rubber,3,2.61,3.39,,,,,,,,,,,,,
14465,Tropical Montane,Dry,Eastern Asia,Tea,0.7,0.525,0.875,,,,,,,,,,,,,
14466,Tropical Montane,Dry,South-Eastern Asia,Agroforestry - Default,2.3225,0.580625,4.064375,,,,,,,,,,,,,
14467,Tropical Montane,Dry,South-Eastern Asia,Alley Cropping,2.37,2.0619,2.6781,,,,,,,,,,,,,
14468,Tropical Montane,Dry,South-Eastern Asia,Perennial Fallow,4.42,3.757,5.083,,,,,,,,,,,,,
14469,Tropical Montane,Dry,South-Eastern Asia,Hedgerow,0.67,0.3417,0.9983,,,,,,,,,,,,,
14470,Tropical Montane,Dry,South-Eastern Asia,Multistrata,3.25,2.5675,3.9325,,,,,,,,,,,,,
14471,Tropical Montane,Dry,South-Eastern Asia,Parkland,0.59,0.2478,0.9322,,,,,,,,,,,,,
14472,Tropical Montane,Dry,South-Eastern Asia,Shaded Perennial,2.4,1.824,2.976,,,,,,,,,,,,,
14473,Tropical Montane,Dry,South-Eastern Asia,Silvoarable,2.26,1.0396,3.4804,,,,,,,,,,,,,
14474,Tropical Montane,Dry,South-Eastern Asia,Silvopasture,2.62,0.9694,4.2706,,,,,,,,,,,,,
14475,Tropical Montane,Dry,South-Eastern Asia,Oil Palm,2.4,1.416,3.384,,,,,,,,,,,,,
14476,Tropical Montane,Dry,South-Eastern Asia,Rubber,3,2.61,3.39,,,,,,,,,,,,,
14477,Tropical Montane,Dry,South-Eastern Asia,Tea,0.7,0.525,0.875,,,,,,,,,,,,,
14478,Tropical Montane,Dry,Southern Asia,Agroforestry - Default,2.3225,0.580625,4.064375,,,,,,,,,,,,,
14479,Tropical Montane,Dry,Southern Asia,Alley Cropping,2.37,2.0619,2.6781,,,,,,,,,,,,,
14480,Tropical Montane,Dry,Southern Asia,Perennial Fallow,4.42,3.757,5.083,,,,,,,,,,,,,
14481,Tropical Montane,Dry,Southern Asia,Hedgerow,0.67,0.3417,0.9983,,,,,,,,,,,,,
14482,Tropical Montane,Dry,Southern Asia,Multistrata,3.25,2.5675,3.9325,,,,,,,,,,,,,
14483,Tropical Montane,Dry,Southern Asia,Parkland,0.59,0.2478,0.9322,,,,,,,,,,,,,
14484,Tropical Montane,Dry,Southern Asia,Shaded Perennial,2.4,1.824,2.976,,,,,,,,,,,,,
14485,Tropical Montane,Dry,Southern Asia,Silvoarable,2.26,1.0396,3.4804,,,,,,,,,,,,,
14486,Tropical Montane,Dry,Southern Asia,Silvopasture,2.62,0.9694,4.2706,,,,,,,,,,,,,
14487,Tropical Montane,Dry,Southern Asia,Oil Palm,2.4,1.416,3.384,,,,,,,,,,,,,
14488,Tropical Montane,Dry,Southern Asia,Rubber,3,2.61,3.39,,,,,,,,,,,,,
14489,Tropical Montane,Dry,Southern Asia,Tea,0.7,0.525,0.875,,,,,,,,,,,,,
14490,Tropical Montane,Dry,Western Asia,Agroforestry - Default,2.3225,0.580625,4.064375,,,,,,,,,,,,,
14491,Tropical Montane,Dry,Western Asia,Alley Cropping,2.37,2.0619,2.6781,,,,,,,,,,,,,
14492,Tropical Montane,Dry,Western Asia,Perennial Fallow,4.42,3.757,5.083,,,,,,,,,,,,,
14493,Tropical Montane,Dry,Western Asia,Hedgerow,0.67,0.3417,0.9983,,,,,,,,,,,,,
14494,Tropical Montane,Dry,Western Asia,Multistrata,3.25,2.5675,3.9325,,,,,,,,,,,,,
14495,Tropical Montane,Dry,Western Asia,Parkland,0.59,0.2478,0.9322,,,,,,,,,,,,,
14496,Tropical Montane,Dry,Western Asia,Shaded Perennial,2.4,1.824,2.976,,,,,,,,,,,,,
14497,Tropical Montane,Dry,Western Asia,Silvoarable,2.26,1.0396,3.4804,,,,,,,,,,,,,
14498,Tropical Montane,Dry,Western Asia,Silvopasture,2.62,0.9694,4.2706,,,,,,,,,,,,,
14499,Tropical Montane,Dry,Western Asia,Oil Palm,2.4,1.416,3.384,,,,,,,,,,,,,
14500,Tropical Montane,Dry,Western Asia,Rubber,3,2.61,3.39,,,,,,,,,,,,,
14501,Tropical Montane,Dry,Western Asia,Tea,0.7,0.525,0.875,,,,,,,,,,,,,
14502,Tropical Montane,Dry,Europe,Agroforestry - Default,2.3225,0.580625,4.064375,,,,,,,,,,,,,
14503,Tropical Montane,Dry,Europe,Alley Cropping,2.37,2.0619,2.6781,,,,,,,,,,,,,
14504,Tropical Montane,Dry,Europe,Perennial Fallow,4.42,3.757,5.083,,,,,,,,,,,,,
14505,Tropical Montane,Dry,Europe,Hedgerow,0.67,0.3417,0.9983,,,,,,,,,,,,,
14506,Tropical Montane,Dry,Europe,Multistrata,3.25,2.5675,3.9325,,,,,,,,,,,,,
14507,Tropical Montane,Dry,Europe,Parkland,0.59,0.2478,0.9322,,,,,,,,,,,,,
14508,Tropical Montane,Dry,Europe,Shaded Perennial,2.4,1.824,2.976,,,,,,,,,,,,,
14509,Tropical Montane,Dry,Europe,Silvoarable,2.26,1.0396,3.4804,,,,,,,,,,,,,
14510,Tropical Montane,Dry,Europe,Silvopasture,2.62,0.9694,4.2706,,,,,,,,,,,,,
14511,Tropical Montane,Dry,Europe,Oil Palm,2.4,1.416,3.384,,,,,,,,,,,,,
14512,Tropical Montane,Dry,Europe,Rubber,3,2.61,3.39,,,,,,,,,,,,,
14513,Tropical Montane,Dry,Europe,Tea,0.7,0.525,0.875,,,,,,,,,,,,,
14514,Tropical Montane,Dry,Oceania,Agroforestry - Default,2.3225,0.580625,4.064375,,,,,,,,,,,,,
14515,Tropical Montane,Dry,Oceania,Alley Cropping,2.37,2.0619,2.6781,,,,,,,,,,,,,
14516,Tropical Montane,Dry,Oceania,Perennial Fallow,4.42,3.757,5.083,,,,,,,,,,,,,
14517,Tropical Montane,Dry,Oceania,Hedgerow,0.67,0.3417,0.9983,,,,,,,,,,,,,
14518,Tropical Montane,Dry,Oceania,Multistrata,3.25,2.5675,3.9325,,,,,,,,,,,,,
14519,Tropical Montane,Dry,Oceania,Parkland,0.59,0.2478,0.9322,,,,,,,,,,,,,
14520,Tropical Montane,Dry,Oceania,Shaded Perennial,2.4,1.824,2.976,,,,,,,,,,,,,
14521,Tropical Montane,Dry,Oceania,Silvoarable,2.26,1.0396,3.4804,,,,,,,,,,,,,
14522,Tropical Montane,Dry,Oceania,Silvopasture,2.62,0.9694,4.2706,,,,,,,,,,,,,
14523,Tropical Montane,Dry,Oceania,Oil Palm,2.4,1.416,3.384,,,,,,,,,,,,,
14524,Tropical Montane,Dry,Oceania,Rubber,3,2.61,3.39,,,,,,,,,,,,,
14525,Tropical Montane,Dry,Oceania,Tea,0.7,0.525,0.875,,,,,,,,,,,,,
14526,Tropical Montane,Dry,North America,Agroforestry - Default,2.3225,0.580625,4.064375,,,,,,,,,,,,,
14527,Tropical Montane,Dry,North America,Alley Cropping,2.37,2.0619,2.6781,,,,,,,,,,,,,
14528,Tropical Montane,Dry,North America,Perennial Fallow,4.42,3.757,5.083,,,,,,,,,,,,,
14529,Tropical Montane,Dry,North America,Hedgerow,0.67,0.3417,0.9983,,,,,,,,,,,,,
14530,Tropical Montane,Dry,North America,Multistrata,3.25,2.5675,3.9325,,,,,,,,,,,,,
14531,Tropical Montane,Dry,North America,Parkland,0.59,0.2478,0.9322,,,,,,,,,,,,,
14532,Tropical Montane,Dry,North America,Shaded Perennial,2.4,1.824,2.976,,,,,,,,,,,,,
14533,Tropical Montane,Dry,North America,Silvoarable,2.26,1.0396,3.4804,,,,,,,,,,,,,
14534,Tropical Montane,Dry,North America,Silvopasture,2.62,0.9694,4.2706,,,,,,,,,,,,,
14535,Tropical Montane,Dry,North America,Oil Palm,2.4,1.416,3.384,,,,,,,,,,,,,
14536,Tropical Montane,Dry,North America,Rubber,3,2.61,3.39,,,,,,,,,,,,,
14537,Tropical Montane,Dry,North America,Tea,0.7,0.525,0.875,,,,,,,,,,,,,
14538,Tropical Montane,Dry,South America,Agroforestry - Default,2.3225,0.580625,4.064375,,,,,,,,,,,,,
14539,Tropical Montane,Dry,South America,Alley Cropping,2.37,2.0619,2.6781,,,,,,,,,,,,,
14540,Tropical Montane,Dry,South America,Perennial Fallow,4.42,3.757,5.083,,,,,,,,,,,,,
14541,Tropical Montane,Dry,South America,Hedgerow,0.67,0.3417,0.9983,,,,,,,,,,,,,
14542,Tropical Montane,Dry,South America,Multistrata,3.25,2.5675,3.9325,,,,,,,,,,,,,
14543,Tropical Montane,Dry,South America,Parkland,0.59,0.2478,0.9322,,,,,,,,,,,,,
14544,Tropical Montane,Dry,South America,Shaded Perennial,2.4,1.824,2.976,,,,,,,,,,,,,
14545,Tropical Montane,Dry,South America,Silvoarable,2.26,1.0396,3.4804,,,,,,,,,,,,,
14546,Tropical Montane,Dry,South America,Silvopasture,2.62,0.9694,4.2706,,,,,,,,,,,,,
14547,Tropical Montane,Dry,South America,Oil Palm,2.4,1.416,3.384,,,,,,,,,,,,,
14548,Tropical Montane,Dry,South America,Rubber,3,2.61,3.39,,,,,,,,,,,,,
14549,Tropical Montane,Dry,South America,Tea,0.7,0.525,0.875,,,,,,,,,,,,,
14550,Tropical Montane,Dry,Central America,Agroforestry - Default,2.3225,0.580625,4.064375,,,,,,,,,,,,,
14551,Tropical Montane,Dry,Central America,Alley Cropping,2.37,2.0619,2.6781,,,,,,,,,,,,,
14552,Tropical Montane,Dry,Central America,Perennial Fallow,4.42,3.757,5.083,,,,,,,,,,,,,
14553,Tropical Montane,Dry,Central America,Hedgerow,0.67,0.3417,0.9983,,,,,,,,,,,,,
14554,Tropical Montane,Dry,Central America,Multistrata,3.25,2.5675,3.9325,,,,,,,,,,,,,
14555,Tropical Montane,Dry,Central America,Parkland,0.59,0.2478,0.9322,,,,,,,,,,,,,
14556,Tropical Montane,Dry,Central America,Shaded Perennial,2.4,1.824,2.976,,,,,,,,,,,,,
14557,Tropical Montane,Dry,Central America,Silvoarable,2.26,1.0396,3.4804,,,,,,,,,,,,,
14558,Tropical Montane,Dry,Central America,Silvopasture,2.62,0.9694,4.2706,,,,,,,,,,,,,
14559,Tropical Montane,Dry,Central America,Oil Palm,2.4,1.416,3.384,,,,,,,,,,,,,
14560,Tropical Montane,Dry,Central America,Rubber,3,2.61,3.39,,,,,,,,,,,,,
14561,Tropical Montane,Dry,Central America,Tea,0.7,0.525,0.875,,,,,,,,,,,,,
14562,Tropical Montane,Dry,Caribbean,Agroforestry - Default,2.3225,0.580625,4.064375,,,,,,,,,,,,,
14563,Tropical Montane,Dry,Caribbean,Alley Cropping,2.37,2.0619,2.6781,,,,,,,,,,,,,
14564,Tropical Montane,Dry,Caribbean,Perennial Fallow,4.42,3.757,5.083,,,,,,,,,,,,,
14565,Tropical Montane,Dry,Caribbean,Hedgerow,0.67,0.3417,0.9983,,,,,,,,,,,,,
14566,Tropical Montane,Dry,Caribbean,Multistrata,3.25,2.5675,3.9325,,,,,,,,,,,,,
14567,Tropical Montane,Dry,Caribbean,Parkland,0.59,0.2478,0.9322,,,,,,,,,,,,,
14568,Tropical Montane,Dry,Caribbean,Shaded Perennial,2.4,1.824,2.976,,,,,,,,,,,,,
14569,Tropical Montane,Dry,Caribbean,Silvoarable,2.26,1.0396,3.4804,,,,,,,,,,,,,
14570,Tropical Montane,Dry,Caribbean,Silvopasture,2.62,0.9694,4.2706,,,,,,,,,,,,,
14571,Tropical Montane,Dry,Caribbean,Oil Palm,2.4,1.416,3.384,,,,,,,,,,,,,
14572,Tropical Montane,Dry,Caribbean,Rubber,3,2.61,3.39,,,,,,,,,,,,,
14573,Tropical Montane,Dry,Caribbean,Tea,0.7,0.525,0.875,,,,,,,,,,,,,
14574,Tropical,Wet,Eastern Africa,Agroforestry - Default,2.35375,0.5884375,4.1190625,,,,,,,,,,,,,
14575,Tropical,Wet,Eastern Africa,Alley Cropping,1.88,0.9212,2.8388,,,,,,,,,,,,,
14576,Tropical,Wet,Eastern Africa,Perennial Fallow,6.21,2.9187,9.5013,,,,,,,,,,,,,
14577,Tropical,Wet,Eastern Africa,Hedgerow,0.43,0.1075,0.7525,,,,,,,,,,,,,
14578,Tropical,Wet,Eastern Africa,Multistrata,2.89,0.7225,5.0575,,,,,,,,,,,,,
14579,Tropical,Wet,Eastern Africa,Parkland,0.59,0.2478,0.9322,,,,,,,,,,,,,
14580,Tropical,Wet,Eastern Africa,Shaded Perennial,3.16,0.79,5.53,,,,,,,,,,,,,
14581,Tropical,Wet,Eastern Africa,Silvoarable,3.61,2.4187,4.8013,,,,,,,,,,,,,
14582,Tropical,Wet,Eastern Africa,Silvopasture,0.06,0.015,0.105,,,,,,,,,,,,,
14583,Tropical,Wet,Eastern Africa,Oil Palm,2.4,1.416,3.384,,,,,,,,,,,,,
14584,Tropical,Wet,Eastern Africa,Rubber,3,2.61,3.39,,,,,,,,,,,,,
14585,Tropical,Wet,Eastern Africa,Tea,0.7,0.525,0.875,,,,,,,,,,,,,
14586,Tropical,Wet,Central Africa,Agroforestry - Default,2.35375,0.5884375,4.1190625,,,,,,,,,,,,,
14587,Tropical,Wet,Central Africa,Alley Cropping,1.88,0.9212,2.8388,,,,,,,,,,,,,
14588,Tropical,Wet,Central Africa,Perennial Fallow,6.21,2.9187,9.5013,,,,,,,,,,,,,
14589,Tropical,Wet,Central Africa,Hedgerow,0.43,0.1075,0.7525,,,,,,,,,,,,,
14590,Tropical,Wet,Central Africa,Multistrata,2.89,0.7225,5.0575,,,,,,,,,,,,,
14591,Tropical,Wet,Central Africa,Parkland,0.59,0.2478,0.9322,,,,,,,,,,,,,
14592,Tropical,Wet,Central Africa,Shaded Perennial,3.16,0.79,5.53,,,,,,,,,,,,,
14593,Tropical,Wet,Central Africa,Silvoarable,3.61,2.4187,4.8013,,,,,,,,,,,,,
14594,Tropical,Wet,Central Africa,Silvopasture,0.06,0.015,0.105,,,,,,,,,,,,,
14595,Tropical,Wet,Central Africa,Oil Palm,2.4,1.416,3.384,,,,,,,,,,,,,
14596,Tropical,Wet,Central Africa,Rubber,3,2.61,3.39,,,,,,,,,,,,,
14597,Tropical,Wet,Central Africa,Tea,0.7,0.525,0.875,,,,,,,,,,,,,
14598,Tropical,Wet,Northern Africa,Agroforestry - Default,2.35375,0.5884375,4.1190625,,,,,,,,,,,,,
14599,Tropical,Wet,Northern Africa,Alley Cropping,1.88,0.9212,2.8388,,,,,,,,,,,,,
14600,Tropical,Wet,Northern Africa,Perennial Fallow,6.21,2.9187,9.5013,,,,,,,,,,,,,
14601,Tropical,Wet,Northern Africa,Hedgerow,0.43,0.1075,0.7525,,,,,,,,,,,,,
14602,Tropical,Wet,Northern Africa,Multistrata,2.89,0.7225,5.0575,,,,,,,,,,,,,
14603,Tropical,Wet,Northern Africa,Parkland,0.59,0.2478,0.9322,,,,,,,,,,,,,
14604,Tropical,Wet,Northern Africa,Shaded Perennial,3.16,0.79,5.53,,,,,,,,,,,,,
14605,Tropical,Wet,Northern Africa,Silvoarable,3.61,2.4187,4.8013,,,,,,,,,,,,,
14606,Tropical,Wet,Northern Africa,Silvopasture,0.06,0.015,0.105,,,,,,,,,,,,,
14607,Tropical,Wet,Northern Africa,Oil Palm,2.4,1.416,3.384,,,,,,,,,,,,,
14608,Tropical,Wet,Northern Africa,Rubber,3,2.61,3.39,,,,,,,,,,,,,
14609,Tropical,Wet,Northern Africa,Tea,0.7,0.525,0.875,,,,,,,,,,,,,
14610,Tropical,Wet,Southern Africa,Agroforestry - Default,2.35375,0.5884375,4.1190625,,,,,,,,,,,,,
14611,Tropical,Wet,Southern Africa,Alley Cropping,1.88,0.9212,2.8388,,,,,,,,,,,,,
14612,Tropical,Wet,Southern Africa,Perennial Fallow,6.21,2.9187,9.5013,,,,,,,,,,,,,
14613,Tropical,Wet,Southern Africa,Hedgerow,0.43,0.1075,0.7525,,,,,,,,,,,,,
14614,Tropical,Wet,Southern Africa,Multistrata,2.89,0.7225,5.0575,,,,,,,,,,,,,
14615,Tropical,Wet,Southern Africa,Parkland,0.59,0.2478,0.9322,,,,,,,,,,,,,
14616,Tropical,Wet,Southern Africa,Shaded Perennial,3.16,0.79,5.53,,,,,,,,,,,,,
14617,Tropical,Wet,Southern Africa,Silvoarable,3.61,2.4187,4.8013,,,,,,,,,,,,,
14618,Tropical,Wet,Southern Africa,Silvopasture,0.06,0.015,0.105,,,,,,,,,,,,,
14619,Tropical,Wet,Southern Africa,Oil Palm,2.4,1.416,3.384,,,,,,,,,,,,,
14620,Tropical,Wet,Southern Africa,Rubber,3,2.61,3.39,,,,,,,,,,,,,
14621,Tropical,Wet,Southern Africa,Tea,0.7,0.525,0.875,,,,,,,,,,,,,
14622,Tropical,Wet,Western Africa,Agroforestry - Default,2.35375,0.5884375,4.1190625,,,,,,,,,,,,,
14623,Tropical,Wet,Western Africa,Alley Cropping,1.88,0.9212,2.8388,,,,,,,,,,,,,
14624,Tropical,Wet,Western Africa,Perennial Fallow,6.21,2.9187,9.5013,,,,,,,,,,,,,
14625,Tropical,Wet,Western Africa,Hedgerow,0.43,0.1075,0.7525,,,,,,,,,,,,,
14626,Tropical,Wet,Western Africa,Multistrata,2.89,0.7225,5.0575,,,,,,,,,,,,,
14627,Tropical,Wet,Western Africa,Parkland,0.59,0.2478,0.9322,,,,,,,,,,,,,
14628,Tropical,Wet,Western Africa,Shaded Perennial,3.16,0.79,5.53,,,,,,,,,,,,,
14629,Tropical,Wet,Western Africa,Silvoarable,3.61,2.4187,4.8013,,,,,,,,,,,,,
14630,Tropical,Wet,Western Africa,Silvopasture,0.06,0.015,0.105,,,,,,,,,,,,,
14631,Tropical,Wet,Western Africa,Oil Palm,2.4,1.416,3.384,,,,,,,,,,,,,
14632,Tropical,Wet,Western Africa,Rubber,3,2.61,3.39,,,,,,,,,,,,,
14633,Tropical,Wet,Western Africa,Tea,0.7,0.525,0.875,,,,,,,,,,,,,
14634,Tropical,Wet,Central Asia,Agroforestry - Default,1.89875,0.4746875,3.3228125,,,,,,,,,,,,,
14635,Tropical,Wet,Central Asia,Alley Cropping,1.88,0.9212,2.8388,,,,,,,,,,,,,
14636,Tropical,Wet,Central Asia,Perennial Fallow,2,0.5,3.5,,,,,,,,,,,,,
14637,Tropical,Wet,Central Asia,Hedgerow,0.43,0.1075,0.7525,,,,,,,,,,,,,
14638,Tropical,Wet,Central Asia,Multistrata,4.83,2.415,7.245,,,,,,,,,,,,,
14639,Tropical,Wet,Central Asia,Parkland,0.59,0.2478,0.9322,,,,,,,,,,,,,
14640,Tropical,Wet,Central Asia,Shaded Perennial,1.79,0.4475,3.1325,,,,,,,,,,,,,
14641,Tropical,Wet,Central Asia,Silvoarable,3.61,2.4187,4.8013,,,,,,,,,,,,,
14642,Tropical,Wet,Central Asia,Silvopasture,0.06,0.015,0.105,,,,,,,,,,,,,
14643,Tropical,Wet,Central Asia,Oil Palm,2.4,1.416,3.384,,,,,,,,,,,,,
14644,Tropical,Wet,Central Asia,Rubber,3,2.61,3.39,,,,,,,,,,,,,
14645,Tropical,Wet,Central Asia,Tea,0.7,0.525,0.875,,,,,,,,,,,,,
14646,Tropical,Wet,Eastern Asia,Agroforestry - Default,1.89875,0.4746875,3.3228125,,,,,,,,,,,,,
14647,Tropical,Wet,Eastern Asia,Alley Cropping,1.88,0.9212,2.8388,,,,,,,,,,,,,
14648,Tropical,Wet,Eastern Asia,Perennial Fallow,2,0.5,3.5,,,,,,,,,,,,,
14649,Tropical,Wet,Eastern Asia,Hedgerow,0.43,0.1075,0.7525,,,,,,,,,,,,,
14650,Tropical,Wet,Eastern Asia,Multistrata,4.83,2.415,7.245,,,,,,,,,,,,,
14651,Tropical,Wet,Eastern Asia,Parkland,0.59,0.2478,0.9322,,,,,,,,,,,,,
14652,Tropical,Wet,Eastern Asia,Shaded Perennial,1.79,0.4475,3.1325,,,,,,,,,,,,,
14653,Tropical,Wet,Eastern Asia,Silvoarable,3.61,2.4187,4.8013,,,,,,,,,,,,,
14654,Tropical,Wet,Eastern Asia,Silvopasture,0.06,0.015,0.105,,,,,,,,,,,,,
14655,Tropical,Wet,Eastern Asia,Oil Palm,2.4,1.416,3.384,,,,,,,,,,,,,
14656,Tropical,Wet,Eastern Asia,Rubber,3,2.61,3.39,,,,,,,,,,,,,
14657,Tropical,Wet,Eastern Asia,Tea,0.7,0.525,0.875,,,,,,,,,,,,,
14658,Tropical,Wet,South-Eastern Asia,Agroforestry - Default,1.89875,0.4746875,3.3228125,,,,,,,,,,,,,
14659,Tropical,Wet,South-Eastern Asia,Alley Cropping,1.88,0.9212,2.8388,,,,,,,,,,,,,
14660,Tropical,Wet,South-Eastern Asia,Perennial Fallow,2,0.5,3.5,,,,,,,,,,,,,
14661,Tropical,Wet,South-Eastern Asia,Hedgerow,0.43,0.1075,0.7525,,,,,,,,,,,,,
14662,Tropical,Wet,South-Eastern Asia,Multistrata,4.83,2.415,7.245,,,,,,,,,,,,,
14663,Tropical,Wet,South-Eastern Asia,Parkland,0.59,0.2478,0.9322,,,,,,,,,,,,,
14664,Tropical,Wet,South-Eastern Asia,Shaded Perennial,1.79,0.4475,3.1325,,,,,,,,,,,,,
14665,Tropical,Wet,South-Eastern Asia,Silvoarable,3.61,2.4187,4.8013,,,,,,,,,,,,,
14666,Tropical,Wet,South-Eastern Asia,Silvopasture,0.06,0.015,0.105,,,,,,,,,,,,,
14667,Tropical,Wet,South-Eastern Asia,Oil Palm,2.4,1.416,3.384,,,,,,,,,,,,,
14668,Tropical,Wet,South-Eastern Asia,Rubber,3,2.61,3.39,,,,,,,,,,,,,
14669,Tropical,Wet,South-Eastern Asia,Tea,0.7,0.525,0.875,,,,,,,,,,,,,
14670,Tropical,Wet,Southern Asia,Agroforestry - Default,1.89875,0.4746875,3.3228125,,,,,,,,,,,,,
14671,Tropical,Wet,Southern Asia,Alley Cropping,1.88,0.9212,2.8388,,,,,,,,,,,,,
14672,Tropical,Wet,Southern Asia,Perennial Fallow,2,0.5,3.5,,,,,,,,,,,,,
14673,Tropical,Wet,Southern Asia,Hedgerow,0.43,0.1075,0.7525,,,,,,,,,,,,,
14674,Tropical,Wet,Southern Asia,Multistrata,4.83,2.415,7.245,,,,,,,,,,,,,
14675,Tropical,Wet,Southern Asia,Parkland,0.59,0.2478,0.9322,,,,,,,,,,,,,
14676,Tropical,Wet,Southern Asia,Shaded Perennial,1.79,0.4475,3.1325,,,,,,,,,,,,,
14677,Tropical,Wet,Southern Asia,Silvoarable,3.61,2.4187,4.8013,,,,,,,,,,,,,
14678,Tropical,Wet,Southern Asia,Silvopasture,0.06,0.015,0.105,,,,,,,,,,,,,
14679,Tropical,Wet,Southern Asia,Oil Palm,2.4,1.416,3.384,,,,,,,,,,,,,
14680,Tropical,Wet,Southern Asia,Rubber,3,2.61,3.39,,,,,,,,,,,,,
14681,Tropical,Wet,Southern Asia,Tea,0.7,0.525,0.875,,,,,,,,,,,,,
14682,Tropical,Wet,Western Asia,Agroforestry - Default,1.89875,0.4746875,3.3228125,,,,,,,,,,,,,
14683,Tropical,Wet,Western Asia,Alley Cropping,1.88,0.9212,2.8388,,,,,,,,,,,,,
14684,Tropical,Wet,Western Asia,Perennial Fallow,2,0.5,3.5,,,,,,,,,,,,,
14685,Tropical,Wet,Western Asia,Hedgerow,0.43,0.1075,0.7525,,,,,,,,,,,,,
14686,Tropical,Wet,Western Asia,Multistrata,4.83,2.415,7.245,,,,,,,,,,,,,
14687,Tropical,Wet,Western Asia,Parkland,0.59,0.2478,0.9322,,,,,,,,,,,,,
14688,Tropical,Wet,Western Asia,Shaded Perennial,1.79,0.4475,3.1325,,,,,,,,,,,,,
14689,Tropical,Wet,Western Asia,Silvoarable,3.61,2.4187,4.8013,,,,,,,,,,,,,
14690,Tropical,Wet,Western Asia,Silvopasture,0.06,0.015,0.105,,,,,,,,,,,,,
14691,Tropical,Wet,Western Asia,Oil Palm,2.4,1.416,3.384,,,,,,,,,,,,,
14692,Tropical,Wet,Western Asia,Rubber,3,2.61,3.39,,,,,,,,,,,,,
14693,Tropical,Wet,Western Asia,Tea,0.7,0.525,0.875,,,,,,,,,,,,,
14694,Tropical,Wet,Europe,Agroforestry - Default,2.09625,0.5240625,3.6684375,,,,,,,,,,,,,
14695,Tropical,Wet,Europe,Alley Cropping,1.88,0.9212,2.8388,,,,,,,,,,,,,
14696,Tropical,Wet,Europe,Perennial Fallow,4.59,2.5245,6.6555,,,,,,,,,,,,,
14697,Tropical,Wet,Europe,Hedgerow,0.43,0.1075,0.7525,,,,,,,,,,,,,
14698,Tropical,Wet,Europe,Multistrata,3.25,2.2425,4.2575,,,,,,,,,,,,,
14699,Tropical,Wet,Europe,Parkland,0.59,0.2478,0.9322,,,,,,,,,,,,,
14700,Tropical,Wet,Europe,Shaded Perennial,2.36,1.6756,3.0444,,,,,,,,,,,,,
14701,Tropical,Wet,Europe,Silvoarable,3.61,2.4187,4.8013,,,,,,,,,,,,,
14702,Tropical,Wet,Europe,Silvopasture,0.06,0.015,0.105,,,,,,,,,,,,,
14703,Tropical,Wet,Europe,Oil Palm,2.4,1.416,3.384,,,,,,,,,,,,,
14704,Tropical,Wet,Europe,Rubber,3,2.61,3.39,,,,,,,,,,,,,
14705,Tropical,Wet,Europe,Tea,0.7,0.525,0.875,,,,,,,,,,,,,
14706,Tropical,Wet,Oceania,Agroforestry - Default,2.09625,0.5240625,3.6684375,,,,,,,,,,,,,
14707,Tropical,Wet,Oceania,Alley Cropping,1.88,0.9212,2.8388,,,,,,,,,,,,,
14708,Tropical,Wet,Oceania,Perennial Fallow,4.59,2.5245,6.6555,,,,,,,,,,,,,
14709,Tropical,Wet,Oceania,Hedgerow,0.43,0.1075,0.7525,,,,,,,,,,,,,
14710,Tropical,Wet,Oceania,Multistrata,3.25,2.2425,4.2575,,,,,,,,,,,,,
14711,Tropical,Wet,Oceania,Parkland,0.59,0.2478,0.9322,,,,,,,,,,,,,
14712,Tropical,Wet,Oceania,Shaded Perennial,2.36,1.6756,3.0444,,,,,,,,,,,,,
14713,Tropical,Wet,Oceania,Silvoarable,3.61,2.4187,4.8013,,,,,,,,,,,,,
14714,Tropical,Wet,Oceania,Silvopasture,0.06,0.015,0.105,,,,,,,,,,,,,
14715,Tropical,Wet,Oceania,Oil Palm,2.4,1.416,3.384,,,,,,,,,,,,,
14716,Tropical,Wet,Oceania,Rubber,3,2.61,3.39,,,,,,,,,,,,,
14717,Tropical,Wet,Oceania,Tea,0.7,0.525,0.875,,,,,,,,,,,,,
14718,Tropical,Wet,North America,Agroforestry - Default,2.09625,0.5240625,3.6684375,,,,,,,,,,,,,
14719,Tropical,Wet,North America,Alley Cropping,1.88,0.9212,2.8388,,,,,,,,,,,,,
14720,Tropical,Wet,North America,Perennial Fallow,4.59,2.5245,6.6555,,,,,,,,,,,,,
14721,Tropical,Wet,North America,Hedgerow,0.43,0.1075,0.7525,,,,,,,,,,,,,
14722,Tropical,Wet,North America,Multistrata,3.25,0.8125,5.6875,,,,,,,,,,,,,
14723,Tropical,Wet,North America,Parkland,0.59,0.2478,0.9322,,,,,,,,,,,,,
14724,Tropical,Wet,North America,Shaded Perennial,2.36,1.6756,3.0444,,,,,,,,,,,,,
14725,Tropical,Wet,North America,Silvoarable,3.61,2.4187,4.8013,,,,,,,,,,,,,
14726,Tropical,Wet,North America,Silvopasture,0.06,0.015,0.105,,,,,,,,,,,,,
14727,Tropical,Wet,North America,Oil Palm,2.4,1.416,3.384,,,,,,,,,,,,,
14728,Tropical,Wet,North America,Rubber,3,2.61,3.39,,,,,,,,,,,,,
14729,Tropical,Wet,North America,Tea,0.7,0.525,0.875,,,,,,,,,,,,,
14730,Tropical,Wet,South America,Agroforestry - Default,2.11125,0.5278125,3.6946875,,,,,,,,,,,,,
14731,Tropical,Wet,South America,Alley Cropping,1.88,0.9212,2.8388,,,,,,,,,,,,,
14732,Tropical,Wet,South America,Perennial Fallow,4.76,1.19,8.33,,,,,,,,,,,,,
14733,Tropical,Wet,South America,Hedgerow,0.43,0.1075,0.7525,,,,,,,,,,,,,
14734,Tropical,Wet,South America,Multistrata,2.6,1.508,3.692,,,,,,,,,,,,,
14735,Tropical,Wet,South America,Parkland,0.59,0.2478,0.9322,,,,,,,,,,,,,
14736,Tropical,Wet,South America,Shaded Perennial,2.96,0.74,5.18,,,,,,,,,,,,,
14737,Tropical,Wet,South America,Silvoarable,3.61,2.4187,4.8013,,,,,,,,,,,,,
14738,Tropical,Wet,South America,Silvopasture,0.06,0.015,0.105,,,,,,,,,,,,,
14739,Tropical,Wet,South America,Oil Palm,2.4,1.416,3.384,,,,,,,,,,,,,
14740,Tropical,Wet,South America,Rubber,3,2.61,3.39,,,,,,,,,,,,,
14741,Tropical,Wet,South America,Tea,0.7,0.525,0.875,,,,,,,,,,,,,
14742,Tropical,Wet,Central America,Agroforestry - Default,2.08625,0.5215625,3.6509375,,,,,,,,,,,,,
14743,Tropical,Wet,Central America,Alley Cropping,1.88,0.9212,2.8388,,,,,,,,,,,,,
14744,Tropical,Wet,Central America,Perennial Fallow,4.59,2.5245,6.6555,,,,,,,,,,,,,
14745,Tropical,Wet,Central America,Hedgerow,0.43,0.1075,0.7525,,,,,,,,,,,,,
14746,Tropical,Wet,Central America,Multistrata,3.25,0.8125,5.6875,,,,,,,,,,,,,
14747,Tropical,Wet,Central America,Parkland,0.59,0.2478,0.9322,,,,,,,,,,,,,
14748,Tropical,Wet,Central America,Shaded Perennial,2.28,1.3224,3.2376,,,,,,,,,,,,,
14749,Tropical,Wet,Central America,Silvoarable,3.61,2.4187,4.8013,,,,,,,,,,,,,
14750,Tropical,Wet,Central America,Silvopasture,0.06,0.015,0.105,,,,,,,,,,,,,
14751,Tropical,Wet,Central America,Oil Palm,2.4,1.416,3.384,,,,,,,,,,,,,
14752,Tropical,Wet,Central America,Rubber,3,2.61,3.39,,,,,,,,,,,,,
14753,Tropical,Wet,Central America,Tea,0.7,0.525,0.875,,,,,,,,,,,,,
14754,Tropical,Wet,Caribbean,Agroforestry - Default,2.09625,0.5240625,3.6684375,,,,,,,,,,,,,
14755,Tropical,Wet,Caribbean,Alley Cropping,1.88,0.9212,2.8388,,,,,,,,,,,,,
14756,Tropical,Wet,Caribbean,Perennial Fallow,4.59,2.5245,6.6555,,,,,,,,,,,,,
14757,Tropical,Wet,Caribbean,Hedgerow,0.43,0.1075,0.7525,,,,,,,,,,,,,
14758,Tropical,Wet,Caribbean,Multistrata,3.25,2.2425,4.2575,,,,,,,,,,,,,
14759,Tropical,Wet,Caribbean,Parkland,0.59,0.2478,0.9322,,,,,,,,,,,,,
14760,Tropical,Wet,Caribbean,Shaded Perennial,2.36,1.6756,3.0444,,,,,,,,,,,,,
14761,Tropical,Wet,Caribbean,Silvoarable,3.61,2.4187,4.8013,,,,,,,,,,,,,
14762,Tropical,Wet,Caribbean,Silvopasture,0.06,0.015,0.105,,,,,,,,,,,,,
14763,Tropical,Wet,Caribbean,Oil Palm,2.4,1.416,3.384,,,,,,,,,,,,,
14764,Tropical,Wet,Caribbean,Rubber,3,2.61,3.39,,,,,,,,,,,,,
14765,Tropical,Wet,Caribbean,Tea,0.7,0.525,0.875,,,,,,,,,,,,,
14766,Boreal,Dry,Eastern Africa,Agroforestry - Default,1.37,0.6302,2.1098,,,,,,,,,,,,,
14767,Boreal,Dry,Eastern Africa,Hedgerow,0.87,0.4437,1.2963,,,,,,,,,,,,,
14768,Boreal,Dry,Eastern Africa,Silvoarable,0.91,0.4186,1.4014,,,,,,,,,,,,,
14769,Boreal,Dry,Eastern Africa,Silvopasture,2.33,1.1184,3.5416,,,,,,,,,,,,,
14770,Boreal,Dry,Eastern Africa,Olive,0.46,0.3358,0.5842,,,,,,,,,,,,,
14771,Boreal,Dry,Eastern Africa,Orchard,0.43,0.2322,0.6278,,,,,,,,,,,,,
14772,Boreal,Dry,Eastern Africa,Vine,0.28,0.2072,0.3528,,,,,,,,,,,,,
14773,Boreal,Dry,Eastern Africa,Short Rotation Coppice,3.2,1.92,4.48,,,,,,,,,,,,,
14774,Boreal,Dry,Eastern Africa,Tea,0.7,0.525,0.875,,,,,,,,,,,,,
14775,Boreal,Dry,Central Africa,Agroforestry - Default,1.37,0.6302,2.1098,,,,,,,,,,,,,
14776,Boreal,Dry,Central Africa,Hedgerow,0.87,0.4437,1.2963,,,,,,,,,,,,,
14777,Boreal,Dry,Central Africa,Silvoarable,0.91,0.4186,1.4014,,,,,,,,,,,,,
14778,Boreal,Dry,Central Africa,Silvopasture,2.33,1.1184,3.5416,,,,,,,,,,,,,
14779,Boreal,Dry,Central Africa,Olive,0.46,0.3358,0.5842,,,,,,,,,,,,,
14780,Boreal,Dry,Central Africa,Orchard,0.43,0.2322,0.6278,,,,,,,,,,,,,
14781,Boreal,Dry,Central Africa,Vine,0.28,0.2072,0.3528,,,,,,,,,,,,,
14782,Boreal,Dry,Central Africa,Short Rotation Coppice,3.2,1.92,4.48,,,,,,,,,,,,,
14783,Boreal,Dry,Central Africa,Tea,0.7,0.525,0.875,,,,,,,,,,,,,
14784,Boreal,Dry,Northern Africa,Agroforestry - Default,1.37,0.6302,2.1098,,,,,,,,,,,,,
14785,Boreal,Dry,Northern Africa,Hedgerow,0.87,0.4437,1.2963,,,,,,,,,,,,,
14786,Boreal,Dry,Northern Africa,Silvoarable,0.91,0.4186,1.4014,,,,,,,,,,,,,
14787,Boreal,Dry,Northern Africa,Silvopasture,2.33,1.1184,3.5416,,,,,,,,,,,,,
14788,Boreal,Dry,Northern Africa,Olive,0.46,0.3358,0.5842,,,,,,,,,,,,,
14789,Boreal,Dry,Northern Africa,Orchard,0.43,0.2322,0.6278,,,,,,,,,,,,,
14790,Boreal,Dry,Northern Africa,Vine,0.28,0.2072,0.3528,,,,,,,,,,,,,
14791,Boreal,Dry,Northern Africa,Short Rotation Coppice,3.2,1.92,4.48,,,,,,,,,,,,,
14792,Boreal,Dry,Northern Africa,Tea,0.7,0.525,0.875,,,,,,,,,,,,,
14793,Boreal,Dry,Southern Africa,Agroforestry - Default,1.37,0.6302,2.1098,,,,,,,,,,,,,
14794,Boreal,Dry,Southern Africa,Hedgerow,0.87,0.4437,1.2963,,,,,,,,,,,,,
14795,Boreal,Dry,Southern Africa,Silvoarable,0.91,0.4186,1.4014,,,,,,,,,,,,,
14796,Boreal,Dry,Southern Africa,Silvopasture,2.33,1.1184,3.5416,,,,,,,,,,,,,
14797,Boreal,Dry,Southern Africa,Olive,0.46,0.3358,0.5842,,,,,,,,,,,,,
14798,Boreal,Dry,Southern Africa,Orchard,0.43,0.2322,0.6278,,,,,,,,,,,,,
14799,Boreal,Dry,Southern Africa,Vine,0.28,0.2072,0.3528,,,,,,,,,,,,,
14800,Boreal,Dry,Southern Africa,Short Rotation Coppice,3.2,1.92,4.48,,,,,,,,,,,,,
14801,Boreal,Dry,Southern Africa,Tea,0.7,0.525,0.875,,,,,,,,,,,,,
14802,Boreal,Dry,Western Africa,Agroforestry - Default,1.37,0.6302,2.1098,,,,,,,,,,,,,
14803,Boreal,Dry,Western Africa,Hedgerow,0.87,0.4437,1.2963,,,,,,,,,,,,,
14804,Boreal,Dry,Western Africa,Silvoarable,0.91,0.4186,1.4014,,,,,,,,,,,,,
14805,Boreal,Dry,Western Africa,Silvopasture,2.33,1.1184,3.5416,,,,,,,,,,,,,
14806,Boreal,Dry,Western Africa,Olive,0.46,0.3358,0.5842,,,,,,,,,,,,,
14807,Boreal,Dry,Western Africa,Orchard,0.43,0.2322,0.6278,,,,,,,,,,,,,
14808,Boreal,Dry,Western Africa,Vine,0.28,0.2072,0.3528,,,,,,,,,,,,,
14809,Boreal,Dry,Western Africa,Short Rotation Coppice,3.2,1.92,4.48,,,,,,,,,,,,,
14810,Boreal,Dry,Western Africa,Tea,0.7,0.525,0.875,,,,,,,,,,,,,
14811,Boreal,Dry,Central Asia,Agroforestry - Default,1.37,0.6302,2.1098,,,,,,,,,,,,,
14812,Boreal,Dry,Central Asia,Hedgerow,0.87,0.4437,1.2963,,,,,,,,,,,,,
14813,Boreal,Dry,Central Asia,Silvoarable,0.91,0.4186,1.4014,,,,,,,,,,,,,
14814,Boreal,Dry,Central Asia,Silvopasture,2.33,1.1184,3.5416,,,,,,,,,,,,,
14815,Boreal,Dry,Central Asia,Olive,0.46,0.3358,0.5842,,,,,,,,,,,,,
14816,Boreal,Dry,Central Asia,Orchard,0.43,0.2322,0.6278,,,,,,,,,,,,,
14817,Boreal,Dry,Central Asia,Vine,0.28,0.2072,0.3528,,,,,,,,,,,,,
14818,Boreal,Dry,Central Asia,Short Rotation Coppice,3.2,1.92,4.48,,,,,,,,,,,,,
14819,Boreal,Dry,Central Asia,Tea,0.7,0.525,0.875,,,,,,,,,,,,,
14820,Boreal,Dry,Eastern Asia,Agroforestry - Default,1.37,0.6302,2.1098,,,,,,,,,,,,,
14821,Boreal,Dry,Eastern Asia,Hedgerow,0.87,0.4437,1.2963,,,,,,,,,,,,,
14822,Boreal,Dry,Eastern Asia,Silvoarable,0.91,0.4186,1.4014,,,,,,,,,,,,,
14823,Boreal,Dry,Eastern Asia,Silvopasture,2.33,1.1184,3.5416,,,,,,,,,,,,,
14824,Boreal,Dry,Eastern Asia,Olive,0.46,0.3358,0.5842,,,,,,,,,,,,,
14825,Boreal,Dry,Eastern Asia,Orchard,0.43,0.2322,0.6278,,,,,,,,,,,,,
14826,Boreal,Dry,Eastern Asia,Vine,0.28,0.2072,0.3528,,,,,,,,,,,,,
14827,Boreal,Dry,Eastern Asia,Short Rotation Coppice,3.2,1.92,4.48,,,,,,,,,,,,,
14828,Boreal,Dry,Eastern Asia,Tea,0.7,0.525,0.875,,,,,,,,,,,,,
14829,Boreal,Dry,South-Eastern Asia,Agroforestry - Default,1.37,0.6302,2.1098,,,,,,,,,,,,,
14830,Boreal,Dry,South-Eastern Asia,Hedgerow,0.87,0.4437,1.2963,,,,,,,,,,,,,
14831,Boreal,Dry,South-Eastern Asia,Silvoarable,0.91,0.4186,1.4014,,,,,,,,,,,,,
14832,Boreal,Dry,South-Eastern Asia,Silvopasture,2.33,1.1184,3.5416,,,,,,,,,,,,,
14833,Boreal,Dry,South-Eastern Asia,Olive,0.46,0.3358,0.5842,,,,,,,,,,,,,
14834,Boreal,Dry,South-Eastern Asia,Orchard,0.43,0.2322,0.6278,,,,,,,,,,,,,
14835,Boreal,Dry,South-Eastern Asia,Vine,0.28,0.2072,0.3528,,,,,,,,,,,,,
14836,Boreal,Dry,South-Eastern Asia,Short Rotation Coppice,3.2,1.92,4.48,,,,,,,,,,,,,
14837,Boreal,Dry,South-Eastern Asia,Tea,0.7,0.525,0.875,,,,,,,,,,,,,
14838,Boreal,Dry,Southern Asia,Agroforestry - Default,1.37,0.6302,2.1098,,,,,,,,,,,,,
14839,Boreal,Dry,Southern Asia,Hedgerow,0.87,0.4437,1.2963,,,,,,,,,,,,,
14840,Boreal,Dry,Southern Asia,Silvoarable,0.91,0.4186,1.4014,,,,,,,,,,,,,
14841,Boreal,Dry,Southern Asia,Silvopasture,2.33,1.1184,3.5416,,,,,,,,,,,,,
14842,Boreal,Dry,Southern Asia,Olive,0.46,0.3358,0.5842,,,,,,,,,,,,,
14843,Boreal,Dry,Southern Asia,Orchard,0.43,0.2322,0.6278,,,,,,,,,,,,,
14844,Boreal,Dry,Southern Asia,Vine,0.28,0.2072,0.3528,,,,,,,,,,,,,
14845,Boreal,Dry,Southern Asia,Short Rotation Coppice,3.2,1.92,4.48,,,,,,,,,,,,,
14846,Boreal,Dry,Southern Asia,Tea,0.7,0.525,0.875,,,,,,,,,,,,,
14847,Boreal,Dry,Western Asia,Agroforestry - Default,1.37,0.6302,2.1098,,,,,,,,,,,,,
14848,Boreal,Dry,Western Asia,Hedgerow,0.87,0.4437,1.2963,,,,,,,,,,,,,
14849,Boreal,Dry,Western Asia,Silvoarable,0.91,0.4186,1.4014,,,,,,,,,,,,,
14850,Boreal,Dry,Western Asia,Silvopasture,2.33,1.1184,3.5416,,,,,,,,,,,,,
14851,Boreal,Dry,Western Asia,Olive,0.46,0.3358,0.5842,,,,,,,,,,,,,
14852,Boreal,Dry,Western Asia,Orchard,0.43,0.2322,0.6278,,,,,,,,,,,,,
14853,Boreal,Dry,Western Asia,Vine,0.28,0.2072,0.3528,,,,,,,,,,,,,
14854,Boreal,Dry,Western Asia,Short Rotation Coppice,3.2,1.92,4.48,,,,,,,,,,,,,
14855,Boreal,Dry,Western Asia,Tea,0.7,0.525,0.875,,,,,,,,,,,,,
14856,Boreal,Dry,Europe,Agroforestry - Default,1.37,0.6302,2.1098,,,,,,,,,,,,,
14857,Boreal,Dry,Europe,Hedgerow,0.87,0.4437,1.2963,,,,,,,,,,,,,
14858,Boreal,Dry,Europe,Silvoarable,0.91,0.4186,1.4014,,,,,,,,,,,,,
14859,Boreal,Dry,Europe,Silvopasture,2.33,1.1184,3.5416,,,,,,,,,,,,,
14860,Boreal,Dry,Europe,Olive,0.46,0.3358,0.5842,,,,,,,,,,,,,
14861,Boreal,Dry,Europe,Orchard,0.43,0.2322,0.6278,,,,,,,,,,,,,
14862,Boreal,Dry,Europe,Vine,0.28,0.2072,0.3528,,,,,,,,,,,,,
14863,Boreal,Dry,Europe,Short Rotation Coppice,3.2,1.92,4.48,,,,,,,,,,,,,
14864,Boreal,Dry,Europe,Tea,0.7,0.525,0.875,,,,,,,,,,,,,
14865,Boreal,Dry,Oceania,Agroforestry - Default,1.37,0.6302,2.1098,,,,,,,,,,,,,
14866,Boreal,Dry,Oceania,Hedgerow,0.87,0.4437,1.2963,,,,,,,,,,,,,
14867,Boreal,Dry,Oceania,Silvoarable,0.91,0.4186,1.4014,,,,,,,,,,,,,
14868,Boreal,Dry,Oceania,Silvopasture,2.33,1.1184,3.5416,,,,,,,,,,,,,
14869,Boreal,Dry,Oceania,Olive,0.46,0.3358,0.5842,,,,,,,,,,,,,
14870,Boreal,Dry,Oceania,Orchard,0.43,0.2322,0.6278,,,,,,,,,,,,,
14871,Boreal,Dry,Oceania,Vine,0.28,0.2072,0.3528,,,,,,,,,,,,,
14872,Boreal,Dry,Oceania,Short Rotation Coppice,3.2,1.92,4.48,,,,,,,,,,,,,
14873,Boreal,Dry,Oceania,Tea,0.7,0.525,0.875,,,,,,,,,,,,,
14874,Boreal,Dry,North America,Agroforestry - Default,1.37,0.6302,2.1098,,,,,,,,,,,,,
14875,Boreal,Dry,North America,Hedgerow,0.87,0.4437,1.2963,,,,,,,,,,,,,
14876,Boreal,Dry,North America,Silvoarable,0.91,0.4186,1.4014,,,,,,,,,,,,,
14877,Boreal,Dry,North America,Silvopasture,2.33,1.1184,3.5416,,,,,,,,,,,,,
14878,Boreal,Dry,North America,Olive,0.46,0.3358,0.5842,,,,,,,,,,,,,
14879,Boreal,Dry,North America,Orchard,0.43,0.2322,0.6278,,,,,,,,,,,,,
14880,Boreal,Dry,North America,Vine,0.28,0.2072,0.3528,,,,,,,,,,,,,
14881,Boreal,Dry,North America,Short Rotation Coppice,3.2,1.92,4.48,,,,,,,,,,,,,
14882,Boreal,Dry,North America,Tea,0.7,0.525,0.875,,,,,,,,,,,,,
14883,Boreal,Dry,South America,Agroforestry - Default,1.37,0.6302,2.1098,,,,,,,,,,,,,
14884,Boreal,Dry,South America,Hedgerow,0.87,0.4437,1.2963,,,,,,,,,,,,,
14885,Boreal,Dry,South America,Silvoarable,0.91,0.4186,1.4014,,,,,,,,,,,,,
14886,Boreal,Dry,South America,Silvopasture,2.33,1.1184,3.5416,,,,,,,,,,,,,
14887,Boreal,Dry,South America,Olive,0.46,0.3358,0.5842,,,,,,,,,,,,,
14888,Boreal,Dry,South America,Orchard,0.43,0.2322,0.6278,,,,,,,,,,,,,
14889,Boreal,Dry,South America,Vine,0.28,0.2072,0.3528,,,,,,,,,,,,,
14890,Boreal,Dry,South America,Short Rotation Coppice,3.2,1.92,4.48,,,,,,,,,,,,,
14891,Boreal,Dry,South America,Tea,0.7,0.525,0.875,,,,,,,,,,,,,
14892,Boreal,Dry,Central America,Agroforestry - Default,1.37,0.6302,2.1098,,,,,,,,,,,,,
14893,Boreal,Dry,Central America,Hedgerow,0.87,0.4437,1.2963,,,,,,,,,,,,,
14894,Boreal,Dry,Central America,Silvoarable,0.91,0.4186,1.4014,,,,,,,,,,,,,
14895,Boreal,Dry,Central America,Silvopasture,2.33,1.1184,3.5416,,,,,,,,,,,,,
14896,Boreal,Dry,Central America,Olive,0.46,0.3358,0.5842,,,,,,,,,,,,,
14897,Boreal,Dry,Central America,Orchard,0.43,0.2322,0.6278,,,,,,,,,,,,,
14898,Boreal,Dry,Central America,Vine,0.28,0.2072,0.3528,,,,,,,,,,,,,
14899,Boreal,Dry,Central America,Short Rotation Coppice,3.2,1.92,4.48,,,,,,,,,,,,,
14900,Boreal,Dry,Central America,Tea,0.7,0.525,0.875,,,,,,,,,,,,,
14901,Boreal,Dry,Caribbean,Agroforestry - Default,1.37,0.6302,2.1098,,,,,,,,,,,,,
14902,Boreal,Dry,Caribbean,Hedgerow,0.87,0.4437,1.2963,,,,,,,,,,,,,
14903,Boreal,Dry,Caribbean,Silvoarable,0.91,0.4186,1.4014,,,,,,,,,,,,,
14904,Boreal,Dry,Caribbean,Silvopasture,2.33,1.1184,3.5416,,,,,,,,,,,,,
14905,Boreal,Dry,Caribbean,Olive,0.46,0.3358,0.5842,,,,,,,,,,,,,
14906,Boreal,Dry,Caribbean,Orchard,0.43,0.2322,0.6278,,,,,,,,,,,,,
14907,Boreal,Dry,Caribbean,Vine,0.28,0.2072,0.3528,,,,,,,,,,,,,
14908,Boreal,Dry,Caribbean,Short Rotation Coppice,3.2,1.92,4.48,,,,,,,,,,,,,
14909,Boreal,Dry,Caribbean,Tea,0.7,0.525,0.875,,,,,,,,,,,,,
14910,Boreal,Moist,Eastern Africa,Agroforestry - Default,1.37,0.6302,2.1098,,,,,,,,,,,,,
14911,Boreal,Moist,Eastern Africa,Hedgerow,0.87,0.4437,1.2963,,,,,,,,,,,,,
14912,Boreal,Moist,Eastern Africa,Silvoarable,0.91,0.4186,1.4014,,,,,,,,,,,,,
14913,Boreal,Moist,Eastern Africa,Silvopasture,2.33,1.1184,3.5416,,,,,,,,,,,,,
14914,Boreal,Moist,Eastern Africa,Olive,0.46,0.3358,0.5842,,,,,,,,,,,,,
14915,Boreal,Moist,Eastern Africa,Orchard,0.43,0.2322,0.6278,,,,,,,,,,,,,
14916,Boreal,Moist,Eastern Africa,Vine,0.28,0.2072,0.3528,,,,,,,,,,,,,
14917,Boreal,Moist,Eastern Africa,Short Rotation Coppice,3.2,1.92,4.48,,,,,,,,,,,,,
14918,Boreal,Moist,Eastern Africa,Tea,0.7,0.525,0.875,,,,,,,,,,,,,
14919,Boreal,Moist,Central Africa,Agroforestry - Default,1.37,0.6302,2.1098,,,,,,,,,,,,,
14920,Boreal,Moist,Central Africa,Hedgerow,0.87,0.4437,1.2963,,,,,,,,,,,,,
14921,Boreal,Moist,Central Africa,Silvoarable,0.91,0.4186,1.4014,,,,,,,,,,,,,
14922,Boreal,Moist,Central Africa,Silvopasture,2.33,1.1184,3.5416,,,,,,,,,,,,,
14923,Boreal,Moist,Central Africa,Olive,0.46,0.3358,0.5842,,,,,,,,,,,,,
14924,Boreal,Moist,Central Africa,Orchard,0.43,0.2322,0.6278,,,,,,,,,,,,,
14925,Boreal,Moist,Central Africa,Vine,0.28,0.2072,0.3528,,,,,,,,,,,,,
14926,Boreal,Moist,Central Africa,Short Rotation Coppice,3.2,1.92,4.48,,,,,,,,,,,,,
14927,Boreal,Moist,Central Africa,Tea,0.7,0.525,0.875,,,,,,,,,,,,,
14928,Boreal,Moist,Northern Africa,Agroforestry - Default,1.37,0.6302,2.1098,,,,,,,,,,,,,
14929,Boreal,Moist,Northern Africa,Hedgerow,0.87,0.4437,1.2963,,,,,,,,,,,,,
14930,Boreal,Moist,Northern Africa,Silvoarable,0.91,0.4186,1.4014,,,,,,,,,,,,,
14931,Boreal,Moist,Northern Africa,Silvopasture,2.33,1.1184,3.5416,,,,,,,,,,,,,
14932,Boreal,Moist,Northern Africa,Olive,0.46,0.3358,0.5842,,,,,,,,,,,,,
14933,Boreal,Moist,Northern Africa,Orchard,0.43,0.2322,0.6278,,,,,,,,,,,,,
14934,Boreal,Moist,Northern Africa,Vine,0.28,0.2072,0.3528,,,,,,,,,,,,,
14935,Boreal,Moist,Northern Africa,Short Rotation Coppice,3.2,1.92,4.48,,,,,,,,,,,,,
14936,Boreal,Moist,Northern Africa,Tea,0.7,0.525,0.875,,,,,,,,,,,,,
14937,Boreal,Moist,Southern Africa,Agroforestry - Default,1.37,0.6302,2.1098,,,,,,,,,,,,,
14938,Boreal,Moist,Southern Africa,Hedgerow,0.87,0.4437,1.2963,,,,,,,,,,,,,
14939,Boreal,Moist,Southern Africa,Silvoarable,0.91,0.4186,1.4014,,,,,,,,,,,,,
14940,Boreal,Moist,Southern Africa,Silvopasture,2.33,1.1184,3.5416,,,,,,,,,,,,,
14941,Boreal,Moist,Southern Africa,Olive,0.46,0.3358,0.5842,,,,,,,,,,,,,
14942,Boreal,Moist,Southern Africa,Orchard,0.43,0.2322,0.6278,,,,,,,,,,,,,
14943,Boreal,Moist,Southern Africa,Vine,0.28,0.2072,0.3528,,,,,,,,,,,,,
14944,Boreal,Moist,Southern Africa,Short Rotation Coppice,3.2,1.92,4.48,,,,,,,,,,,,,
14945,Boreal,Moist,Southern Africa,Tea,0.7,0.525,0.875,,,,,,,,,,,,,
14946,Boreal,Moist,Western Africa,Agroforestry - Default,1.37,0.6302,2.1098,,,,,,,,,,,,,
14947,Boreal,Moist,Western Africa,Hedgerow,0.87,0.4437,1.2963,,,,,,,,,,,,,
14948,Boreal,Moist,Western Africa,Silvoarable,0.91,0.4186,1.4014,,,,,,,,,,,,,
14949,Boreal,Moist,Western Africa,Silvopasture,2.33,1.1184,3.5416,,,,,,,,,,,,,
14950,Boreal,Moist,Western Africa,Olive,0.46,0.3358,0.5842,,,,,,,,,,,,,
14951,Boreal,Moist,Western Africa,Orchard,0.43,0.2322,0.6278,,,,,,,,,,,,,
14952,Boreal,Moist,Western Africa,Vine,0.28,0.2072,0.3528,,,,,,,,,,,,,
14953,Boreal,Moist,Western Africa,Short Rotation Coppice,3.2,1.92,4.48,,,,,,,,,,,,,
14954,Boreal,Moist,Western Africa,Tea,0.7,0.525,0.875,,,,,,,,,,,,,
14955,Boreal,Moist,Central Asia,Agroforestry - Default,1.37,0.6302,2.1098,,,,,,,,,,,,,
14956,Boreal,Moist,Central Asia,Hedgerow,0.87,0.4437,1.2963,,,,,,,,,,,,,
14957,Boreal,Moist,Central Asia,Silvoarable,0.91,0.4186,1.4014,,,,,,,,,,,,,
14958,Boreal,Moist,Central Asia,Silvopasture,2.33,1.1184,3.5416,,,,,,,,,,,,,
14959,Boreal,Moist,Central Asia,Olive,0.46,0.3358,0.5842,,,,,,,,,,,,,
14960,Boreal,Moist,Central Asia,Orchard,0.43,0.2322,0.6278,,,,,,,,,,,,,
14961,Boreal,Moist,Central Asia,Vine,0.28,0.2072,0.3528,,,,,,,,,,,,,
14962,Boreal,Moist,Central Asia,Short Rotation Coppice,3.2,1.92,4.48,,,,,,,,,,,,,
14963,Boreal,Moist,Central Asia,Tea,0.7,0.525,0.875,,,,,,,,,,,,,
14964,Boreal,Moist,Eastern Asia,Agroforestry - Default,1.37,0.6302,2.1098,,,,,,,,,,,,,
14965,Boreal,Moist,Eastern Asia,Hedgerow,0.87,0.4437,1.2963,,,,,,,,,,,,,
14966,Boreal,Moist,Eastern Asia,Silvoarable,0.91,0.4186,1.4014,,,,,,,,,,,,,
14967,Boreal,Moist,Eastern Asia,Silvopasture,2.33,1.1184,3.5416,,,,,,,,,,,,,
14968,Boreal,Moist,Eastern Asia,Olive,0.46,0.3358,0.5842,,,,,,,,,,,,,
14969,Boreal,Moist,Eastern Asia,Orchard,0.43,0.2322,0.6278,,,,,,,,,,,,,
14970,Boreal,Moist,Eastern Asia,Vine,0.28,0.2072,0.3528,,,,,,,,,,,,,
14971,Boreal,Moist,Eastern Asia,Short Rotation Coppice,3.2,1.92,4.48,,,,,,,,,,,,,
14972,Boreal,Moist,Eastern Asia,Tea,0.7,0.525,0.875,,,,,,,,,,,,,
14973,Boreal,Moist,South-Eastern Asia,Agroforestry - Default,1.37,0.6302,2.1098,,,,,,,,,,,,,
14974,Boreal,Moist,South-Eastern Asia,Hedgerow,0.87,0.4437,1.2963,,,,,,,,,,,,,
14975,Boreal,Moist,South-Eastern Asia,Silvoarable,0.91,0.4186,1.4014,,,,,,,,,,,,,
14976,Boreal,Moist,South-Eastern Asia,Silvopasture,2.33,1.1184,3.5416,,,,,,,,,,,,,
14977,Boreal,Moist,South-Eastern Asia,Olive,0.46,0.3358,0.5842,,,,,,,,,,,,,
14978,Boreal,Moist,South-Eastern Asia,Orchard,0.43,0.2322,0.6278,,,,,,,,,,,,,
14979,Boreal,Moist,South-Eastern Asia,Vine,0.28,0.2072,0.3528,,,,,,,,,,,,,
14980,Boreal,Moist,South-Eastern Asia,Short Rotation Coppice,3.2,1.92,4.48,,,,,,,,,,,,,
14981,Boreal,Moist,South-Eastern Asia,Tea,0.7,0.525,0.875,,,,,,,,,,,,,
14982,Boreal,Moist,Southern Asia,Agroforestry - Default,1.37,0.6302,2.1098,,,,,,,,,,,,,
14983,Boreal,Moist,Southern Asia,Hedgerow,0.87,0.4437,1.2963,,,,,,,,,,,,,
14984,Boreal,Moist,Southern Asia,Silvoarable,0.91,0.4186,1.4014,,,,,,,,,,,,,
14985,Boreal,Moist,Southern Asia,Silvopasture,2.33,1.1184,3.5416,,,,,,,,,,,,,
14986,Boreal,Moist,Southern Asia,Olive,0.46,0.3358,0.5842,,,,,,,,,,,,,
14987,Boreal,Moist,Southern Asia,Orchard,0.43,0.2322,0.6278,,,,,,,,,,,,,
14988,Boreal,Moist,Southern Asia,Vine,0.28,0.2072,0.3528,,,,,,,,,,,,,
14989,Boreal,Moist,Southern Asia,Short Rotation Coppice,3.2,1.92,4.48,,,,,,,,,,,,,
14990,Boreal,Moist,Southern Asia,Tea,0.7,0.525,0.875,,,,,,,,,,,,,
14991,Boreal,Moist,Western Asia,Agroforestry - Default,1.37,0.6302,2.1098,,,,,,,,,,,,,
14992,Boreal,Moist,Western Asia,Hedgerow,0.87,0.4437,1.2963,,,,,,,,,,,,,
14993,Boreal,Moist,Western Asia,Silvoarable,0.91,0.4186,1.4014,,,,,,,,,,,,,
14994,Boreal,Moist,Western Asia,Silvopasture,2.33,1.1184,3.5416,,,,,,,,,,,,,
14995,Boreal,Moist,Western Asia,Olive,0.46,0.3358,0.5842,,,,,,,,,,,,,
14996,Boreal,Moist,Western Asia,Orchard,0.43,0.2322,0.6278,,,,,,,,,,,,,
14997,Boreal,Moist,Western Asia,Vine,0.28,0.2072,0.3528,,,,,,,,,,,,,
14998,Boreal,Moist,Western Asia,Short Rotation Coppice,3.2,1.92,4.48,,,,,,,,,,,,,
14999,Boreal,Moist,Western Asia,Tea,0.7,0.525,0.875,,,,,,,,,,,,,
15000,Boreal,Moist,Europe,Agroforestry - Default,1.37,0.6302,2.1098,,,,,,,,,,,,,
15001,Boreal,Moist,Europe,Hedgerow,0.87,0.4437,1.2963,,,,,,,,,,,,,
15002,Boreal,Moist,Europe,Silvoarable,0.91,0.4186,1.4014,,,,,,,,,,,,,
15003,Boreal,Moist,Europe,Silvopasture,2.33,1.1184,3.5416,,,,,,,,,,,,,
15004,Boreal,Moist,Europe,Olive,0.46,0.3358,0.5842,,,,,,,,,,,,,
15005,Boreal,Moist,Europe,Orchard,0.43,0.2322,0.6278,,,,,,,,,,,,,
15006,Boreal,Moist,Europe,Vine,0.28,0.2072,0.3528,,,,,,,,,,,,,
15007,Boreal,Moist,Europe,Short Rotation Coppice,3.2,1.92,4.48,,,,,,,,,,,,,
15008,Boreal,Moist,Europe,Tea,0.7,0.525,0.875,,,,,,,,,,,,,
15009,Boreal,Moist,Oceania,Agroforestry - Default,1.37,0.6302,2.1098,,,,,,,,,,,,,
15010,Boreal,Moist,Oceania,Hedgerow,0.87,0.4437,1.2963,,,,,,,,,,,,,
15011,Boreal,Moist,Oceania,Silvoarable,0.91,0.4186,1.4014,,,,,,,,,,,,,
15012,Boreal,Moist,Oceania,Silvopasture,2.33,1.1184,3.5416,,,,,,,,,,,,,
15013,Boreal,Moist,Oceania,Olive,0.46,0.3358,0.5842,,,,,,,,,,,,,
15014,Boreal,Moist,Oceania,Orchard,0.43,0.2322,0.6278,,,,,,,,,,,,,
15015,Boreal,Moist,Oceania,Vine,0.28,0.2072,0.3528,,,,,,,,,,,,,
15016,Boreal,Moist,Oceania,Short Rotation Coppice,3.2,1.92,4.48,,,,,,,,,,,,,
15017,Boreal,Moist,Oceania,Tea,0.7,0.525,0.875,,,,,,,,,,,,,
15018,Boreal,Moist,North America,Agroforestry - Default,1.37,0.6302,2.1098,,,,,,,,,,,,,
15019,Boreal,Moist,North America,Hedgerow,0.87,0.4437,1.2963,,,,,,,,,,,,,
15020,Boreal,Moist,North America,Silvoarable,0.91,0.4186,1.4014,,,,,,,,,,,,,
15021,Boreal,Moist,North America,Silvopasture,2.33,1.1184,3.5416,,,,,,,,,,,,,
15022,Boreal,Moist,North America,Olive,0.46,0.3358,0.5842,,,,,,,,,,,,,
15023,Boreal,Moist,North America,Orchard,0.43,0.2322,0.6278,,,,,,,,,,,,,
15024,Boreal,Moist,North America,Vine,0.28,0.2072,0.3528,,,,,,,,,,,,,
15025,Boreal,Moist,North America,Short Rotation Coppice,3.2,1.92,4.48,,,,,,,,,,,,,
15026,Boreal,Moist,North America,Tea,0.7,0.525,0.875,,,,,,,,,,,,,
15027,Boreal,Moist,South America,Agroforestry - Default,1.37,0.6302,2.1098,,,,,,,,,,,,,
15028,Boreal,Moist,South America,Hedgerow,0.87,0.4437,1.2963,,,,,,,,,,,,,
15029,Boreal,Moist,South America,Silvoarable,0.91,0.4186,1.4014,,,,,,,,,,,,,
15030,Boreal,Moist,South America,Silvopasture,2.33,1.1184,3.5416,,,,,,,,,,,,,
15031,Boreal,Moist,South America,Olive,0.46,0.3358,0.5842,,,,,,,,,,,,,
15032,Boreal,Moist,South America,Orchard,0.43,0.2322,0.6278,,,,,,,,,,,,,
15033,Boreal,Moist,South America,Vine,0.28,0.2072,0.3528,,,,,,,,,,,,,
15034,Boreal,Moist,South America,Short Rotation Coppice,3.2,1.92,4.48,,,,,,,,,,,,,
15035,Boreal,Moist,South America,Tea,0.7,0.525,0.875,,,,,,,,,,,,,
15036,Boreal,Moist,Central America,Agroforestry - Default,1.37,0.6302,2.1098,,,,,,,,,,,,,
15037,Boreal,Moist,Central America,Hedgerow,0.87,0.4437,1.2963,,,,,,,,,,,,,
15038,Boreal,Moist,Central America,Silvoarable,0.91,0.4186,1.4014,,,,,,,,,,,,,
15039,Boreal,Moist,Central America,Silvopasture,2.33,1.1184,3.5416,,,,,,,,,,,,,
15040,Boreal,Moist,Central America,Olive,0.46,0.3358,0.5842,,,,,,,,,,,,,
15041,Boreal,Moist,Central America,Orchard,0.43,0.2322,0.6278,,,,,,,,,,,,,
15042,Boreal,Moist,Central America,Vine,0.28,0.2072,0.3528,,,,,,,,,,,,,
15043,Boreal,Moist,Central America,Short Rotation Coppice,3.2,1.92,4.48,,,,,,,,,,,,,
15044,Boreal,Moist,Central America,Tea,0.7,0.525,0.875,,,,,,,,,,,,,
15045,Boreal,Moist,Caribbean,Agroforestry - Default,1.37,0.6302,2.1098,,,,,,,,,,,,,
15046,Boreal,Moist,Caribbean,Hedgerow,0.87,0.4437,1.2963,,,,,,,,,,,,,
15047,Boreal,Moist,Caribbean,Silvoarable,0.91,0.4186,1.4014,,,,,,,,,,,,,
15048,Boreal,Moist,Caribbean,Silvopasture,2.33,1.1184,3.5416,,,,,,,,,,,,,
15049,Boreal,Moist,Caribbean,Olive,0.46,0.3358,0.5842,,,,,,,,,,,,,
15050,Boreal,Moist,Caribbean,Orchard,0.43,0.2322,0.6278,,,,,,,,,,,,,
15051,Boreal,Moist,Caribbean,Vine,0.28,0.2072,0.3528,,,,,,,,,,,,,
15052,Boreal,Moist,Caribbean,Short Rotation Coppice,3.2,1.92,4.48,,,,,,,,,,,,,
15053,Boreal,Moist,Caribbean,Tea,0.7,0.525,0.875,,,,,,,,,,,,,
