id,climate,moisture,continent,land_use_type,value,value_min,value_max,"source: Source: 2019 Refinement to the 2006 IPCC Guidelines for National Greenhouse Gas Inventories, IPCC (2019), Volume 4 AFOLU, tables 5.2, 5.3, 5.9."
43448,Cool Temperate,Dry,Eastern Africa,Grains,4.7,1.175,8.225,
43449,Cool Temperate,Dry,Eastern Africa,Maize,4.7,1.175,8.225,
43450,Cool Temperate,Dry,Eastern Africa,Sugarcane,4.7,1.175,8.225,
43451,Cool Temperate,Dry,Eastern Africa,Wheat,4.7,1.175,8.225,
43452,Cool Temperate,Dry,Eastern Africa,Beans & Pulses,4.7,1.175,8.225,
43453,Cool Temperate,Dry,Eastern Africa,Tubers,4.7,1.175,8.225,
43454,Cool Temperate,Dry,Eastern Africa,Root Crops,4.7,1.175,8.225,
43455,Cool Temperate,Dry,Eastern Africa,Barley,4.7,1.175,8.225,
43456,Cool Temperate,Dry,Eastern Africa,Oats,4.7,1.175,8.225,
43457,Cool Temperate,Dry,Eastern Africa,Millet,4.7,1.175,8.225,
43458,Cool Temperate,Dry,Eastern Africa,Sorghum,4.7,1.175,8.225,
43459,Cool Temperate,Dry,Eastern Africa,Rye,4.7,1.175,8.225,
43460,Cool Temperate,Dry,Eastern Africa,Soybeans,4.7,1.175,8.225,
43461,Cool Temperate,Dry,Eastern Africa,Dry Bean,4.7,1.175,8.225,
43462,Cool Temperate,Dry,Eastern Africa,Potatoes,4.7,1.175,8.225,
43463,Cool Temperate,Dry,Eastern Africa,Peanuts,4.7,1.175,8.225,
43464,Cool Temperate,Dry,Eastern Africa,Vegetables,4.7,1.175,8.225,
43465,Cool Temperate,Dry,Eastern Africa,Oilseeds,4.7,1.175,8.225,
43466,Cool Temperate,Dry,Eastern Africa,Groundnuts,4.7,1.175,8.225,
43467,Cool Temperate,Dry,Eastern Africa,Annual Cropland,4.7,1.175,8.225,
43468,Cool Temperate,Dry,Eastern Africa,Set Aside,4.7,1.175,8.225,
43469,Cool Temperate,Dry,Eastern Africa,Flooded Rice,4.7,1.175,8.225,
43470,Cool Temperate,Dry,Eastern Africa,Grassland,3.055,0.76375,5.34625,
43471,Cool Temperate,Dry,Eastern Africa,Other Land (Non-Vegetated),0,#N/A,#N/A,
43472,Cool Temperate,Dry,Eastern Africa,Settlement,0,#N/A,#N/A,
43473,Cool Temperate,Dry,Eastern Africa,Agroforestry - Default,20.6,5.15,36.05,
43474,Cool Temperate,Dry,Eastern Africa,Hedgerow,13.1,9.301,16.899,
43475,Cool Temperate,Dry,Eastern Africa,Silvoarable,13.7,3.425,23.975,
43476,Cool Temperate,Dry,Eastern Africa,Silvopasture,35,8.75,61.25,
43477,Cool Temperate,Dry,Eastern Africa,Other Land,1,#N/A,#N/A,
43478,Cool Temperate,Dry,Eastern Africa,Olive,6.9,1.725,12.075,
43479,Cool Temperate,Dry,Eastern Africa,Orchard,6.4,1.6,11.2,
43480,Cool Temperate,Dry,Eastern Africa,Short Rotation Coppice,6.35,1.5875,11.1125,
43481,Cool Temperate,Dry,Eastern Africa,Tea,18.3,4.575,32.025,
43482,Cool Temperate,Dry,Eastern Africa,Vine,2.8,2.1,3.5,
43483,Cool Temperate,Dry,Central Africa,Grains,4.7,1.175,8.225,
43484,Cool Temperate,Dry,Central Africa,Maize,4.7,1.175,8.225,
43485,Cool Temperate,Dry,Central Africa,Sugarcane,4.7,1.175,8.225,
43486,Cool Temperate,Dry,Central Africa,Wheat,4.7,1.175,8.225,
43487,Cool Temperate,Dry,Central Africa,Beans & Pulses,4.7,1.175,8.225,
43488,Cool Temperate,Dry,Central Africa,Tubers,4.7,1.175,8.225,
43489,Cool Temperate,Dry,Central Africa,Root Crops,4.7,1.175,8.225,
43490,Cool Temperate,Dry,Central Africa,Barley,4.7,1.175,8.225,
43491,Cool Temperate,Dry,Central Africa,Oats,4.7,1.175,8.225,
43492,Cool Temperate,Dry,Central Africa,Millet,4.7,1.175,8.225,
43493,Cool Temperate,Dry,Central Africa,Sorghum,4.7,1.175,8.225,
43494,Cool Temperate,Dry,Central Africa,Rye,4.7,1.175,8.225,
43495,Cool Temperate,Dry,Central Africa,Soybeans,4.7,1.175,8.225,
43496,Cool Temperate,Dry,Central Africa,Dry Bean,4.7,1.175,8.225,
43497,Cool Temperate,Dry,Central Africa,Potatoes,4.7,1.175,8.225,
43498,Cool Temperate,Dry,Central Africa,Peanuts,4.7,1.175,8.225,
43499,Cool Temperate,Dry,Central Africa,Vegetables,4.7,1.175,8.225,
43500,Cool Temperate,Dry,Central Africa,Oilseeds,4.7,1.175,8.225,
43501,Cool Temperate,Dry,Central Africa,Groundnuts,4.7,1.175,8.225,
43502,Cool Temperate,Dry,Central Africa,Annual Cropland,4.7,1.175,8.225,
43503,Cool Temperate,Dry,Central Africa,Set Aside,4.7,1.175,8.225,
43504,Cool Temperate,Dry,Central Africa,Flooded Rice,4.7,1.175,8.225,
43505,Cool Temperate,Dry,Central Africa,Grassland,3.055,0.76375,5.34625,
43506,Cool Temperate,Dry,Central Africa,Other Land (Non-Vegetated),0,#N/A,#N/A,
43507,Cool Temperate,Dry,Central Africa,Settlement,0,#N/A,#N/A,
43508,Cool Temperate,Dry,Central Africa,Agroforestry - Default,20.6,5.15,36.05,
43509,Cool Temperate,Dry,Central Africa,Hedgerow,13.1,9.301,16.899,
43510,Cool Temperate,Dry,Central Africa,Silvoarable,13.7,3.425,23.975,
43511,Cool Temperate,Dry,Central Africa,Silvopasture,35,8.75,61.25,
43512,Cool Temperate,Dry,Central Africa,Other Land,1,#N/A,#N/A,
43513,Cool Temperate,Dry,Central Africa,Olive,6.9,1.725,12.075,
43514,Cool Temperate,Dry,Central Africa,Orchard,6.4,1.6,11.2,
43515,Cool Temperate,Dry,Central Africa,Short Rotation Coppice,6.35,1.5875,11.1125,
43516,Cool Temperate,Dry,Central Africa,Tea,18.3,4.575,32.025,
43517,Cool Temperate,Dry,Central Africa,Vine,2.8,2.1,3.5,
43518,Cool Temperate,Dry,Northern Africa,Grains,4.7,1.175,8.225,
43519,Cool Temperate,Dry,Northern Africa,Maize,4.7,1.175,8.225,
43520,Cool Temperate,Dry,Northern Africa,Sugarcane,4.7,1.175,8.225,
43521,Cool Temperate,Dry,Northern Africa,Wheat,4.7,1.175,8.225,
43522,Cool Temperate,Dry,Northern Africa,Beans & Pulses,4.7,1.175,8.225,
43523,Cool Temperate,Dry,Northern Africa,Tubers,4.7,1.175,8.225,
43524,Cool Temperate,Dry,Northern Africa,Root Crops,4.7,1.175,8.225,
43525,Cool Temperate,Dry,Northern Africa,Barley,4.7,1.175,8.225,
43526,Cool Temperate,Dry,Northern Africa,Oats,4.7,1.175,8.225,
43527,Cool Temperate,Dry,Northern Africa,Millet,4.7,1.175,8.225,
43528,Cool Temperate,Dry,Northern Africa,Sorghum,4.7,1.175,8.225,
43529,Cool Temperate,Dry,Northern Africa,Rye,4.7,1.175,8.225,
43530,Cool Temperate,Dry,Northern Africa,Soybeans,4.7,1.175,8.225,
43531,Cool Temperate,Dry,Northern Africa,Dry Bean,4.7,1.175,8.225,
43532,Cool Temperate,Dry,Northern Africa,Potatoes,4.7,1.175,8.225,
43533,Cool Temperate,Dry,Northern Africa,Peanuts,4.7,1.175,8.225,
43534,Cool Temperate,Dry,Northern Africa,Vegetables,4.7,1.175,8.225,
43535,Cool Temperate,Dry,Northern Africa,Oilseeds,4.7,1.175,8.225,
43536,Cool Temperate,Dry,Northern Africa,Groundnuts,4.7,1.175,8.225,
43537,Cool Temperate,Dry,Northern Africa,Annual Cropland,4.7,1.175,8.225,
43538,Cool Temperate,Dry,Northern Africa,Set Aside,4.7,1.175,8.225,
43539,Cool Temperate,Dry,Northern Africa,Flooded Rice,4.7,1.175,8.225,
43540,Cool Temperate,Dry,Northern Africa,Grassland,3.055,0.76375,5.34625,
43541,Cool Temperate,Dry,Northern Africa,Other Land (Non-Vegetated),0,#N/A,#N/A,
43542,Cool Temperate,Dry,Northern Africa,Settlement,0,#N/A,#N/A,
43543,Cool Temperate,Dry,Northern Africa,Agroforestry - Default,20.6,5.15,36.05,
43544,Cool Temperate,Dry,Northern Africa,Hedgerow,13.1,9.301,16.899,
43545,Cool Temperate,Dry,Northern Africa,Silvoarable,13.7,3.425,23.975,
43546,Cool Temperate,Dry,Northern Africa,Silvopasture,35,8.75,61.25,
43547,Cool Temperate,Dry,Northern Africa,Other Land,1,#N/A,#N/A,
43548,Cool Temperate,Dry,Northern Africa,Olive,6.9,1.725,12.075,
43549,Cool Temperate,Dry,Northern Africa,Orchard,6.4,1.6,11.2,
43550,Cool Temperate,Dry,Northern Africa,Short Rotation Coppice,6.35,1.5875,11.1125,
43551,Cool Temperate,Dry,Northern Africa,Tea,18.3,4.575,32.025,
43552,Cool Temperate,Dry,Northern Africa,Vine,2.8,2.1,3.5,
43553,Cool Temperate,Dry,Southern Africa,Grains,4.7,1.175,8.225,
43554,Cool Temperate,Dry,Southern Africa,Maize,4.7,1.175,8.225,
43555,Cool Temperate,Dry,Southern Africa,Sugarcane,4.7,1.175,8.225,
43556,Cool Temperate,Dry,Southern Africa,Wheat,4.7,1.175,8.225,
43557,Cool Temperate,Dry,Southern Africa,Beans & Pulses,4.7,1.175,8.225,
43558,Cool Temperate,Dry,Southern Africa,Tubers,4.7,1.175,8.225,
43559,Cool Temperate,Dry,Southern Africa,Root Crops,4.7,1.175,8.225,
43560,Cool Temperate,Dry,Southern Africa,Barley,4.7,1.175,8.225,
43561,Cool Temperate,Dry,Southern Africa,Oats,4.7,1.175,8.225,
43562,Cool Temperate,Dry,Southern Africa,Millet,4.7,1.175,8.225,
43563,Cool Temperate,Dry,Southern Africa,Sorghum,4.7,1.175,8.225,
43564,Cool Temperate,Dry,Southern Africa,Rye,4.7,1.175,8.225,
43565,Cool Temperate,Dry,Southern Africa,Soybeans,4.7,1.175,8.225,
43566,Cool Temperate,Dry,Southern Africa,Dry Bean,4.7,1.175,8.225,
43567,Cool Temperate,Dry,Southern Africa,Potatoes,4.7,1.175,8.225,
43568,Cool Temperate,Dry,Southern Africa,Peanuts,4.7,1.175,8.225,
43569,Cool Temperate,Dry,Southern Africa,Vegetables,4.7,1.175,8.225,
43570,Cool Temperate,Dry,Southern Africa,Oilseeds,4.7,1.175,8.225,
43571,Cool Temperate,Dry,Southern Africa,Groundnuts,4.7,1.175,8.225,
43572,Cool Temperate,Dry,Southern Africa,Annual Cropland,4.7,1.175,8.225,
43573,Cool Temperate,Dry,Southern Africa,Set Aside,4.7,1.175,8.225,
43574,Cool Temperate,Dry,Southern Africa,Flooded Rice,4.7,1.175,8.225,
43575,Cool Temperate,Dry,Southern Africa,Grassland,3.055,0.76375,5.34625,
43576,Cool Temperate,Dry,Southern Africa,Other Land (Non-Vegetated),0,#N/A,#N/A,
43577,Cool Temperate,Dry,Southern Africa,Settlement,0,#N/A,#N/A,
43578,Cool Temperate,Dry,Southern Africa,Agroforestry - Default,20.6,5.15,36.05,
43579,Cool Temperate,Dry,Southern Africa,Hedgerow,13.1,9.301,16.899,
43580,Cool Temperate,Dry,Southern Africa,Silvoarable,13.7,3.425,23.975,
43581,Cool Temperate,Dry,Southern Africa,Silvopasture,35,8.75,61.25,
43582,Cool Temperate,Dry,Southern Africa,Other Land,1,#N/A,#N/A,
43583,Cool Temperate,Dry,Southern Africa,Olive,6.9,1.725,12.075,
43584,Cool Temperate,Dry,Southern Africa,Orchard,6.4,1.6,11.2,
43585,Cool Temperate,Dry,Southern Africa,Short Rotation Coppice,6.35,1.5875,11.1125,
43586,Cool Temperate,Dry,Southern Africa,Tea,18.3,4.575,32.025,
43587,Cool Temperate,Dry,Southern Africa,Vine,2.8,2.1,3.5,
43588,Cool Temperate,Dry,Western Africa,Grains,4.7,1.175,8.225,
43589,Cool Temperate,Dry,Western Africa,Maize,4.7,1.175,8.225,
43590,Cool Temperate,Dry,Western Africa,Sugarcane,4.7,1.175,8.225,
43591,Cool Temperate,Dry,Western Africa,Wheat,4.7,1.175,8.225,
43592,Cool Temperate,Dry,Western Africa,Beans & Pulses,4.7,1.175,8.225,
43593,Cool Temperate,Dry,Western Africa,Tubers,4.7,1.175,8.225,
43594,Cool Temperate,Dry,Western Africa,Root Crops,4.7,1.175,8.225,
43595,Cool Temperate,Dry,Western Africa,Barley,4.7,1.175,8.225,
43596,Cool Temperate,Dry,Western Africa,Oats,4.7,1.175,8.225,
43597,Cool Temperate,Dry,Western Africa,Millet,4.7,1.175,8.225,
43598,Cool Temperate,Dry,Western Africa,Sorghum,4.7,1.175,8.225,
43599,Cool Temperate,Dry,Western Africa,Rye,4.7,1.175,8.225,
43600,Cool Temperate,Dry,Western Africa,Soybeans,4.7,1.175,8.225,
43601,Cool Temperate,Dry,Western Africa,Dry Bean,4.7,1.175,8.225,
43602,Cool Temperate,Dry,Western Africa,Potatoes,4.7,1.175,8.225,
43603,Cool Temperate,Dry,Western Africa,Peanuts,4.7,1.175,8.225,
43604,Cool Temperate,Dry,Western Africa,Vegetables,4.7,1.175,8.225,
43605,Cool Temperate,Dry,Western Africa,Oilseeds,4.7,1.175,8.225,
43606,Cool Temperate,Dry,Western Africa,Groundnuts,4.7,1.175,8.225,
43607,Cool Temperate,Dry,Western Africa,Annual Cropland,4.7,1.175,8.225,
43608,Cool Temperate,Dry,Western Africa,Set Aside,4.7,1.175,8.225,
43609,Cool Temperate,Dry,Western Africa,Flooded Rice,4.7,1.175,8.225,
43610,Cool Temperate,Dry,Western Africa,Grassland,3.055,0.76375,5.34625,
43611,Cool Temperate,Dry,Western Africa,Other Land (Non-Vegetated),0,#N/A,#N/A,
43612,Cool Temperate,Dry,Western Africa,Settlement,0,#N/A,#N/A,
43613,Cool Temperate,Dry,Western Africa,Agroforestry - Default,20.6,5.15,36.05,
43614,Cool Temperate,Dry,Western Africa,Hedgerow,13.1,9.301,16.899,
43615,Cool Temperate,Dry,Western Africa,Silvoarable,13.7,3.425,23.975,
43616,Cool Temperate,Dry,Western Africa,Silvopasture,35,8.75,61.25,
43617,Cool Temperate,Dry,Western Africa,Other Land,1,#N/A,#N/A,
43618,Cool Temperate,Dry,Western Africa,Olive,6.9,1.725,12.075,
43619,Cool Temperate,Dry,Western Africa,Orchard,6.4,1.6,11.2,
43620,Cool Temperate,Dry,Western Africa,Short Rotation Coppice,6.35,1.5875,11.1125,
43621,Cool Temperate,Dry,Western Africa,Tea,18.3,4.575,32.025,
43622,Cool Temperate,Dry,Western Africa,Vine,2.8,2.1,3.5,
43623,Cool Temperate,Dry,Central Asia,Grains,4.7,1.175,8.225,
43624,Cool Temperate,Dry,Central Asia,Maize,4.7,1.175,8.225,
43625,Cool Temperate,Dry,Central Asia,Sugarcane,4.7,1.175,8.225,
43626,Cool Temperate,Dry,Central Asia,Wheat,4.7,1.175,8.225,
43627,Cool Temperate,Dry,Central Asia,Beans & Pulses,4.7,1.175,8.225,
43628,Cool Temperate,Dry,Central Asia,Tubers,4.7,1.175,8.225,
43629,Cool Temperate,Dry,Central Asia,Root Crops,4.7,1.175,8.225,
43630,Cool Temperate,Dry,Central Asia,Barley,4.7,1.175,8.225,
43631,Cool Temperate,Dry,Central Asia,Oats,4.7,1.175,8.225,
43632,Cool Temperate,Dry,Central Asia,Millet,4.7,1.175,8.225,
43633,Cool Temperate,Dry,Central Asia,Sorghum,4.7,1.175,8.225,
43634,Cool Temperate,Dry,Central Asia,Rye,4.7,1.175,8.225,
43635,Cool Temperate,Dry,Central Asia,Soybeans,4.7,1.175,8.225,
43636,Cool Temperate,Dry,Central Asia,Dry Bean,4.7,1.175,8.225,
43637,Cool Temperate,Dry,Central Asia,Potatoes,4.7,1.175,8.225,
43638,Cool Temperate,Dry,Central Asia,Peanuts,4.7,1.175,8.225,
43639,Cool Temperate,Dry,Central Asia,Vegetables,4.7,1.175,8.225,
43640,Cool Temperate,Dry,Central Asia,Oilseeds,4.7,1.175,8.225,
43641,Cool Temperate,Dry,Central Asia,Groundnuts,4.7,1.175,8.225,
43642,Cool Temperate,Dry,Central Asia,Annual Cropland,4.7,1.175,8.225,
43643,Cool Temperate,Dry,Central Asia,Set Aside,4.7,1.175,8.225,
43644,Cool Temperate,Dry,Central Asia,Flooded Rice,4.7,1.175,8.225,
43645,Cool Temperate,Dry,Central Asia,Grassland,3.055,0.76375,5.34625,
43646,Cool Temperate,Dry,Central Asia,Other Land (Non-Vegetated),0,#N/A,#N/A,
43647,Cool Temperate,Dry,Central Asia,Settlement,0,#N/A,#N/A,
43648,Cool Temperate,Dry,Central Asia,Agroforestry - Default,20.6,5.15,36.05,
43649,Cool Temperate,Dry,Central Asia,Hedgerow,13.1,9.301,16.899,
43650,Cool Temperate,Dry,Central Asia,Silvoarable,13.7,3.425,23.975,
43651,Cool Temperate,Dry,Central Asia,Silvopasture,35,8.75,61.25,
43652,Cool Temperate,Dry,Central Asia,Other Land,1,#N/A,#N/A,
43653,Cool Temperate,Dry,Central Asia,Olive,6.9,1.725,12.075,
43654,Cool Temperate,Dry,Central Asia,Orchard,6.4,1.6,11.2,
43655,Cool Temperate,Dry,Central Asia,Short Rotation Coppice,6.35,1.5875,11.1125,
43656,Cool Temperate,Dry,Central Asia,Tea,18.3,4.575,32.025,
43657,Cool Temperate,Dry,Central Asia,Vine,2.8,2.1,3.5,
43658,Cool Temperate,Dry,Eastern Asia,Grains,4.7,1.175,8.225,
43659,Cool Temperate,Dry,Eastern Asia,Maize,4.7,1.175,8.225,
43660,Cool Temperate,Dry,Eastern Asia,Sugarcane,4.7,1.175,8.225,
43661,Cool Temperate,Dry,Eastern Asia,Wheat,4.7,1.175,8.225,
43662,Cool Temperate,Dry,Eastern Asia,Beans & Pulses,4.7,1.175,8.225,
43663,Cool Temperate,Dry,Eastern Asia,Tubers,4.7,1.175,8.225,
43664,Cool Temperate,Dry,Eastern Asia,Root Crops,4.7,1.175,8.225,
43665,Cool Temperate,Dry,Eastern Asia,Barley,4.7,1.175,8.225,
43666,Cool Temperate,Dry,Eastern Asia,Oats,4.7,1.175,8.225,
43667,Cool Temperate,Dry,Eastern Asia,Millet,4.7,1.175,8.225,
43668,Cool Temperate,Dry,Eastern Asia,Sorghum,4.7,1.175,8.225,
43669,Cool Temperate,Dry,Eastern Asia,Rye,4.7,1.175,8.225,
43670,Cool Temperate,Dry,Eastern Asia,Soybeans,4.7,1.175,8.225,
43671,Cool Temperate,Dry,Eastern Asia,Dry Bean,4.7,1.175,8.225,
43672,Cool Temperate,Dry,Eastern Asia,Potatoes,4.7,1.175,8.225,
43673,Cool Temperate,Dry,Eastern Asia,Peanuts,4.7,1.175,8.225,
43674,Cool Temperate,Dry,Eastern Asia,Vegetables,4.7,1.175,8.225,
43675,Cool Temperate,Dry,Eastern Asia,Oilseeds,4.7,1.175,8.225,
43676,Cool Temperate,Dry,Eastern Asia,Groundnuts,4.7,1.175,8.225,
43677,Cool Temperate,Dry,Eastern Asia,Annual Cropland,4.7,1.175,8.225,
43678,Cool Temperate,Dry,Eastern Asia,Set Aside,4.7,1.175,8.225,
43679,Cool Temperate,Dry,Eastern Asia,Flooded Rice,4.7,1.175,8.225,
43680,Cool Temperate,Dry,Eastern Asia,Grassland,3.055,0.76375,5.34625,
43681,Cool Temperate,Dry,Eastern Asia,Other Land (Non-Vegetated),0,#N/A,#N/A,
43682,Cool Temperate,Dry,Eastern Asia,Settlement,0,#N/A,#N/A,
43683,Cool Temperate,Dry,Eastern Asia,Agroforestry - Default,20.6,5.15,36.05,
43684,Cool Temperate,Dry,Eastern Asia,Hedgerow,13.1,9.301,16.899,
43685,Cool Temperate,Dry,Eastern Asia,Silvoarable,13.7,3.425,23.975,
43686,Cool Temperate,Dry,Eastern Asia,Silvopasture,35,8.75,61.25,
43687,Cool Temperate,Dry,Eastern Asia,Other Land,1,#N/A,#N/A,
43688,Cool Temperate,Dry,Eastern Asia,Olive,6.9,1.725,12.075,
43689,Cool Temperate,Dry,Eastern Asia,Orchard,6.4,1.6,11.2,
43690,Cool Temperate,Dry,Eastern Asia,Short Rotation Coppice,6.35,1.5875,11.1125,
43691,Cool Temperate,Dry,Eastern Asia,Tea,18.3,4.575,32.025,
43692,Cool Temperate,Dry,Eastern Asia,Vine,2.8,2.1,3.5,
43693,Cool Temperate,Dry,South-Eastern Asia,Grains,4.7,1.175,8.225,
43694,Cool Temperate,Dry,South-Eastern Asia,Maize,4.7,1.175,8.225,
43695,Cool Temperate,Dry,South-Eastern Asia,Sugarcane,4.7,1.175,8.225,
43696,Cool Temperate,Dry,South-Eastern Asia,Wheat,4.7,1.175,8.225,
43697,Cool Temperate,Dry,South-Eastern Asia,Beans & Pulses,4.7,1.175,8.225,
43698,Cool Temperate,Dry,South-Eastern Asia,Tubers,4.7,1.175,8.225,
43699,Cool Temperate,Dry,South-Eastern Asia,Root Crops,4.7,1.175,8.225,
43700,Cool Temperate,Dry,South-Eastern Asia,Barley,4.7,1.175,8.225,
43701,Cool Temperate,Dry,South-Eastern Asia,Oats,4.7,1.175,8.225,
43702,Cool Temperate,Dry,South-Eastern Asia,Millet,4.7,1.175,8.225,
43703,Cool Temperate,Dry,South-Eastern Asia,Sorghum,4.7,1.175,8.225,
43704,Cool Temperate,Dry,South-Eastern Asia,Rye,4.7,1.175,8.225,
43705,Cool Temperate,Dry,South-Eastern Asia,Soybeans,4.7,1.175,8.225,
43706,Cool Temperate,Dry,South-Eastern Asia,Dry Bean,4.7,1.175,8.225,
43707,Cool Temperate,Dry,South-Eastern Asia,Potatoes,4.7,1.175,8.225,
43708,Cool Temperate,Dry,South-Eastern Asia,Peanuts,4.7,1.175,8.225,
43709,Cool Temperate,Dry,South-Eastern Asia,Vegetables,4.7,1.175,8.225,
43710,Cool Temperate,Dry,South-Eastern Asia,Oilseeds,4.7,1.175,8.225,
43711,Cool Temperate,Dry,South-Eastern Asia,Groundnuts,4.7,1.175,8.225,
43712,Cool Temperate,Dry,South-Eastern Asia,Annual Cropland,4.7,1.175,8.225,
43713,Cool Temperate,Dry,South-Eastern Asia,Set Aside,4.7,1.175,8.225,
43714,Cool Temperate,Dry,South-Eastern Asia,Flooded Rice,4.7,1.175,8.225,
43715,Cool Temperate,Dry,South-Eastern Asia,Grassland,3.055,0.76375,5.34625,
43716,Cool Temperate,Dry,South-Eastern Asia,Other Land (Non-Vegetated),0,#N/A,#N/A,
43717,Cool Temperate,Dry,South-Eastern Asia,Settlement,0,#N/A,#N/A,
43718,Cool Temperate,Dry,South-Eastern Asia,Agroforestry - Default,20.6,5.15,36.05,
43719,Cool Temperate,Dry,South-Eastern Asia,Hedgerow,13.1,9.301,16.899,
43720,Cool Temperate,Dry,South-Eastern Asia,Silvoarable,13.7,3.425,23.975,
43721,Cool Temperate,Dry,South-Eastern Asia,Silvopasture,35,8.75,61.25,
43722,Cool Temperate,Dry,South-Eastern Asia,Other Land,1,#N/A,#N/A,
43723,Cool Temperate,Dry,South-Eastern Asia,Olive,6.9,1.725,12.075,
43724,Cool Temperate,Dry,South-Eastern Asia,Orchard,6.4,1.6,11.2,
43725,Cool Temperate,Dry,South-Eastern Asia,Short Rotation Coppice,6.35,1.5875,11.1125,
43726,Cool Temperate,Dry,South-Eastern Asia,Tea,18.3,4.575,32.025,
43727,Cool Temperate,Dry,South-Eastern Asia,Vine,2.8,2.1,3.5,
43728,Cool Temperate,Dry,Southern Asia,Grains,4.7,1.175,8.225,
43729,Cool Temperate,Dry,Southern Asia,Maize,4.7,1.175,8.225,
43730,Cool Temperate,Dry,Southern Asia,Sugarcane,4.7,1.175,8.225,
43731,Cool Temperate,Dry,Southern Asia,Wheat,4.7,1.175,8.225,
43732,Cool Temperate,Dry,Southern Asia,Beans & Pulses,4.7,1.175,8.225,
43733,Cool Temperate,Dry,Southern Asia,Tubers,4.7,1.175,8.225,
43734,Cool Temperate,Dry,Southern Asia,Root Crops,4.7,1.175,8.225,
43735,Cool Temperate,Dry,Southern Asia,Barley,4.7,1.175,8.225,
43736,Cool Temperate,Dry,Southern Asia,Oats,4.7,1.175,8.225,
43737,Cool Temperate,Dry,Southern Asia,Millet,4.7,1.175,8.225,
43738,Cool Temperate,Dry,Southern Asia,Sorghum,4.7,1.175,8.225,
43739,Cool Temperate,Dry,Southern Asia,Rye,4.7,1.175,8.225,
43740,Cool Temperate,Dry,Southern Asia,Soybeans,4.7,1.175,8.225,
43741,Cool Temperate,Dry,Southern Asia,Dry Bean,4.7,1.175,8.225,
43742,Cool Temperate,Dry,Southern Asia,Potatoes,4.7,1.175,8.225,
43743,Cool Temperate,Dry,Southern Asia,Peanuts,4.7,1.175,8.225,
43744,Cool Temperate,Dry,Southern Asia,Vegetables,4.7,1.175,8.225,
43745,Cool Temperate,Dry,Southern Asia,Oilseeds,4.7,1.175,8.225,
43746,Cool Temperate,Dry,Southern Asia,Groundnuts,4.7,1.175,8.225,
43747,Cool Temperate,Dry,Southern Asia,Annual Cropland,4.7,1.175,8.225,
43748,Cool Temperate,Dry,Southern Asia,Set Aside,4.7,1.175,8.225,
43749,Cool Temperate,Dry,Southern Asia,Flooded Rice,4.7,1.175,8.225,
43750,Cool Temperate,Dry,Southern Asia,Grassland,3.055,0.76375,5.34625,
43751,Cool Temperate,Dry,Southern Asia,Other Land (Non-Vegetated),0,#N/A,#N/A,
43752,Cool Temperate,Dry,Southern Asia,Settlement,0,#N/A,#N/A,
43753,Cool Temperate,Dry,Southern Asia,Agroforestry - Default,20.6,5.15,36.05,
43754,Cool Temperate,Dry,Southern Asia,Hedgerow,13.1,9.301,16.899,
43755,Cool Temperate,Dry,Southern Asia,Silvoarable,13.7,3.425,23.975,
43756,Cool Temperate,Dry,Southern Asia,Silvopasture,35,8.75,61.25,
43757,Cool Temperate,Dry,Southern Asia,Other Land,1,#N/A,#N/A,
43758,Cool Temperate,Dry,Southern Asia,Olive,6.9,1.725,12.075,
43759,Cool Temperate,Dry,Southern Asia,Orchard,6.4,1.6,11.2,
43760,Cool Temperate,Dry,Southern Asia,Short Rotation Coppice,6.35,1.5875,11.1125,
43761,Cool Temperate,Dry,Southern Asia,Tea,18.3,4.575,32.025,
43762,Cool Temperate,Dry,Southern Asia,Vine,2.8,2.1,3.5,
43763,Cool Temperate,Dry,Western Asia,Grains,4.7,1.175,8.225,
43764,Cool Temperate,Dry,Western Asia,Maize,4.7,1.175,8.225,
43765,Cool Temperate,Dry,Western Asia,Sugarcane,4.7,1.175,8.225,
43766,Cool Temperate,Dry,Western Asia,Wheat,4.7,1.175,8.225,
43767,Cool Temperate,Dry,Western Asia,Beans & Pulses,4.7,1.175,8.225,
43768,Cool Temperate,Dry,Western Asia,Tubers,4.7,1.175,8.225,
43769,Cool Temperate,Dry,Western Asia,Root Crops,4.7,1.175,8.225,
43770,Cool Temperate,Dry,Western Asia,Barley,4.7,1.175,8.225,
43771,Cool Temperate,Dry,Western Asia,Oats,4.7,1.175,8.225,
43772,Cool Temperate,Dry,Western Asia,Millet,4.7,1.175,8.225,
43773,Cool Temperate,Dry,Western Asia,Sorghum,4.7,1.175,8.225,
43774,Cool Temperate,Dry,Western Asia,Rye,4.7,1.175,8.225,
43775,Cool Temperate,Dry,Western Asia,Soybeans,4.7,1.175,8.225,
43776,Cool Temperate,Dry,Western Asia,Dry Bean,4.7,1.175,8.225,
43777,Cool Temperate,Dry,Western Asia,Potatoes,4.7,1.175,8.225,
43778,Cool Temperate,Dry,Western Asia,Peanuts,4.7,1.175,8.225,
43779,Cool Temperate,Dry,Western Asia,Vegetables,4.7,1.175,8.225,
43780,Cool Temperate,Dry,Western Asia,Oilseeds,4.7,1.175,8.225,
43781,Cool Temperate,Dry,Western Asia,Groundnuts,4.7,1.175,8.225,
43782,Cool Temperate,Dry,Western Asia,Annual Cropland,4.7,1.175,8.225,
43783,Cool Temperate,Dry,Western Asia,Set Aside,4.7,1.175,8.225,
43784,Cool Temperate,Dry,Western Asia,Flooded Rice,4.7,1.175,8.225,
43785,Cool Temperate,Dry,Western Asia,Grassland,3.055,0.76375,5.34625,
43786,Cool Temperate,Dry,Western Asia,Other Land (Non-Vegetated),0,#N/A,#N/A,
43787,Cool Temperate,Dry,Western Asia,Settlement,0,#N/A,#N/A,
43788,Cool Temperate,Dry,Western Asia,Agroforestry - Default,20.6,5.15,36.05,
43789,Cool Temperate,Dry,Western Asia,Hedgerow,13.1,9.301,16.899,
43790,Cool Temperate,Dry,Western Asia,Silvoarable,13.7,3.425,23.975,
43791,Cool Temperate,Dry,Western Asia,Silvopasture,35,8.75,61.25,
43792,Cool Temperate,Dry,Western Asia,Other Land,1,#N/A,#N/A,
43793,Cool Temperate,Dry,Western Asia,Olive,6.9,1.725,12.075,
43794,Cool Temperate,Dry,Western Asia,Orchard,6.4,1.6,11.2,
43795,Cool Temperate,Dry,Western Asia,Short Rotation Coppice,6.35,1.5875,11.1125,
43796,Cool Temperate,Dry,Western Asia,Tea,18.3,4.575,32.025,
43797,Cool Temperate,Dry,Western Asia,Vine,2.8,2.1,3.5,
43798,Cool Temperate,Dry,Europe,Grains,4.7,1.175,8.225,
43799,Cool Temperate,Dry,Europe,Maize,4.7,1.175,8.225,
43800,Cool Temperate,Dry,Europe,Sugarcane,4.7,1.175,8.225,
43801,Cool Temperate,Dry,Europe,Wheat,4.7,1.175,8.225,
43802,Cool Temperate,Dry,Europe,Beans & Pulses,4.7,1.175,8.225,
43803,Cool Temperate,Dry,Europe,Tubers,4.7,1.175,8.225,
43804,Cool Temperate,Dry,Europe,Root Crops,4.7,1.175,8.225,
43805,Cool Temperate,Dry,Europe,Barley,4.7,1.175,8.225,
43806,Cool Temperate,Dry,Europe,Oats,4.7,1.175,8.225,
43807,Cool Temperate,Dry,Europe,Millet,4.7,1.175,8.225,
43808,Cool Temperate,Dry,Europe,Sorghum,4.7,1.175,8.225,
43809,Cool Temperate,Dry,Europe,Rye,4.7,1.175,8.225,
43810,Cool Temperate,Dry,Europe,Soybeans,4.7,1.175,8.225,
43811,Cool Temperate,Dry,Europe,Dry Bean,4.7,1.175,8.225,
43812,Cool Temperate,Dry,Europe,Potatoes,4.7,1.175,8.225,
43813,Cool Temperate,Dry,Europe,Peanuts,4.7,1.175,8.225,
43814,Cool Temperate,Dry,Europe,Vegetables,4.7,1.175,8.225,
43815,Cool Temperate,Dry,Europe,Oilseeds,4.7,1.175,8.225,
43816,Cool Temperate,Dry,Europe,Groundnuts,4.7,1.175,8.225,
43817,Cool Temperate,Dry,Europe,Annual Cropland,4.7,1.175,8.225,
43818,Cool Temperate,Dry,Europe,Set Aside,4.7,1.175,8.225,
43819,Cool Temperate,Dry,Europe,Flooded Rice,4.7,1.175,8.225,
43820,Cool Temperate,Dry,Europe,Grassland,3.055,0.76375,5.34625,
43821,Cool Temperate,Dry,Europe,Other Land (Non-Vegetated),0,#N/A,#N/A,
43822,Cool Temperate,Dry,Europe,Settlement,0,#N/A,#N/A,
43823,Cool Temperate,Dry,Europe,Agroforestry - Default,20.6,5.15,36.05,
43824,Cool Temperate,Dry,Europe,Hedgerow,13.1,9.301,16.899,
43825,Cool Temperate,Dry,Europe,Silvoarable,13.7,3.425,23.975,
43826,Cool Temperate,Dry,Europe,Silvopasture,35,8.75,61.25,
43827,Cool Temperate,Dry,Europe,Other Land,1,#N/A,#N/A,
43828,Cool Temperate,Dry,Europe,Olive,6.9,1.725,12.075,
43829,Cool Temperate,Dry,Europe,Orchard,6.4,1.6,11.2,
43830,Cool Temperate,Dry,Europe,Short Rotation Coppice,6.35,1.5875,11.1125,
43831,Cool Temperate,Dry,Europe,Tea,18.3,4.575,32.025,
43832,Cool Temperate,Dry,Europe,Vine,2.8,2.1,3.5,
43833,Cool Temperate,Dry,Oceania,Grains,4.7,1.175,8.225,
43834,Cool Temperate,Dry,Oceania,Maize,4.7,1.175,8.225,
43835,Cool Temperate,Dry,Oceania,Sugarcane,4.7,1.175,8.225,
43836,Cool Temperate,Dry,Oceania,Wheat,4.7,1.175,8.225,
43837,Cool Temperate,Dry,Oceania,Beans & Pulses,4.7,1.175,8.225,
43838,Cool Temperate,Dry,Oceania,Tubers,4.7,1.175,8.225,
43839,Cool Temperate,Dry,Oceania,Root Crops,4.7,1.175,8.225,
43840,Cool Temperate,Dry,Oceania,Barley,4.7,1.175,8.225,
43841,Cool Temperate,Dry,Oceania,Oats,4.7,1.175,8.225,
43842,Cool Temperate,Dry,Oceania,Millet,4.7,1.175,8.225,
43843,Cool Temperate,Dry,Oceania,Sorghum,4.7,1.175,8.225,
43844,Cool Temperate,Dry,Oceania,Rye,4.7,1.175,8.225,
43845,Cool Temperate,Dry,Oceania,Soybeans,4.7,1.175,8.225,
43846,Cool Temperate,Dry,Oceania,Dry Bean,4.7,1.175,8.225,
43847,Cool Temperate,Dry,Oceania,Potatoes,4.7,1.175,8.225,
43848,Cool Temperate,Dry,Oceania,Peanuts,4.7,1.175,8.225,
43849,Cool Temperate,Dry,Oceania,Vegetables,4.7,1.175,8.225,
43850,Cool Temperate,Dry,Oceania,Oilseeds,4.7,1.175,8.225,
43851,Cool Temperate,Dry,Oceania,Groundnuts,4.7,1.175,8.225,
43852,Cool Temperate,Dry,Oceania,Annual Cropland,4.7,1.175,8.225,
43853,Cool Temperate,Dry,Oceania,Set Aside,4.7,1.175,8.225,
43854,Cool Temperate,Dry,Oceania,Flooded Rice,4.7,1.175,8.225,
43855,Cool Temperate,Dry,Oceania,Grassland,3.055,0.76375,5.34625,
43856,Cool Temperate,Dry,Oceania,Other Land (Non-Vegetated),0,#N/A,#N/A,
43857,Cool Temperate,Dry,Oceania,Settlement,0,#N/A,#N/A,
43858,Cool Temperate,Dry,Oceania,Agroforestry - Default,20.6,5.15,36.05,
43859,Cool Temperate,Dry,Oceania,Hedgerow,13.1,9.301,16.899,
43860,Cool Temperate,Dry,Oceania,Silvoarable,13.7,3.425,23.975,
43861,Cool Temperate,Dry,Oceania,Silvopasture,35,8.75,61.25,
43862,Cool Temperate,Dry,Oceania,Other Land,1,#N/A,#N/A,
43863,Cool Temperate,Dry,Oceania,Olive,6.9,1.725,12.075,
43864,Cool Temperate,Dry,Oceania,Orchard,6.4,1.6,11.2,
43865,Cool Temperate,Dry,Oceania,Short Rotation Coppice,6.35,1.5875,11.1125,
43866,Cool Temperate,Dry,Oceania,Tea,18.3,4.575,32.025,
43867,Cool Temperate,Dry,Oceania,Vine,2.8,2.1,3.5,
43868,Cool Temperate,Dry,North America,Grains,4.7,1.175,8.225,
43869,Cool Temperate,Dry,North America,Maize,4.7,1.175,8.225,
43870,Cool Temperate,Dry,North America,Sugarcane,4.7,1.175,8.225,
43871,Cool Temperate,Dry,North America,Wheat,4.7,1.175,8.225,
43872,Cool Temperate,Dry,North America,Beans & Pulses,4.7,1.175,8.225,
43873,Cool Temperate,Dry,North America,Tubers,4.7,1.175,8.225,
43874,Cool Temperate,Dry,North America,Root Crops,4.7,1.175,8.225,
43875,Cool Temperate,Dry,North America,Barley,4.7,1.175,8.225,
43876,Cool Temperate,Dry,North America,Oats,4.7,1.175,8.225,
43877,Cool Temperate,Dry,North America,Millet,4.7,1.175,8.225,
43878,Cool Temperate,Dry,North America,Sorghum,4.7,1.175,8.225,
43879,Cool Temperate,Dry,North America,Rye,4.7,1.175,8.225,
43880,Cool Temperate,Dry,North America,Soybeans,4.7,1.175,8.225,
43881,Cool Temperate,Dry,North America,Dry Bean,4.7,1.175,8.225,
43882,Cool Temperate,Dry,North America,Potatoes,4.7,1.175,8.225,
43883,Cool Temperate,Dry,North America,Peanuts,4.7,1.175,8.225,
43884,Cool Temperate,Dry,North America,Vegetables,4.7,1.175,8.225,
43885,Cool Temperate,Dry,North America,Oilseeds,4.7,1.175,8.225,
43886,Cool Temperate,Dry,North America,Groundnuts,4.7,1.175,8.225,
43887,Cool Temperate,Dry,North America,Annual Cropland,4.7,1.175,8.225,
43888,Cool Temperate,Dry,North America,Set Aside,4.7,1.175,8.225,
43889,Cool Temperate,Dry,North America,Flooded Rice,4.7,1.175,8.225,
43890,Cool Temperate,Dry,North America,Grassland,3.055,0.76375,5.34625,
43891,Cool Temperate,Dry,North America,Other Land (Non-Vegetated),0,#N/A,#N/A,
43892,Cool Temperate,Dry,North America,Settlement,0,#N/A,#N/A,
43893,Cool Temperate,Dry,North America,Agroforestry - Default,20.6,5.15,36.05,
43894,Cool Temperate,Dry,North America,Hedgerow,13.1,9.301,16.899,
43895,Cool Temperate,Dry,North America,Silvoarable,13.7,3.425,23.975,
43896,Cool Temperate,Dry,North America,Silvopasture,35,8.75,61.25,
43897,Cool Temperate,Dry,North America,Other Land,1,#N/A,#N/A,
43898,Cool Temperate,Dry,North America,Olive,6.9,1.725,12.075,
43899,Cool Temperate,Dry,North America,Orchard,6.4,1.6,11.2,
43900,Cool Temperate,Dry,North America,Short Rotation Coppice,6.35,1.5875,11.1125,
43901,Cool Temperate,Dry,North America,Tea,18.3,4.575,32.025,
43902,Cool Temperate,Dry,North America,Vine,2.8,2.1,3.5,
43903,Cool Temperate,Dry,South America,Grains,4.7,1.175,8.225,
43904,Cool Temperate,Dry,South America,Maize,4.7,1.175,8.225,
43905,Cool Temperate,Dry,South America,Sugarcane,4.7,1.175,8.225,
43906,Cool Temperate,Dry,South America,Wheat,4.7,1.175,8.225,
43907,Cool Temperate,Dry,South America,Beans & Pulses,4.7,1.175,8.225,
43908,Cool Temperate,Dry,South America,Tubers,4.7,1.175,8.225,
43909,Cool Temperate,Dry,South America,Root Crops,4.7,1.175,8.225,
43910,Cool Temperate,Dry,South America,Barley,4.7,1.175,8.225,
43911,Cool Temperate,Dry,South America,Oats,4.7,1.175,8.225,
43912,Cool Temperate,Dry,South America,Millet,4.7,1.175,8.225,
43913,Cool Temperate,Dry,South America,Sorghum,4.7,1.175,8.225,
43914,Cool Temperate,Dry,South America,Rye,4.7,1.175,8.225,
43915,Cool Temperate,Dry,South America,Soybeans,4.7,1.175,8.225,
43916,Cool Temperate,Dry,South America,Dry Bean,4.7,1.175,8.225,
43917,Cool Temperate,Dry,South America,Potatoes,4.7,1.175,8.225,
43918,Cool Temperate,Dry,South America,Peanuts,4.7,1.175,8.225,
43919,Cool Temperate,Dry,South America,Vegetables,4.7,1.175,8.225,
43920,Cool Temperate,Dry,South America,Oilseeds,4.7,1.175,8.225,
43921,Cool Temperate,Dry,South America,Groundnuts,4.7,1.175,8.225,
43922,Cool Temperate,Dry,South America,Annual Cropland,4.7,1.175,8.225,
43923,Cool Temperate,Dry,South America,Set Aside,4.7,1.175,8.225,
43924,Cool Temperate,Dry,South America,Flooded Rice,4.7,1.175,8.225,
43925,Cool Temperate,Dry,South America,Grassland,3.055,0.76375,5.34625,
43926,Cool Temperate,Dry,South America,Other Land (Non-Vegetated),0,#N/A,#N/A,
43927,Cool Temperate,Dry,South America,Settlement,0,#N/A,#N/A,
43928,Cool Temperate,Dry,South America,Agroforestry - Default,20.6,5.15,36.05,
43929,Cool Temperate,Dry,South America,Hedgerow,13.1,9.301,16.899,
43930,Cool Temperate,Dry,South America,Silvoarable,13.7,3.425,23.975,
43931,Cool Temperate,Dry,South America,Silvopasture,35,8.75,61.25,
43932,Cool Temperate,Dry,South America,Other Land,1,#N/A,#N/A,
43933,Cool Temperate,Dry,South America,Olive,6.9,1.725,12.075,
43934,Cool Temperate,Dry,South America,Orchard,6.4,1.6,11.2,
43935,Cool Temperate,Dry,South America,Short Rotation Coppice,6.35,1.5875,11.1125,
43936,Cool Temperate,Dry,South America,Tea,18.3,4.575,32.025,
43937,Cool Temperate,Dry,South America,Vine,2.8,2.1,3.5,
43938,Cool Temperate,Dry,Central America,Grains,4.7,1.175,8.225,
43939,Cool Temperate,Dry,Central America,Maize,4.7,1.175,8.225,
43940,Cool Temperate,Dry,Central America,Sugarcane,4.7,1.175,8.225,
43941,Cool Temperate,Dry,Central America,Wheat,4.7,1.175,8.225,
43942,Cool Temperate,Dry,Central America,Beans & Pulses,4.7,1.175,8.225,
43943,Cool Temperate,Dry,Central America,Tubers,4.7,1.175,8.225,
43944,Cool Temperate,Dry,Central America,Root Crops,4.7,1.175,8.225,
43945,Cool Temperate,Dry,Central America,Barley,4.7,1.175,8.225,
43946,Cool Temperate,Dry,Central America,Oats,4.7,1.175,8.225,
43947,Cool Temperate,Dry,Central America,Millet,4.7,1.175,8.225,
43948,Cool Temperate,Dry,Central America,Sorghum,4.7,1.175,8.225,
43949,Cool Temperate,Dry,Central America,Rye,4.7,1.175,8.225,
43950,Cool Temperate,Dry,Central America,Soybeans,4.7,1.175,8.225,
43951,Cool Temperate,Dry,Central America,Dry Bean,4.7,1.175,8.225,
43952,Cool Temperate,Dry,Central America,Potatoes,4.7,1.175,8.225,
43953,Cool Temperate,Dry,Central America,Peanuts,4.7,1.175,8.225,
43954,Cool Temperate,Dry,Central America,Vegetables,4.7,1.175,8.225,
43955,Cool Temperate,Dry,Central America,Oilseeds,4.7,1.175,8.225,
43956,Cool Temperate,Dry,Central America,Groundnuts,4.7,1.175,8.225,
43957,Cool Temperate,Dry,Central America,Annual Cropland,4.7,1.175,8.225,
43958,Cool Temperate,Dry,Central America,Set Aside,4.7,1.175,8.225,
43959,Cool Temperate,Dry,Central America,Flooded Rice,4.7,1.175,8.225,
43960,Cool Temperate,Dry,Central America,Grassland,3.055,0.76375,5.34625,
43961,Cool Temperate,Dry,Central America,Other Land (Non-Vegetated),0,#N/A,#N/A,
43962,Cool Temperate,Dry,Central America,Settlement,0,#N/A,#N/A,
43963,Cool Temperate,Dry,Central America,Agroforestry - Default,20.6,5.15,36.05,
43964,Cool Temperate,Dry,Central America,Hedgerow,13.1,9.301,16.899,
43965,Cool Temperate,Dry,Central America,Silvoarable,13.7,3.425,23.975,
43966,Cool Temperate,Dry,Central America,Silvopasture,35,8.75,61.25,
43967,Cool Temperate,Dry,Central America,Other Land,1,#N/A,#N/A,
43968,Cool Temperate,Dry,Central America,Olive,6.9,1.725,12.075,
43969,Cool Temperate,Dry,Central America,Orchard,6.4,1.6,11.2,
43970,Cool Temperate,Dry,Central America,Short Rotation Coppice,6.35,1.5875,11.1125,
43971,Cool Temperate,Dry,Central America,Tea,18.3,4.575,32.025,
43972,Cool Temperate,Dry,Central America,Vine,2.8,2.1,3.5,
43973,Cool Temperate,Dry,Caribbean,Grains,4.7,1.175,8.225,
43974,Cool Temperate,Dry,Caribbean,Maize,4.7,1.175,8.225,
43975,Cool Temperate,Dry,Caribbean,Sugarcane,4.7,1.175,8.225,
43976,Cool Temperate,Dry,Caribbean,Wheat,4.7,1.175,8.225,
43977,Cool Temperate,Dry,Caribbean,Beans & Pulses,4.7,1.175,8.225,
43978,Cool Temperate,Dry,Caribbean,Tubers,4.7,1.175,8.225,
43979,Cool Temperate,Dry,Caribbean,Root Crops,4.7,1.175,8.225,
43980,Cool Temperate,Dry,Caribbean,Barley,4.7,1.175,8.225,
43981,Cool Temperate,Dry,Caribbean,Oats,4.7,1.175,8.225,
43982,Cool Temperate,Dry,Caribbean,Millet,4.7,1.175,8.225,
43983,Cool Temperate,Dry,Caribbean,Sorghum,4.7,1.175,8.225,
43984,Cool Temperate,Dry,Caribbean,Rye,4.7,1.175,8.225,
43985,Cool Temperate,Dry,Caribbean,Soybeans,4.7,1.175,8.225,
43986,Cool Temperate,Dry,Caribbean,Dry Bean,4.7,1.175,8.225,
43987,Cool Temperate,Dry,Caribbean,Potatoes,4.7,1.175,8.225,
43988,Cool Temperate,Dry,Caribbean,Peanuts,4.7,1.175,8.225,
43989,Cool Temperate,Dry,Caribbean,Vegetables,4.7,1.175,8.225,
43990,Cool Temperate,Dry,Caribbean,Oilseeds,4.7,1.175,8.225,
43991,Cool Temperate,Dry,Caribbean,Groundnuts,4.7,1.175,8.225,
43992,Cool Temperate,Dry,Caribbean,Annual Cropland,4.7,1.175,8.225,
43993,Cool Temperate,Dry,Caribbean,Set Aside,4.7,1.175,8.225,
43994,Cool Temperate,Dry,Caribbean,Flooded Rice,4.7,1.175,8.225,
43995,Cool Temperate,Dry,Caribbean,Grassland,3.055,0.76375,5.34625,
43996,Cool Temperate,Dry,Caribbean,Other Land (Non-Vegetated),0,#N/A,#N/A,
43997,Cool Temperate,Dry,Caribbean,Settlement,0,#N/A,#N/A,
43998,Cool Temperate,Dry,Caribbean,Agroforestry - Default,20.6,5.15,36.05,
43999,Cool Temperate,Dry,Caribbean,Hedgerow,13.1,9.301,16.899,
44000,Cool Temperate,Dry,Caribbean,Silvoarable,13.7,3.425,23.975,
44001,Cool Temperate,Dry,Caribbean,Silvopasture,35,8.75,61.25,
44002,Cool Temperate,Dry,Caribbean,Other Land,1,#N/A,#N/A,
44003,Cool Temperate,Dry,Caribbean,Olive,6.9,1.725,12.075,
44004,Cool Temperate,Dry,Caribbean,Orchard,6.4,1.6,11.2,
44005,Cool Temperate,Dry,Caribbean,Short Rotation Coppice,6.35,1.5875,11.1125,
44006,Cool Temperate,Dry,Caribbean,Tea,18.3,4.575,32.025,
44007,Cool Temperate,Dry,Caribbean,Vine,2.8,2.1,3.5,
44008,Cool Temperate,Moist,Eastern Africa,Grains,4.7,1.175,8.225,
44009,Cool Temperate,Moist,Eastern Africa,Maize,4.7,1.175,8.225,
44010,Cool Temperate,Moist,Eastern Africa,Sugarcane,4.7,1.175,8.225,
44011,Cool Temperate,Moist,Eastern Africa,Wheat,4.7,1.175,8.225,
44012,Cool Temperate,Moist,Eastern Africa,Beans & Pulses,4.7,1.175,8.225,
44013,Cool Temperate,Moist,Eastern Africa,Tubers,4.7,1.175,8.225,
44014,Cool Temperate,Moist,Eastern Africa,Root Crops,4.7,1.175,8.225,
44015,Cool Temperate,Moist,Eastern Africa,Barley,4.7,1.175,8.225,
44016,Cool Temperate,Moist,Eastern Africa,Oats,4.7,1.175,8.225,
44017,Cool Temperate,Moist,Eastern Africa,Millet,4.7,1.175,8.225,
44018,Cool Temperate,Moist,Eastern Africa,Sorghum,4.7,1.175,8.225,
44019,Cool Temperate,Moist,Eastern Africa,Rye,4.7,1.175,8.225,
44020,Cool Temperate,Moist,Eastern Africa,Soybeans,4.7,1.175,8.225,
44021,Cool Temperate,Moist,Eastern Africa,Dry Bean,4.7,1.175,8.225,
44022,Cool Temperate,Moist,Eastern Africa,Potatoes,4.7,1.175,8.225,
44023,Cool Temperate,Moist,Eastern Africa,Peanuts,4.7,1.175,8.225,
44024,Cool Temperate,Moist,Eastern Africa,Vegetables,4.7,1.175,8.225,
44025,Cool Temperate,Moist,Eastern Africa,Oilseeds,4.7,1.175,8.225,
44026,Cool Temperate,Moist,Eastern Africa,Groundnuts,4.7,1.175,8.225,
44027,Cool Temperate,Moist,Eastern Africa,Annual Cropland,4.7,1.175,8.225,
44028,Cool Temperate,Moist,Eastern Africa,Set Aside,4.7,1.175,8.225,
44029,Cool Temperate,Moist,Eastern Africa,Flooded Rice,4.7,1.175,8.225,
44030,Cool Temperate,Moist,Eastern Africa,Grassland,5.64,1.41,9.87,
44031,Cool Temperate,Moist,Eastern Africa,Other Land (Non-Vegetated),0,#N/A,#N/A,
44032,Cool Temperate,Moist,Eastern Africa,Settlement,0,#N/A,#N/A,
44033,Cool Temperate,Moist,Eastern Africa,Agroforestry - Default,20.6,5.15,36.05,
44034,Cool Temperate,Moist,Eastern Africa,Hedgerow,13.1,9.301,16.899,
44035,Cool Temperate,Moist,Eastern Africa,Silvoarable,13.7,3.425,23.975,
44036,Cool Temperate,Moist,Eastern Africa,Silvopasture,35,8.75,61.25,
44037,Cool Temperate,Moist,Eastern Africa,Other Land,1,#N/A,#N/A,
44038,Cool Temperate,Moist,Eastern Africa,Olive,6.9,1.725,12.075,
44039,Cool Temperate,Moist,Eastern Africa,Orchard,6.4,1.6,11.2,
44040,Cool Temperate,Moist,Eastern Africa,Short Rotation Coppice,6.35,1.5875,11.1125,
44041,Cool Temperate,Moist,Eastern Africa,Tea,18.3,4.575,32.025,
44042,Cool Temperate,Moist,Eastern Africa,Vine,2.8,2.1,3.5,
44043,Cool Temperate,Moist,Central Africa,Grains,4.7,1.175,8.225,
44044,Cool Temperate,Moist,Central Africa,Maize,4.7,1.175,8.225,
44045,Cool Temperate,Moist,Central Africa,Sugarcane,4.7,1.175,8.225,
44046,Cool Temperate,Moist,Central Africa,Wheat,4.7,1.175,8.225,
44047,Cool Temperate,Moist,Central Africa,Beans & Pulses,4.7,1.175,8.225,
44048,Cool Temperate,Moist,Central Africa,Tubers,4.7,1.175,8.225,
44049,Cool Temperate,Moist,Central Africa,Root Crops,4.7,1.175,8.225,
44050,Cool Temperate,Moist,Central Africa,Barley,4.7,1.175,8.225,
44051,Cool Temperate,Moist,Central Africa,Oats,4.7,1.175,8.225,
44052,Cool Temperate,Moist,Central Africa,Millet,4.7,1.175,8.225,
44053,Cool Temperate,Moist,Central Africa,Sorghum,4.7,1.175,8.225,
44054,Cool Temperate,Moist,Central Africa,Rye,4.7,1.175,8.225,
44055,Cool Temperate,Moist,Central Africa,Soybeans,4.7,1.175,8.225,
44056,Cool Temperate,Moist,Central Africa,Dry Bean,4.7,1.175,8.225,
44057,Cool Temperate,Moist,Central Africa,Potatoes,4.7,1.175,8.225,
44058,Cool Temperate,Moist,Central Africa,Peanuts,4.7,1.175,8.225,
44059,Cool Temperate,Moist,Central Africa,Vegetables,4.7,1.175,8.225,
44060,Cool Temperate,Moist,Central Africa,Oilseeds,4.7,1.175,8.225,
44061,Cool Temperate,Moist,Central Africa,Groundnuts,4.7,1.175,8.225,
44062,Cool Temperate,Moist,Central Africa,Annual Cropland,4.7,1.175,8.225,
44063,Cool Temperate,Moist,Central Africa,Set Aside,4.7,1.175,8.225,
44064,Cool Temperate,Moist,Central Africa,Flooded Rice,4.7,1.175,8.225,
44065,Cool Temperate,Moist,Central Africa,Grassland,5.64,1.41,9.87,
44066,Cool Temperate,Moist,Central Africa,Other Land (Non-Vegetated),0,#N/A,#N/A,
44067,Cool Temperate,Moist,Central Africa,Settlement,0,#N/A,#N/A,
44068,Cool Temperate,Moist,Central Africa,Agroforestry - Default,20.6,5.15,36.05,
44069,Cool Temperate,Moist,Central Africa,Hedgerow,13.1,9.301,16.899,
44070,Cool Temperate,Moist,Central Africa,Silvoarable,13.7,3.425,23.975,
44071,Cool Temperate,Moist,Central Africa,Silvopasture,35,8.75,61.25,
44072,Cool Temperate,Moist,Central Africa,Other Land,1,#N/A,#N/A,
44073,Cool Temperate,Moist,Central Africa,Olive,6.9,1.725,12.075,
44074,Cool Temperate,Moist,Central Africa,Orchard,6.4,1.6,11.2,
44075,Cool Temperate,Moist,Central Africa,Short Rotation Coppice,6.35,1.5875,11.1125,
44076,Cool Temperate,Moist,Central Africa,Tea,18.3,4.575,32.025,
44077,Cool Temperate,Moist,Central Africa,Vine,2.8,2.1,3.5,
44078,Cool Temperate,Moist,Northern Africa,Grains,4.7,1.175,8.225,
44079,Cool Temperate,Moist,Northern Africa,Maize,4.7,1.175,8.225,
44080,Cool Temperate,Moist,Northern Africa,Sugarcane,4.7,1.175,8.225,
44081,Cool Temperate,Moist,Northern Africa,Wheat,4.7,1.175,8.225,
44082,Cool Temperate,Moist,Northern Africa,Beans & Pulses,4.7,1.175,8.225,
44083,Cool Temperate,Moist,Northern Africa,Tubers,4.7,1.175,8.225,
44084,Cool Temperate,Moist,Northern Africa,Root Crops,4.7,1.175,8.225,
44085,Cool Temperate,Moist,Northern Africa,Barley,4.7,1.175,8.225,
44086,Cool Temperate,Moist,Northern Africa,Oats,4.7,1.175,8.225,
44087,Cool Temperate,Moist,Northern Africa,Millet,4.7,1.175,8.225,
44088,Cool Temperate,Moist,Northern Africa,Sorghum,4.7,1.175,8.225,
44089,Cool Temperate,Moist,Northern Africa,Rye,4.7,1.175,8.225,
44090,Cool Temperate,Moist,Northern Africa,Soybeans,4.7,1.175,8.225,
44091,Cool Temperate,Moist,Northern Africa,Dry Bean,4.7,1.175,8.225,
44092,Cool Temperate,Moist,Northern Africa,Potatoes,4.7,1.175,8.225,
44093,Cool Temperate,Moist,Northern Africa,Peanuts,4.7,1.175,8.225,
44094,Cool Temperate,Moist,Northern Africa,Vegetables,4.7,1.175,8.225,
44095,Cool Temperate,Moist,Northern Africa,Oilseeds,4.7,1.175,8.225,
44096,Cool Temperate,Moist,Northern Africa,Groundnuts,4.7,1.175,8.225,
44097,Cool Temperate,Moist,Northern Africa,Annual Cropland,4.7,1.175,8.225,
44098,Cool Temperate,Moist,Northern Africa,Set Aside,4.7,1.175,8.225,
44099,Cool Temperate,Moist,Northern Africa,Flooded Rice,4.7,1.175,8.225,
44100,Cool Temperate,Moist,Northern Africa,Grassland,5.64,1.41,9.87,
44101,Cool Temperate,Moist,Northern Africa,Other Land (Non-Vegetated),0,#N/A,#N/A,
44102,Cool Temperate,Moist,Northern Africa,Settlement,0,#N/A,#N/A,
44103,Cool Temperate,Moist,Northern Africa,Agroforestry - Default,20.6,5.15,36.05,
44104,Cool Temperate,Moist,Northern Africa,Hedgerow,13.1,9.301,16.899,
44105,Cool Temperate,Moist,Northern Africa,Silvoarable,13.7,3.425,23.975,
44106,Cool Temperate,Moist,Northern Africa,Silvopasture,35,8.75,61.25,
44107,Cool Temperate,Moist,Northern Africa,Other Land,1,#N/A,#N/A,
44108,Cool Temperate,Moist,Northern Africa,Olive,6.9,1.725,12.075,
44109,Cool Temperate,Moist,Northern Africa,Orchard,6.4,1.6,11.2,
44110,Cool Temperate,Moist,Northern Africa,Short Rotation Coppice,6.35,1.5875,11.1125,
44111,Cool Temperate,Moist,Northern Africa,Tea,18.3,4.575,32.025,
44112,Cool Temperate,Moist,Northern Africa,Vine,2.8,2.1,3.5,
44113,Cool Temperate,Moist,Southern Africa,Grains,4.7,1.175,8.225,
44114,Cool Temperate,Moist,Southern Africa,Maize,4.7,1.175,8.225,
44115,Cool Temperate,Moist,Southern Africa,Sugarcane,4.7,1.175,8.225,
44116,Cool Temperate,Moist,Southern Africa,Wheat,4.7,1.175,8.225,
44117,Cool Temperate,Moist,Southern Africa,Beans & Pulses,4.7,1.175,8.225,
44118,Cool Temperate,Moist,Southern Africa,Tubers,4.7,1.175,8.225,
44119,Cool Temperate,Moist,Southern Africa,Root Crops,4.7,1.175,8.225,
44120,Cool Temperate,Moist,Southern Africa,Barley,4.7,1.175,8.225,
44121,Cool Temperate,Moist,Southern Africa,Oats,4.7,1.175,8.225,
44122,Cool Temperate,Moist,Southern Africa,Millet,4.7,1.175,8.225,
44123,Cool Temperate,Moist,Southern Africa,Sorghum,4.7,1.175,8.225,
44124,Cool Temperate,Moist,Southern Africa,Rye,4.7,1.175,8.225,
44125,Cool Temperate,Moist,Southern Africa,Soybeans,4.7,1.175,8.225,
44126,Cool Temperate,Moist,Southern Africa,Dry Bean,4.7,1.175,8.225,
44127,Cool Temperate,Moist,Southern Africa,Potatoes,4.7,1.175,8.225,
44128,Cool Temperate,Moist,Southern Africa,Peanuts,4.7,1.175,8.225,
44129,Cool Temperate,Moist,Southern Africa,Vegetables,4.7,1.175,8.225,
44130,Cool Temperate,Moist,Southern Africa,Oilseeds,4.7,1.175,8.225,
44131,Cool Temperate,Moist,Southern Africa,Groundnuts,4.7,1.175,8.225,
44132,Cool Temperate,Moist,Southern Africa,Annual Cropland,4.7,1.175,8.225,
44133,Cool Temperate,Moist,Southern Africa,Set Aside,4.7,1.175,8.225,
44134,Cool Temperate,Moist,Southern Africa,Flooded Rice,4.7,1.175,8.225,
44135,Cool Temperate,Moist,Southern Africa,Grassland,5.64,1.41,9.87,
44136,Cool Temperate,Moist,Southern Africa,Other Land (Non-Vegetated),0,#N/A,#N/A,
44137,Cool Temperate,Moist,Southern Africa,Settlement,0,#N/A,#N/A,
44138,Cool Temperate,Moist,Southern Africa,Agroforestry - Default,20.6,5.15,36.05,
44139,Cool Temperate,Moist,Southern Africa,Hedgerow,13.1,9.301,16.899,
44140,Cool Temperate,Moist,Southern Africa,Silvoarable,13.7,3.425,23.975,
44141,Cool Temperate,Moist,Southern Africa,Silvopasture,35,8.75,61.25,
44142,Cool Temperate,Moist,Southern Africa,Other Land,1,#N/A,#N/A,
44143,Cool Temperate,Moist,Southern Africa,Olive,6.9,1.725,12.075,
44144,Cool Temperate,Moist,Southern Africa,Orchard,6.4,1.6,11.2,
44145,Cool Temperate,Moist,Southern Africa,Short Rotation Coppice,6.35,1.5875,11.1125,
44146,Cool Temperate,Moist,Southern Africa,Tea,18.3,4.575,32.025,
44147,Cool Temperate,Moist,Southern Africa,Vine,2.8,2.1,3.5,
44148,Cool Temperate,Moist,Western Africa,Grains,4.7,1.175,8.225,
44149,Cool Temperate,Moist,Western Africa,Maize,4.7,1.175,8.225,
44150,Cool Temperate,Moist,Western Africa,Sugarcane,4.7,1.175,8.225,
44151,Cool Temperate,Moist,Western Africa,Wheat,4.7,1.175,8.225,
44152,Cool Temperate,Moist,Western Africa,Beans & Pulses,4.7,1.175,8.225,
44153,Cool Temperate,Moist,Western Africa,Tubers,4.7,1.175,8.225,
44154,Cool Temperate,Moist,Western Africa,Root Crops,4.7,1.175,8.225,
44155,Cool Temperate,Moist,Western Africa,Barley,4.7,1.175,8.225,
44156,Cool Temperate,Moist,Western Africa,Oats,4.7,1.175,8.225,
44157,Cool Temperate,Moist,Western Africa,Millet,4.7,1.175,8.225,
44158,Cool Temperate,Moist,Western Africa,Sorghum,4.7,1.175,8.225,
44159,Cool Temperate,Moist,Western Africa,Rye,4.7,1.175,8.225,
44160,Cool Temperate,Moist,Western Africa,Soybeans,4.7,1.175,8.225,
44161,Cool Temperate,Moist,Western Africa,Dry Bean,4.7,1.175,8.225,
44162,Cool Temperate,Moist,Western Africa,Potatoes,4.7,1.175,8.225,
44163,Cool Temperate,Moist,Western Africa,Peanuts,4.7,1.175,8.225,
44164,Cool Temperate,Moist,Western Africa,Vegetables,4.7,1.175,8.225,
44165,Cool Temperate,Moist,Western Africa,Oilseeds,4.7,1.175,8.225,
44166,Cool Temperate,Moist,Western Africa,Groundnuts,4.7,1.175,8.225,
44167,Cool Temperate,Moist,Western Africa,Annual Cropland,4.7,1.175,8.225,
44168,Cool Temperate,Moist,Western Africa,Set Aside,4.7,1.175,8.225,
44169,Cool Temperate,Moist,Western Africa,Flooded Rice,4.7,1.175,8.225,
44170,Cool Temperate,Moist,Western Africa,Grassland,5.64,1.41,9.87,
44171,Cool Temperate,Moist,Western Africa,Other Land (Non-Vegetated),0,#N/A,#N/A,
44172,Cool Temperate,Moist,Western Africa,Settlement,0,#N/A,#N/A,
44173,Cool Temperate,Moist,Western Africa,Agroforestry - Default,20.6,5.15,36.05,
44174,Cool Temperate,Moist,Western Africa,Hedgerow,13.1,9.301,16.899,
44175,Cool Temperate,Moist,Western Africa,Silvoarable,13.7,3.425,23.975,
44176,Cool Temperate,Moist,Western Africa,Silvopasture,35,8.75,61.25,
44177,Cool Temperate,Moist,Western Africa,Other Land,1,#N/A,#N/A,
44178,Cool Temperate,Moist,Western Africa,Olive,6.9,1.725,12.075,
44179,Cool Temperate,Moist,Western Africa,Orchard,6.4,1.6,11.2,
44180,Cool Temperate,Moist,Western Africa,Short Rotation Coppice,6.35,1.5875,11.1125,
44181,Cool Temperate,Moist,Western Africa,Tea,18.3,4.575,32.025,
44182,Cool Temperate,Moist,Western Africa,Vine,2.8,2.1,3.5,
44183,Cool Temperate,Moist,Central Asia,Grains,4.7,1.175,8.225,
44184,Cool Temperate,Moist,Central Asia,Maize,4.7,1.175,8.225,
44185,Cool Temperate,Moist,Central Asia,Sugarcane,4.7,1.175,8.225,
44186,Cool Temperate,Moist,Central Asia,Wheat,4.7,1.175,8.225,
44187,Cool Temperate,Moist,Central Asia,Beans & Pulses,4.7,1.175,8.225,
44188,Cool Temperate,Moist,Central Asia,Tubers,4.7,1.175,8.225,
44189,Cool Temperate,Moist,Central Asia,Root Crops,4.7,1.175,8.225,
44190,Cool Temperate,Moist,Central Asia,Barley,4.7,1.175,8.225,
44191,Cool Temperate,Moist,Central Asia,Oats,4.7,1.175,8.225,
44192,Cool Temperate,Moist,Central Asia,Millet,4.7,1.175,8.225,
44193,Cool Temperate,Moist,Central Asia,Sorghum,4.7,1.175,8.225,
44194,Cool Temperate,Moist,Central Asia,Rye,4.7,1.175,8.225,
44195,Cool Temperate,Moist,Central Asia,Soybeans,4.7,1.175,8.225,
44196,Cool Temperate,Moist,Central Asia,Dry Bean,4.7,1.175,8.225,
44197,Cool Temperate,Moist,Central Asia,Potatoes,4.7,1.175,8.225,
44198,Cool Temperate,Moist,Central Asia,Peanuts,4.7,1.175,8.225,
44199,Cool Temperate,Moist,Central Asia,Vegetables,4.7,1.175,8.225,
44200,Cool Temperate,Moist,Central Asia,Oilseeds,4.7,1.175,8.225,
44201,Cool Temperate,Moist,Central Asia,Groundnuts,4.7,1.175,8.225,
44202,Cool Temperate,Moist,Central Asia,Annual Cropland,4.7,1.175,8.225,
44203,Cool Temperate,Moist,Central Asia,Set Aside,4.7,1.175,8.225,
44204,Cool Temperate,Moist,Central Asia,Flooded Rice,4.7,1.175,8.225,
44205,Cool Temperate,Moist,Central Asia,Grassland,5.64,1.41,9.87,
44206,Cool Temperate,Moist,Central Asia,Other Land (Non-Vegetated),0,#N/A,#N/A,
44207,Cool Temperate,Moist,Central Asia,Settlement,0,#N/A,#N/A,
44208,Cool Temperate,Moist,Central Asia,Agroforestry - Default,20.6,5.15,36.05,
44209,Cool Temperate,Moist,Central Asia,Hedgerow,13.1,9.301,16.899,
44210,Cool Temperate,Moist,Central Asia,Silvoarable,13.7,3.425,23.975,
44211,Cool Temperate,Moist,Central Asia,Silvopasture,35,8.75,61.25,
44212,Cool Temperate,Moist,Central Asia,Other Land,1,#N/A,#N/A,
44213,Cool Temperate,Moist,Central Asia,Olive,6.9,1.725,12.075,
44214,Cool Temperate,Moist,Central Asia,Orchard,6.4,1.6,11.2,
44215,Cool Temperate,Moist,Central Asia,Short Rotation Coppice,6.35,1.5875,11.1125,
44216,Cool Temperate,Moist,Central Asia,Tea,18.3,4.575,32.025,
44217,Cool Temperate,Moist,Central Asia,Vine,2.8,2.1,3.5,
44218,Cool Temperate,Moist,Eastern Asia,Grains,4.7,1.175,8.225,
44219,Cool Temperate,Moist,Eastern Asia,Maize,4.7,1.175,8.225,
44220,Cool Temperate,Moist,Eastern Asia,Sugarcane,4.7,1.175,8.225,
44221,Cool Temperate,Moist,Eastern Asia,Wheat,4.7,1.175,8.225,
44222,Cool Temperate,Moist,Eastern Asia,Beans & Pulses,4.7,1.175,8.225,
44223,Cool Temperate,Moist,Eastern Asia,Tubers,4.7,1.175,8.225,
44224,Cool Temperate,Moist,Eastern Asia,Root Crops,4.7,1.175,8.225,
44225,Cool Temperate,Moist,Eastern Asia,Barley,4.7,1.175,8.225,
44226,Cool Temperate,Moist,Eastern Asia,Oats,4.7,1.175,8.225,
44227,Cool Temperate,Moist,Eastern Asia,Millet,4.7,1.175,8.225,
44228,Cool Temperate,Moist,Eastern Asia,Sorghum,4.7,1.175,8.225,
44229,Cool Temperate,Moist,Eastern Asia,Rye,4.7,1.175,8.225,
44230,Cool Temperate,Moist,Eastern Asia,Soybeans,4.7,1.175,8.225,
44231,Cool Temperate,Moist,Eastern Asia,Dry Bean,4.7,1.175,8.225,
44232,Cool Temperate,Moist,Eastern Asia,Potatoes,4.7,1.175,8.225,
44233,Cool Temperate,Moist,Eastern Asia,Peanuts,4.7,1.175,8.225,
44234,Cool Temperate,Moist,Eastern Asia,Vegetables,4.7,1.175,8.225,
44235,Cool Temperate,Moist,Eastern Asia,Oilseeds,4.7,1.175,8.225,
44236,Cool Temperate,Moist,Eastern Asia,Groundnuts,4.7,1.175,8.225,
44237,Cool Temperate,Moist,Eastern Asia,Annual Cropland,4.7,1.175,8.225,
44238,Cool Temperate,Moist,Eastern Asia,Set Aside,4.7,1.175,8.225,
44239,Cool Temperate,Moist,Eastern Asia,Flooded Rice,4.7,1.175,8.225,
44240,Cool Temperate,Moist,Eastern Asia,Grassland,5.64,1.41,9.87,
44241,Cool Temperate,Moist,Eastern Asia,Other Land (Non-Vegetated),0,#N/A,#N/A,
44242,Cool Temperate,Moist,Eastern Asia,Settlement,0,#N/A,#N/A,
44243,Cool Temperate,Moist,Eastern Asia,Agroforestry - Default,20.6,5.15,36.05,
44244,Cool Temperate,Moist,Eastern Asia,Hedgerow,13.1,9.301,16.899,
44245,Cool Temperate,Moist,Eastern Asia,Silvoarable,13.7,3.425,23.975,
44246,Cool Temperate,Moist,Eastern Asia,Silvopasture,35,8.75,61.25,
44247,Cool Temperate,Moist,Eastern Asia,Other Land,1,#N/A,#N/A,
44248,Cool Temperate,Moist,Eastern Asia,Olive,6.9,1.725,12.075,
44249,Cool Temperate,Moist,Eastern Asia,Orchard,6.4,1.6,11.2,
44250,Cool Temperate,Moist,Eastern Asia,Short Rotation Coppice,6.35,1.5875,11.1125,
44251,Cool Temperate,Moist,Eastern Asia,Tea,18.3,4.575,32.025,
44252,Cool Temperate,Moist,Eastern Asia,Vine,2.8,2.1,3.5,
44253,Cool Temperate,Moist,South-Eastern Asia,Grains,4.7,1.175,8.225,
44254,Cool Temperate,Moist,South-Eastern Asia,Maize,4.7,1.175,8.225,
44255,Cool Temperate,Moist,South-Eastern Asia,Sugarcane,4.7,1.175,8.225,
44256,Cool Temperate,Moist,South-Eastern Asia,Wheat,4.7,1.175,8.225,
44257,Cool Temperate,Moist,South-Eastern Asia,Beans & Pulses,4.7,1.175,8.225,
44258,Cool Temperate,Moist,South-Eastern Asia,Tubers,4.7,1.175,8.225,
44259,Cool Temperate,Moist,South-Eastern Asia,Root Crops,4.7,1.175,8.225,
44260,Cool Temperate,Moist,South-Eastern Asia,Barley,4.7,1.175,8.225,
44261,Cool Temperate,Moist,South-Eastern Asia,Oats,4.7,1.175,8.225,
44262,Cool Temperate,Moist,South-Eastern Asia,Millet,4.7,1.175,8.225,
44263,Cool Temperate,Moist,South-Eastern Asia,Sorghum,4.7,1.175,8.225,
44264,Cool Temperate,Moist,South-Eastern Asia,Rye,4.7,1.175,8.225,
44265,Cool Temperate,Moist,South-Eastern Asia,Soybeans,4.7,1.175,8.225,
44266,Cool Temperate,Moist,South-Eastern Asia,Dry Bean,4.7,1.175,8.225,
44267,Cool Temperate,Moist,South-Eastern Asia,Potatoes,4.7,1.175,8.225,
44268,Cool Temperate,Moist,South-Eastern Asia,Peanuts,4.7,1.175,8.225,
44269,Cool Temperate,Moist,South-Eastern Asia,Vegetables,4.7,1.175,8.225,
44270,Cool Temperate,Moist,South-Eastern Asia,Oilseeds,4.7,1.175,8.225,
44271,Cool Temperate,Moist,South-Eastern Asia,Groundnuts,4.7,1.175,8.225,
44272,Cool Temperate,Moist,South-Eastern Asia,Annual Cropland,4.7,1.175,8.225,
44273,Cool Temperate,Moist,South-Eastern Asia,Set Aside,4.7,1.175,8.225,
44274,Cool Temperate,Moist,South-Eastern Asia,Flooded Rice,4.7,1.175,8.225,
44275,Cool Temperate,Moist,South-Eastern Asia,Grassland,5.64,1.41,9.87,
44276,Cool Temperate,Moist,South-Eastern Asia,Other Land (Non-Vegetated),0,#N/A,#N/A,
44277,Cool Temperate,Moist,South-Eastern Asia,Settlement,0,#N/A,#N/A,
44278,Cool Temperate,Moist,South-Eastern Asia,Agroforestry - Default,20.6,5.15,36.05,
44279,Cool Temperate,Moist,South-Eastern Asia,Hedgerow,13.1,9.301,16.899,
44280,Cool Temperate,Moist,South-Eastern Asia,Silvoarable,13.7,3.425,23.975,
44281,Cool Temperate,Moist,South-Eastern Asia,Silvopasture,35,8.75,61.25,
44282,Cool Temperate,Moist,South-Eastern Asia,Other Land,1,#N/A,#N/A,
44283,Cool Temperate,Moist,South-Eastern Asia,Olive,6.9,1.725,12.075,
44284,Cool Temperate,Moist,South-Eastern Asia,Orchard,6.4,1.6,11.2,
44285,Cool Temperate,Moist,South-Eastern Asia,Short Rotation Coppice,6.35,1.5875,11.1125,
44286,Cool Temperate,Moist,South-Eastern Asia,Tea,18.3,4.575,32.025,
44287,Cool Temperate,Moist,South-Eastern Asia,Vine,2.8,2.1,3.5,
44288,Cool Temperate,Moist,Southern Asia,Grains,4.7,1.175,8.225,
44289,Cool Temperate,Moist,Southern Asia,Maize,4.7,1.175,8.225,
44290,Cool Temperate,Moist,Southern Asia,Sugarcane,4.7,1.175,8.225,
44291,Cool Temperate,Moist,Southern Asia,Wheat,4.7,1.175,8.225,
44292,Cool Temperate,Moist,Southern Asia,Beans & Pulses,4.7,1.175,8.225,
44293,Cool Temperate,Moist,Southern Asia,Tubers,4.7,1.175,8.225,
44294,Cool Temperate,Moist,Southern Asia,Root Crops,4.7,1.175,8.225,
44295,Cool Temperate,Moist,Southern Asia,Barley,4.7,1.175,8.225,
44296,Cool Temperate,Moist,Southern Asia,Oats,4.7,1.175,8.225,
44297,Cool Temperate,Moist,Southern Asia,Millet,4.7,1.175,8.225,
44298,Cool Temperate,Moist,Southern Asia,Sorghum,4.7,1.175,8.225,
44299,Cool Temperate,Moist,Southern Asia,Rye,4.7,1.175,8.225,
44300,Cool Temperate,Moist,Southern Asia,Soybeans,4.7,1.175,8.225,
44301,Cool Temperate,Moist,Southern Asia,Dry Bean,4.7,1.175,8.225,
44302,Cool Temperate,Moist,Southern Asia,Potatoes,4.7,1.175,8.225,
44303,Cool Temperate,Moist,Southern Asia,Peanuts,4.7,1.175,8.225,
44304,Cool Temperate,Moist,Southern Asia,Vegetables,4.7,1.175,8.225,
44305,Cool Temperate,Moist,Southern Asia,Oilseeds,4.7,1.175,8.225,
44306,Cool Temperate,Moist,Southern Asia,Groundnuts,4.7,1.175,8.225,
44307,Cool Temperate,Moist,Southern Asia,Annual Cropland,4.7,1.175,8.225,
44308,Cool Temperate,Moist,Southern Asia,Set Aside,4.7,1.175,8.225,
44309,Cool Temperate,Moist,Southern Asia,Flooded Rice,4.7,1.175,8.225,
44310,Cool Temperate,Moist,Southern Asia,Grassland,5.64,1.41,9.87,
44311,Cool Temperate,Moist,Southern Asia,Other Land (Non-Vegetated),0,#N/A,#N/A,
44312,Cool Temperate,Moist,Southern Asia,Settlement,0,#N/A,#N/A,
44313,Cool Temperate,Moist,Southern Asia,Agroforestry - Default,20.6,5.15,36.05,
44314,Cool Temperate,Moist,Southern Asia,Hedgerow,13.1,9.301,16.899,
44315,Cool Temperate,Moist,Southern Asia,Silvoarable,13.7,3.425,23.975,
44316,Cool Temperate,Moist,Southern Asia,Silvopasture,35,8.75,61.25,
44317,Cool Temperate,Moist,Southern Asia,Other Land,1,#N/A,#N/A,
44318,Cool Temperate,Moist,Southern Asia,Olive,6.9,1.725,12.075,
44319,Cool Temperate,Moist,Southern Asia,Orchard,6.4,1.6,11.2,
44320,Cool Temperate,Moist,Southern Asia,Short Rotation Coppice,6.35,1.5875,11.1125,
44321,Cool Temperate,Moist,Southern Asia,Tea,18.3,4.575,32.025,
44322,Cool Temperate,Moist,Southern Asia,Vine,2.8,2.1,3.5,
44323,Cool Temperate,Moist,Western Asia,Grains,4.7,1.175,8.225,
44324,Cool Temperate,Moist,Western Asia,Maize,4.7,1.175,8.225,
44325,Cool Temperate,Moist,Western Asia,Sugarcane,4.7,1.175,8.225,
44326,Cool Temperate,Moist,Western Asia,Wheat,4.7,1.175,8.225,
44327,Cool Temperate,Moist,Western Asia,Beans & Pulses,4.7,1.175,8.225,
44328,Cool Temperate,Moist,Western Asia,Tubers,4.7,1.175,8.225,
44329,Cool Temperate,Moist,Western Asia,Root Crops,4.7,1.175,8.225,
44330,Cool Temperate,Moist,Western Asia,Barley,4.7,1.175,8.225,
44331,Cool Temperate,Moist,Western Asia,Oats,4.7,1.175,8.225,
44332,Cool Temperate,Moist,Western Asia,Millet,4.7,1.175,8.225,
44333,Cool Temperate,Moist,Western Asia,Sorghum,4.7,1.175,8.225,
44334,Cool Temperate,Moist,Western Asia,Rye,4.7,1.175,8.225,
44335,Cool Temperate,Moist,Western Asia,Soybeans,4.7,1.175,8.225,
44336,Cool Temperate,Moist,Western Asia,Dry Bean,4.7,1.175,8.225,
44337,Cool Temperate,Moist,Western Asia,Potatoes,4.7,1.175,8.225,
44338,Cool Temperate,Moist,Western Asia,Peanuts,4.7,1.175,8.225,
44339,Cool Temperate,Moist,Western Asia,Vegetables,4.7,1.175,8.225,
44340,Cool Temperate,Moist,Western Asia,Oilseeds,4.7,1.175,8.225,
44341,Cool Temperate,Moist,Western Asia,Groundnuts,4.7,1.175,8.225,
44342,Cool Temperate,Moist,Western Asia,Annual Cropland,4.7,1.175,8.225,
44343,Cool Temperate,Moist,Western Asia,Set Aside,4.7,1.175,8.225,
44344,Cool Temperate,Moist,Western Asia,Flooded Rice,4.7,1.175,8.225,
44345,Cool Temperate,Moist,Western Asia,Grassland,5.64,1.41,9.87,
44346,Cool Temperate,Moist,Western Asia,Other Land (Non-Vegetated),0,#N/A,#N/A,
44347,Cool Temperate,Moist,Western Asia,Settlement,0,#N/A,#N/A,
44348,Cool Temperate,Moist,Western Asia,Agroforestry - Default,20.6,5.15,36.05,
44349,Cool Temperate,Moist,Western Asia,Hedgerow,13.1,9.301,16.899,
44350,Cool Temperate,Moist,Western Asia,Silvoarable,13.7,3.425,23.975,
44351,Cool Temperate,Moist,Western Asia,Silvopasture,35,8.75,61.25,
44352,Cool Temperate,Moist,Western Asia,Other Land,1,#N/A,#N/A,
44353,Cool Temperate,Moist,Western Asia,Olive,6.9,1.725,12.075,
44354,Cool Temperate,Moist,Western Asia,Orchard,6.4,1.6,11.2,
44355,Cool Temperate,Moist,Western Asia,Short Rotation Coppice,6.35,1.5875,11.1125,
44356,Cool Temperate,Moist,Western Asia,Tea,18.3,4.575,32.025,
44357,Cool Temperate,Moist,Western Asia,Vine,2.8,2.1,3.5,
44358,Cool Temperate,Moist,Europe,Grains,4.7,1.175,8.225,
44359,Cool Temperate,Moist,Europe,Maize,4.7,1.175,8.225,
44360,Cool Temperate,Moist,Europe,Sugarcane,4.7,1.175,8.225,
44361,Cool Temperate,Moist,Europe,Wheat,4.7,1.175,8.225,
44362,Cool Temperate,Moist,Europe,Beans & Pulses,4.7,1.175,8.225,
44363,Cool Temperate,Moist,Europe,Tubers,4.7,1.175,8.225,
44364,Cool Temperate,Moist,Europe,Root Crops,4.7,1.175,8.225,
44365,Cool Temperate,Moist,Europe,Barley,4.7,1.175,8.225,
44366,Cool Temperate,Moist,Europe,Oats,4.7,1.175,8.225,
44367,Cool Temperate,Moist,Europe,Millet,4.7,1.175,8.225,
44368,Cool Temperate,Moist,Europe,Sorghum,4.7,1.175,8.225,
44369,Cool Temperate,Moist,Europe,Rye,4.7,1.175,8.225,
44370,Cool Temperate,Moist,Europe,Soybeans,4.7,1.175,8.225,
44371,Cool Temperate,Moist,Europe,Dry Bean,4.7,1.175,8.225,
44372,Cool Temperate,Moist,Europe,Potatoes,4.7,1.175,8.225,
44373,Cool Temperate,Moist,Europe,Peanuts,4.7,1.175,8.225,
44374,Cool Temperate,Moist,Europe,Vegetables,4.7,1.175,8.225,
44375,Cool Temperate,Moist,Europe,Oilseeds,4.7,1.175,8.225,
44376,Cool Temperate,Moist,Europe,Groundnuts,4.7,1.175,8.225,
44377,Cool Temperate,Moist,Europe,Annual Cropland,4.7,1.175,8.225,
44378,Cool Temperate,Moist,Europe,Set Aside,4.7,1.175,8.225,
44379,Cool Temperate,Moist,Europe,Flooded Rice,4.7,1.175,8.225,
44380,Cool Temperate,Moist,Europe,Grassland,5.64,1.41,9.87,
44381,Cool Temperate,Moist,Europe,Other Land (Non-Vegetated),0,#N/A,#N/A,
44382,Cool Temperate,Moist,Europe,Settlement,0,#N/A,#N/A,
44383,Cool Temperate,Moist,Europe,Agroforestry - Default,20.6,5.15,36.05,
44384,Cool Temperate,Moist,Europe,Hedgerow,13.1,9.301,16.899,
44385,Cool Temperate,Moist,Europe,Silvoarable,13.7,3.425,23.975,
44386,Cool Temperate,Moist,Europe,Silvopasture,35,8.75,61.25,
44387,Cool Temperate,Moist,Europe,Other Land,1,#N/A,#N/A,
44388,Cool Temperate,Moist,Europe,Olive,6.9,1.725,12.075,
44389,Cool Temperate,Moist,Europe,Orchard,6.4,1.6,11.2,
44390,Cool Temperate,Moist,Europe,Short Rotation Coppice,6.35,1.5875,11.1125,
44391,Cool Temperate,Moist,Europe,Tea,18.3,4.575,32.025,
44392,Cool Temperate,Moist,Europe,Vine,2.8,2.1,3.5,
44393,Cool Temperate,Moist,Oceania,Grains,4.7,1.175,8.225,
44394,Cool Temperate,Moist,Oceania,Maize,4.7,1.175,8.225,
44395,Cool Temperate,Moist,Oceania,Sugarcane,4.7,1.175,8.225,
44396,Cool Temperate,Moist,Oceania,Wheat,4.7,1.175,8.225,
44397,Cool Temperate,Moist,Oceania,Beans & Pulses,4.7,1.175,8.225,
44398,Cool Temperate,Moist,Oceania,Tubers,4.7,1.175,8.225,
44399,Cool Temperate,Moist,Oceania,Root Crops,4.7,1.175,8.225,
44400,Cool Temperate,Moist,Oceania,Barley,4.7,1.175,8.225,
44401,Cool Temperate,Moist,Oceania,Oats,4.7,1.175,8.225,
44402,Cool Temperate,Moist,Oceania,Millet,4.7,1.175,8.225,
44403,Cool Temperate,Moist,Oceania,Sorghum,4.7,1.175,8.225,
44404,Cool Temperate,Moist,Oceania,Rye,4.7,1.175,8.225,
44405,Cool Temperate,Moist,Oceania,Soybeans,4.7,1.175,8.225,
44406,Cool Temperate,Moist,Oceania,Dry Bean,4.7,1.175,8.225,
44407,Cool Temperate,Moist,Oceania,Potatoes,4.7,1.175,8.225,
44408,Cool Temperate,Moist,Oceania,Peanuts,4.7,1.175,8.225,
44409,Cool Temperate,Moist,Oceania,Vegetables,4.7,1.175,8.225,
44410,Cool Temperate,Moist,Oceania,Oilseeds,4.7,1.175,8.225,
44411,Cool Temperate,Moist,Oceania,Groundnuts,4.7,1.175,8.225,
44412,Cool Temperate,Moist,Oceania,Annual Cropland,4.7,1.175,8.225,
44413,Cool Temperate,Moist,Oceania,Set Aside,4.7,1.175,8.225,
44414,Cool Temperate,Moist,Oceania,Flooded Rice,4.7,1.175,8.225,
44415,Cool Temperate,Moist,Oceania,Grassland,5.64,1.41,9.87,
44416,Cool Temperate,Moist,Oceania,Other Land (Non-Vegetated),0,#N/A,#N/A,
44417,Cool Temperate,Moist,Oceania,Settlement,0,#N/A,#N/A,
44418,Cool Temperate,Moist,Oceania,Agroforestry - Default,20.6,5.15,36.05,
44419,Cool Temperate,Moist,Oceania,Hedgerow,13.1,9.301,16.899,
44420,Cool Temperate,Moist,Oceania,Silvoarable,13.7,3.425,23.975,
44421,Cool Temperate,Moist,Oceania,Silvopasture,35,8.75,61.25,
44422,Cool Temperate,Moist,Oceania,Other Land,1,#N/A,#N/A,
44423,Cool Temperate,Moist,Oceania,Olive,6.9,1.725,12.075,
44424,Cool Temperate,Moist,Oceania,Orchard,6.4,1.6,11.2,
44425,Cool Temperate,Moist,Oceania,Short Rotation Coppice,6.35,1.5875,11.1125,
44426,Cool Temperate,Moist,Oceania,Tea,18.3,4.575,32.025,
44427,Cool Temperate,Moist,Oceania,Vine,2.8,2.1,3.5,
44428,Cool Temperate,Moist,North America,Grains,4.7,1.175,8.225,
44429,Cool Temperate,Moist,North America,Maize,4.7,1.175,8.225,
44430,Cool Temperate,Moist,North America,Sugarcane,4.7,1.175,8.225,
44431,Cool Temperate,Moist,North America,Wheat,4.7,1.175,8.225,
44432,Cool Temperate,Moist,North America,Beans & Pulses,4.7,1.175,8.225,
44433,Cool Temperate,Moist,North America,Tubers,4.7,1.175,8.225,
44434,Cool Temperate,Moist,North America,Root Crops,4.7,1.175,8.225,
44435,Cool Temperate,Moist,North America,Barley,4.7,1.175,8.225,
44436,Cool Temperate,Moist,North America,Oats,4.7,1.175,8.225,
44437,Cool Temperate,Moist,North America,Millet,4.7,1.175,8.225,
44438,Cool Temperate,Moist,North America,Sorghum,4.7,1.175,8.225,
44439,Cool Temperate,Moist,North America,Rye,4.7,1.175,8.225,
44440,Cool Temperate,Moist,North America,Soybeans,4.7,1.175,8.225,
44441,Cool Temperate,Moist,North America,Dry Bean,4.7,1.175,8.225,
44442,Cool Temperate,Moist,North America,Potatoes,4.7,1.175,8.225,
44443,Cool Temperate,Moist,North America,Peanuts,4.7,1.175,8.225,
44444,Cool Temperate,Moist,North America,Vegetables,4.7,1.175,8.225,
44445,Cool Temperate,Moist,North America,Oilseeds,4.7,1.175,8.225,
44446,Cool Temperate,Moist,North America,Groundnuts,4.7,1.175,8.225,
44447,Cool Temperate,Moist,North America,Annual Cropland,4.7,1.175,8.225,
44448,Cool Temperate,Moist,North America,Set Aside,4.7,1.175,8.225,
44449,Cool Temperate,Moist,North America,Flooded Rice,4.7,1.175,8.225,
44450,Cool Temperate,Moist,North America,Grassland,5.64,1.41,9.87,
44451,Cool Temperate,Moist,North America,Other Land (Non-Vegetated),0,#N/A,#N/A,
44452,Cool Temperate,Moist,North America,Settlement,0,#N/A,#N/A,
44453,Cool Temperate,Moist,North America,Agroforestry - Default,20.6,5.15,36.05,
44454,Cool Temperate,Moist,North America,Hedgerow,13.1,9.301,16.899,
44455,Cool Temperate,Moist,North America,Silvoarable,13.7,3.425,23.975,
44456,Cool Temperate,Moist,North America,Silvopasture,35,8.75,61.25,
44457,Cool Temperate,Moist,North America,Other Land,1,#N/A,#N/A,
44458,Cool Temperate,Moist,North America,Olive,6.9,1.725,12.075,
44459,Cool Temperate,Moist,North America,Orchard,6.4,1.6,11.2,
44460,Cool Temperate,Moist,North America,Short Rotation Coppice,6.35,1.5875,11.1125,
44461,Cool Temperate,Moist,North America,Tea,18.3,4.575,32.025,
44462,Cool Temperate,Moist,North America,Vine,2.8,2.1,3.5,
44463,Cool Temperate,Moist,South America,Grains,4.7,1.175,8.225,
44464,Cool Temperate,Moist,South America,Maize,4.7,1.175,8.225,
44465,Cool Temperate,Moist,South America,Sugarcane,4.7,1.175,8.225,
44466,Cool Temperate,Moist,South America,Wheat,4.7,1.175,8.225,
44467,Cool Temperate,Moist,South America,Beans & Pulses,4.7,1.175,8.225,
44468,Cool Temperate,Moist,South America,Tubers,4.7,1.175,8.225,
44469,Cool Temperate,Moist,South America,Root Crops,4.7,1.175,8.225,
44470,Cool Temperate,Moist,South America,Barley,4.7,1.175,8.225,
44471,Cool Temperate,Moist,South America,Oats,4.7,1.175,8.225,
44472,Cool Temperate,Moist,South America,Millet,4.7,1.175,8.225,
44473,Cool Temperate,Moist,South America,Sorghum,4.7,1.175,8.225,
44474,Cool Temperate,Moist,South America,Rye,4.7,1.175,8.225,
44475,Cool Temperate,Moist,South America,Soybeans,4.7,1.175,8.225,
44476,Cool Temperate,Moist,South America,Dry Bean,4.7,1.175,8.225,
44477,Cool Temperate,Moist,South America,Potatoes,4.7,1.175,8.225,
44478,Cool Temperate,Moist,South America,Peanuts,4.7,1.175,8.225,
44479,Cool Temperate,Moist,South America,Vegetables,4.7,1.175,8.225,
44480,Cool Temperate,Moist,South America,Oilseeds,4.7,1.175,8.225,
44481,Cool Temperate,Moist,South America,Groundnuts,4.7,1.175,8.225,
44482,Cool Temperate,Moist,South America,Annual Cropland,4.7,1.175,8.225,
44483,Cool Temperate,Moist,South America,Set Aside,4.7,1.175,8.225,
44484,Cool Temperate,Moist,South America,Flooded Rice,4.7,1.175,8.225,
44485,Cool Temperate,Moist,South America,Grassland,5.64,1.41,9.87,
44486,Cool Temperate,Moist,South America,Other Land (Non-Vegetated),0,#N/A,#N/A,
44487,Cool Temperate,Moist,South America,Settlement,0,#N/A,#N/A,
44488,Cool Temperate,Moist,South America,Agroforestry - Default,20.6,5.15,36.05,
44489,Cool Temperate,Moist,South America,Hedgerow,13.1,9.301,16.899,
44490,Cool Temperate,Moist,South America,Silvoarable,13.7,3.425,23.975,
44491,Cool Temperate,Moist,South America,Silvopasture,35,8.75,61.25,
44492,Cool Temperate,Moist,South America,Other Land,1,#N/A,#N/A,
44493,Cool Temperate,Moist,South America,Olive,6.9,1.725,12.075,
44494,Cool Temperate,Moist,South America,Orchard,6.4,1.6,11.2,
44495,Cool Temperate,Moist,South America,Short Rotation Coppice,6.35,1.5875,11.1125,
44496,Cool Temperate,Moist,South America,Tea,18.3,4.575,32.025,
44497,Cool Temperate,Moist,South America,Vine,2.8,2.1,3.5,
44498,Cool Temperate,Moist,Central America,Grains,4.7,1.175,8.225,
44499,Cool Temperate,Moist,Central America,Maize,4.7,1.175,8.225,
44500,Cool Temperate,Moist,Central America,Sugarcane,4.7,1.175,8.225,
44501,Cool Temperate,Moist,Central America,Wheat,4.7,1.175,8.225,
44502,Cool Temperate,Moist,Central America,Beans & Pulses,4.7,1.175,8.225,
44503,Cool Temperate,Moist,Central America,Tubers,4.7,1.175,8.225,
44504,Cool Temperate,Moist,Central America,Root Crops,4.7,1.175,8.225,
44505,Cool Temperate,Moist,Central America,Barley,4.7,1.175,8.225,
44506,Cool Temperate,Moist,Central America,Oats,4.7,1.175,8.225,
44507,Cool Temperate,Moist,Central America,Millet,4.7,1.175,8.225,
44508,Cool Temperate,Moist,Central America,Sorghum,4.7,1.175,8.225,
44509,Cool Temperate,Moist,Central America,Rye,4.7,1.175,8.225,
44510,Cool Temperate,Moist,Central America,Soybeans,4.7,1.175,8.225,
44511,Cool Temperate,Moist,Central America,Dry Bean,4.7,1.175,8.225,
44512,Cool Temperate,Moist,Central America,Potatoes,4.7,1.175,8.225,
44513,Cool Temperate,Moist,Central America,Peanuts,4.7,1.175,8.225,
44514,Cool Temperate,Moist,Central America,Vegetables,4.7,1.175,8.225,
44515,Cool Temperate,Moist,Central America,Oilseeds,4.7,1.175,8.225,
44516,Cool Temperate,Moist,Central America,Groundnuts,4.7,1.175,8.225,
44517,Cool Temperate,Moist,Central America,Annual Cropland,4.7,1.175,8.225,
44518,Cool Temperate,Moist,Central America,Set Aside,4.7,1.175,8.225,
44519,Cool Temperate,Moist,Central America,Flooded Rice,4.7,1.175,8.225,
44520,Cool Temperate,Moist,Central America,Grassland,5.64,1.41,9.87,
44521,Cool Temperate,Moist,Central America,Other Land (Non-Vegetated),0,#N/A,#N/A,
44522,Cool Temperate,Moist,Central America,Settlement,0,#N/A,#N/A,
44523,Cool Temperate,Moist,Central America,Agroforestry - Default,20.6,5.15,36.05,
44524,Cool Temperate,Moist,Central America,Hedgerow,13.1,9.301,16.899,
44525,Cool Temperate,Moist,Central America,Silvoarable,13.7,3.425,23.975,
44526,Cool Temperate,Moist,Central America,Silvopasture,35,8.75,61.25,
44527,Cool Temperate,Moist,Central America,Other Land,1,#N/A,#N/A,
44528,Cool Temperate,Moist,Central America,Olive,6.9,1.725,12.075,
44529,Cool Temperate,Moist,Central America,Orchard,6.4,1.6,11.2,
44530,Cool Temperate,Moist,Central America,Short Rotation Coppice,6.35,1.5875,11.1125,
44531,Cool Temperate,Moist,Central America,Tea,18.3,4.575,32.025,
44532,Cool Temperate,Moist,Central America,Vine,2.8,2.1,3.5,
44533,Cool Temperate,Moist,Caribbean,Grains,4.7,1.175,8.225,
44534,Cool Temperate,Moist,Caribbean,Maize,4.7,1.175,8.225,
44535,Cool Temperate,Moist,Caribbean,Sugarcane,4.7,1.175,8.225,
44536,Cool Temperate,Moist,Caribbean,Wheat,4.7,1.175,8.225,
44537,Cool Temperate,Moist,Caribbean,Beans & Pulses,4.7,1.175,8.225,
44538,Cool Temperate,Moist,Caribbean,Tubers,4.7,1.175,8.225,
44539,Cool Temperate,Moist,Caribbean,Root Crops,4.7,1.175,8.225,
44540,Cool Temperate,Moist,Caribbean,Barley,4.7,1.175,8.225,
44541,Cool Temperate,Moist,Caribbean,Oats,4.7,1.175,8.225,
44542,Cool Temperate,Moist,Caribbean,Millet,4.7,1.175,8.225,
44543,Cool Temperate,Moist,Caribbean,Sorghum,4.7,1.175,8.225,
44544,Cool Temperate,Moist,Caribbean,Rye,4.7,1.175,8.225,
44545,Cool Temperate,Moist,Caribbean,Soybeans,4.7,1.175,8.225,
44546,Cool Temperate,Moist,Caribbean,Dry Bean,4.7,1.175,8.225,
44547,Cool Temperate,Moist,Caribbean,Potatoes,4.7,1.175,8.225,
44548,Cool Temperate,Moist,Caribbean,Peanuts,4.7,1.175,8.225,
44549,Cool Temperate,Moist,Caribbean,Vegetables,4.7,1.175,8.225,
44550,Cool Temperate,Moist,Caribbean,Oilseeds,4.7,1.175,8.225,
44551,Cool Temperate,Moist,Caribbean,Groundnuts,4.7,1.175,8.225,
44552,Cool Temperate,Moist,Caribbean,Annual Cropland,4.7,1.175,8.225,
44553,Cool Temperate,Moist,Caribbean,Set Aside,4.7,1.175,8.225,
44554,Cool Temperate,Moist,Caribbean,Flooded Rice,4.7,1.175,8.225,
44555,Cool Temperate,Moist,Caribbean,Grassland,5.64,1.41,9.87,
44556,Cool Temperate,Moist,Caribbean,Other Land (Non-Vegetated),0,#N/A,#N/A,
44557,Cool Temperate,Moist,Caribbean,Settlement,0,#N/A,#N/A,
44558,Cool Temperate,Moist,Caribbean,Agroforestry - Default,20.6,5.15,36.05,
44559,Cool Temperate,Moist,Caribbean,Hedgerow,13.1,9.301,16.899,
44560,Cool Temperate,Moist,Caribbean,Silvoarable,13.7,3.425,23.975,
44561,Cool Temperate,Moist,Caribbean,Silvopasture,35,8.75,61.25,
44562,Cool Temperate,Moist,Caribbean,Other Land,1,#N/A,#N/A,
44563,Cool Temperate,Moist,Caribbean,Olive,6.9,1.725,12.075,
44564,Cool Temperate,Moist,Caribbean,Orchard,6.4,1.6,11.2,
44565,Cool Temperate,Moist,Caribbean,Short Rotation Coppice,6.35,1.5875,11.1125,
44566,Cool Temperate,Moist,Caribbean,Tea,18.3,4.575,32.025,
44567,Cool Temperate,Moist,Caribbean,Vine,2.8,2.1,3.5,
44568,Warm Temperate,Dry,Eastern Africa,Grains,4.7,1.175,8.225,
44569,Warm Temperate,Dry,Eastern Africa,Maize,4.7,1.175,8.225,
44570,Warm Temperate,Dry,Eastern Africa,Sugarcane,4.7,1.175,8.225,
44571,Warm Temperate,Dry,Eastern Africa,Wheat,4.7,1.175,8.225,
44572,Warm Temperate,Dry,Eastern Africa,Beans & Pulses,4.7,1.175,8.225,
44573,Warm Temperate,Dry,Eastern Africa,Tubers,4.7,1.175,8.225,
44574,Warm Temperate,Dry,Eastern Africa,Root Crops,4.7,1.175,8.225,
44575,Warm Temperate,Dry,Eastern Africa,Barley,4.7,1.175,8.225,
44576,Warm Temperate,Dry,Eastern Africa,Oats,4.7,1.175,8.225,
44577,Warm Temperate,Dry,Eastern Africa,Millet,4.7,1.175,8.225,
44578,Warm Temperate,Dry,Eastern Africa,Sorghum,4.7,1.175,8.225,
44579,Warm Temperate,Dry,Eastern Africa,Rye,4.7,1.175,8.225,
44580,Warm Temperate,Dry,Eastern Africa,Soybeans,4.7,1.175,8.225,
44581,Warm Temperate,Dry,Eastern Africa,Dry Bean,4.7,1.175,8.225,
44582,Warm Temperate,Dry,Eastern Africa,Potatoes,4.7,1.175,8.225,
44583,Warm Temperate,Dry,Eastern Africa,Peanuts,4.7,1.175,8.225,
44584,Warm Temperate,Dry,Eastern Africa,Vegetables,4.7,1.175,8.225,
44585,Warm Temperate,Dry,Eastern Africa,Oilseeds,4.7,1.175,8.225,
44586,Warm Temperate,Dry,Eastern Africa,Groundnuts,4.7,1.175,8.225,
44587,Warm Temperate,Dry,Eastern Africa,Annual Cropland,4.7,1.175,8.225,
44588,Warm Temperate,Dry,Eastern Africa,Set Aside,4.7,1.175,8.225,
44589,Warm Temperate,Dry,Eastern Africa,Flooded Rice,4.7,1.175,8.225,
44590,Warm Temperate,Dry,Eastern Africa,Grassland,2.867,#N/A,#N/A,
44591,Warm Temperate,Dry,Eastern Africa,Other Land (Non-Vegetated),0,#N/A,#N/A,
44592,Warm Temperate,Dry,Eastern Africa,Settlement,0,#N/A,#N/A,
44593,Warm Temperate,Dry,Eastern Africa,Agroforestry - Default,20.6,5.15,36.05,
44594,Warm Temperate,Dry,Eastern Africa,Hedgerow,13.1,9.301,16.899,
44595,Warm Temperate,Dry,Eastern Africa,Silvoarable,13.7,3.425,23.975,
44596,Warm Temperate,Dry,Eastern Africa,Silvopasture,35,8.75,61.25,
44597,Warm Temperate,Dry,Eastern Africa,Other Land,1,#N/A,#N/A,
44598,Warm Temperate,Dry,Eastern Africa,Olive,6.9,1.725,12.075,
44599,Warm Temperate,Dry,Eastern Africa,Orchard,6.4,1.6,11.2,
44600,Warm Temperate,Dry,Eastern Africa,Short Rotation Coppice,6.35,1.5875,11.1125,
44601,Warm Temperate,Dry,Eastern Africa,Tea,18.3,4.575,32.025,
44602,Warm Temperate,Dry,Eastern Africa,Vine,2.8,2.1,3.5,
44603,Warm Temperate,Dry,Central Africa,Grains,4.7,1.175,8.225,
44604,Warm Temperate,Dry,Central Africa,Maize,4.7,1.175,8.225,
44605,Warm Temperate,Dry,Central Africa,Sugarcane,4.7,1.175,8.225,
44606,Warm Temperate,Dry,Central Africa,Wheat,4.7,1.175,8.225,
44607,Warm Temperate,Dry,Central Africa,Beans & Pulses,4.7,1.175,8.225,
44608,Warm Temperate,Dry,Central Africa,Tubers,4.7,1.175,8.225,
44609,Warm Temperate,Dry,Central Africa,Root Crops,4.7,1.175,8.225,
44610,Warm Temperate,Dry,Central Africa,Barley,4.7,1.175,8.225,
44611,Warm Temperate,Dry,Central Africa,Oats,4.7,1.175,8.225,
44612,Warm Temperate,Dry,Central Africa,Millet,4.7,1.175,8.225,
44613,Warm Temperate,Dry,Central Africa,Sorghum,4.7,1.175,8.225,
44614,Warm Temperate,Dry,Central Africa,Rye,4.7,1.175,8.225,
44615,Warm Temperate,Dry,Central Africa,Soybeans,4.7,1.175,8.225,
44616,Warm Temperate,Dry,Central Africa,Dry Bean,4.7,1.175,8.225,
44617,Warm Temperate,Dry,Central Africa,Potatoes,4.7,1.175,8.225,
44618,Warm Temperate,Dry,Central Africa,Peanuts,4.7,1.175,8.225,
44619,Warm Temperate,Dry,Central Africa,Vegetables,4.7,1.175,8.225,
44620,Warm Temperate,Dry,Central Africa,Oilseeds,4.7,1.175,8.225,
44621,Warm Temperate,Dry,Central Africa,Groundnuts,4.7,1.175,8.225,
44622,Warm Temperate,Dry,Central Africa,Annual Cropland,4.7,1.175,8.225,
44623,Warm Temperate,Dry,Central Africa,Set Aside,4.7,1.175,8.225,
44624,Warm Temperate,Dry,Central Africa,Flooded Rice,4.7,1.175,8.225,
44625,Warm Temperate,Dry,Central Africa,Grassland,2.867,#N/A,#N/A,
44626,Warm Temperate,Dry,Central Africa,Other Land (Non-Vegetated),0,#N/A,#N/A,
44627,Warm Temperate,Dry,Central Africa,Settlement,0,#N/A,#N/A,
44628,Warm Temperate,Dry,Central Africa,Agroforestry - Default,20.6,5.15,36.05,
44629,Warm Temperate,Dry,Central Africa,Hedgerow,13.1,9.301,16.899,
44630,Warm Temperate,Dry,Central Africa,Silvoarable,13.7,3.425,23.975,
44631,Warm Temperate,Dry,Central Africa,Silvopasture,35,8.75,61.25,
44632,Warm Temperate,Dry,Central Africa,Other Land,1,#N/A,#N/A,
44633,Warm Temperate,Dry,Central Africa,Olive,6.9,1.725,12.075,
44634,Warm Temperate,Dry,Central Africa,Orchard,6.4,1.6,11.2,
44635,Warm Temperate,Dry,Central Africa,Short Rotation Coppice,6.35,1.5875,11.1125,
44636,Warm Temperate,Dry,Central Africa,Tea,18.3,4.575,32.025,
44637,Warm Temperate,Dry,Central Africa,Vine,2.8,2.1,3.5,
44638,Warm Temperate,Dry,Northern Africa,Grains,4.7,1.175,8.225,
44639,Warm Temperate,Dry,Northern Africa,Maize,4.7,1.175,8.225,
44640,Warm Temperate,Dry,Northern Africa,Sugarcane,4.7,1.175,8.225,
44641,Warm Temperate,Dry,Northern Africa,Wheat,4.7,1.175,8.225,
44642,Warm Temperate,Dry,Northern Africa,Beans & Pulses,4.7,1.175,8.225,
44643,Warm Temperate,Dry,Northern Africa,Tubers,4.7,1.175,8.225,
44644,Warm Temperate,Dry,Northern Africa,Root Crops,4.7,1.175,8.225,
44645,Warm Temperate,Dry,Northern Africa,Barley,4.7,1.175,8.225,
44646,Warm Temperate,Dry,Northern Africa,Oats,4.7,1.175,8.225,
44647,Warm Temperate,Dry,Northern Africa,Millet,4.7,1.175,8.225,
44648,Warm Temperate,Dry,Northern Africa,Sorghum,4.7,1.175,8.225,
44649,Warm Temperate,Dry,Northern Africa,Rye,4.7,1.175,8.225,
44650,Warm Temperate,Dry,Northern Africa,Soybeans,4.7,1.175,8.225,
44651,Warm Temperate,Dry,Northern Africa,Dry Bean,4.7,1.175,8.225,
44652,Warm Temperate,Dry,Northern Africa,Potatoes,4.7,1.175,8.225,
44653,Warm Temperate,Dry,Northern Africa,Peanuts,4.7,1.175,8.225,
44654,Warm Temperate,Dry,Northern Africa,Vegetables,4.7,1.175,8.225,
44655,Warm Temperate,Dry,Northern Africa,Oilseeds,4.7,1.175,8.225,
44656,Warm Temperate,Dry,Northern Africa,Groundnuts,4.7,1.175,8.225,
44657,Warm Temperate,Dry,Northern Africa,Annual Cropland,4.7,1.175,8.225,
44658,Warm Temperate,Dry,Northern Africa,Set Aside,4.7,1.175,8.225,
44659,Warm Temperate,Dry,Northern Africa,Flooded Rice,4.7,1.175,8.225,
44660,Warm Temperate,Dry,Northern Africa,Grassland,2.867,#N/A,#N/A,
44661,Warm Temperate,Dry,Northern Africa,Other Land (Non-Vegetated),0,#N/A,#N/A,
44662,Warm Temperate,Dry,Northern Africa,Settlement,0,#N/A,#N/A,
44663,Warm Temperate,Dry,Northern Africa,Agroforestry - Default,20.6,5.15,36.05,
44664,Warm Temperate,Dry,Northern Africa,Hedgerow,13.1,9.301,16.899,
44665,Warm Temperate,Dry,Northern Africa,Silvoarable,13.7,3.425,23.975,
44666,Warm Temperate,Dry,Northern Africa,Silvopasture,35,8.75,61.25,
44667,Warm Temperate,Dry,Northern Africa,Other Land,1,#N/A,#N/A,
44668,Warm Temperate,Dry,Northern Africa,Olive,6.9,1.725,12.075,
44669,Warm Temperate,Dry,Northern Africa,Orchard,6.4,1.6,11.2,
44670,Warm Temperate,Dry,Northern Africa,Short Rotation Coppice,6.35,1.5875,11.1125,
44671,Warm Temperate,Dry,Northern Africa,Tea,18.3,4.575,32.025,
44672,Warm Temperate,Dry,Northern Africa,Vine,2.8,2.1,3.5,
44673,Warm Temperate,Dry,Southern Africa,Grains,4.7,1.175,8.225,
44674,Warm Temperate,Dry,Southern Africa,Maize,4.7,1.175,8.225,
44675,Warm Temperate,Dry,Southern Africa,Sugarcane,4.7,1.175,8.225,
44676,Warm Temperate,Dry,Southern Africa,Wheat,4.7,1.175,8.225,
44677,Warm Temperate,Dry,Southern Africa,Beans & Pulses,4.7,1.175,8.225,
44678,Warm Temperate,Dry,Southern Africa,Tubers,4.7,1.175,8.225,
44679,Warm Temperate,Dry,Southern Africa,Root Crops,4.7,1.175,8.225,
44680,Warm Temperate,Dry,Southern Africa,Barley,4.7,1.175,8.225,
44681,Warm Temperate,Dry,Southern Africa,Oats,4.7,1.175,8.225,
44682,Warm Temperate,Dry,Southern Africa,Millet,4.7,1.175,8.225,
44683,Warm Temperate,Dry,Southern Africa,Sorghum,4.7,1.175,8.225,
44684,Warm Temperate,Dry,Southern Africa,Rye,4.7,1.175,8.225,
44685,Warm Temperate,Dry,Southern Africa,Soybeans,4.7,1.175,8.225,
44686,Warm Temperate,Dry,Southern Africa,Dry Bean,4.7,1.175,8.225,
44687,Warm Temperate,Dry,Southern Africa,Potatoes,4.7,1.175,8.225,
44688,Warm Temperate,Dry,Southern Africa,Peanuts,4.7,1.175,8.225,
44689,Warm Temperate,Dry,Southern Africa,Vegetables,4.7,1.175,8.225,
44690,Warm Temperate,Dry,Southern Africa,Oilseeds,4.7,1.175,8.225,
44691,Warm Temperate,Dry,Southern Africa,Groundnuts,4.7,1.175,8.225,
44692,Warm Temperate,Dry,Southern Africa,Annual Cropland,4.7,1.175,8.225,
44693,Warm Temperate,Dry,Southern Africa,Set Aside,4.7,1.175,8.225,
44694,Warm Temperate,Dry,Southern Africa,Flooded Rice,4.7,1.175,8.225,
44695,Warm Temperate,Dry,Southern Africa,Grassland,2.867,#N/A,#N/A,
44696,Warm Temperate,Dry,Southern Africa,Other Land (Non-Vegetated),0,#N/A,#N/A,
44697,Warm Temperate,Dry,Southern Africa,Settlement,0,#N/A,#N/A,
44698,Warm Temperate,Dry,Southern Africa,Agroforestry - Default,20.6,5.15,36.05,
44699,Warm Temperate,Dry,Southern Africa,Hedgerow,13.1,9.301,16.899,
44700,Warm Temperate,Dry,Southern Africa,Silvoarable,13.7,3.425,23.975,
44701,Warm Temperate,Dry,Southern Africa,Silvopasture,35,8.75,61.25,
44702,Warm Temperate,Dry,Southern Africa,Other Land,1,#N/A,#N/A,
44703,Warm Temperate,Dry,Southern Africa,Olive,6.9,1.725,12.075,
44704,Warm Temperate,Dry,Southern Africa,Orchard,6.4,1.6,11.2,
44705,Warm Temperate,Dry,Southern Africa,Short Rotation Coppice,6.35,1.5875,11.1125,
44706,Warm Temperate,Dry,Southern Africa,Tea,18.3,4.575,32.025,
44707,Warm Temperate,Dry,Southern Africa,Vine,2.8,2.1,3.5,
44708,Warm Temperate,Dry,Western Africa,Grains,4.7,1.175,8.225,
44709,Warm Temperate,Dry,Western Africa,Maize,4.7,1.175,8.225,
44710,Warm Temperate,Dry,Western Africa,Sugarcane,4.7,1.175,8.225,
44711,Warm Temperate,Dry,Western Africa,Wheat,4.7,1.175,8.225,
44712,Warm Temperate,Dry,Western Africa,Beans & Pulses,4.7,1.175,8.225,
44713,Warm Temperate,Dry,Western Africa,Tubers,4.7,1.175,8.225,
44714,Warm Temperate,Dry,Western Africa,Root Crops,4.7,1.175,8.225,
44715,Warm Temperate,Dry,Western Africa,Barley,4.7,1.175,8.225,
44716,Warm Temperate,Dry,Western Africa,Oats,4.7,1.175,8.225,
44717,Warm Temperate,Dry,Western Africa,Millet,4.7,1.175,8.225,
44718,Warm Temperate,Dry,Western Africa,Sorghum,4.7,1.175,8.225,
44719,Warm Temperate,Dry,Western Africa,Rye,4.7,1.175,8.225,
44720,Warm Temperate,Dry,Western Africa,Soybeans,4.7,1.175,8.225,
44721,Warm Temperate,Dry,Western Africa,Dry Bean,4.7,1.175,8.225,
44722,Warm Temperate,Dry,Western Africa,Potatoes,4.7,1.175,8.225,
44723,Warm Temperate,Dry,Western Africa,Peanuts,4.7,1.175,8.225,
44724,Warm Temperate,Dry,Western Africa,Vegetables,4.7,1.175,8.225,
44725,Warm Temperate,Dry,Western Africa,Oilseeds,4.7,1.175,8.225,
44726,Warm Temperate,Dry,Western Africa,Groundnuts,4.7,1.175,8.225,
44727,Warm Temperate,Dry,Western Africa,Annual Cropland,4.7,1.175,8.225,
44728,Warm Temperate,Dry,Western Africa,Set Aside,4.7,1.175,8.225,
44729,Warm Temperate,Dry,Western Africa,Flooded Rice,4.7,1.175,8.225,
44730,Warm Temperate,Dry,Western Africa,Grassland,2.867,#N/A,#N/A,
44731,Warm Temperate,Dry,Western Africa,Other Land (Non-Vegetated),0,#N/A,#N/A,
44732,Warm Temperate,Dry,Western Africa,Settlement,0,#N/A,#N/A,
44733,Warm Temperate,Dry,Western Africa,Agroforestry - Default,20.6,5.15,36.05,
44734,Warm Temperate,Dry,Western Africa,Hedgerow,13.1,9.301,16.899,
44735,Warm Temperate,Dry,Western Africa,Silvoarable,13.7,3.425,23.975,
44736,Warm Temperate,Dry,Western Africa,Silvopasture,35,8.75,61.25,
44737,Warm Temperate,Dry,Western Africa,Other Land,1,#N/A,#N/A,
44738,Warm Temperate,Dry,Western Africa,Olive,6.9,1.725,12.075,
44739,Warm Temperate,Dry,Western Africa,Orchard,6.4,1.6,11.2,
44740,Warm Temperate,Dry,Western Africa,Short Rotation Coppice,6.35,1.5875,11.1125,
44741,Warm Temperate,Dry,Western Africa,Tea,18.3,4.575,32.025,
44742,Warm Temperate,Dry,Western Africa,Vine,2.8,2.1,3.5,
44743,Warm Temperate,Dry,Central Asia,Grains,4.7,1.175,8.225,
44744,Warm Temperate,Dry,Central Asia,Maize,4.7,1.175,8.225,
44745,Warm Temperate,Dry,Central Asia,Sugarcane,4.7,1.175,8.225,
44746,Warm Temperate,Dry,Central Asia,Wheat,4.7,1.175,8.225,
44747,Warm Temperate,Dry,Central Asia,Beans & Pulses,4.7,1.175,8.225,
44748,Warm Temperate,Dry,Central Asia,Tubers,4.7,1.175,8.225,
44749,Warm Temperate,Dry,Central Asia,Root Crops,4.7,1.175,8.225,
44750,Warm Temperate,Dry,Central Asia,Barley,4.7,1.175,8.225,
44751,Warm Temperate,Dry,Central Asia,Oats,4.7,1.175,8.225,
44752,Warm Temperate,Dry,Central Asia,Millet,4.7,1.175,8.225,
44753,Warm Temperate,Dry,Central Asia,Sorghum,4.7,1.175,8.225,
44754,Warm Temperate,Dry,Central Asia,Rye,4.7,1.175,8.225,
44755,Warm Temperate,Dry,Central Asia,Soybeans,4.7,1.175,8.225,
44756,Warm Temperate,Dry,Central Asia,Dry Bean,4.7,1.175,8.225,
44757,Warm Temperate,Dry,Central Asia,Potatoes,4.7,1.175,8.225,
44758,Warm Temperate,Dry,Central Asia,Peanuts,4.7,1.175,8.225,
44759,Warm Temperate,Dry,Central Asia,Vegetables,4.7,1.175,8.225,
44760,Warm Temperate,Dry,Central Asia,Oilseeds,4.7,1.175,8.225,
44761,Warm Temperate,Dry,Central Asia,Groundnuts,4.7,1.175,8.225,
44762,Warm Temperate,Dry,Central Asia,Annual Cropland,4.7,1.175,8.225,
44763,Warm Temperate,Dry,Central Asia,Set Aside,4.7,1.175,8.225,
44764,Warm Temperate,Dry,Central Asia,Flooded Rice,4.7,1.175,8.225,
44765,Warm Temperate,Dry,Central Asia,Grassland,2.867,#N/A,#N/A,
44766,Warm Temperate,Dry,Central Asia,Other Land (Non-Vegetated),0,#N/A,#N/A,
44767,Warm Temperate,Dry,Central Asia,Settlement,0,#N/A,#N/A,
44768,Warm Temperate,Dry,Central Asia,Agroforestry - Default,20.6,5.15,36.05,
44769,Warm Temperate,Dry,Central Asia,Hedgerow,13.1,9.301,16.899,
44770,Warm Temperate,Dry,Central Asia,Silvoarable,13.7,3.425,23.975,
44771,Warm Temperate,Dry,Central Asia,Silvopasture,35,8.75,61.25,
44772,Warm Temperate,Dry,Central Asia,Other Land,1,#N/A,#N/A,
44773,Warm Temperate,Dry,Central Asia,Olive,6.9,1.725,12.075,
44774,Warm Temperate,Dry,Central Asia,Orchard,6.4,1.6,11.2,
44775,Warm Temperate,Dry,Central Asia,Short Rotation Coppice,6.35,1.5875,11.1125,
44776,Warm Temperate,Dry,Central Asia,Tea,18.3,4.575,32.025,
44777,Warm Temperate,Dry,Central Asia,Vine,2.8,2.1,3.5,
44778,Warm Temperate,Dry,Eastern Asia,Grains,4.7,1.175,8.225,
44779,Warm Temperate,Dry,Eastern Asia,Maize,4.7,1.175,8.225,
44780,Warm Temperate,Dry,Eastern Asia,Sugarcane,4.7,1.175,8.225,
44781,Warm Temperate,Dry,Eastern Asia,Wheat,4.7,1.175,8.225,
44782,Warm Temperate,Dry,Eastern Asia,Beans & Pulses,4.7,1.175,8.225,
44783,Warm Temperate,Dry,Eastern Asia,Tubers,4.7,1.175,8.225,
44784,Warm Temperate,Dry,Eastern Asia,Root Crops,4.7,1.175,8.225,
44785,Warm Temperate,Dry,Eastern Asia,Barley,4.7,1.175,8.225,
44786,Warm Temperate,Dry,Eastern Asia,Oats,4.7,1.175,8.225,
44787,Warm Temperate,Dry,Eastern Asia,Millet,4.7,1.175,8.225,
44788,Warm Temperate,Dry,Eastern Asia,Sorghum,4.7,1.175,8.225,
44789,Warm Temperate,Dry,Eastern Asia,Rye,4.7,1.175,8.225,
44790,Warm Temperate,Dry,Eastern Asia,Soybeans,4.7,1.175,8.225,
44791,Warm Temperate,Dry,Eastern Asia,Dry Bean,4.7,1.175,8.225,
44792,Warm Temperate,Dry,Eastern Asia,Potatoes,4.7,1.175,8.225,
44793,Warm Temperate,Dry,Eastern Asia,Peanuts,4.7,1.175,8.225,
44794,Warm Temperate,Dry,Eastern Asia,Vegetables,4.7,1.175,8.225,
44795,Warm Temperate,Dry,Eastern Asia,Oilseeds,4.7,1.175,8.225,
44796,Warm Temperate,Dry,Eastern Asia,Groundnuts,4.7,1.175,8.225,
44797,Warm Temperate,Dry,Eastern Asia,Annual Cropland,4.7,1.175,8.225,
44798,Warm Temperate,Dry,Eastern Asia,Set Aside,4.7,1.175,8.225,
44799,Warm Temperate,Dry,Eastern Asia,Flooded Rice,4.7,1.175,8.225,
44800,Warm Temperate,Dry,Eastern Asia,Grassland,2.867,#N/A,#N/A,
44801,Warm Temperate,Dry,Eastern Asia,Other Land (Non-Vegetated),0,#N/A,#N/A,
44802,Warm Temperate,Dry,Eastern Asia,Settlement,0,#N/A,#N/A,
44803,Warm Temperate,Dry,Eastern Asia,Agroforestry - Default,20.6,5.15,36.05,
44804,Warm Temperate,Dry,Eastern Asia,Hedgerow,13.1,9.301,16.899,
44805,Warm Temperate,Dry,Eastern Asia,Silvoarable,13.7,3.425,23.975,
44806,Warm Temperate,Dry,Eastern Asia,Silvopasture,35,8.75,61.25,
44807,Warm Temperate,Dry,Eastern Asia,Other Land,1,#N/A,#N/A,
44808,Warm Temperate,Dry,Eastern Asia,Olive,6.9,1.725,12.075,
44809,Warm Temperate,Dry,Eastern Asia,Orchard,6.4,1.6,11.2,
44810,Warm Temperate,Dry,Eastern Asia,Short Rotation Coppice,6.35,1.5875,11.1125,
44811,Warm Temperate,Dry,Eastern Asia,Tea,18.3,4.575,32.025,
44812,Warm Temperate,Dry,Eastern Asia,Vine,2.8,2.1,3.5,
44813,Warm Temperate,Dry,South-Eastern Asia,Grains,4.7,1.175,8.225,
44814,Warm Temperate,Dry,South-Eastern Asia,Maize,4.7,1.175,8.225,
44815,Warm Temperate,Dry,South-Eastern Asia,Sugarcane,4.7,1.175,8.225,
44816,Warm Temperate,Dry,South-Eastern Asia,Wheat,4.7,1.175,8.225,
44817,Warm Temperate,Dry,South-Eastern Asia,Beans & Pulses,4.7,1.175,8.225,
44818,Warm Temperate,Dry,South-Eastern Asia,Tubers,4.7,1.175,8.225,
44819,Warm Temperate,Dry,South-Eastern Asia,Root Crops,4.7,1.175,8.225,
44820,Warm Temperate,Dry,South-Eastern Asia,Barley,4.7,1.175,8.225,
44821,Warm Temperate,Dry,South-Eastern Asia,Oats,4.7,1.175,8.225,
44822,Warm Temperate,Dry,South-Eastern Asia,Millet,4.7,1.175,8.225,
44823,Warm Temperate,Dry,South-Eastern Asia,Sorghum,4.7,1.175,8.225,
44824,Warm Temperate,Dry,South-Eastern Asia,Rye,4.7,1.175,8.225,
44825,Warm Temperate,Dry,South-Eastern Asia,Soybeans,4.7,1.175,8.225,
44826,Warm Temperate,Dry,South-Eastern Asia,Dry Bean,4.7,1.175,8.225,
44827,Warm Temperate,Dry,South-Eastern Asia,Potatoes,4.7,1.175,8.225,
44828,Warm Temperate,Dry,South-Eastern Asia,Peanuts,4.7,1.175,8.225,
44829,Warm Temperate,Dry,South-Eastern Asia,Vegetables,4.7,1.175,8.225,
44830,Warm Temperate,Dry,South-Eastern Asia,Oilseeds,4.7,1.175,8.225,
44831,Warm Temperate,Dry,South-Eastern Asia,Groundnuts,4.7,1.175,8.225,
44832,Warm Temperate,Dry,South-Eastern Asia,Annual Cropland,4.7,1.175,8.225,
44833,Warm Temperate,Dry,South-Eastern Asia,Set Aside,4.7,1.175,8.225,
44834,Warm Temperate,Dry,South-Eastern Asia,Flooded Rice,4.7,1.175,8.225,
44835,Warm Temperate,Dry,South-Eastern Asia,Grassland,2.867,#N/A,#N/A,
44836,Warm Temperate,Dry,South-Eastern Asia,Other Land (Non-Vegetated),0,#N/A,#N/A,
44837,Warm Temperate,Dry,South-Eastern Asia,Settlement,0,#N/A,#N/A,
44838,Warm Temperate,Dry,South-Eastern Asia,Agroforestry - Default,20.6,5.15,36.05,
44839,Warm Temperate,Dry,South-Eastern Asia,Hedgerow,13.1,9.301,16.899,
44840,Warm Temperate,Dry,South-Eastern Asia,Silvoarable,13.7,3.425,23.975,
44841,Warm Temperate,Dry,South-Eastern Asia,Silvopasture,35,8.75,61.25,
44842,Warm Temperate,Dry,South-Eastern Asia,Other Land,1,#N/A,#N/A,
44843,Warm Temperate,Dry,South-Eastern Asia,Olive,6.9,1.725,12.075,
44844,Warm Temperate,Dry,South-Eastern Asia,Orchard,6.4,1.6,11.2,
44845,Warm Temperate,Dry,South-Eastern Asia,Short Rotation Coppice,6.35,1.5875,11.1125,
44846,Warm Temperate,Dry,South-Eastern Asia,Tea,18.3,4.575,32.025,
44847,Warm Temperate,Dry,South-Eastern Asia,Vine,2.8,2.1,3.5,
44848,Warm Temperate,Dry,Southern Asia,Grains,4.7,1.175,8.225,
44849,Warm Temperate,Dry,Southern Asia,Maize,4.7,1.175,8.225,
44850,Warm Temperate,Dry,Southern Asia,Sugarcane,4.7,1.175,8.225,
44851,Warm Temperate,Dry,Southern Asia,Wheat,4.7,1.175,8.225,
44852,Warm Temperate,Dry,Southern Asia,Beans & Pulses,4.7,1.175,8.225,
44853,Warm Temperate,Dry,Southern Asia,Tubers,4.7,1.175,8.225,
44854,Warm Temperate,Dry,Southern Asia,Root Crops,4.7,1.175,8.225,
44855,Warm Temperate,Dry,Southern Asia,Barley,4.7,1.175,8.225,
44856,Warm Temperate,Dry,Southern Asia,Oats,4.7,1.175,8.225,
44857,Warm Temperate,Dry,Southern Asia,Millet,4.7,1.175,8.225,
44858,Warm Temperate,Dry,Southern Asia,Sorghum,4.7,1.175,8.225,
44859,Warm Temperate,Dry,Southern Asia,Rye,4.7,1.175,8.225,
44860,Warm Temperate,Dry,Southern Asia,Soybeans,4.7,1.175,8.225,
44861,Warm Temperate,Dry,Southern Asia,Dry Bean,4.7,1.175,8.225,
44862,Warm Temperate,Dry,Southern Asia,Potatoes,4.7,1.175,8.225,
44863,Warm Temperate,Dry,Southern Asia,Peanuts,4.7,1.175,8.225,
44864,Warm Temperate,Dry,Southern Asia,Vegetables,4.7,1.175,8.225,
44865,Warm Temperate,Dry,Southern Asia,Oilseeds,4.7,1.175,8.225,
44866,Warm Temperate,Dry,Southern Asia,Groundnuts,4.7,1.175,8.225,
44867,Warm Temperate,Dry,Southern Asia,Annual Cropland,4.7,1.175,8.225,
44868,Warm Temperate,Dry,Southern Asia,Set Aside,4.7,1.175,8.225,
44869,Warm Temperate,Dry,Southern Asia,Flooded Rice,4.7,1.175,8.225,
44870,Warm Temperate,Dry,Southern Asia,Grassland,2.867,#N/A,#N/A,
44871,Warm Temperate,Dry,Southern Asia,Other Land (Non-Vegetated),0,#N/A,#N/A,
44872,Warm Temperate,Dry,Southern Asia,Settlement,0,#N/A,#N/A,
44873,Warm Temperate,Dry,Southern Asia,Agroforestry - Default,20.6,5.15,36.05,
44874,Warm Temperate,Dry,Southern Asia,Hedgerow,13.1,9.301,16.899,
44875,Warm Temperate,Dry,Southern Asia,Silvoarable,13.7,3.425,23.975,
44876,Warm Temperate,Dry,Southern Asia,Silvopasture,35,8.75,61.25,
44877,Warm Temperate,Dry,Southern Asia,Other Land,1,#N/A,#N/A,
44878,Warm Temperate,Dry,Southern Asia,Olive,6.9,1.725,12.075,
44879,Warm Temperate,Dry,Southern Asia,Orchard,6.4,1.6,11.2,
44880,Warm Temperate,Dry,Southern Asia,Short Rotation Coppice,6.35,1.5875,11.1125,
44881,Warm Temperate,Dry,Southern Asia,Tea,18.3,4.575,32.025,
44882,Warm Temperate,Dry,Southern Asia,Vine,2.8,2.1,3.5,
44883,Warm Temperate,Dry,Western Asia,Grains,4.7,1.175,8.225,
44884,Warm Temperate,Dry,Western Asia,Maize,4.7,1.175,8.225,
44885,Warm Temperate,Dry,Western Asia,Sugarcane,4.7,1.175,8.225,
44886,Warm Temperate,Dry,Western Asia,Wheat,4.7,1.175,8.225,
44887,Warm Temperate,Dry,Western Asia,Beans & Pulses,4.7,1.175,8.225,
44888,Warm Temperate,Dry,Western Asia,Tubers,4.7,1.175,8.225,
44889,Warm Temperate,Dry,Western Asia,Root Crops,4.7,1.175,8.225,
44890,Warm Temperate,Dry,Western Asia,Barley,4.7,1.175,8.225,
44891,Warm Temperate,Dry,Western Asia,Oats,4.7,1.175,8.225,
44892,Warm Temperate,Dry,Western Asia,Millet,4.7,1.175,8.225,
44893,Warm Temperate,Dry,Western Asia,Sorghum,4.7,1.175,8.225,
44894,Warm Temperate,Dry,Western Asia,Rye,4.7,1.175,8.225,
44895,Warm Temperate,Dry,Western Asia,Soybeans,4.7,1.175,8.225,
44896,Warm Temperate,Dry,Western Asia,Dry Bean,4.7,1.175,8.225,
44897,Warm Temperate,Dry,Western Asia,Potatoes,4.7,1.175,8.225,
44898,Warm Temperate,Dry,Western Asia,Peanuts,4.7,1.175,8.225,
44899,Warm Temperate,Dry,Western Asia,Vegetables,4.7,1.175,8.225,
44900,Warm Temperate,Dry,Western Asia,Oilseeds,4.7,1.175,8.225,
44901,Warm Temperate,Dry,Western Asia,Groundnuts,4.7,1.175,8.225,
44902,Warm Temperate,Dry,Western Asia,Annual Cropland,4.7,1.175,8.225,
44903,Warm Temperate,Dry,Western Asia,Set Aside,4.7,1.175,8.225,
44904,Warm Temperate,Dry,Western Asia,Flooded Rice,4.7,1.175,8.225,
44905,Warm Temperate,Dry,Western Asia,Grassland,2.867,#N/A,#N/A,
44906,Warm Temperate,Dry,Western Asia,Other Land (Non-Vegetated),0,#N/A,#N/A,
44907,Warm Temperate,Dry,Western Asia,Settlement,0,#N/A,#N/A,
44908,Warm Temperate,Dry,Western Asia,Agroforestry - Default,20.6,5.15,36.05,
44909,Warm Temperate,Dry,Western Asia,Hedgerow,13.1,9.301,16.899,
44910,Warm Temperate,Dry,Western Asia,Silvoarable,13.7,3.425,23.975,
44911,Warm Temperate,Dry,Western Asia,Silvopasture,35,8.75,61.25,
44912,Warm Temperate,Dry,Western Asia,Other Land,1,#N/A,#N/A,
44913,Warm Temperate,Dry,Western Asia,Olive,6.9,1.725,12.075,
44914,Warm Temperate,Dry,Western Asia,Orchard,6.4,1.6,11.2,
44915,Warm Temperate,Dry,Western Asia,Short Rotation Coppice,6.35,1.5875,11.1125,
44916,Warm Temperate,Dry,Western Asia,Tea,18.3,4.575,32.025,
44917,Warm Temperate,Dry,Western Asia,Vine,2.8,2.1,3.5,
44918,Warm Temperate,Dry,Europe,Grains,4.7,1.175,8.225,
44919,Warm Temperate,Dry,Europe,Maize,4.7,1.175,8.225,
44920,Warm Temperate,Dry,Europe,Sugarcane,4.7,1.175,8.225,
44921,Warm Temperate,Dry,Europe,Wheat,4.7,1.175,8.225,
44922,Warm Temperate,Dry,Europe,Beans & Pulses,4.7,1.175,8.225,
44923,Warm Temperate,Dry,Europe,Tubers,4.7,1.175,8.225,
44924,Warm Temperate,Dry,Europe,Root Crops,4.7,1.175,8.225,
44925,Warm Temperate,Dry,Europe,Barley,4.7,1.175,8.225,
44926,Warm Temperate,Dry,Europe,Oats,4.7,1.175,8.225,
44927,Warm Temperate,Dry,Europe,Millet,4.7,1.175,8.225,
44928,Warm Temperate,Dry,Europe,Sorghum,4.7,1.175,8.225,
44929,Warm Temperate,Dry,Europe,Rye,4.7,1.175,8.225,
44930,Warm Temperate,Dry,Europe,Soybeans,4.7,1.175,8.225,
44931,Warm Temperate,Dry,Europe,Dry Bean,4.7,1.175,8.225,
44932,Warm Temperate,Dry,Europe,Potatoes,4.7,1.175,8.225,
44933,Warm Temperate,Dry,Europe,Peanuts,4.7,1.175,8.225,
44934,Warm Temperate,Dry,Europe,Vegetables,4.7,1.175,8.225,
44935,Warm Temperate,Dry,Europe,Oilseeds,4.7,1.175,8.225,
44936,Warm Temperate,Dry,Europe,Groundnuts,4.7,1.175,8.225,
44937,Warm Temperate,Dry,Europe,Annual Cropland,4.7,1.175,8.225,
44938,Warm Temperate,Dry,Europe,Set Aside,4.7,1.175,8.225,
44939,Warm Temperate,Dry,Europe,Flooded Rice,4.7,1.175,8.225,
44940,Warm Temperate,Dry,Europe,Grassland,2.867,#N/A,#N/A,
44941,Warm Temperate,Dry,Europe,Other Land (Non-Vegetated),0,#N/A,#N/A,
44942,Warm Temperate,Dry,Europe,Settlement,0,#N/A,#N/A,
44943,Warm Temperate,Dry,Europe,Agroforestry - Default,20.6,5.15,36.05,
44944,Warm Temperate,Dry,Europe,Hedgerow,13.1,9.301,16.899,
44945,Warm Temperate,Dry,Europe,Silvoarable,13.7,3.425,23.975,
44946,Warm Temperate,Dry,Europe,Silvopasture,35,8.75,61.25,
44947,Warm Temperate,Dry,Europe,Other Land,1,#N/A,#N/A,
44948,Warm Temperate,Dry,Europe,Olive,6.9,1.725,12.075,
44949,Warm Temperate,Dry,Europe,Orchard,6.4,1.6,11.2,
44950,Warm Temperate,Dry,Europe,Short Rotation Coppice,6.35,1.5875,11.1125,
44951,Warm Temperate,Dry,Europe,Tea,18.3,4.575,32.025,
44952,Warm Temperate,Dry,Europe,Vine,2.8,2.1,3.5,
44953,Warm Temperate,Dry,Oceania,Grains,4.7,1.175,8.225,
44954,Warm Temperate,Dry,Oceania,Maize,4.7,1.175,8.225,
44955,Warm Temperate,Dry,Oceania,Sugarcane,4.7,1.175,8.225,
44956,Warm Temperate,Dry,Oceania,Wheat,4.7,1.175,8.225,
44957,Warm Temperate,Dry,Oceania,Beans & Pulses,4.7,1.175,8.225,
44958,Warm Temperate,Dry,Oceania,Tubers,4.7,1.175,8.225,
44959,Warm Temperate,Dry,Oceania,Root Crops,4.7,1.175,8.225,
44960,Warm Temperate,Dry,Oceania,Barley,4.7,1.175,8.225,
44961,Warm Temperate,Dry,Oceania,Oats,4.7,1.175,8.225,
44962,Warm Temperate,Dry,Oceania,Millet,4.7,1.175,8.225,
44963,Warm Temperate,Dry,Oceania,Sorghum,4.7,1.175,8.225,
44964,Warm Temperate,Dry,Oceania,Rye,4.7,1.175,8.225,
44965,Warm Temperate,Dry,Oceania,Soybeans,4.7,1.175,8.225,
44966,Warm Temperate,Dry,Oceania,Dry Bean,4.7,1.175,8.225,
44967,Warm Temperate,Dry,Oceania,Potatoes,4.7,1.175,8.225,
44968,Warm Temperate,Dry,Oceania,Peanuts,4.7,1.175,8.225,
44969,Warm Temperate,Dry,Oceania,Vegetables,4.7,1.175,8.225,
44970,Warm Temperate,Dry,Oceania,Oilseeds,4.7,1.175,8.225,
44971,Warm Temperate,Dry,Oceania,Groundnuts,4.7,1.175,8.225,
44972,Warm Temperate,Dry,Oceania,Annual Cropland,4.7,1.175,8.225,
44973,Warm Temperate,Dry,Oceania,Set Aside,4.7,1.175,8.225,
44974,Warm Temperate,Dry,Oceania,Flooded Rice,4.7,1.175,8.225,
44975,Warm Temperate,Dry,Oceania,Grassland,2.867,#N/A,#N/A,
44976,Warm Temperate,Dry,Oceania,Other Land (Non-Vegetated),0,#N/A,#N/A,
44977,Warm Temperate,Dry,Oceania,Settlement,0,#N/A,#N/A,
44978,Warm Temperate,Dry,Oceania,Agroforestry - Default,20.6,5.15,36.05,
44979,Warm Temperate,Dry,Oceania,Hedgerow,13.1,9.301,16.899,
44980,Warm Temperate,Dry,Oceania,Silvoarable,13.7,3.425,23.975,
44981,Warm Temperate,Dry,Oceania,Silvopasture,35,8.75,61.25,
44982,Warm Temperate,Dry,Oceania,Other Land,1,#N/A,#N/A,
44983,Warm Temperate,Dry,Oceania,Olive,6.9,1.725,12.075,
44984,Warm Temperate,Dry,Oceania,Orchard,6.4,1.6,11.2,
44985,Warm Temperate,Dry,Oceania,Short Rotation Coppice,6.35,1.5875,11.1125,
44986,Warm Temperate,Dry,Oceania,Tea,18.3,4.575,32.025,
44987,Warm Temperate,Dry,Oceania,Vine,2.8,2.1,3.5,
44988,Warm Temperate,Dry,North America,Grains,4.7,1.175,8.225,
44989,Warm Temperate,Dry,North America,Maize,4.7,1.175,8.225,
44990,Warm Temperate,Dry,North America,Sugarcane,4.7,1.175,8.225,
44991,Warm Temperate,Dry,North America,Wheat,4.7,1.175,8.225,
44992,Warm Temperate,Dry,North America,Beans & Pulses,4.7,1.175,8.225,
44993,Warm Temperate,Dry,North America,Tubers,4.7,1.175,8.225,
44994,Warm Temperate,Dry,North America,Root Crops,4.7,1.175,8.225,
44995,Warm Temperate,Dry,North America,Barley,4.7,1.175,8.225,
44996,Warm Temperate,Dry,North America,Oats,4.7,1.175,8.225,
44997,Warm Temperate,Dry,North America,Millet,4.7,1.175,8.225,
44998,Warm Temperate,Dry,North America,Sorghum,4.7,1.175,8.225,
44999,Warm Temperate,Dry,North America,Rye,4.7,1.175,8.225,
45000,Warm Temperate,Dry,North America,Soybeans,4.7,1.175,8.225,
45001,Warm Temperate,Dry,North America,Dry Bean,4.7,1.175,8.225,
45002,Warm Temperate,Dry,North America,Potatoes,4.7,1.175,8.225,
45003,Warm Temperate,Dry,North America,Peanuts,4.7,1.175,8.225,
45004,Warm Temperate,Dry,North America,Vegetables,4.7,1.175,8.225,
45005,Warm Temperate,Dry,North America,Oilseeds,4.7,1.175,8.225,
45006,Warm Temperate,Dry,North America,Groundnuts,4.7,1.175,8.225,
45007,Warm Temperate,Dry,North America,Annual Cropland,4.7,1.175,8.225,
45008,Warm Temperate,Dry,North America,Set Aside,4.7,1.175,8.225,
45009,Warm Temperate,Dry,North America,Flooded Rice,4.7,1.175,8.225,
45010,Warm Temperate,Dry,North America,Grassland,2.867,#N/A,#N/A,
45011,Warm Temperate,Dry,North America,Other Land (Non-Vegetated),0,#N/A,#N/A,
45012,Warm Temperate,Dry,North America,Settlement,0,#N/A,#N/A,
45013,Warm Temperate,Dry,North America,Agroforestry - Default,20.6,5.15,36.05,
45014,Warm Temperate,Dry,North America,Hedgerow,13.1,9.301,16.899,
45015,Warm Temperate,Dry,North America,Silvoarable,13.7,3.425,23.975,
45016,Warm Temperate,Dry,North America,Silvopasture,35,8.75,61.25,
45017,Warm Temperate,Dry,North America,Other Land,1,#N/A,#N/A,
45018,Warm Temperate,Dry,North America,Olive,6.9,1.725,12.075,
45019,Warm Temperate,Dry,North America,Orchard,6.4,1.6,11.2,
45020,Warm Temperate,Dry,North America,Short Rotation Coppice,6.35,1.5875,11.1125,
45021,Warm Temperate,Dry,North America,Tea,18.3,4.575,32.025,
45022,Warm Temperate,Dry,North America,Vine,2.8,2.1,3.5,
45023,Warm Temperate,Dry,South America,Grains,4.7,1.175,8.225,
45024,Warm Temperate,Dry,South America,Maize,4.7,1.175,8.225,
45025,Warm Temperate,Dry,South America,Sugarcane,4.7,1.175,8.225,
45026,Warm Temperate,Dry,South America,Wheat,4.7,1.175,8.225,
45027,Warm Temperate,Dry,South America,Beans & Pulses,4.7,1.175,8.225,
45028,Warm Temperate,Dry,South America,Tubers,4.7,1.175,8.225,
45029,Warm Temperate,Dry,South America,Root Crops,4.7,1.175,8.225,
45030,Warm Temperate,Dry,South America,Barley,4.7,1.175,8.225,
45031,Warm Temperate,Dry,South America,Oats,4.7,1.175,8.225,
45032,Warm Temperate,Dry,South America,Millet,4.7,1.175,8.225,
45033,Warm Temperate,Dry,South America,Sorghum,4.7,1.175,8.225,
45034,Warm Temperate,Dry,South America,Rye,4.7,1.175,8.225,
45035,Warm Temperate,Dry,South America,Soybeans,4.7,1.175,8.225,
45036,Warm Temperate,Dry,South America,Dry Bean,4.7,1.175,8.225,
45037,Warm Temperate,Dry,South America,Potatoes,4.7,1.175,8.225,
45038,Warm Temperate,Dry,South America,Peanuts,4.7,1.175,8.225,
45039,Warm Temperate,Dry,South America,Vegetables,4.7,1.175,8.225,
45040,Warm Temperate,Dry,South America,Oilseeds,4.7,1.175,8.225,
45041,Warm Temperate,Dry,South America,Groundnuts,4.7,1.175,8.225,
45042,Warm Temperate,Dry,South America,Annual Cropland,4.7,1.175,8.225,
45043,Warm Temperate,Dry,South America,Set Aside,4.7,1.175,8.225,
45044,Warm Temperate,Dry,South America,Flooded Rice,4.7,1.175,8.225,
45045,Warm Temperate,Dry,South America,Grassland,2.867,#N/A,#N/A,
45046,Warm Temperate,Dry,South America,Other Land (Non-Vegetated),0,#N/A,#N/A,
45047,Warm Temperate,Dry,South America,Settlement,0,#N/A,#N/A,
45048,Warm Temperate,Dry,South America,Agroforestry - Default,20.6,5.15,36.05,
45049,Warm Temperate,Dry,South America,Hedgerow,13.1,9.301,16.899,
45050,Warm Temperate,Dry,South America,Silvoarable,13.7,3.425,23.975,
45051,Warm Temperate,Dry,South America,Silvopasture,35,8.75,61.25,
45052,Warm Temperate,Dry,South America,Other Land,1,#N/A,#N/A,
45053,Warm Temperate,Dry,South America,Olive,6.9,1.725,12.075,
45054,Warm Temperate,Dry,South America,Orchard,6.4,1.6,11.2,
45055,Warm Temperate,Dry,South America,Short Rotation Coppice,6.35,1.5875,11.1125,
45056,Warm Temperate,Dry,South America,Tea,18.3,4.575,32.025,
45057,Warm Temperate,Dry,South America,Vine,2.8,2.1,3.5,
45058,Warm Temperate,Dry,Central America,Grains,4.7,1.175,8.225,
45059,Warm Temperate,Dry,Central America,Maize,4.7,1.175,8.225,
45060,Warm Temperate,Dry,Central America,Sugarcane,4.7,1.175,8.225,
45061,Warm Temperate,Dry,Central America,Wheat,4.7,1.175,8.225,
45062,Warm Temperate,Dry,Central America,Beans & Pulses,4.7,1.175,8.225,
45063,Warm Temperate,Dry,Central America,Tubers,4.7,1.175,8.225,
45064,Warm Temperate,Dry,Central America,Root Crops,4.7,1.175,8.225,
45065,Warm Temperate,Dry,Central America,Barley,4.7,1.175,8.225,
45066,Warm Temperate,Dry,Central America,Oats,4.7,1.175,8.225,
45067,Warm Temperate,Dry,Central America,Millet,4.7,1.175,8.225,
45068,Warm Temperate,Dry,Central America,Sorghum,4.7,1.175,8.225,
45069,Warm Temperate,Dry,Central America,Rye,4.7,1.175,8.225,
45070,Warm Temperate,Dry,Central America,Soybeans,4.7,1.175,8.225,
45071,Warm Temperate,Dry,Central America,Dry Bean,4.7,1.175,8.225,
45072,Warm Temperate,Dry,Central America,Potatoes,4.7,1.175,8.225,
45073,Warm Temperate,Dry,Central America,Peanuts,4.7,1.175,8.225,
45074,Warm Temperate,Dry,Central America,Vegetables,4.7,1.175,8.225,
45075,Warm Temperate,Dry,Central America,Oilseeds,4.7,1.175,8.225,
45076,Warm Temperate,Dry,Central America,Groundnuts,4.7,1.175,8.225,
45077,Warm Temperate,Dry,Central America,Annual Cropland,4.7,1.175,8.225,
45078,Warm Temperate,Dry,Central America,Set Aside,4.7,1.175,8.225,
45079,Warm Temperate,Dry,Central America,Flooded Rice,4.7,1.175,8.225,
45080,Warm Temperate,Dry,Central America,Grassland,2.867,#N/A,#N/A,
45081,Warm Temperate,Dry,Central America,Other Land (Non-Vegetated),0,#N/A,#N/A,
45082,Warm Temperate,Dry,Central America,Settlement,0,#N/A,#N/A,
45083,Warm Temperate,Dry,Central America,Agroforestry - Default,20.6,5.15,36.05,
45084,Warm Temperate,Dry,Central America,Hedgerow,13.1,9.301,16.899,
45085,Warm Temperate,Dry,Central America,Silvoarable,13.7,3.425,23.975,
45086,Warm Temperate,Dry,Central America,Silvopasture,35,8.75,61.25,
45087,Warm Temperate,Dry,Central America,Other Land,1,#N/A,#N/A,
45088,Warm Temperate,Dry,Central America,Olive,6.9,1.725,12.075,
45089,Warm Temperate,Dry,Central America,Orchard,6.4,1.6,11.2,
45090,Warm Temperate,Dry,Central America,Short Rotation Coppice,6.35,1.5875,11.1125,
45091,Warm Temperate,Dry,Central America,Tea,18.3,4.575,32.025,
45092,Warm Temperate,Dry,Central America,Vine,2.8,2.1,3.5,
45093,Warm Temperate,Dry,Caribbean,Grains,4.7,1.175,8.225,
45094,Warm Temperate,Dry,Caribbean,Maize,4.7,1.175,8.225,
45095,Warm Temperate,Dry,Caribbean,Sugarcane,4.7,1.175,8.225,
45096,Warm Temperate,Dry,Caribbean,Wheat,4.7,1.175,8.225,
45097,Warm Temperate,Dry,Caribbean,Beans & Pulses,4.7,1.175,8.225,
45098,Warm Temperate,Dry,Caribbean,Tubers,4.7,1.175,8.225,
45099,Warm Temperate,Dry,Caribbean,Root Crops,4.7,1.175,8.225,
45100,Warm Temperate,Dry,Caribbean,Barley,4.7,1.175,8.225,
45101,Warm Temperate,Dry,Caribbean,Oats,4.7,1.175,8.225,
45102,Warm Temperate,Dry,Caribbean,Millet,4.7,1.175,8.225,
45103,Warm Temperate,Dry,Caribbean,Sorghum,4.7,1.175,8.225,
45104,Warm Temperate,Dry,Caribbean,Rye,4.7,1.175,8.225,
45105,Warm Temperate,Dry,Caribbean,Soybeans,4.7,1.175,8.225,
45106,Warm Temperate,Dry,Caribbean,Dry Bean,4.7,1.175,8.225,
45107,Warm Temperate,Dry,Caribbean,Potatoes,4.7,1.175,8.225,
45108,Warm Temperate,Dry,Caribbean,Peanuts,4.7,1.175,8.225,
45109,Warm Temperate,Dry,Caribbean,Vegetables,4.7,1.175,8.225,
45110,Warm Temperate,Dry,Caribbean,Oilseeds,4.7,1.175,8.225,
45111,Warm Temperate,Dry,Caribbean,Groundnuts,4.7,1.175,8.225,
45112,Warm Temperate,Dry,Caribbean,Annual Cropland,4.7,1.175,8.225,
45113,Warm Temperate,Dry,Caribbean,Set Aside,4.7,1.175,8.225,
45114,Warm Temperate,Dry,Caribbean,Flooded Rice,4.7,1.175,8.225,
45115,Warm Temperate,Dry,Caribbean,Grassland,2.867,#N/A,#N/A,
45116,Warm Temperate,Dry,Caribbean,Other Land (Non-Vegetated),0,#N/A,#N/A,
45117,Warm Temperate,Dry,Caribbean,Settlement,0,#N/A,#N/A,
45118,Warm Temperate,Dry,Caribbean,Agroforestry - Default,20.6,5.15,36.05,
45119,Warm Temperate,Dry,Caribbean,Hedgerow,13.1,9.301,16.899,
45120,Warm Temperate,Dry,Caribbean,Silvoarable,13.7,3.425,23.975,
45121,Warm Temperate,Dry,Caribbean,Silvopasture,35,8.75,61.25,
45122,Warm Temperate,Dry,Caribbean,Other Land,1,#N/A,#N/A,
45123,Warm Temperate,Dry,Caribbean,Olive,6.9,1.725,12.075,
45124,Warm Temperate,Dry,Caribbean,Orchard,6.4,1.6,11.2,
45125,Warm Temperate,Dry,Caribbean,Short Rotation Coppice,6.35,1.5875,11.1125,
45126,Warm Temperate,Dry,Caribbean,Tea,18.3,4.575,32.025,
45127,Warm Temperate,Dry,Caribbean,Vine,2.8,2.1,3.5,
45128,Warm Temperate,Moist,Eastern Africa,Grains,4.7,1.175,8.225,
45129,Warm Temperate,Moist,Eastern Africa,Maize,4.7,1.175,8.225,
45130,Warm Temperate,Moist,Eastern Africa,Sugarcane,4.7,1.175,8.225,
45131,Warm Temperate,Moist,Eastern Africa,Wheat,4.7,1.175,8.225,
45132,Warm Temperate,Moist,Eastern Africa,Beans & Pulses,4.7,1.175,8.225,
45133,Warm Temperate,Moist,Eastern Africa,Tubers,4.7,1.175,8.225,
45134,Warm Temperate,Moist,Eastern Africa,Root Crops,4.7,1.175,8.225,
45135,Warm Temperate,Moist,Eastern Africa,Barley,4.7,1.175,8.225,
45136,Warm Temperate,Moist,Eastern Africa,Oats,4.7,1.175,8.225,
45137,Warm Temperate,Moist,Eastern Africa,Millet,4.7,1.175,8.225,
45138,Warm Temperate,Moist,Eastern Africa,Sorghum,4.7,1.175,8.225,
45139,Warm Temperate,Moist,Eastern Africa,Rye,4.7,1.175,8.225,
45140,Warm Temperate,Moist,Eastern Africa,Soybeans,4.7,1.175,8.225,
45141,Warm Temperate,Moist,Eastern Africa,Dry Bean,4.7,1.175,8.225,
45142,Warm Temperate,Moist,Eastern Africa,Potatoes,4.7,1.175,8.225,
45143,Warm Temperate,Moist,Eastern Africa,Peanuts,4.7,1.175,8.225,
45144,Warm Temperate,Moist,Eastern Africa,Vegetables,4.7,1.175,8.225,
45145,Warm Temperate,Moist,Eastern Africa,Oilseeds,4.7,1.175,8.225,
45146,Warm Temperate,Moist,Eastern Africa,Groundnuts,4.7,1.175,8.225,
45147,Warm Temperate,Moist,Eastern Africa,Annual Cropland,4.7,1.175,8.225,
45148,Warm Temperate,Moist,Eastern Africa,Set Aside,4.7,1.175,8.225,
45149,Warm Temperate,Moist,Eastern Africa,Flooded Rice,4.7,1.175,8.225,
45150,Warm Temperate,Moist,Eastern Africa,Grassland,6.345,1.58625,11.10375,
45151,Warm Temperate,Moist,Eastern Africa,Other Land (Non-Vegetated),0,#N/A,#N/A,
45152,Warm Temperate,Moist,Eastern Africa,Settlement,0,#N/A,#N/A,
45153,Warm Temperate,Moist,Eastern Africa,Agroforestry - Default,20.6,5.15,36.05,
45154,Warm Temperate,Moist,Eastern Africa,Hedgerow,13.1,9.301,16.899,
45155,Warm Temperate,Moist,Eastern Africa,Silvoarable,13.7,3.425,23.975,
45156,Warm Temperate,Moist,Eastern Africa,Silvopasture,35,8.75,61.25,
45157,Warm Temperate,Moist,Eastern Africa,Other Land,1,#N/A,#N/A,
45158,Warm Temperate,Moist,Eastern Africa,Olive,6.9,1.725,12.075,
45159,Warm Temperate,Moist,Eastern Africa,Orchard,6.4,1.6,11.2,
45160,Warm Temperate,Moist,Eastern Africa,Short Rotation Coppice,6.35,1.5875,11.1125,
45161,Warm Temperate,Moist,Eastern Africa,Tea,18.3,4.575,32.025,
45162,Warm Temperate,Moist,Eastern Africa,Vine,2.8,2.1,3.5,
45163,Warm Temperate,Moist,Central Africa,Grains,4.7,1.175,8.225,
45164,Warm Temperate,Moist,Central Africa,Maize,4.7,1.175,8.225,
45165,Warm Temperate,Moist,Central Africa,Sugarcane,4.7,1.175,8.225,
45166,Warm Temperate,Moist,Central Africa,Wheat,4.7,1.175,8.225,
45167,Warm Temperate,Moist,Central Africa,Beans & Pulses,4.7,1.175,8.225,
45168,Warm Temperate,Moist,Central Africa,Tubers,4.7,1.175,8.225,
45169,Warm Temperate,Moist,Central Africa,Root Crops,4.7,1.175,8.225,
45170,Warm Temperate,Moist,Central Africa,Barley,4.7,1.175,8.225,
45171,Warm Temperate,Moist,Central Africa,Oats,4.7,1.175,8.225,
45172,Warm Temperate,Moist,Central Africa,Millet,4.7,1.175,8.225,
45173,Warm Temperate,Moist,Central Africa,Sorghum,4.7,1.175,8.225,
45174,Warm Temperate,Moist,Central Africa,Rye,4.7,1.175,8.225,
45175,Warm Temperate,Moist,Central Africa,Soybeans,4.7,1.175,8.225,
45176,Warm Temperate,Moist,Central Africa,Dry Bean,4.7,1.175,8.225,
45177,Warm Temperate,Moist,Central Africa,Potatoes,4.7,1.175,8.225,
45178,Warm Temperate,Moist,Central Africa,Peanuts,4.7,1.175,8.225,
45179,Warm Temperate,Moist,Central Africa,Vegetables,4.7,1.175,8.225,
45180,Warm Temperate,Moist,Central Africa,Oilseeds,4.7,1.175,8.225,
45181,Warm Temperate,Moist,Central Africa,Groundnuts,4.7,1.175,8.225,
45182,Warm Temperate,Moist,Central Africa,Annual Cropland,4.7,1.175,8.225,
45183,Warm Temperate,Moist,Central Africa,Set Aside,4.7,1.175,8.225,
45184,Warm Temperate,Moist,Central Africa,Flooded Rice,4.7,1.175,8.225,
45185,Warm Temperate,Moist,Central Africa,Grassland,6.345,1.58625,11.10375,
45186,Warm Temperate,Moist,Central Africa,Other Land (Non-Vegetated),0,#N/A,#N/A,
45187,Warm Temperate,Moist,Central Africa,Settlement,0,#N/A,#N/A,
45188,Warm Temperate,Moist,Central Africa,Agroforestry - Default,20.6,5.15,36.05,
45189,Warm Temperate,Moist,Central Africa,Hedgerow,13.1,9.301,16.899,
45190,Warm Temperate,Moist,Central Africa,Silvoarable,13.7,3.425,23.975,
45191,Warm Temperate,Moist,Central Africa,Silvopasture,35,8.75,61.25,
45192,Warm Temperate,Moist,Central Africa,Other Land,1,#N/A,#N/A,
45193,Warm Temperate,Moist,Central Africa,Olive,6.9,1.725,12.075,
45194,Warm Temperate,Moist,Central Africa,Orchard,6.4,1.6,11.2,
45195,Warm Temperate,Moist,Central Africa,Short Rotation Coppice,6.35,1.5875,11.1125,
45196,Warm Temperate,Moist,Central Africa,Tea,18.3,4.575,32.025,
45197,Warm Temperate,Moist,Central Africa,Vine,2.8,2.1,3.5,
45198,Warm Temperate,Moist,Northern Africa,Grains,4.7,1.175,8.225,
45199,Warm Temperate,Moist,Northern Africa,Maize,4.7,1.175,8.225,
45200,Warm Temperate,Moist,Northern Africa,Sugarcane,4.7,1.175,8.225,
45201,Warm Temperate,Moist,Northern Africa,Wheat,4.7,1.175,8.225,
45202,Warm Temperate,Moist,Northern Africa,Beans & Pulses,4.7,1.175,8.225,
45203,Warm Temperate,Moist,Northern Africa,Tubers,4.7,1.175,8.225,
45204,Warm Temperate,Moist,Northern Africa,Root Crops,4.7,1.175,8.225,
45205,Warm Temperate,Moist,Northern Africa,Barley,4.7,1.175,8.225,
45206,Warm Temperate,Moist,Northern Africa,Oats,4.7,1.175,8.225,
45207,Warm Temperate,Moist,Northern Africa,Millet,4.7,1.175,8.225,
45208,Warm Temperate,Moist,Northern Africa,Sorghum,4.7,1.175,8.225,
45209,Warm Temperate,Moist,Northern Africa,Rye,4.7,1.175,8.225,
45210,Warm Temperate,Moist,Northern Africa,Soybeans,4.7,1.175,8.225,
45211,Warm Temperate,Moist,Northern Africa,Dry Bean,4.7,1.175,8.225,
45212,Warm Temperate,Moist,Northern Africa,Potatoes,4.7,1.175,8.225,
45213,Warm Temperate,Moist,Northern Africa,Peanuts,4.7,1.175,8.225,
45214,Warm Temperate,Moist,Northern Africa,Vegetables,4.7,1.175,8.225,
45215,Warm Temperate,Moist,Northern Africa,Oilseeds,4.7,1.175,8.225,
45216,Warm Temperate,Moist,Northern Africa,Groundnuts,4.7,1.175,8.225,
45217,Warm Temperate,Moist,Northern Africa,Annual Cropland,4.7,1.175,8.225,
45218,Warm Temperate,Moist,Northern Africa,Set Aside,4.7,1.175,8.225,
45219,Warm Temperate,Moist,Northern Africa,Flooded Rice,4.7,1.175,8.225,
45220,Warm Temperate,Moist,Northern Africa,Grassland,6.345,1.58625,11.10375,
45221,Warm Temperate,Moist,Northern Africa,Other Land (Non-Vegetated),0,#N/A,#N/A,
45222,Warm Temperate,Moist,Northern Africa,Settlement,0,#N/A,#N/A,
45223,Warm Temperate,Moist,Northern Africa,Agroforestry - Default,20.6,5.15,36.05,
45224,Warm Temperate,Moist,Northern Africa,Hedgerow,13.1,9.301,16.899,
45225,Warm Temperate,Moist,Northern Africa,Silvoarable,13.7,3.425,23.975,
45226,Warm Temperate,Moist,Northern Africa,Silvopasture,35,8.75,61.25,
45227,Warm Temperate,Moist,Northern Africa,Other Land,1,#N/A,#N/A,
45228,Warm Temperate,Moist,Northern Africa,Olive,6.9,1.725,12.075,
45229,Warm Temperate,Moist,Northern Africa,Orchard,6.4,1.6,11.2,
45230,Warm Temperate,Moist,Northern Africa,Short Rotation Coppice,6.35,1.5875,11.1125,
45231,Warm Temperate,Moist,Northern Africa,Tea,18.3,4.575,32.025,
45232,Warm Temperate,Moist,Northern Africa,Vine,2.8,2.1,3.5,
45233,Warm Temperate,Moist,Southern Africa,Grains,4.7,1.175,8.225,
45234,Warm Temperate,Moist,Southern Africa,Maize,4.7,1.175,8.225,
45235,Warm Temperate,Moist,Southern Africa,Sugarcane,4.7,1.175,8.225,
45236,Warm Temperate,Moist,Southern Africa,Wheat,4.7,1.175,8.225,
45237,Warm Temperate,Moist,Southern Africa,Beans & Pulses,4.7,1.175,8.225,
45238,Warm Temperate,Moist,Southern Africa,Tubers,4.7,1.175,8.225,
45239,Warm Temperate,Moist,Southern Africa,Root Crops,4.7,1.175,8.225,
45240,Warm Temperate,Moist,Southern Africa,Barley,4.7,1.175,8.225,
45241,Warm Temperate,Moist,Southern Africa,Oats,4.7,1.175,8.225,
45242,Warm Temperate,Moist,Southern Africa,Millet,4.7,1.175,8.225,
45243,Warm Temperate,Moist,Southern Africa,Sorghum,4.7,1.175,8.225,
45244,Warm Temperate,Moist,Southern Africa,Rye,4.7,1.175,8.225,
45245,Warm Temperate,Moist,Southern Africa,Soybeans,4.7,1.175,8.225,
45246,Warm Temperate,Moist,Southern Africa,Dry Bean,4.7,1.175,8.225,
45247,Warm Temperate,Moist,Southern Africa,Potatoes,4.7,1.175,8.225,
45248,Warm Temperate,Moist,Southern Africa,Peanuts,4.7,1.175,8.225,
45249,Warm Temperate,Moist,Southern Africa,Vegetables,4.7,1.175,8.225,
45250,Warm Temperate,Moist,Southern Africa,Oilseeds,4.7,1.175,8.225,
45251,Warm Temperate,Moist,Southern Africa,Groundnuts,4.7,1.175,8.225,
45252,Warm Temperate,Moist,Southern Africa,Annual Cropland,4.7,1.175,8.225,
45253,Warm Temperate,Moist,Southern Africa,Set Aside,4.7,1.175,8.225,
45254,Warm Temperate,Moist,Southern Africa,Flooded Rice,4.7,1.175,8.225,
45255,Warm Temperate,Moist,Southern Africa,Grassland,6.345,1.58625,11.10375,
45256,Warm Temperate,Moist,Southern Africa,Other Land (Non-Vegetated),0,#N/A,#N/A,
45257,Warm Temperate,Moist,Southern Africa,Settlement,0,#N/A,#N/A,
45258,Warm Temperate,Moist,Southern Africa,Agroforestry - Default,20.6,5.15,36.05,
45259,Warm Temperate,Moist,Southern Africa,Hedgerow,13.1,9.301,16.899,
45260,Warm Temperate,Moist,Southern Africa,Silvoarable,13.7,3.425,23.975,
45261,Warm Temperate,Moist,Southern Africa,Silvopasture,35,8.75,61.25,
45262,Warm Temperate,Moist,Southern Africa,Other Land,1,#N/A,#N/A,
45263,Warm Temperate,Moist,Southern Africa,Olive,6.9,1.725,12.075,
45264,Warm Temperate,Moist,Southern Africa,Orchard,6.4,1.6,11.2,
45265,Warm Temperate,Moist,Southern Africa,Short Rotation Coppice,6.35,1.5875,11.1125,
45266,Warm Temperate,Moist,Southern Africa,Tea,18.3,4.575,32.025,
45267,Warm Temperate,Moist,Southern Africa,Vine,2.8,2.1,3.5,
45268,Warm Temperate,Moist,Western Africa,Grains,4.7,1.175,8.225,
45269,Warm Temperate,Moist,Western Africa,Maize,4.7,1.175,8.225,
45270,Warm Temperate,Moist,Western Africa,Sugarcane,4.7,1.175,8.225,
45271,Warm Temperate,Moist,Western Africa,Wheat,4.7,1.175,8.225,
45272,Warm Temperate,Moist,Western Africa,Beans & Pulses,4.7,1.175,8.225,
45273,Warm Temperate,Moist,Western Africa,Tubers,4.7,1.175,8.225,
45274,Warm Temperate,Moist,Western Africa,Root Crops,4.7,1.175,8.225,
45275,Warm Temperate,Moist,Western Africa,Barley,4.7,1.175,8.225,
45276,Warm Temperate,Moist,Western Africa,Oats,4.7,1.175,8.225,
45277,Warm Temperate,Moist,Western Africa,Millet,4.7,1.175,8.225,
45278,Warm Temperate,Moist,Western Africa,Sorghum,4.7,1.175,8.225,
45279,Warm Temperate,Moist,Western Africa,Rye,4.7,1.175,8.225,
45280,Warm Temperate,Moist,Western Africa,Soybeans,4.7,1.175,8.225,
45281,Warm Temperate,Moist,Western Africa,Dry Bean,4.7,1.175,8.225,
45282,Warm Temperate,Moist,Western Africa,Potatoes,4.7,1.175,8.225,
45283,Warm Temperate,Moist,Western Africa,Peanuts,4.7,1.175,8.225,
45284,Warm Temperate,Moist,Western Africa,Vegetables,4.7,1.175,8.225,
45285,Warm Temperate,Moist,Western Africa,Oilseeds,4.7,1.175,8.225,
45286,Warm Temperate,Moist,Western Africa,Groundnuts,4.7,1.175,8.225,
45287,Warm Temperate,Moist,Western Africa,Annual Cropland,4.7,1.175,8.225,
45288,Warm Temperate,Moist,Western Africa,Set Aside,4.7,1.175,8.225,
45289,Warm Temperate,Moist,Western Africa,Flooded Rice,4.7,1.175,8.225,
45290,Warm Temperate,Moist,Western Africa,Grassland,6.345,1.58625,11.10375,
45291,Warm Temperate,Moist,Western Africa,Other Land (Non-Vegetated),0,#N/A,#N/A,
45292,Warm Temperate,Moist,Western Africa,Settlement,0,#N/A,#N/A,
45293,Warm Temperate,Moist,Western Africa,Agroforestry - Default,20.6,5.15,36.05,
45294,Warm Temperate,Moist,Western Africa,Hedgerow,13.1,9.301,16.899,
45295,Warm Temperate,Moist,Western Africa,Silvoarable,13.7,3.425,23.975,
45296,Warm Temperate,Moist,Western Africa,Silvopasture,35,8.75,61.25,
45297,Warm Temperate,Moist,Western Africa,Other Land,1,#N/A,#N/A,
45298,Warm Temperate,Moist,Western Africa,Olive,6.9,1.725,12.075,
45299,Warm Temperate,Moist,Western Africa,Orchard,6.4,1.6,11.2,
45300,Warm Temperate,Moist,Western Africa,Short Rotation Coppice,6.35,1.5875,11.1125,
45301,Warm Temperate,Moist,Western Africa,Tea,18.3,4.575,32.025,
45302,Warm Temperate,Moist,Western Africa,Vine,2.8,2.1,3.5,
45303,Warm Temperate,Moist,Central Asia,Grains,4.7,1.175,8.225,
45304,Warm Temperate,Moist,Central Asia,Maize,4.7,1.175,8.225,
45305,Warm Temperate,Moist,Central Asia,Sugarcane,4.7,1.175,8.225,
45306,Warm Temperate,Moist,Central Asia,Wheat,4.7,1.175,8.225,
45307,Warm Temperate,Moist,Central Asia,Beans & Pulses,4.7,1.175,8.225,
45308,Warm Temperate,Moist,Central Asia,Tubers,4.7,1.175,8.225,
45309,Warm Temperate,Moist,Central Asia,Root Crops,4.7,1.175,8.225,
45310,Warm Temperate,Moist,Central Asia,Barley,4.7,1.175,8.225,
45311,Warm Temperate,Moist,Central Asia,Oats,4.7,1.175,8.225,
45312,Warm Temperate,Moist,Central Asia,Millet,4.7,1.175,8.225,
45313,Warm Temperate,Moist,Central Asia,Sorghum,4.7,1.175,8.225,
45314,Warm Temperate,Moist,Central Asia,Rye,4.7,1.175,8.225,
45315,Warm Temperate,Moist,Central Asia,Soybeans,4.7,1.175,8.225,
45316,Warm Temperate,Moist,Central Asia,Dry Bean,4.7,1.175,8.225,
45317,Warm Temperate,Moist,Central Asia,Potatoes,4.7,1.175,8.225,
45318,Warm Temperate,Moist,Central Asia,Peanuts,4.7,1.175,8.225,
45319,Warm Temperate,Moist,Central Asia,Vegetables,4.7,1.175,8.225,
45320,Warm Temperate,Moist,Central Asia,Oilseeds,4.7,1.175,8.225,
45321,Warm Temperate,Moist,Central Asia,Groundnuts,4.7,1.175,8.225,
45322,Warm Temperate,Moist,Central Asia,Annual Cropland,4.7,1.175,8.225,
45323,Warm Temperate,Moist,Central Asia,Set Aside,4.7,1.175,8.225,
45324,Warm Temperate,Moist,Central Asia,Flooded Rice,4.7,1.175,8.225,
45325,Warm Temperate,Moist,Central Asia,Grassland,6.345,1.58625,11.10375,
45326,Warm Temperate,Moist,Central Asia,Other Land (Non-Vegetated),0,#N/A,#N/A,
45327,Warm Temperate,Moist,Central Asia,Settlement,0,#N/A,#N/A,
45328,Warm Temperate,Moist,Central Asia,Agroforestry - Default,20.6,5.15,36.05,
45329,Warm Temperate,Moist,Central Asia,Hedgerow,13.1,9.301,16.899,
45330,Warm Temperate,Moist,Central Asia,Silvoarable,13.7,3.425,23.975,
45331,Warm Temperate,Moist,Central Asia,Silvopasture,35,8.75,61.25,
45332,Warm Temperate,Moist,Central Asia,Other Land,1,#N/A,#N/A,
45333,Warm Temperate,Moist,Central Asia,Olive,6.9,1.725,12.075,
45334,Warm Temperate,Moist,Central Asia,Orchard,6.4,1.6,11.2,
45335,Warm Temperate,Moist,Central Asia,Short Rotation Coppice,6.35,1.5875,11.1125,
45336,Warm Temperate,Moist,Central Asia,Tea,18.3,4.575,32.025,
45337,Warm Temperate,Moist,Central Asia,Vine,2.8,2.1,3.5,
45338,Warm Temperate,Moist,Eastern Asia,Grains,4.7,1.175,8.225,
45339,Warm Temperate,Moist,Eastern Asia,Maize,4.7,1.175,8.225,
45340,Warm Temperate,Moist,Eastern Asia,Sugarcane,4.7,1.175,8.225,
45341,Warm Temperate,Moist,Eastern Asia,Wheat,4.7,1.175,8.225,
45342,Warm Temperate,Moist,Eastern Asia,Beans & Pulses,4.7,1.175,8.225,
45343,Warm Temperate,Moist,Eastern Asia,Tubers,4.7,1.175,8.225,
45344,Warm Temperate,Moist,Eastern Asia,Root Crops,4.7,1.175,8.225,
45345,Warm Temperate,Moist,Eastern Asia,Barley,4.7,1.175,8.225,
45346,Warm Temperate,Moist,Eastern Asia,Oats,4.7,1.175,8.225,
45347,Warm Temperate,Moist,Eastern Asia,Millet,4.7,1.175,8.225,
45348,Warm Temperate,Moist,Eastern Asia,Sorghum,4.7,1.175,8.225,
45349,Warm Temperate,Moist,Eastern Asia,Rye,4.7,1.175,8.225,
45350,Warm Temperate,Moist,Eastern Asia,Soybeans,4.7,1.175,8.225,
45351,Warm Temperate,Moist,Eastern Asia,Dry Bean,4.7,1.175,8.225,
45352,Warm Temperate,Moist,Eastern Asia,Potatoes,4.7,1.175,8.225,
45353,Warm Temperate,Moist,Eastern Asia,Peanuts,4.7,1.175,8.225,
45354,Warm Temperate,Moist,Eastern Asia,Vegetables,4.7,1.175,8.225,
45355,Warm Temperate,Moist,Eastern Asia,Oilseeds,4.7,1.175,8.225,
45356,Warm Temperate,Moist,Eastern Asia,Groundnuts,4.7,1.175,8.225,
45357,Warm Temperate,Moist,Eastern Asia,Annual Cropland,4.7,1.175,8.225,
45358,Warm Temperate,Moist,Eastern Asia,Set Aside,4.7,1.175,8.225,
45359,Warm Temperate,Moist,Eastern Asia,Flooded Rice,4.7,1.175,8.225,
45360,Warm Temperate,Moist,Eastern Asia,Grassland,6.345,1.58625,11.10375,
45361,Warm Temperate,Moist,Eastern Asia,Other Land (Non-Vegetated),0,#N/A,#N/A,
45362,Warm Temperate,Moist,Eastern Asia,Settlement,0,#N/A,#N/A,
45363,Warm Temperate,Moist,Eastern Asia,Agroforestry - Default,20.6,5.15,36.05,
45364,Warm Temperate,Moist,Eastern Asia,Hedgerow,13.1,9.301,16.899,
45365,Warm Temperate,Moist,Eastern Asia,Silvoarable,13.7,3.425,23.975,
45366,Warm Temperate,Moist,Eastern Asia,Silvopasture,35,8.75,61.25,
45367,Warm Temperate,Moist,Eastern Asia,Other Land,1,#N/A,#N/A,
45368,Warm Temperate,Moist,Eastern Asia,Olive,6.9,1.725,12.075,
45369,Warm Temperate,Moist,Eastern Asia,Orchard,6.4,1.6,11.2,
45370,Warm Temperate,Moist,Eastern Asia,Short Rotation Coppice,6.35,1.5875,11.1125,
45371,Warm Temperate,Moist,Eastern Asia,Tea,18.3,4.575,32.025,
45372,Warm Temperate,Moist,Eastern Asia,Vine,2.8,2.1,3.5,
45373,Warm Temperate,Moist,South-Eastern Asia,Grains,4.7,1.175,8.225,
45374,Warm Temperate,Moist,South-Eastern Asia,Maize,4.7,1.175,8.225,
45375,Warm Temperate,Moist,South-Eastern Asia,Sugarcane,4.7,1.175,8.225,
45376,Warm Temperate,Moist,South-Eastern Asia,Wheat,4.7,1.175,8.225,
45377,Warm Temperate,Moist,South-Eastern Asia,Beans & Pulses,4.7,1.175,8.225,
45378,Warm Temperate,Moist,South-Eastern Asia,Tubers,4.7,1.175,8.225,
45379,Warm Temperate,Moist,South-Eastern Asia,Root Crops,4.7,1.175,8.225,
45380,Warm Temperate,Moist,South-Eastern Asia,Barley,4.7,1.175,8.225,
45381,Warm Temperate,Moist,South-Eastern Asia,Oats,4.7,1.175,8.225,
45382,Warm Temperate,Moist,South-Eastern Asia,Millet,4.7,1.175,8.225,
45383,Warm Temperate,Moist,South-Eastern Asia,Sorghum,4.7,1.175,8.225,
45384,Warm Temperate,Moist,South-Eastern Asia,Rye,4.7,1.175,8.225,
45385,Warm Temperate,Moist,South-Eastern Asia,Soybeans,4.7,1.175,8.225,
45386,Warm Temperate,Moist,South-Eastern Asia,Dry Bean,4.7,1.175,8.225,
45387,Warm Temperate,Moist,South-Eastern Asia,Potatoes,4.7,1.175,8.225,
45388,Warm Temperate,Moist,South-Eastern Asia,Peanuts,4.7,1.175,8.225,
45389,Warm Temperate,Moist,South-Eastern Asia,Vegetables,4.7,1.175,8.225,
45390,Warm Temperate,Moist,South-Eastern Asia,Oilseeds,4.7,1.175,8.225,
45391,Warm Temperate,Moist,South-Eastern Asia,Groundnuts,4.7,1.175,8.225,
45392,Warm Temperate,Moist,South-Eastern Asia,Annual Cropland,4.7,1.175,8.225,
45393,Warm Temperate,Moist,South-Eastern Asia,Set Aside,4.7,1.175,8.225,
45394,Warm Temperate,Moist,South-Eastern Asia,Flooded Rice,4.7,1.175,8.225,
45395,Warm Temperate,Moist,South-Eastern Asia,Grassland,6.345,1.58625,11.10375,
45396,Warm Temperate,Moist,South-Eastern Asia,Other Land (Non-Vegetated),0,#N/A,#N/A,
45397,Warm Temperate,Moist,South-Eastern Asia,Settlement,0,#N/A,#N/A,
45398,Warm Temperate,Moist,South-Eastern Asia,Agroforestry - Default,20.6,5.15,36.05,
45399,Warm Temperate,Moist,South-Eastern Asia,Hedgerow,13.1,9.301,16.899,
45400,Warm Temperate,Moist,South-Eastern Asia,Silvoarable,13.7,3.425,23.975,
45401,Warm Temperate,Moist,South-Eastern Asia,Silvopasture,35,8.75,61.25,
45402,Warm Temperate,Moist,South-Eastern Asia,Other Land,1,#N/A,#N/A,
45403,Warm Temperate,Moist,South-Eastern Asia,Olive,6.9,1.725,12.075,
45404,Warm Temperate,Moist,South-Eastern Asia,Orchard,6.4,1.6,11.2,
45405,Warm Temperate,Moist,South-Eastern Asia,Short Rotation Coppice,6.35,1.5875,11.1125,
45406,Warm Temperate,Moist,South-Eastern Asia,Tea,18.3,4.575,32.025,
45407,Warm Temperate,Moist,South-Eastern Asia,Vine,2.8,2.1,3.5,
45408,Warm Temperate,Moist,Southern Asia,Grains,4.7,1.175,8.225,
45409,Warm Temperate,Moist,Southern Asia,Maize,4.7,1.175,8.225,
45410,Warm Temperate,Moist,Southern Asia,Sugarcane,4.7,1.175,8.225,
45411,Warm Temperate,Moist,Southern Asia,Wheat,4.7,1.175,8.225,
45412,Warm Temperate,Moist,Southern Asia,Beans & Pulses,4.7,1.175,8.225,
45413,Warm Temperate,Moist,Southern Asia,Tubers,4.7,1.175,8.225,
45414,Warm Temperate,Moist,Southern Asia,Root Crops,4.7,1.175,8.225,
45415,Warm Temperate,Moist,Southern Asia,Barley,4.7,1.175,8.225,
45416,Warm Temperate,Moist,Southern Asia,Oats,4.7,1.175,8.225,
45417,Warm Temperate,Moist,Southern Asia,Millet,4.7,1.175,8.225,
45418,Warm Temperate,Moist,Southern Asia,Sorghum,4.7,1.175,8.225,
45419,Warm Temperate,Moist,Southern Asia,Rye,4.7,1.175,8.225,
45420,Warm Temperate,Moist,Southern Asia,Soybeans,4.7,1.175,8.225,
45421,Warm Temperate,Moist,Southern Asia,Dry Bean,4.7,1.175,8.225,
45422,Warm Temperate,Moist,Southern Asia,Potatoes,4.7,1.175,8.225,
45423,Warm Temperate,Moist,Southern Asia,Peanuts,4.7,1.175,8.225,
45424,Warm Temperate,Moist,Southern Asia,Vegetables,4.7,1.175,8.225,
45425,Warm Temperate,Moist,Southern Asia,Oilseeds,4.7,1.175,8.225,
45426,Warm Temperate,Moist,Southern Asia,Groundnuts,4.7,1.175,8.225,
45427,Warm Temperate,Moist,Southern Asia,Annual Cropland,4.7,1.175,8.225,
45428,Warm Temperate,Moist,Southern Asia,Set Aside,4.7,1.175,8.225,
45429,Warm Temperate,Moist,Southern Asia,Flooded Rice,4.7,1.175,8.225,
45430,Warm Temperate,Moist,Southern Asia,Grassland,6.345,1.58625,11.10375,
45431,Warm Temperate,Moist,Southern Asia,Other Land (Non-Vegetated),0,#N/A,#N/A,
45432,Warm Temperate,Moist,Southern Asia,Settlement,0,#N/A,#N/A,
45433,Warm Temperate,Moist,Southern Asia,Agroforestry - Default,20.6,5.15,36.05,
45434,Warm Temperate,Moist,Southern Asia,Hedgerow,13.1,9.301,16.899,
45435,Warm Temperate,Moist,Southern Asia,Silvoarable,13.7,3.425,23.975,
45436,Warm Temperate,Moist,Southern Asia,Silvopasture,35,8.75,61.25,
45437,Warm Temperate,Moist,Southern Asia,Other Land,1,#N/A,#N/A,
45438,Warm Temperate,Moist,Southern Asia,Olive,6.9,1.725,12.075,
45439,Warm Temperate,Moist,Southern Asia,Orchard,6.4,1.6,11.2,
45440,Warm Temperate,Moist,Southern Asia,Short Rotation Coppice,6.35,1.5875,11.1125,
45441,Warm Temperate,Moist,Southern Asia,Tea,18.3,4.575,32.025,
45442,Warm Temperate,Moist,Southern Asia,Vine,2.8,2.1,3.5,
45443,Warm Temperate,Moist,Western Asia,Grains,4.7,1.175,8.225,
45444,Warm Temperate,Moist,Western Asia,Maize,4.7,1.175,8.225,
45445,Warm Temperate,Moist,Western Asia,Sugarcane,4.7,1.175,8.225,
45446,Warm Temperate,Moist,Western Asia,Wheat,4.7,1.175,8.225,
45447,Warm Temperate,Moist,Western Asia,Beans & Pulses,4.7,1.175,8.225,
45448,Warm Temperate,Moist,Western Asia,Tubers,4.7,1.175,8.225,
45449,Warm Temperate,Moist,Western Asia,Root Crops,4.7,1.175,8.225,
45450,Warm Temperate,Moist,Western Asia,Barley,4.7,1.175,8.225,
45451,Warm Temperate,Moist,Western Asia,Oats,4.7,1.175,8.225,
45452,Warm Temperate,Moist,Western Asia,Millet,4.7,1.175,8.225,
45453,Warm Temperate,Moist,Western Asia,Sorghum,4.7,1.175,8.225,
45454,Warm Temperate,Moist,Western Asia,Rye,4.7,1.175,8.225,
45455,Warm Temperate,Moist,Western Asia,Soybeans,4.7,1.175,8.225,
45456,Warm Temperate,Moist,Western Asia,Dry Bean,4.7,1.175,8.225,
45457,Warm Temperate,Moist,Western Asia,Potatoes,4.7,1.175,8.225,
45458,Warm Temperate,Moist,Western Asia,Peanuts,4.7,1.175,8.225,
45459,Warm Temperate,Moist,Western Asia,Vegetables,4.7,1.175,8.225,
45460,Warm Temperate,Moist,Western Asia,Oilseeds,4.7,1.175,8.225,
45461,Warm Temperate,Moist,Western Asia,Groundnuts,4.7,1.175,8.225,
45462,Warm Temperate,Moist,Western Asia,Annual Cropland,4.7,1.175,8.225,
45463,Warm Temperate,Moist,Western Asia,Set Aside,4.7,1.175,8.225,
45464,Warm Temperate,Moist,Western Asia,Flooded Rice,4.7,1.175,8.225,
45465,Warm Temperate,Moist,Western Asia,Grassland,6.345,1.58625,11.10375,
45466,Warm Temperate,Moist,Western Asia,Other Land (Non-Vegetated),0,#N/A,#N/A,
45467,Warm Temperate,Moist,Western Asia,Settlement,0,#N/A,#N/A,
45468,Warm Temperate,Moist,Western Asia,Agroforestry - Default,20.6,5.15,36.05,
45469,Warm Temperate,Moist,Western Asia,Hedgerow,13.1,9.301,16.899,
45470,Warm Temperate,Moist,Western Asia,Silvoarable,13.7,3.425,23.975,
45471,Warm Temperate,Moist,Western Asia,Silvopasture,35,8.75,61.25,
45472,Warm Temperate,Moist,Western Asia,Other Land,1,#N/A,#N/A,
45473,Warm Temperate,Moist,Western Asia,Olive,6.9,1.725,12.075,
45474,Warm Temperate,Moist,Western Asia,Orchard,6.4,1.6,11.2,
45475,Warm Temperate,Moist,Western Asia,Short Rotation Coppice,6.35,1.5875,11.1125,
45476,Warm Temperate,Moist,Western Asia,Tea,18.3,4.575,32.025,
45477,Warm Temperate,Moist,Western Asia,Vine,2.8,2.1,3.5,
45478,Warm Temperate,Moist,Europe,Grains,4.7,1.175,8.225,
45479,Warm Temperate,Moist,Europe,Maize,4.7,1.175,8.225,
45480,Warm Temperate,Moist,Europe,Sugarcane,4.7,1.175,8.225,
45481,Warm Temperate,Moist,Europe,Wheat,4.7,1.175,8.225,
45482,Warm Temperate,Moist,Europe,Beans & Pulses,4.7,1.175,8.225,
45483,Warm Temperate,Moist,Europe,Tubers,4.7,1.175,8.225,
45484,Warm Temperate,Moist,Europe,Root Crops,4.7,1.175,8.225,
45485,Warm Temperate,Moist,Europe,Barley,4.7,1.175,8.225,
45486,Warm Temperate,Moist,Europe,Oats,4.7,1.175,8.225,
45487,Warm Temperate,Moist,Europe,Millet,4.7,1.175,8.225,
45488,Warm Temperate,Moist,Europe,Sorghum,4.7,1.175,8.225,
45489,Warm Temperate,Moist,Europe,Rye,4.7,1.175,8.225,
45490,Warm Temperate,Moist,Europe,Soybeans,4.7,1.175,8.225,
45491,Warm Temperate,Moist,Europe,Dry Bean,4.7,1.175,8.225,
45492,Warm Temperate,Moist,Europe,Potatoes,4.7,1.175,8.225,
45493,Warm Temperate,Moist,Europe,Peanuts,4.7,1.175,8.225,
45494,Warm Temperate,Moist,Europe,Vegetables,4.7,1.175,8.225,
45495,Warm Temperate,Moist,Europe,Oilseeds,4.7,1.175,8.225,
45496,Warm Temperate,Moist,Europe,Groundnuts,4.7,1.175,8.225,
45497,Warm Temperate,Moist,Europe,Annual Cropland,4.7,1.175,8.225,
45498,Warm Temperate,Moist,Europe,Set Aside,4.7,1.175,8.225,
45499,Warm Temperate,Moist,Europe,Flooded Rice,4.7,1.175,8.225,
45500,Warm Temperate,Moist,Europe,Grassland,6.345,1.58625,11.10375,
45501,Warm Temperate,Moist,Europe,Other Land (Non-Vegetated),0,#N/A,#N/A,
45502,Warm Temperate,Moist,Europe,Settlement,0,#N/A,#N/A,
45503,Warm Temperate,Moist,Europe,Agroforestry - Default,20.6,5.15,36.05,
45504,Warm Temperate,Moist,Europe,Hedgerow,13.1,9.301,16.899,
45505,Warm Temperate,Moist,Europe,Silvoarable,13.7,3.425,23.975,
45506,Warm Temperate,Moist,Europe,Silvopasture,35,8.75,61.25,
45507,Warm Temperate,Moist,Europe,Other Land,1,#N/A,#N/A,
45508,Warm Temperate,Moist,Europe,Olive,6.9,1.725,12.075,
45509,Warm Temperate,Moist,Europe,Orchard,6.4,1.6,11.2,
45510,Warm Temperate,Moist,Europe,Short Rotation Coppice,6.35,1.5875,11.1125,
45511,Warm Temperate,Moist,Europe,Tea,18.3,4.575,32.025,
45512,Warm Temperate,Moist,Europe,Vine,2.8,2.1,3.5,
45513,Warm Temperate,Moist,Oceania,Grains,4.7,1.175,8.225,
45514,Warm Temperate,Moist,Oceania,Maize,4.7,1.175,8.225,
45515,Warm Temperate,Moist,Oceania,Sugarcane,4.7,1.175,8.225,
45516,Warm Temperate,Moist,Oceania,Wheat,4.7,1.175,8.225,
45517,Warm Temperate,Moist,Oceania,Beans & Pulses,4.7,1.175,8.225,
45518,Warm Temperate,Moist,Oceania,Tubers,4.7,1.175,8.225,
45519,Warm Temperate,Moist,Oceania,Root Crops,4.7,1.175,8.225,
45520,Warm Temperate,Moist,Oceania,Barley,4.7,1.175,8.225,
45521,Warm Temperate,Moist,Oceania,Oats,4.7,1.175,8.225,
45522,Warm Temperate,Moist,Oceania,Millet,4.7,1.175,8.225,
45523,Warm Temperate,Moist,Oceania,Sorghum,4.7,1.175,8.225,
45524,Warm Temperate,Moist,Oceania,Rye,4.7,1.175,8.225,
45525,Warm Temperate,Moist,Oceania,Soybeans,4.7,1.175,8.225,
45526,Warm Temperate,Moist,Oceania,Dry Bean,4.7,1.175,8.225,
45527,Warm Temperate,Moist,Oceania,Potatoes,4.7,1.175,8.225,
45528,Warm Temperate,Moist,Oceania,Peanuts,4.7,1.175,8.225,
45529,Warm Temperate,Moist,Oceania,Vegetables,4.7,1.175,8.225,
45530,Warm Temperate,Moist,Oceania,Oilseeds,4.7,1.175,8.225,
45531,Warm Temperate,Moist,Oceania,Groundnuts,4.7,1.175,8.225,
45532,Warm Temperate,Moist,Oceania,Annual Cropland,4.7,1.175,8.225,
45533,Warm Temperate,Moist,Oceania,Set Aside,4.7,1.175,8.225,
45534,Warm Temperate,Moist,Oceania,Flooded Rice,4.7,1.175,8.225,
45535,Warm Temperate,Moist,Oceania,Grassland,6.345,1.58625,11.10375,
45536,Warm Temperate,Moist,Oceania,Other Land (Non-Vegetated),0,#N/A,#N/A,
45537,Warm Temperate,Moist,Oceania,Settlement,0,#N/A,#N/A,
45538,Warm Temperate,Moist,Oceania,Agroforestry - Default,20.6,5.15,36.05,
45539,Warm Temperate,Moist,Oceania,Hedgerow,13.1,9.301,16.899,
45540,Warm Temperate,Moist,Oceania,Silvoarable,13.7,3.425,23.975,
45541,Warm Temperate,Moist,Oceania,Silvopasture,35,8.75,61.25,
45542,Warm Temperate,Moist,Oceania,Other Land,1,#N/A,#N/A,
45543,Warm Temperate,Moist,Oceania,Olive,6.9,1.725,12.075,
45544,Warm Temperate,Moist,Oceania,Orchard,6.4,1.6,11.2,
45545,Warm Temperate,Moist,Oceania,Short Rotation Coppice,6.35,1.5875,11.1125,
45546,Warm Temperate,Moist,Oceania,Tea,18.3,4.575,32.025,
45547,Warm Temperate,Moist,Oceania,Vine,2.8,2.1,3.5,
45548,Warm Temperate,Moist,North America,Grains,4.7,1.175,8.225,
45549,Warm Temperate,Moist,North America,Maize,4.7,1.175,8.225,
45550,Warm Temperate,Moist,North America,Sugarcane,4.7,1.175,8.225,
45551,Warm Temperate,Moist,North America,Wheat,4.7,1.175,8.225,
45552,Warm Temperate,Moist,North America,Beans & Pulses,4.7,1.175,8.225,
45553,Warm Temperate,Moist,North America,Tubers,4.7,1.175,8.225,
45554,Warm Temperate,Moist,North America,Root Crops,4.7,1.175,8.225,
45555,Warm Temperate,Moist,North America,Barley,4.7,1.175,8.225,
45556,Warm Temperate,Moist,North America,Oats,4.7,1.175,8.225,
45557,Warm Temperate,Moist,North America,Millet,4.7,1.175,8.225,
45558,Warm Temperate,Moist,North America,Sorghum,4.7,1.175,8.225,
45559,Warm Temperate,Moist,North America,Rye,4.7,1.175,8.225,
45560,Warm Temperate,Moist,North America,Soybeans,4.7,1.175,8.225,
45561,Warm Temperate,Moist,North America,Dry Bean,4.7,1.175,8.225,
45562,Warm Temperate,Moist,North America,Potatoes,4.7,1.175,8.225,
45563,Warm Temperate,Moist,North America,Peanuts,4.7,1.175,8.225,
45564,Warm Temperate,Moist,North America,Vegetables,4.7,1.175,8.225,
45565,Warm Temperate,Moist,North America,Oilseeds,4.7,1.175,8.225,
45566,Warm Temperate,Moist,North America,Groundnuts,4.7,1.175,8.225,
45567,Warm Temperate,Moist,North America,Annual Cropland,4.7,1.175,8.225,
45568,Warm Temperate,Moist,North America,Set Aside,4.7,1.175,8.225,
45569,Warm Temperate,Moist,North America,Flooded Rice,4.7,1.175,8.225,
45570,Warm Temperate,Moist,North America,Grassland,6.345,1.58625,11.10375,
45571,Warm Temperate,Moist,North America,Other Land (Non-Vegetated),0,#N/A,#N/A,
45572,Warm Temperate,Moist,North America,Settlement,0,#N/A,#N/A,
45573,Warm Temperate,Moist,North America,Agroforestry - Default,20.6,5.15,36.05,
45574,Warm Temperate,Moist,North America,Hedgerow,13.1,9.301,16.899,
45575,Warm Temperate,Moist,North America,Silvoarable,13.7,3.425,23.975,
45576,Warm Temperate,Moist,North America,Silvopasture,35,8.75,61.25,
45577,Warm Temperate,Moist,North America,Other Land,1,#N/A,#N/A,
45578,Warm Temperate,Moist,North America,Olive,6.9,1.725,12.075,
45579,Warm Temperate,Moist,North America,Orchard,6.4,1.6,11.2,
45580,Warm Temperate,Moist,North America,Short Rotation Coppice,6.35,1.5875,11.1125,
45581,Warm Temperate,Moist,North America,Tea,18.3,4.575,32.025,
45582,Warm Temperate,Moist,North America,Vine,2.8,2.1,3.5,
45583,Warm Temperate,Moist,South America,Grains,4.7,1.175,8.225,
45584,Warm Temperate,Moist,South America,Maize,4.7,1.175,8.225,
45585,Warm Temperate,Moist,South America,Sugarcane,4.7,1.175,8.225,
45586,Warm Temperate,Moist,South America,Wheat,4.7,1.175,8.225,
45587,Warm Temperate,Moist,South America,Beans & Pulses,4.7,1.175,8.225,
45588,Warm Temperate,Moist,South America,Tubers,4.7,1.175,8.225,
45589,Warm Temperate,Moist,South America,Root Crops,4.7,1.175,8.225,
45590,Warm Temperate,Moist,South America,Barley,4.7,1.175,8.225,
45591,Warm Temperate,Moist,South America,Oats,4.7,1.175,8.225,
45592,Warm Temperate,Moist,South America,Millet,4.7,1.175,8.225,
45593,Warm Temperate,Moist,South America,Sorghum,4.7,1.175,8.225,
45594,Warm Temperate,Moist,South America,Rye,4.7,1.175,8.225,
45595,Warm Temperate,Moist,South America,Soybeans,4.7,1.175,8.225,
45596,Warm Temperate,Moist,South America,Dry Bean,4.7,1.175,8.225,
45597,Warm Temperate,Moist,South America,Potatoes,4.7,1.175,8.225,
45598,Warm Temperate,Moist,South America,Peanuts,4.7,1.175,8.225,
45599,Warm Temperate,Moist,South America,Vegetables,4.7,1.175,8.225,
45600,Warm Temperate,Moist,South America,Oilseeds,4.7,1.175,8.225,
45601,Warm Temperate,Moist,South America,Groundnuts,4.7,1.175,8.225,
45602,Warm Temperate,Moist,South America,Annual Cropland,4.7,1.175,8.225,
45603,Warm Temperate,Moist,South America,Set Aside,4.7,1.175,8.225,
45604,Warm Temperate,Moist,South America,Flooded Rice,4.7,1.175,8.225,
45605,Warm Temperate,Moist,South America,Grassland,6.345,1.58625,11.10375,
45606,Warm Temperate,Moist,South America,Other Land (Non-Vegetated),0,#N/A,#N/A,
45607,Warm Temperate,Moist,South America,Settlement,0,#N/A,#N/A,
45608,Warm Temperate,Moist,South America,Agroforestry - Default,20.6,5.15,36.05,
45609,Warm Temperate,Moist,South America,Hedgerow,13.1,9.301,16.899,
45610,Warm Temperate,Moist,South America,Silvoarable,13.7,3.425,23.975,
45611,Warm Temperate,Moist,South America,Silvopasture,35,8.75,61.25,
45612,Warm Temperate,Moist,South America,Other Land,1,#N/A,#N/A,
45613,Warm Temperate,Moist,South America,Olive,6.9,1.725,12.075,
45614,Warm Temperate,Moist,South America,Orchard,6.4,1.6,11.2,
45615,Warm Temperate,Moist,South America,Short Rotation Coppice,6.35,1.5875,11.1125,
45616,Warm Temperate,Moist,South America,Tea,18.3,4.575,32.025,
45617,Warm Temperate,Moist,South America,Vine,2.8,2.1,3.5,
45618,Warm Temperate,Moist,Central America,Grains,4.7,1.175,8.225,
45619,Warm Temperate,Moist,Central America,Maize,4.7,1.175,8.225,
45620,Warm Temperate,Moist,Central America,Sugarcane,4.7,1.175,8.225,
45621,Warm Temperate,Moist,Central America,Wheat,4.7,1.175,8.225,
45622,Warm Temperate,Moist,Central America,Beans & Pulses,4.7,1.175,8.225,
45623,Warm Temperate,Moist,Central America,Tubers,4.7,1.175,8.225,
45624,Warm Temperate,Moist,Central America,Root Crops,4.7,1.175,8.225,
45625,Warm Temperate,Moist,Central America,Barley,4.7,1.175,8.225,
45626,Warm Temperate,Moist,Central America,Oats,4.7,1.175,8.225,
45627,Warm Temperate,Moist,Central America,Millet,4.7,1.175,8.225,
45628,Warm Temperate,Moist,Central America,Sorghum,4.7,1.175,8.225,
45629,Warm Temperate,Moist,Central America,Rye,4.7,1.175,8.225,
45630,Warm Temperate,Moist,Central America,Soybeans,4.7,1.175,8.225,
45631,Warm Temperate,Moist,Central America,Dry Bean,4.7,1.175,8.225,
45632,Warm Temperate,Moist,Central America,Potatoes,4.7,1.175,8.225,
45633,Warm Temperate,Moist,Central America,Peanuts,4.7,1.175,8.225,
45634,Warm Temperate,Moist,Central America,Vegetables,4.7,1.175,8.225,
45635,Warm Temperate,Moist,Central America,Oilseeds,4.7,1.175,8.225,
45636,Warm Temperate,Moist,Central America,Groundnuts,4.7,1.175,8.225,
45637,Warm Temperate,Moist,Central America,Annual Cropland,4.7,1.175,8.225,
45638,Warm Temperate,Moist,Central America,Set Aside,4.7,1.175,8.225,
45639,Warm Temperate,Moist,Central America,Flooded Rice,4.7,1.175,8.225,
45640,Warm Temperate,Moist,Central America,Grassland,6.345,1.58625,11.10375,
45641,Warm Temperate,Moist,Central America,Other Land (Non-Vegetated),0,#N/A,#N/A,
45642,Warm Temperate,Moist,Central America,Settlement,0,#N/A,#N/A,
45643,Warm Temperate,Moist,Central America,Agroforestry - Default,20.6,5.15,36.05,
45644,Warm Temperate,Moist,Central America,Hedgerow,13.1,9.301,16.899,
45645,Warm Temperate,Moist,Central America,Silvoarable,13.7,3.425,23.975,
45646,Warm Temperate,Moist,Central America,Silvopasture,35,8.75,61.25,
45647,Warm Temperate,Moist,Central America,Other Land,1,#N/A,#N/A,
45648,Warm Temperate,Moist,Central America,Olive,6.9,1.725,12.075,
45649,Warm Temperate,Moist,Central America,Orchard,6.4,1.6,11.2,
45650,Warm Temperate,Moist,Central America,Short Rotation Coppice,6.35,1.5875,11.1125,
45651,Warm Temperate,Moist,Central America,Tea,18.3,4.575,32.025,
45652,Warm Temperate,Moist,Central America,Vine,2.8,2.1,3.5,
45653,Warm Temperate,Moist,Caribbean,Grains,4.7,1.175,8.225,
45654,Warm Temperate,Moist,Caribbean,Maize,4.7,1.175,8.225,
45655,Warm Temperate,Moist,Caribbean,Sugarcane,4.7,1.175,8.225,
45656,Warm Temperate,Moist,Caribbean,Wheat,4.7,1.175,8.225,
45657,Warm Temperate,Moist,Caribbean,Beans & Pulses,4.7,1.175,8.225,
45658,Warm Temperate,Moist,Caribbean,Tubers,4.7,1.175,8.225,
45659,Warm Temperate,Moist,Caribbean,Root Crops,4.7,1.175,8.225,
45660,Warm Temperate,Moist,Caribbean,Barley,4.7,1.175,8.225,
45661,Warm Temperate,Moist,Caribbean,Oats,4.7,1.175,8.225,
45662,Warm Temperate,Moist,Caribbean,Millet,4.7,1.175,8.225,
45663,Warm Temperate,Moist,Caribbean,Sorghum,4.7,1.175,8.225,
45664,Warm Temperate,Moist,Caribbean,Rye,4.7,1.175,8.225,
45665,Warm Temperate,Moist,Caribbean,Soybeans,4.7,1.175,8.225,
45666,Warm Temperate,Moist,Caribbean,Dry Bean,4.7,1.175,8.225,
45667,Warm Temperate,Moist,Caribbean,Potatoes,4.7,1.175,8.225,
45668,Warm Temperate,Moist,Caribbean,Peanuts,4.7,1.175,8.225,
45669,Warm Temperate,Moist,Caribbean,Vegetables,4.7,1.175,8.225,
45670,Warm Temperate,Moist,Caribbean,Oilseeds,4.7,1.175,8.225,
45671,Warm Temperate,Moist,Caribbean,Groundnuts,4.7,1.175,8.225,
45672,Warm Temperate,Moist,Caribbean,Annual Cropland,4.7,1.175,8.225,
45673,Warm Temperate,Moist,Caribbean,Set Aside,4.7,1.175,8.225,
45674,Warm Temperate,Moist,Caribbean,Flooded Rice,4.7,1.175,8.225,
45675,Warm Temperate,Moist,Caribbean,Grassland,6.345,1.58625,11.10375,
45676,Warm Temperate,Moist,Caribbean,Other Land (Non-Vegetated),0,#N/A,#N/A,
45677,Warm Temperate,Moist,Caribbean,Settlement,0,#N/A,#N/A,
45678,Warm Temperate,Moist,Caribbean,Agroforestry - Default,20.6,5.15,36.05,
45679,Warm Temperate,Moist,Caribbean,Hedgerow,13.1,9.301,16.899,
45680,Warm Temperate,Moist,Caribbean,Silvoarable,13.7,3.425,23.975,
45681,Warm Temperate,Moist,Caribbean,Silvopasture,35,8.75,61.25,
45682,Warm Temperate,Moist,Caribbean,Other Land,1,#N/A,#N/A,
45683,Warm Temperate,Moist,Caribbean,Olive,6.9,1.725,12.075,
45684,Warm Temperate,Moist,Caribbean,Orchard,6.4,1.6,11.2,
45685,Warm Temperate,Moist,Caribbean,Short Rotation Coppice,6.35,1.5875,11.1125,
45686,Warm Temperate,Moist,Caribbean,Tea,18.3,4.575,32.025,
45687,Warm Temperate,Moist,Caribbean,Vine,2.8,2.1,3.5,
45688,Tropical,Dry,Eastern Africa,Grains,4.7,1.175,8.225,
45689,Tropical,Dry,Eastern Africa,Maize,4.7,1.175,8.225,
45690,Tropical,Dry,Eastern Africa,Sugarcane,4.7,1.175,8.225,
45691,Tropical,Dry,Eastern Africa,Wheat,4.7,1.175,8.225,
45692,Tropical,Dry,Eastern Africa,Beans & Pulses,4.7,1.175,8.225,
45693,Tropical,Dry,Eastern Africa,Tubers,4.7,1.175,8.225,
45694,Tropical,Dry,Eastern Africa,Root Crops,4.7,1.175,8.225,
45695,Tropical,Dry,Eastern Africa,Barley,4.7,1.175,8.225,
45696,Tropical,Dry,Eastern Africa,Oats,4.7,1.175,8.225,
45697,Tropical,Dry,Eastern Africa,Millet,4.7,1.175,8.225,
45698,Tropical,Dry,Eastern Africa,Sorghum,4.7,1.175,8.225,
45699,Tropical,Dry,Eastern Africa,Rye,4.7,1.175,8.225,
45700,Tropical,Dry,Eastern Africa,Soybeans,4.7,1.175,8.225,
45701,Tropical,Dry,Eastern Africa,Dry Bean,4.7,1.175,8.225,
45702,Tropical,Dry,Eastern Africa,Potatoes,4.7,1.175,8.225,
45703,Tropical,Dry,Eastern Africa,Peanuts,4.7,1.175,8.225,
45704,Tropical,Dry,Eastern Africa,Vegetables,4.7,1.175,8.225,
45705,Tropical,Dry,Eastern Africa,Oilseeds,4.7,1.175,8.225,
45706,Tropical,Dry,Eastern Africa,Groundnuts,4.7,1.175,8.225,
45707,Tropical,Dry,Eastern Africa,Annual Cropland,4.7,1.175,8.225,
45708,Tropical,Dry,Eastern Africa,Set Aside,4.7,1.175,8.225,
45709,Tropical,Dry,Eastern Africa,Flooded Rice,4.7,1.175,8.225,
45710,Tropical,Dry,Eastern Africa,Grassland,4.089,1.02225,7.15575,
45711,Tropical,Dry,Eastern Africa,Other Land (Non-Vegetated),0,#N/A,#N/A,
45712,Tropical,Dry,Eastern Africa,Settlement,0,#N/A,#N/A,
45713,Tropical,Dry,Eastern Africa,Agroforestry - Default,20.8875,5.221875,36.553125,
45714,Tropical,Dry,Eastern Africa,Alley Cropping,23.7,5.925,41.475,
45715,Tropical,Dry,Eastern Africa,Perennial Fallow,11.1,2.775,19.425,
45716,Tropical,Dry,Eastern Africa,Hedgerow,4.7,3.337,6.063,
45717,Tropical,Dry,Eastern Africa,Multistrata,32.5,8.125,56.875,
45718,Tropical,Dry,Eastern Africa,Parkland,5.9,1.475,10.325,
45719,Tropical,Dry,Eastern Africa,Shaded Perennial,24,6,42,
45720,Tropical,Dry,Eastern Africa,Silvoarable,36.1,9.025,63.175,
45721,Tropical,Dry,Eastern Africa,Silvopasture,29.1,7.275,50.925,
45722,Tropical,Dry,Eastern Africa,Other Land,1,#N/A,#N/A,
45723,Tropical,Dry,Eastern Africa,Tea,18.3,4.575,32.025,
45724,Tropical,Dry,Eastern Africa,Oil Palm,30,7.5,52.5,
45725,Tropical,Dry,Eastern Africa,Rubber,40.1,10.025,70.175,
45726,Tropical,Dry,Central Africa,Grains,4.7,1.175,8.225,
45727,Tropical,Dry,Central Africa,Maize,4.7,1.175,8.225,
45728,Tropical,Dry,Central Africa,Sugarcane,4.7,1.175,8.225,
45729,Tropical,Dry,Central Africa,Wheat,4.7,1.175,8.225,
45730,Tropical,Dry,Central Africa,Beans & Pulses,4.7,1.175,8.225,
45731,Tropical,Dry,Central Africa,Tubers,4.7,1.175,8.225,
45732,Tropical,Dry,Central Africa,Root Crops,4.7,1.175,8.225,
45733,Tropical,Dry,Central Africa,Barley,4.7,1.175,8.225,
45734,Tropical,Dry,Central Africa,Oats,4.7,1.175,8.225,
45735,Tropical,Dry,Central Africa,Millet,4.7,1.175,8.225,
45736,Tropical,Dry,Central Africa,Sorghum,4.7,1.175,8.225,
45737,Tropical,Dry,Central Africa,Rye,4.7,1.175,8.225,
45738,Tropical,Dry,Central Africa,Soybeans,4.7,1.175,8.225,
45739,Tropical,Dry,Central Africa,Dry Bean,4.7,1.175,8.225,
45740,Tropical,Dry,Central Africa,Potatoes,4.7,1.175,8.225,
45741,Tropical,Dry,Central Africa,Peanuts,4.7,1.175,8.225,
45742,Tropical,Dry,Central Africa,Vegetables,4.7,1.175,8.225,
45743,Tropical,Dry,Central Africa,Oilseeds,4.7,1.175,8.225,
45744,Tropical,Dry,Central Africa,Groundnuts,4.7,1.175,8.225,
45745,Tropical,Dry,Central Africa,Annual Cropland,4.7,1.175,8.225,
45746,Tropical,Dry,Central Africa,Set Aside,4.7,1.175,8.225,
45747,Tropical,Dry,Central Africa,Flooded Rice,4.7,1.175,8.225,
45748,Tropical,Dry,Central Africa,Grassland,4.089,1.02225,7.15575,
45749,Tropical,Dry,Central Africa,Other Land (Non-Vegetated),0,#N/A,#N/A,
45750,Tropical,Dry,Central Africa,Settlement,0,#N/A,#N/A,
45751,Tropical,Dry,Central Africa,Agroforestry - Default,20.8875,5.221875,36.553125,
45752,Tropical,Dry,Central Africa,Alley Cropping,23.7,5.925,41.475,
45753,Tropical,Dry,Central Africa,Perennial Fallow,11.1,2.775,19.425,
45754,Tropical,Dry,Central Africa,Hedgerow,4.7,3.337,6.063,
45755,Tropical,Dry,Central Africa,Multistrata,32.5,8.125,56.875,
45756,Tropical,Dry,Central Africa,Parkland,5.9,1.475,10.325,
45757,Tropical,Dry,Central Africa,Shaded Perennial,24,6,42,
45758,Tropical,Dry,Central Africa,Silvoarable,36.1,9.025,63.175,
45759,Tropical,Dry,Central Africa,Silvopasture,29.1,7.275,50.925,
45760,Tropical,Dry,Central Africa,Other Land,1,#N/A,#N/A,
45761,Tropical,Dry,Central Africa,Tea,18.3,4.575,32.025,
45762,Tropical,Dry,Central Africa,Oil Palm,30,7.5,52.5,
45763,Tropical,Dry,Central Africa,Rubber,40.1,10.025,70.175,
45764,Tropical,Dry,Northern Africa,Grains,4.7,1.175,8.225,
45765,Tropical,Dry,Northern Africa,Maize,4.7,1.175,8.225,
45766,Tropical,Dry,Northern Africa,Sugarcane,4.7,1.175,8.225,
45767,Tropical,Dry,Northern Africa,Wheat,4.7,1.175,8.225,
45768,Tropical,Dry,Northern Africa,Beans & Pulses,4.7,1.175,8.225,
45769,Tropical,Dry,Northern Africa,Tubers,4.7,1.175,8.225,
45770,Tropical,Dry,Northern Africa,Root Crops,4.7,1.175,8.225,
45771,Tropical,Dry,Northern Africa,Barley,4.7,1.175,8.225,
45772,Tropical,Dry,Northern Africa,Oats,4.7,1.175,8.225,
45773,Tropical,Dry,Northern Africa,Millet,4.7,1.175,8.225,
45774,Tropical,Dry,Northern Africa,Sorghum,4.7,1.175,8.225,
45775,Tropical,Dry,Northern Africa,Rye,4.7,1.175,8.225,
45776,Tropical,Dry,Northern Africa,Soybeans,4.7,1.175,8.225,
45777,Tropical,Dry,Northern Africa,Dry Bean,4.7,1.175,8.225,
45778,Tropical,Dry,Northern Africa,Potatoes,4.7,1.175,8.225,
45779,Tropical,Dry,Northern Africa,Peanuts,4.7,1.175,8.225,
45780,Tropical,Dry,Northern Africa,Vegetables,4.7,1.175,8.225,
45781,Tropical,Dry,Northern Africa,Oilseeds,4.7,1.175,8.225,
45782,Tropical,Dry,Northern Africa,Groundnuts,4.7,1.175,8.225,
45783,Tropical,Dry,Northern Africa,Annual Cropland,4.7,1.175,8.225,
45784,Tropical,Dry,Northern Africa,Set Aside,4.7,1.175,8.225,
45785,Tropical,Dry,Northern Africa,Flooded Rice,4.7,1.175,8.225,
45786,Tropical,Dry,Northern Africa,Grassland,4.089,1.02225,7.15575,
45787,Tropical,Dry,Northern Africa,Other Land (Non-Vegetated),0,#N/A,#N/A,
45788,Tropical,Dry,Northern Africa,Settlement,0,#N/A,#N/A,
45789,Tropical,Dry,Northern Africa,Agroforestry - Default,20.8875,5.221875,36.553125,
45790,Tropical,Dry,Northern Africa,Alley Cropping,23.7,5.925,41.475,
45791,Tropical,Dry,Northern Africa,Perennial Fallow,11.1,2.775,19.425,
45792,Tropical,Dry,Northern Africa,Hedgerow,4.7,3.337,6.063,
45793,Tropical,Dry,Northern Africa,Multistrata,32.5,8.125,56.875,
45794,Tropical,Dry,Northern Africa,Parkland,5.9,1.475,10.325,
45795,Tropical,Dry,Northern Africa,Shaded Perennial,24,6,42,
45796,Tropical,Dry,Northern Africa,Silvoarable,36.1,9.025,63.175,
45797,Tropical,Dry,Northern Africa,Silvopasture,29.1,7.275,50.925,
45798,Tropical,Dry,Northern Africa,Other Land,1,#N/A,#N/A,
45799,Tropical,Dry,Northern Africa,Tea,18.3,4.575,32.025,
45800,Tropical,Dry,Northern Africa,Oil Palm,30,7.5,52.5,
45801,Tropical,Dry,Northern Africa,Rubber,40.1,10.025,70.175,
45802,Tropical,Dry,Southern Africa,Grains,4.7,1.175,8.225,
45803,Tropical,Dry,Southern Africa,Maize,4.7,1.175,8.225,
45804,Tropical,Dry,Southern Africa,Sugarcane,4.7,1.175,8.225,
45805,Tropical,Dry,Southern Africa,Wheat,4.7,1.175,8.225,
45806,Tropical,Dry,Southern Africa,Beans & Pulses,4.7,1.175,8.225,
45807,Tropical,Dry,Southern Africa,Tubers,4.7,1.175,8.225,
45808,Tropical,Dry,Southern Africa,Root Crops,4.7,1.175,8.225,
45809,Tropical,Dry,Southern Africa,Barley,4.7,1.175,8.225,
45810,Tropical,Dry,Southern Africa,Oats,4.7,1.175,8.225,
45811,Tropical,Dry,Southern Africa,Millet,4.7,1.175,8.225,
45812,Tropical,Dry,Southern Africa,Sorghum,4.7,1.175,8.225,
45813,Tropical,Dry,Southern Africa,Rye,4.7,1.175,8.225,
45814,Tropical,Dry,Southern Africa,Soybeans,4.7,1.175,8.225,
45815,Tropical,Dry,Southern Africa,Dry Bean,4.7,1.175,8.225,
45816,Tropical,Dry,Southern Africa,Potatoes,4.7,1.175,8.225,
45817,Tropical,Dry,Southern Africa,Peanuts,4.7,1.175,8.225,
45818,Tropical,Dry,Southern Africa,Vegetables,4.7,1.175,8.225,
45819,Tropical,Dry,Southern Africa,Oilseeds,4.7,1.175,8.225,
45820,Tropical,Dry,Southern Africa,Groundnuts,4.7,1.175,8.225,
45821,Tropical,Dry,Southern Africa,Annual Cropland,4.7,1.175,8.225,
45822,Tropical,Dry,Southern Africa,Set Aside,4.7,1.175,8.225,
45823,Tropical,Dry,Southern Africa,Flooded Rice,4.7,1.175,8.225,
45824,Tropical,Dry,Southern Africa,Grassland,4.089,1.02225,7.15575,
45825,Tropical,Dry,Southern Africa,Other Land (Non-Vegetated),0,#N/A,#N/A,
45826,Tropical,Dry,Southern Africa,Settlement,0,#N/A,#N/A,
45827,Tropical,Dry,Southern Africa,Agroforestry - Default,20.8875,5.221875,36.553125,
45828,Tropical,Dry,Southern Africa,Alley Cropping,23.7,5.925,41.475,
45829,Tropical,Dry,Southern Africa,Perennial Fallow,11.1,2.775,19.425,
45830,Tropical,Dry,Southern Africa,Hedgerow,4.7,3.337,6.063,
45831,Tropical,Dry,Southern Africa,Multistrata,32.5,8.125,56.875,
45832,Tropical,Dry,Southern Africa,Parkland,5.9,1.475,10.325,
45833,Tropical,Dry,Southern Africa,Shaded Perennial,24,6,42,
45834,Tropical,Dry,Southern Africa,Silvoarable,36.1,9.025,63.175,
45835,Tropical,Dry,Southern Africa,Silvopasture,29.1,7.275,50.925,
45836,Tropical,Dry,Southern Africa,Other Land,1,#N/A,#N/A,
45837,Tropical,Dry,Southern Africa,Tea,18.3,4.575,32.025,
45838,Tropical,Dry,Southern Africa,Oil Palm,30,7.5,52.5,
45839,Tropical,Dry,Southern Africa,Rubber,40.1,10.025,70.175,
45840,Tropical,Dry,Western Africa,Grains,4.7,1.175,8.225,
45841,Tropical,Dry,Western Africa,Maize,4.7,1.175,8.225,
45842,Tropical,Dry,Western Africa,Sugarcane,4.7,1.175,8.225,
45843,Tropical,Dry,Western Africa,Wheat,4.7,1.175,8.225,
45844,Tropical,Dry,Western Africa,Beans & Pulses,4.7,1.175,8.225,
45845,Tropical,Dry,Western Africa,Tubers,4.7,1.175,8.225,
45846,Tropical,Dry,Western Africa,Root Crops,4.7,1.175,8.225,
45847,Tropical,Dry,Western Africa,Barley,4.7,1.175,8.225,
45848,Tropical,Dry,Western Africa,Oats,4.7,1.175,8.225,
45849,Tropical,Dry,Western Africa,Millet,4.7,1.175,8.225,
45850,Tropical,Dry,Western Africa,Sorghum,4.7,1.175,8.225,
45851,Tropical,Dry,Western Africa,Rye,4.7,1.175,8.225,
45852,Tropical,Dry,Western Africa,Soybeans,4.7,1.175,8.225,
45853,Tropical,Dry,Western Africa,Dry Bean,4.7,1.175,8.225,
45854,Tropical,Dry,Western Africa,Potatoes,4.7,1.175,8.225,
45855,Tropical,Dry,Western Africa,Peanuts,4.7,1.175,8.225,
45856,Tropical,Dry,Western Africa,Vegetables,4.7,1.175,8.225,
45857,Tropical,Dry,Western Africa,Oilseeds,4.7,1.175,8.225,
45858,Tropical,Dry,Western Africa,Groundnuts,4.7,1.175,8.225,
45859,Tropical,Dry,Western Africa,Annual Cropland,4.7,1.175,8.225,
45860,Tropical,Dry,Western Africa,Set Aside,4.7,1.175,8.225,
45861,Tropical,Dry,Western Africa,Flooded Rice,4.7,1.175,8.225,
45862,Tropical,Dry,Western Africa,Grassland,4.089,1.02225,7.15575,
45863,Tropical,Dry,Western Africa,Other Land (Non-Vegetated),0,#N/A,#N/A,
45864,Tropical,Dry,Western Africa,Settlement,0,#N/A,#N/A,
45865,Tropical,Dry,Western Africa,Agroforestry - Default,20.8875,5.221875,36.553125,
45866,Tropical,Dry,Western Africa,Alley Cropping,23.7,5.925,41.475,
45867,Tropical,Dry,Western Africa,Perennial Fallow,11.1,2.775,19.425,
45868,Tropical,Dry,Western Africa,Hedgerow,4.7,3.337,6.063,
45869,Tropical,Dry,Western Africa,Multistrata,32.5,8.125,56.875,
45870,Tropical,Dry,Western Africa,Parkland,5.9,1.475,10.325,
45871,Tropical,Dry,Western Africa,Shaded Perennial,24,6,42,
45872,Tropical,Dry,Western Africa,Silvoarable,36.1,9.025,63.175,
45873,Tropical,Dry,Western Africa,Silvopasture,29.1,7.275,50.925,
45874,Tropical,Dry,Western Africa,Other Land,1,#N/A,#N/A,
45875,Tropical,Dry,Western Africa,Tea,18.3,4.575,32.025,
45876,Tropical,Dry,Western Africa,Oil Palm,30,7.5,52.5,
45877,Tropical,Dry,Western Africa,Rubber,40.1,10.025,70.175,
45878,Tropical,Dry,Central Asia,Grains,4.7,1.175,8.225,
45879,Tropical,Dry,Central Asia,Maize,4.7,1.175,8.225,
45880,Tropical,Dry,Central Asia,Sugarcane,4.7,1.175,8.225,
45881,Tropical,Dry,Central Asia,Wheat,4.7,1.175,8.225,
45882,Tropical,Dry,Central Asia,Beans & Pulses,4.7,1.175,8.225,
45883,Tropical,Dry,Central Asia,Tubers,4.7,1.175,8.225,
45884,Tropical,Dry,Central Asia,Root Crops,4.7,1.175,8.225,
45885,Tropical,Dry,Central Asia,Barley,4.7,1.175,8.225,
45886,Tropical,Dry,Central Asia,Oats,4.7,1.175,8.225,
45887,Tropical,Dry,Central Asia,Millet,4.7,1.175,8.225,
45888,Tropical,Dry,Central Asia,Sorghum,4.7,1.175,8.225,
45889,Tropical,Dry,Central Asia,Rye,4.7,1.175,8.225,
45890,Tropical,Dry,Central Asia,Soybeans,4.7,1.175,8.225,
45891,Tropical,Dry,Central Asia,Dry Bean,4.7,1.175,8.225,
45892,Tropical,Dry,Central Asia,Potatoes,4.7,1.175,8.225,
45893,Tropical,Dry,Central Asia,Peanuts,4.7,1.175,8.225,
45894,Tropical,Dry,Central Asia,Vegetables,4.7,1.175,8.225,
45895,Tropical,Dry,Central Asia,Oilseeds,4.7,1.175,8.225,
45896,Tropical,Dry,Central Asia,Groundnuts,4.7,1.175,8.225,
45897,Tropical,Dry,Central Asia,Annual Cropland,4.7,1.175,8.225,
45898,Tropical,Dry,Central Asia,Set Aside,4.7,1.175,8.225,
45899,Tropical,Dry,Central Asia,Flooded Rice,4.7,1.175,8.225,
45900,Tropical,Dry,Central Asia,Grassland,4.089,1.02225,7.15575,
45901,Tropical,Dry,Central Asia,Other Land (Non-Vegetated),0,#N/A,#N/A,
45902,Tropical,Dry,Central Asia,Settlement,0,#N/A,#N/A,
45903,Tropical,Dry,Central Asia,Agroforestry - Default,20.8875,5.221875,36.553125,
45904,Tropical,Dry,Central Asia,Alley Cropping,23.7,5.925,41.475,
45905,Tropical,Dry,Central Asia,Perennial Fallow,11.1,2.775,19.425,
45906,Tropical,Dry,Central Asia,Hedgerow,4.7,3.337,6.063,
45907,Tropical,Dry,Central Asia,Multistrata,32.5,8.125,56.875,
45908,Tropical,Dry,Central Asia,Parkland,5.9,1.475,10.325,
45909,Tropical,Dry,Central Asia,Shaded Perennial,24,6,42,
45910,Tropical,Dry,Central Asia,Silvoarable,36.1,9.025,63.175,
45911,Tropical,Dry,Central Asia,Silvopasture,29.1,7.275,50.925,
45912,Tropical,Dry,Central Asia,Other Land,1,#N/A,#N/A,
45913,Tropical,Dry,Central Asia,Tea,18.3,4.575,32.025,
45914,Tropical,Dry,Central Asia,Oil Palm,30,7.5,52.5,
45915,Tropical,Dry,Central Asia,Rubber,40.1,10.025,70.175,
45916,Tropical,Dry,Eastern Asia,Grains,4.7,1.175,8.225,
45917,Tropical,Dry,Eastern Asia,Maize,4.7,1.175,8.225,
45918,Tropical,Dry,Eastern Asia,Sugarcane,4.7,1.175,8.225,
45919,Tropical,Dry,Eastern Asia,Wheat,4.7,1.175,8.225,
45920,Tropical,Dry,Eastern Asia,Beans & Pulses,4.7,1.175,8.225,
45921,Tropical,Dry,Eastern Asia,Tubers,4.7,1.175,8.225,
45922,Tropical,Dry,Eastern Asia,Root Crops,4.7,1.175,8.225,
45923,Tropical,Dry,Eastern Asia,Barley,4.7,1.175,8.225,
45924,Tropical,Dry,Eastern Asia,Oats,4.7,1.175,8.225,
45925,Tropical,Dry,Eastern Asia,Millet,4.7,1.175,8.225,
45926,Tropical,Dry,Eastern Asia,Sorghum,4.7,1.175,8.225,
45927,Tropical,Dry,Eastern Asia,Rye,4.7,1.175,8.225,
45928,Tropical,Dry,Eastern Asia,Soybeans,4.7,1.175,8.225,
45929,Tropical,Dry,Eastern Asia,Dry Bean,4.7,1.175,8.225,
45930,Tropical,Dry,Eastern Asia,Potatoes,4.7,1.175,8.225,
45931,Tropical,Dry,Eastern Asia,Peanuts,4.7,1.175,8.225,
45932,Tropical,Dry,Eastern Asia,Vegetables,4.7,1.175,8.225,
45933,Tropical,Dry,Eastern Asia,Oilseeds,4.7,1.175,8.225,
45934,Tropical,Dry,Eastern Asia,Groundnuts,4.7,1.175,8.225,
45935,Tropical,Dry,Eastern Asia,Annual Cropland,4.7,1.175,8.225,
45936,Tropical,Dry,Eastern Asia,Set Aside,4.7,1.175,8.225,
45937,Tropical,Dry,Eastern Asia,Flooded Rice,4.7,1.175,8.225,
45938,Tropical,Dry,Eastern Asia,Grassland,4.089,1.02225,7.15575,
45939,Tropical,Dry,Eastern Asia,Other Land (Non-Vegetated),0,#N/A,#N/A,
45940,Tropical,Dry,Eastern Asia,Settlement,0,#N/A,#N/A,
45941,Tropical,Dry,Eastern Asia,Agroforestry - Default,20.8875,5.221875,36.553125,
45942,Tropical,Dry,Eastern Asia,Alley Cropping,23.7,5.925,41.475,
45943,Tropical,Dry,Eastern Asia,Perennial Fallow,11.1,2.775,19.425,
45944,Tropical,Dry,Eastern Asia,Hedgerow,4.7,3.337,6.063,
45945,Tropical,Dry,Eastern Asia,Multistrata,32.5,8.125,56.875,
45946,Tropical,Dry,Eastern Asia,Parkland,5.9,1.475,10.325,
45947,Tropical,Dry,Eastern Asia,Shaded Perennial,24,6,42,
45948,Tropical,Dry,Eastern Asia,Silvoarable,36.1,9.025,63.175,
45949,Tropical,Dry,Eastern Asia,Silvopasture,29.1,7.275,50.925,
45950,Tropical,Dry,Eastern Asia,Other Land,1,#N/A,#N/A,
45951,Tropical,Dry,Eastern Asia,Tea,18.3,4.575,32.025,
45952,Tropical,Dry,Eastern Asia,Oil Palm,30,7.5,52.5,
45953,Tropical,Dry,Eastern Asia,Rubber,40.1,10.025,70.175,
45954,Tropical,Dry,South-Eastern Asia,Grains,4.7,1.175,8.225,
45955,Tropical,Dry,South-Eastern Asia,Maize,4.7,1.175,8.225,
45956,Tropical,Dry,South-Eastern Asia,Sugarcane,4.7,1.175,8.225,
45957,Tropical,Dry,South-Eastern Asia,Wheat,4.7,1.175,8.225,
45958,Tropical,Dry,South-Eastern Asia,Beans & Pulses,4.7,1.175,8.225,
45959,Tropical,Dry,South-Eastern Asia,Tubers,4.7,1.175,8.225,
45960,Tropical,Dry,South-Eastern Asia,Root Crops,4.7,1.175,8.225,
45961,Tropical,Dry,South-Eastern Asia,Barley,4.7,1.175,8.225,
45962,Tropical,Dry,South-Eastern Asia,Oats,4.7,1.175,8.225,
45963,Tropical,Dry,South-Eastern Asia,Millet,4.7,1.175,8.225,
45964,Tropical,Dry,South-Eastern Asia,Sorghum,4.7,1.175,8.225,
45965,Tropical,Dry,South-Eastern Asia,Rye,4.7,1.175,8.225,
45966,Tropical,Dry,South-Eastern Asia,Soybeans,4.7,1.175,8.225,
45967,Tropical,Dry,South-Eastern Asia,Dry Bean,4.7,1.175,8.225,
45968,Tropical,Dry,South-Eastern Asia,Potatoes,4.7,1.175,8.225,
45969,Tropical,Dry,South-Eastern Asia,Peanuts,4.7,1.175,8.225,
45970,Tropical,Dry,South-Eastern Asia,Vegetables,4.7,1.175,8.225,
45971,Tropical,Dry,South-Eastern Asia,Oilseeds,4.7,1.175,8.225,
45972,Tropical,Dry,South-Eastern Asia,Groundnuts,4.7,1.175,8.225,
45973,Tropical,Dry,South-Eastern Asia,Annual Cropland,4.7,1.175,8.225,
45974,Tropical,Dry,South-Eastern Asia,Set Aside,4.7,1.175,8.225,
45975,Tropical,Dry,South-Eastern Asia,Flooded Rice,4.7,1.175,8.225,
45976,Tropical,Dry,South-Eastern Asia,Grassland,4.089,1.02225,7.15575,
45977,Tropical,Dry,South-Eastern Asia,Other Land (Non-Vegetated),0,#N/A,#N/A,
45978,Tropical,Dry,South-Eastern Asia,Settlement,0,#N/A,#N/A,
45979,Tropical,Dry,South-Eastern Asia,Agroforestry - Default,20.8875,5.221875,36.553125,
45980,Tropical,Dry,South-Eastern Asia,Alley Cropping,23.7,5.925,41.475,
45981,Tropical,Dry,South-Eastern Asia,Perennial Fallow,11.1,2.775,19.425,
45982,Tropical,Dry,South-Eastern Asia,Hedgerow,4.7,3.337,6.063,
45983,Tropical,Dry,South-Eastern Asia,Multistrata,32.5,8.125,56.875,
45984,Tropical,Dry,South-Eastern Asia,Parkland,5.9,1.475,10.325,
45985,Tropical,Dry,South-Eastern Asia,Shaded Perennial,24,6,42,
45986,Tropical,Dry,South-Eastern Asia,Silvoarable,36.1,9.025,63.175,
45987,Tropical,Dry,South-Eastern Asia,Silvopasture,29.1,7.275,50.925,
45988,Tropical,Dry,South-Eastern Asia,Other Land,1,#N/A,#N/A,
45989,Tropical,Dry,South-Eastern Asia,Tea,18.3,4.575,32.025,
45990,Tropical,Dry,South-Eastern Asia,Oil Palm,30,7.5,52.5,
45991,Tropical,Dry,South-Eastern Asia,Rubber,40.1,10.025,70.175,
45992,Tropical,Dry,Southern Asia,Grains,4.7,1.175,8.225,
45993,Tropical,Dry,Southern Asia,Maize,4.7,1.175,8.225,
45994,Tropical,Dry,Southern Asia,Sugarcane,4.7,1.175,8.225,
45995,Tropical,Dry,Southern Asia,Wheat,4.7,1.175,8.225,
45996,Tropical,Dry,Southern Asia,Beans & Pulses,4.7,1.175,8.225,
45997,Tropical,Dry,Southern Asia,Tubers,4.7,1.175,8.225,
45998,Tropical,Dry,Southern Asia,Root Crops,4.7,1.175,8.225,
45999,Tropical,Dry,Southern Asia,Barley,4.7,1.175,8.225,
46000,Tropical,Dry,Southern Asia,Oats,4.7,1.175,8.225,
46001,Tropical,Dry,Southern Asia,Millet,4.7,1.175,8.225,
46002,Tropical,Dry,Southern Asia,Sorghum,4.7,1.175,8.225,
46003,Tropical,Dry,Southern Asia,Rye,4.7,1.175,8.225,
46004,Tropical,Dry,Southern Asia,Soybeans,4.7,1.175,8.225,
46005,Tropical,Dry,Southern Asia,Dry Bean,4.7,1.175,8.225,
46006,Tropical,Dry,Southern Asia,Potatoes,4.7,1.175,8.225,
46007,Tropical,Dry,Southern Asia,Peanuts,4.7,1.175,8.225,
46008,Tropical,Dry,Southern Asia,Vegetables,4.7,1.175,8.225,
46009,Tropical,Dry,Southern Asia,Oilseeds,4.7,1.175,8.225,
46010,Tropical,Dry,Southern Asia,Groundnuts,4.7,1.175,8.225,
46011,Tropical,Dry,Southern Asia,Annual Cropland,4.7,1.175,8.225,
46012,Tropical,Dry,Southern Asia,Set Aside,4.7,1.175,8.225,
46013,Tropical,Dry,Southern Asia,Flooded Rice,4.7,1.175,8.225,
46014,Tropical,Dry,Southern Asia,Grassland,4.089,1.02225,7.15575,
46015,Tropical,Dry,Southern Asia,Other Land (Non-Vegetated),0,#N/A,#N/A,
46016,Tropical,Dry,Southern Asia,Settlement,0,#N/A,#N/A,
46017,Tropical,Dry,Southern Asia,Agroforestry - Default,20.8875,5.221875,36.553125,
46018,Tropical,Dry,Southern Asia,Alley Cropping,23.7,5.925,41.475,
46019,Tropical,Dry,Southern Asia,Perennial Fallow,11.1,2.775,19.425,
46020,Tropical,Dry,Southern Asia,Hedgerow,4.7,3.337,6.063,
46021,Tropical,Dry,Southern Asia,Multistrata,32.5,8.125,56.875,
46022,Tropical,Dry,Southern Asia,Parkland,5.9,1.475,10.325,
46023,Tropical,Dry,Southern Asia,Shaded Perennial,24,6,42,
46024,Tropical,Dry,Southern Asia,Silvoarable,36.1,9.025,63.175,
46025,Tropical,Dry,Southern Asia,Silvopasture,29.1,7.275,50.925,
46026,Tropical,Dry,Southern Asia,Other Land,1,#N/A,#N/A,
46027,Tropical,Dry,Southern Asia,Tea,18.3,4.575,32.025,
46028,Tropical,Dry,Southern Asia,Oil Palm,30,7.5,52.5,
46029,Tropical,Dry,Southern Asia,Rubber,40.1,10.025,70.175,
46030,Tropical,Dry,Western Asia,Grains,4.7,1.175,8.225,
46031,Tropical,Dry,Western Asia,Maize,4.7,1.175,8.225,
46032,Tropical,Dry,Western Asia,Sugarcane,4.7,1.175,8.225,
46033,Tropical,Dry,Western Asia,Wheat,4.7,1.175,8.225,
46034,Tropical,Dry,Western Asia,Beans & Pulses,4.7,1.175,8.225,
46035,Tropical,Dry,Western Asia,Tubers,4.7,1.175,8.225,
46036,Tropical,Dry,Western Asia,Root Crops,4.7,1.175,8.225,
46037,Tropical,Dry,Western Asia,Barley,4.7,1.175,8.225,
46038,Tropical,Dry,Western Asia,Oats,4.7,1.175,8.225,
46039,Tropical,Dry,Western Asia,Millet,4.7,1.175,8.225,
46040,Tropical,Dry,Western Asia,Sorghum,4.7,1.175,8.225,
46041,Tropical,Dry,Western Asia,Rye,4.7,1.175,8.225,
46042,Tropical,Dry,Western Asia,Soybeans,4.7,1.175,8.225,
46043,Tropical,Dry,Western Asia,Dry Bean,4.7,1.175,8.225,
46044,Tropical,Dry,Western Asia,Potatoes,4.7,1.175,8.225,
46045,Tropical,Dry,Western Asia,Peanuts,4.7,1.175,8.225,
46046,Tropical,Dry,Western Asia,Vegetables,4.7,1.175,8.225,
46047,Tropical,Dry,Western Asia,Oilseeds,4.7,1.175,8.225,
46048,Tropical,Dry,Western Asia,Groundnuts,4.7,1.175,8.225,
46049,Tropical,Dry,Western Asia,Annual Cropland,4.7,1.175,8.225,
46050,Tropical,Dry,Western Asia,Set Aside,4.7,1.175,8.225,
46051,Tropical,Dry,Western Asia,Flooded Rice,4.7,1.175,8.225,
46052,Tropical,Dry,Western Asia,Grassland,4.089,1.02225,7.15575,
46053,Tropical,Dry,Western Asia,Other Land (Non-Vegetated),0,#N/A,#N/A,
46054,Tropical,Dry,Western Asia,Settlement,0,#N/A,#N/A,
46055,Tropical,Dry,Western Asia,Agroforestry - Default,20.8875,5.221875,36.553125,
46056,Tropical,Dry,Western Asia,Alley Cropping,23.7,5.925,41.475,
46057,Tropical,Dry,Western Asia,Perennial Fallow,11.1,2.775,19.425,
46058,Tropical,Dry,Western Asia,Hedgerow,4.7,3.337,6.063,
46059,Tropical,Dry,Western Asia,Multistrata,32.5,8.125,56.875,
46060,Tropical,Dry,Western Asia,Parkland,5.9,1.475,10.325,
46061,Tropical,Dry,Western Asia,Shaded Perennial,24,6,42,
46062,Tropical,Dry,Western Asia,Silvoarable,36.1,9.025,63.175,
46063,Tropical,Dry,Western Asia,Silvopasture,29.1,7.275,50.925,
46064,Tropical,Dry,Western Asia,Other Land,1,#N/A,#N/A,
46065,Tropical,Dry,Western Asia,Tea,18.3,4.575,32.025,
46066,Tropical,Dry,Western Asia,Oil Palm,30,7.5,52.5,
46067,Tropical,Dry,Western Asia,Rubber,40.1,10.025,70.175,
46068,Tropical,Dry,Europe,Grains,4.7,1.175,8.225,
46069,Tropical,Dry,Europe,Maize,4.7,1.175,8.225,
46070,Tropical,Dry,Europe,Sugarcane,4.7,1.175,8.225,
46071,Tropical,Dry,Europe,Wheat,4.7,1.175,8.225,
46072,Tropical,Dry,Europe,Beans & Pulses,4.7,1.175,8.225,
46073,Tropical,Dry,Europe,Tubers,4.7,1.175,8.225,
46074,Tropical,Dry,Europe,Root Crops,4.7,1.175,8.225,
46075,Tropical,Dry,Europe,Barley,4.7,1.175,8.225,
46076,Tropical,Dry,Europe,Oats,4.7,1.175,8.225,
46077,Tropical,Dry,Europe,Millet,4.7,1.175,8.225,
46078,Tropical,Dry,Europe,Sorghum,4.7,1.175,8.225,
46079,Tropical,Dry,Europe,Rye,4.7,1.175,8.225,
46080,Tropical,Dry,Europe,Soybeans,4.7,1.175,8.225,
46081,Tropical,Dry,Europe,Dry Bean,4.7,1.175,8.225,
46082,Tropical,Dry,Europe,Potatoes,4.7,1.175,8.225,
46083,Tropical,Dry,Europe,Peanuts,4.7,1.175,8.225,
46084,Tropical,Dry,Europe,Vegetables,4.7,1.175,8.225,
46085,Tropical,Dry,Europe,Oilseeds,4.7,1.175,8.225,
46086,Tropical,Dry,Europe,Groundnuts,4.7,1.175,8.225,
46087,Tropical,Dry,Europe,Annual Cropland,4.7,1.175,8.225,
46088,Tropical,Dry,Europe,Set Aside,4.7,1.175,8.225,
46089,Tropical,Dry,Europe,Flooded Rice,4.7,1.175,8.225,
46090,Tropical,Dry,Europe,Grassland,4.089,1.02225,7.15575,
46091,Tropical,Dry,Europe,Other Land (Non-Vegetated),0,#N/A,#N/A,
46092,Tropical,Dry,Europe,Settlement,0,#N/A,#N/A,
46093,Tropical,Dry,Europe,Agroforestry - Default,20.8875,5.221875,36.553125,
46094,Tropical,Dry,Europe,Alley Cropping,23.7,5.925,41.475,
46095,Tropical,Dry,Europe,Perennial Fallow,11.1,2.775,19.425,
46096,Tropical,Dry,Europe,Hedgerow,4.7,3.337,6.063,
46097,Tropical,Dry,Europe,Multistrata,32.5,8.125,56.875,
46098,Tropical,Dry,Europe,Parkland,5.9,1.475,10.325,
46099,Tropical,Dry,Europe,Shaded Perennial,24,6,42,
46100,Tropical,Dry,Europe,Silvoarable,36.1,9.025,63.175,
46101,Tropical,Dry,Europe,Silvopasture,29.1,7.275,50.925,
46102,Tropical,Dry,Europe,Other Land,1,#N/A,#N/A,
46103,Tropical,Dry,Europe,Tea,18.3,4.575,32.025,
46104,Tropical,Dry,Europe,Oil Palm,30,7.5,52.5,
46105,Tropical,Dry,Europe,Rubber,40.1,10.025,70.175,
46106,Tropical,Dry,Oceania,Grains,4.7,1.175,8.225,
46107,Tropical,Dry,Oceania,Maize,4.7,1.175,8.225,
46108,Tropical,Dry,Oceania,Sugarcane,4.7,1.175,8.225,
46109,Tropical,Dry,Oceania,Wheat,4.7,1.175,8.225,
46110,Tropical,Dry,Oceania,Beans & Pulses,4.7,1.175,8.225,
46111,Tropical,Dry,Oceania,Tubers,4.7,1.175,8.225,
46112,Tropical,Dry,Oceania,Root Crops,4.7,1.175,8.225,
46113,Tropical,Dry,Oceania,Barley,4.7,1.175,8.225,
46114,Tropical,Dry,Oceania,Oats,4.7,1.175,8.225,
46115,Tropical,Dry,Oceania,Millet,4.7,1.175,8.225,
46116,Tropical,Dry,Oceania,Sorghum,4.7,1.175,8.225,
46117,Tropical,Dry,Oceania,Rye,4.7,1.175,8.225,
46118,Tropical,Dry,Oceania,Soybeans,4.7,1.175,8.225,
46119,Tropical,Dry,Oceania,Dry Bean,4.7,1.175,8.225,
46120,Tropical,Dry,Oceania,Potatoes,4.7,1.175,8.225,
46121,Tropical,Dry,Oceania,Peanuts,4.7,1.175,8.225,
46122,Tropical,Dry,Oceania,Vegetables,4.7,1.175,8.225,
46123,Tropical,Dry,Oceania,Oilseeds,4.7,1.175,8.225,
46124,Tropical,Dry,Oceania,Groundnuts,4.7,1.175,8.225,
46125,Tropical,Dry,Oceania,Annual Cropland,4.7,1.175,8.225,
46126,Tropical,Dry,Oceania,Set Aside,4.7,1.175,8.225,
46127,Tropical,Dry,Oceania,Flooded Rice,4.7,1.175,8.225,
46128,Tropical,Dry,Oceania,Grassland,4.089,1.02225,7.15575,
46129,Tropical,Dry,Oceania,Other Land (Non-Vegetated),0,#N/A,#N/A,
46130,Tropical,Dry,Oceania,Settlement,0,#N/A,#N/A,
46131,Tropical,Dry,Oceania,Agroforestry - Default,20.8875,5.221875,36.553125,
46132,Tropical,Dry,Oceania,Alley Cropping,23.7,5.925,41.475,
46133,Tropical,Dry,Oceania,Perennial Fallow,11.1,2.775,19.425,
46134,Tropical,Dry,Oceania,Hedgerow,4.7,3.337,6.063,
46135,Tropical,Dry,Oceania,Multistrata,32.5,8.125,56.875,
46136,Tropical,Dry,Oceania,Parkland,5.9,1.475,10.325,
46137,Tropical,Dry,Oceania,Shaded Perennial,24,6,42,
46138,Tropical,Dry,Oceania,Silvoarable,36.1,9.025,63.175,
46139,Tropical,Dry,Oceania,Silvopasture,29.1,7.275,50.925,
46140,Tropical,Dry,Oceania,Other Land,1,#N/A,#N/A,
46141,Tropical,Dry,Oceania,Tea,18.3,4.575,32.025,
46142,Tropical,Dry,Oceania,Oil Palm,30,7.5,52.5,
46143,Tropical,Dry,Oceania,Rubber,40.1,10.025,70.175,
46144,Tropical,Dry,North America,Grains,4.7,1.175,8.225,
46145,Tropical,Dry,North America,Maize,4.7,1.175,8.225,
46146,Tropical,Dry,North America,Sugarcane,4.7,1.175,8.225,
46147,Tropical,Dry,North America,Wheat,4.7,1.175,8.225,
46148,Tropical,Dry,North America,Beans & Pulses,4.7,1.175,8.225,
46149,Tropical,Dry,North America,Tubers,4.7,1.175,8.225,
46150,Tropical,Dry,North America,Root Crops,4.7,1.175,8.225,
46151,Tropical,Dry,North America,Barley,4.7,1.175,8.225,
46152,Tropical,Dry,North America,Oats,4.7,1.175,8.225,
46153,Tropical,Dry,North America,Millet,4.7,1.175,8.225,
46154,Tropical,Dry,North America,Sorghum,4.7,1.175,8.225,
46155,Tropical,Dry,North America,Rye,4.7,1.175,8.225,
46156,Tropical,Dry,North America,Soybeans,4.7,1.175,8.225,
46157,Tropical,Dry,North America,Dry Bean,4.7,1.175,8.225,
46158,Tropical,Dry,North America,Potatoes,4.7,1.175,8.225,
46159,Tropical,Dry,North America,Peanuts,4.7,1.175,8.225,
46160,Tropical,Dry,North America,Vegetables,4.7,1.175,8.225,
46161,Tropical,Dry,North America,Oilseeds,4.7,1.175,8.225,
46162,Tropical,Dry,North America,Groundnuts,4.7,1.175,8.225,
46163,Tropical,Dry,North America,Annual Cropland,4.7,1.175,8.225,
46164,Tropical,Dry,North America,Set Aside,4.7,1.175,8.225,
46165,Tropical,Dry,North America,Flooded Rice,4.7,1.175,8.225,
46166,Tropical,Dry,North America,Grassland,4.089,1.02225,7.15575,
46167,Tropical,Dry,North America,Other Land (Non-Vegetated),0,#N/A,#N/A,
46168,Tropical,Dry,North America,Settlement,0,#N/A,#N/A,
46169,Tropical,Dry,North America,Agroforestry - Default,20.8875,5.221875,36.553125,
46170,Tropical,Dry,North America,Alley Cropping,23.7,5.925,41.475,
46171,Tropical,Dry,North America,Perennial Fallow,11.1,2.775,19.425,
46172,Tropical,Dry,North America,Hedgerow,4.7,3.337,6.063,
46173,Tropical,Dry,North America,Multistrata,32.5,8.125,56.875,
46174,Tropical,Dry,North America,Parkland,5.9,1.475,10.325,
46175,Tropical,Dry,North America,Shaded Perennial,24,6,42,
46176,Tropical,Dry,North America,Silvoarable,36.1,9.025,63.175,
46177,Tropical,Dry,North America,Silvopasture,29.1,7.275,50.925,
46178,Tropical,Dry,North America,Other Land,1,#N/A,#N/A,
46179,Tropical,Dry,North America,Tea,18.3,4.575,32.025,
46180,Tropical,Dry,North America,Oil Palm,30,7.5,52.5,
46181,Tropical,Dry,North America,Rubber,40.1,10.025,70.175,
46182,Tropical,Dry,South America,Grains,4.7,1.175,8.225,
46183,Tropical,Dry,South America,Maize,4.7,1.175,8.225,
46184,Tropical,Dry,South America,Sugarcane,4.7,1.175,8.225,
46185,Tropical,Dry,South America,Wheat,4.7,1.175,8.225,
46186,Tropical,Dry,South America,Beans & Pulses,4.7,1.175,8.225,
46187,Tropical,Dry,South America,Tubers,4.7,1.175,8.225,
46188,Tropical,Dry,South America,Root Crops,4.7,1.175,8.225,
46189,Tropical,Dry,South America,Barley,4.7,1.175,8.225,
46190,Tropical,Dry,South America,Oats,4.7,1.175,8.225,
46191,Tropical,Dry,South America,Millet,4.7,1.175,8.225,
46192,Tropical,Dry,South America,Sorghum,4.7,1.175,8.225,
46193,Tropical,Dry,South America,Rye,4.7,1.175,8.225,
46194,Tropical,Dry,South America,Soybeans,4.7,1.175,8.225,
46195,Tropical,Dry,South America,Dry Bean,4.7,1.175,8.225,
46196,Tropical,Dry,South America,Potatoes,4.7,1.175,8.225,
46197,Tropical,Dry,South America,Peanuts,4.7,1.175,8.225,
46198,Tropical,Dry,South America,Vegetables,4.7,1.175,8.225,
46199,Tropical,Dry,South America,Oilseeds,4.7,1.175,8.225,
46200,Tropical,Dry,South America,Groundnuts,4.7,1.175,8.225,
46201,Tropical,Dry,South America,Annual Cropland,4.7,1.175,8.225,
46202,Tropical,Dry,South America,Set Aside,4.7,1.175,8.225,
46203,Tropical,Dry,South America,Flooded Rice,4.7,1.175,8.225,
46204,Tropical,Dry,South America,Grassland,4.089,1.02225,7.15575,
46205,Tropical,Dry,South America,Other Land (Non-Vegetated),0,#N/A,#N/A,
46206,Tropical,Dry,South America,Settlement,0,#N/A,#N/A,
46207,Tropical,Dry,South America,Agroforestry - Default,20.8875,5.221875,36.553125,
46208,Tropical,Dry,South America,Alley Cropping,23.7,5.925,41.475,
46209,Tropical,Dry,South America,Perennial Fallow,11.1,2.775,19.425,
46210,Tropical,Dry,South America,Hedgerow,4.7,3.337,6.063,
46211,Tropical,Dry,South America,Multistrata,32.5,8.125,56.875,
46212,Tropical,Dry,South America,Parkland,5.9,1.475,10.325,
46213,Tropical,Dry,South America,Shaded Perennial,24,6,42,
46214,Tropical,Dry,South America,Silvoarable,36.1,9.025,63.175,
46215,Tropical,Dry,South America,Silvopasture,29.1,7.275,50.925,
46216,Tropical,Dry,South America,Other Land,1,#N/A,#N/A,
46217,Tropical,Dry,South America,Tea,18.3,4.575,32.025,
46218,Tropical,Dry,South America,Oil Palm,30,7.5,52.5,
46219,Tropical,Dry,South America,Rubber,40.1,10.025,70.175,
46220,Tropical,Dry,Central America,Grains,4.7,1.175,8.225,
46221,Tropical,Dry,Central America,Maize,4.7,1.175,8.225,
46222,Tropical,Dry,Central America,Sugarcane,4.7,1.175,8.225,
46223,Tropical,Dry,Central America,Wheat,4.7,1.175,8.225,
46224,Tropical,Dry,Central America,Beans & Pulses,4.7,1.175,8.225,
46225,Tropical,Dry,Central America,Tubers,4.7,1.175,8.225,
46226,Tropical,Dry,Central America,Root Crops,4.7,1.175,8.225,
46227,Tropical,Dry,Central America,Barley,4.7,1.175,8.225,
46228,Tropical,Dry,Central America,Oats,4.7,1.175,8.225,
46229,Tropical,Dry,Central America,Millet,4.7,1.175,8.225,
46230,Tropical,Dry,Central America,Sorghum,4.7,1.175,8.225,
46231,Tropical,Dry,Central America,Rye,4.7,1.175,8.225,
46232,Tropical,Dry,Central America,Soybeans,4.7,1.175,8.225,
46233,Tropical,Dry,Central America,Dry Bean,4.7,1.175,8.225,
46234,Tropical,Dry,Central America,Potatoes,4.7,1.175,8.225,
46235,Tropical,Dry,Central America,Peanuts,4.7,1.175,8.225,
46236,Tropical,Dry,Central America,Vegetables,4.7,1.175,8.225,
46237,Tropical,Dry,Central America,Oilseeds,4.7,1.175,8.225,
46238,Tropical,Dry,Central America,Groundnuts,4.7,1.175,8.225,
46239,Tropical,Dry,Central America,Annual Cropland,4.7,1.175,8.225,
46240,Tropical,Dry,Central America,Set Aside,4.7,1.175,8.225,
46241,Tropical,Dry,Central America,Flooded Rice,4.7,1.175,8.225,
46242,Tropical,Dry,Central America,Grassland,4.089,1.02225,7.15575,
46243,Tropical,Dry,Central America,Other Land (Non-Vegetated),0,#N/A,#N/A,
46244,Tropical,Dry,Central America,Settlement,0,#N/A,#N/A,
46245,Tropical,Dry,Central America,Agroforestry - Default,20.8875,5.221875,36.553125,
46246,Tropical,Dry,Central America,Alley Cropping,23.7,5.925,41.475,
46247,Tropical,Dry,Central America,Perennial Fallow,11.1,2.775,19.425,
46248,Tropical,Dry,Central America,Hedgerow,4.7,3.337,6.063,
46249,Tropical,Dry,Central America,Multistrata,32.5,8.125,56.875,
46250,Tropical,Dry,Central America,Parkland,5.9,1.475,10.325,
46251,Tropical,Dry,Central America,Shaded Perennial,24,6,42,
46252,Tropical,Dry,Central America,Silvoarable,36.1,9.025,63.175,
46253,Tropical,Dry,Central America,Silvopasture,29.1,7.275,50.925,
46254,Tropical,Dry,Central America,Other Land,1,#N/A,#N/A,
46255,Tropical,Dry,Central America,Tea,18.3,4.575,32.025,
46256,Tropical,Dry,Central America,Oil Palm,30,7.5,52.5,
46257,Tropical,Dry,Central America,Rubber,40.1,10.025,70.175,
46258,Tropical,Dry,Caribbean,Grains,4.7,1.175,8.225,
46259,Tropical,Dry,Caribbean,Maize,4.7,1.175,8.225,
46260,Tropical,Dry,Caribbean,Sugarcane,4.7,1.175,8.225,
46261,Tropical,Dry,Caribbean,Wheat,4.7,1.175,8.225,
46262,Tropical,Dry,Caribbean,Beans & Pulses,4.7,1.175,8.225,
46263,Tropical,Dry,Caribbean,Tubers,4.7,1.175,8.225,
46264,Tropical,Dry,Caribbean,Root Crops,4.7,1.175,8.225,
46265,Tropical,Dry,Caribbean,Barley,4.7,1.175,8.225,
46266,Tropical,Dry,Caribbean,Oats,4.7,1.175,8.225,
46267,Tropical,Dry,Caribbean,Millet,4.7,1.175,8.225,
46268,Tropical,Dry,Caribbean,Sorghum,4.7,1.175,8.225,
46269,Tropical,Dry,Caribbean,Rye,4.7,1.175,8.225,
46270,Tropical,Dry,Caribbean,Soybeans,4.7,1.175,8.225,
46271,Tropical,Dry,Caribbean,Dry Bean,4.7,1.175,8.225,
46272,Tropical,Dry,Caribbean,Potatoes,4.7,1.175,8.225,
46273,Tropical,Dry,Caribbean,Peanuts,4.7,1.175,8.225,
46274,Tropical,Dry,Caribbean,Vegetables,4.7,1.175,8.225,
46275,Tropical,Dry,Caribbean,Oilseeds,4.7,1.175,8.225,
46276,Tropical,Dry,Caribbean,Groundnuts,4.7,1.175,8.225,
46277,Tropical,Dry,Caribbean,Annual Cropland,4.7,1.175,8.225,
46278,Tropical,Dry,Caribbean,Set Aside,4.7,1.175,8.225,
46279,Tropical,Dry,Caribbean,Flooded Rice,4.7,1.175,8.225,
46280,Tropical,Dry,Caribbean,Grassland,4.089,1.02225,7.15575,
46281,Tropical,Dry,Caribbean,Other Land (Non-Vegetated),0,#N/A,#N/A,
46282,Tropical,Dry,Caribbean,Settlement,0,#N/A,#N/A,
46283,Tropical,Dry,Caribbean,Agroforestry - Default,20.8875,5.221875,36.553125,
46284,Tropical,Dry,Caribbean,Alley Cropping,23.7,5.925,41.475,
46285,Tropical,Dry,Caribbean,Perennial Fallow,11.1,2.775,19.425,
46286,Tropical,Dry,Caribbean,Hedgerow,4.7,3.337,6.063,
46287,Tropical,Dry,Caribbean,Multistrata,32.5,8.125,56.875,
46288,Tropical,Dry,Caribbean,Parkland,5.9,1.475,10.325,
46289,Tropical,Dry,Caribbean,Shaded Perennial,24,6,42,
46290,Tropical,Dry,Caribbean,Silvoarable,36.1,9.025,63.175,
46291,Tropical,Dry,Caribbean,Silvopasture,29.1,7.275,50.925,
46292,Tropical,Dry,Caribbean,Other Land,1,#N/A,#N/A,
46293,Tropical,Dry,Caribbean,Tea,18.3,4.575,32.025,
46294,Tropical,Dry,Caribbean,Oil Palm,30,7.5,52.5,
46295,Tropical,Dry,Caribbean,Rubber,40.1,10.025,70.175,
46296,Tropical,Moist,Eastern Africa,Grains,4.7,1.175,8.225,
46297,Tropical,Moist,Eastern Africa,Maize,4.7,1.175,8.225,
46298,Tropical,Moist,Eastern Africa,Sugarcane,4.7,1.175,8.225,
46299,Tropical,Moist,Eastern Africa,Wheat,4.7,1.175,8.225,
46300,Tropical,Moist,Eastern Africa,Beans & Pulses,4.7,1.175,8.225,
46301,Tropical,Moist,Eastern Africa,Tubers,4.7,1.175,8.225,
46302,Tropical,Moist,Eastern Africa,Root Crops,4.7,1.175,8.225,
46303,Tropical,Moist,Eastern Africa,Barley,4.7,1.175,8.225,
46304,Tropical,Moist,Eastern Africa,Oats,4.7,1.175,8.225,
46305,Tropical,Moist,Eastern Africa,Millet,4.7,1.175,8.225,
46306,Tropical,Moist,Eastern Africa,Sorghum,4.7,1.175,8.225,
46307,Tropical,Moist,Eastern Africa,Rye,4.7,1.175,8.225,
46308,Tropical,Moist,Eastern Africa,Soybeans,4.7,1.175,8.225,
46309,Tropical,Moist,Eastern Africa,Dry Bean,4.7,1.175,8.225,
46310,Tropical,Moist,Eastern Africa,Potatoes,4.7,1.175,8.225,
46311,Tropical,Moist,Eastern Africa,Peanuts,4.7,1.175,8.225,
46312,Tropical,Moist,Eastern Africa,Vegetables,4.7,1.175,8.225,
46313,Tropical,Moist,Eastern Africa,Oilseeds,4.7,1.175,8.225,
46314,Tropical,Moist,Eastern Africa,Groundnuts,4.7,1.175,8.225,
46315,Tropical,Moist,Eastern Africa,Annual Cropland,4.7,1.175,8.225,
46316,Tropical,Moist,Eastern Africa,Set Aside,4.7,1.175,8.225,
46317,Tropical,Moist,Eastern Africa,Flooded Rice,4.7,1.175,8.225,
46318,Tropical,Moist,Eastern Africa,Grassland,7.567,1.89175,13.24225,
46319,Tropical,Moist,Eastern Africa,Other Land (Non-Vegetated),0,#N/A,#N/A,
46320,Tropical,Moist,Eastern Africa,Settlement,0,#N/A,#N/A,
46321,Tropical,Moist,Eastern Africa,Agroforestry - Default,20.8875,5.221875,36.553125,
46322,Tropical,Moist,Eastern Africa,Alley Cropping,23.7,5.925,41.475,
46323,Tropical,Moist,Eastern Africa,Perennial Fallow,11.1,2.775,19.425,
46324,Tropical,Moist,Eastern Africa,Hedgerow,4.7,3.337,6.063,
46325,Tropical,Moist,Eastern Africa,Multistrata,32.5,8.125,56.875,
46326,Tropical,Moist,Eastern Africa,Parkland,5.9,1.475,10.325,
46327,Tropical,Moist,Eastern Africa,Shaded Perennial,24,6,42,
46328,Tropical,Moist,Eastern Africa,Silvoarable,36.1,9.025,63.175,
46329,Tropical,Moist,Eastern Africa,Silvopasture,29.1,7.275,50.925,
46330,Tropical,Moist,Eastern Africa,Other Land,1,#N/A,#N/A,
46331,Tropical,Moist,Eastern Africa,Tea,18.3,4.575,32.025,
46332,Tropical,Moist,Eastern Africa,Oil Palm,30,7.5,52.5,
46333,Tropical,Moist,Eastern Africa,Rubber,40.1,10.025,70.175,
46334,Tropical,Moist,Central Africa,Grains,4.7,1.175,8.225,
46335,Tropical,Moist,Central Africa,Maize,4.7,1.175,8.225,
46336,Tropical,Moist,Central Africa,Sugarcane,4.7,1.175,8.225,
46337,Tropical,Moist,Central Africa,Wheat,4.7,1.175,8.225,
46338,Tropical,Moist,Central Africa,Beans & Pulses,4.7,1.175,8.225,
46339,Tropical,Moist,Central Africa,Tubers,4.7,1.175,8.225,
46340,Tropical,Moist,Central Africa,Root Crops,4.7,1.175,8.225,
46341,Tropical,Moist,Central Africa,Barley,4.7,1.175,8.225,
46342,Tropical,Moist,Central Africa,Oats,4.7,1.175,8.225,
46343,Tropical,Moist,Central Africa,Millet,4.7,1.175,8.225,
46344,Tropical,Moist,Central Africa,Sorghum,4.7,1.175,8.225,
46345,Tropical,Moist,Central Africa,Rye,4.7,1.175,8.225,
46346,Tropical,Moist,Central Africa,Soybeans,4.7,1.175,8.225,
46347,Tropical,Moist,Central Africa,Dry Bean,4.7,1.175,8.225,
46348,Tropical,Moist,Central Africa,Potatoes,4.7,1.175,8.225,
46349,Tropical,Moist,Central Africa,Peanuts,4.7,1.175,8.225,
46350,Tropical,Moist,Central Africa,Vegetables,4.7,1.175,8.225,
46351,Tropical,Moist,Central Africa,Oilseeds,4.7,1.175,8.225,
46352,Tropical,Moist,Central Africa,Groundnuts,4.7,1.175,8.225,
46353,Tropical,Moist,Central Africa,Annual Cropland,4.7,1.175,8.225,
46354,Tropical,Moist,Central Africa,Set Aside,4.7,1.175,8.225,
46355,Tropical,Moist,Central Africa,Flooded Rice,4.7,1.175,8.225,
46356,Tropical,Moist,Central Africa,Grassland,7.567,1.89175,13.24225,
46357,Tropical,Moist,Central Africa,Other Land (Non-Vegetated),0,#N/A,#N/A,
46358,Tropical,Moist,Central Africa,Settlement,0,#N/A,#N/A,
46359,Tropical,Moist,Central Africa,Agroforestry - Default,20.8875,5.221875,36.553125,
46360,Tropical,Moist,Central Africa,Alley Cropping,23.7,5.925,41.475,
46361,Tropical,Moist,Central Africa,Perennial Fallow,11.1,2.775,19.425,
46362,Tropical,Moist,Central Africa,Hedgerow,4.7,3.337,6.063,
46363,Tropical,Moist,Central Africa,Multistrata,32.5,8.125,56.875,
46364,Tropical,Moist,Central Africa,Parkland,5.9,1.475,10.325,
46365,Tropical,Moist,Central Africa,Shaded Perennial,24,6,42,
46366,Tropical,Moist,Central Africa,Silvoarable,36.1,9.025,63.175,
46367,Tropical,Moist,Central Africa,Silvopasture,29.1,7.275,50.925,
46368,Tropical,Moist,Central Africa,Other Land,1,#N/A,#N/A,
46369,Tropical,Moist,Central Africa,Tea,18.3,4.575,32.025,
46370,Tropical,Moist,Central Africa,Oil Palm,30,7.5,52.5,
46371,Tropical,Moist,Central Africa,Rubber,40.1,10.025,70.175,
46372,Tropical,Moist,Northern Africa,Grains,4.7,1.175,8.225,
46373,Tropical,Moist,Northern Africa,Maize,4.7,1.175,8.225,
46374,Tropical,Moist,Northern Africa,Sugarcane,4.7,1.175,8.225,
46375,Tropical,Moist,Northern Africa,Wheat,4.7,1.175,8.225,
46376,Tropical,Moist,Northern Africa,Beans & Pulses,4.7,1.175,8.225,
46377,Tropical,Moist,Northern Africa,Tubers,4.7,1.175,8.225,
46378,Tropical,Moist,Northern Africa,Root Crops,4.7,1.175,8.225,
46379,Tropical,Moist,Northern Africa,Barley,4.7,1.175,8.225,
46380,Tropical,Moist,Northern Africa,Oats,4.7,1.175,8.225,
46381,Tropical,Moist,Northern Africa,Millet,4.7,1.175,8.225,
46382,Tropical,Moist,Northern Africa,Sorghum,4.7,1.175,8.225,
46383,Tropical,Moist,Northern Africa,Rye,4.7,1.175,8.225,
46384,Tropical,Moist,Northern Africa,Soybeans,4.7,1.175,8.225,
46385,Tropical,Moist,Northern Africa,Dry Bean,4.7,1.175,8.225,
46386,Tropical,Moist,Northern Africa,Potatoes,4.7,1.175,8.225,
46387,Tropical,Moist,Northern Africa,Peanuts,4.7,1.175,8.225,
46388,Tropical,Moist,Northern Africa,Vegetables,4.7,1.175,8.225,
46389,Tropical,Moist,Northern Africa,Oilseeds,4.7,1.175,8.225,
46390,Tropical,Moist,Northern Africa,Groundnuts,4.7,1.175,8.225,
46391,Tropical,Moist,Northern Africa,Annual Cropland,4.7,1.175,8.225,
46392,Tropical,Moist,Northern Africa,Set Aside,4.7,1.175,8.225,
46393,Tropical,Moist,Northern Africa,Flooded Rice,4.7,1.175,8.225,
46394,Tropical,Moist,Northern Africa,Grassland,7.567,1.89175,13.24225,
46395,Tropical,Moist,Northern Africa,Other Land (Non-Vegetated),0,#N/A,#N/A,
46396,Tropical,Moist,Northern Africa,Settlement,0,#N/A,#N/A,
46397,Tropical,Moist,Northern Africa,Agroforestry - Default,20.8875,5.221875,36.553125,
46398,Tropical,Moist,Northern Africa,Alley Cropping,23.7,5.925,41.475,
46399,Tropical,Moist,Northern Africa,Perennial Fallow,11.1,2.775,19.425,
46400,Tropical,Moist,Northern Africa,Hedgerow,4.7,3.337,6.063,
46401,Tropical,Moist,Northern Africa,Multistrata,32.5,8.125,56.875,
46402,Tropical,Moist,Northern Africa,Parkland,5.9,1.475,10.325,
46403,Tropical,Moist,Northern Africa,Shaded Perennial,24,6,42,
46404,Tropical,Moist,Northern Africa,Silvoarable,36.1,9.025,63.175,
46405,Tropical,Moist,Northern Africa,Silvopasture,29.1,7.275,50.925,
46406,Tropical,Moist,Northern Africa,Other Land,1,#N/A,#N/A,
46407,Tropical,Moist,Northern Africa,Tea,18.3,4.575,32.025,
46408,Tropical,Moist,Northern Africa,Oil Palm,30,7.5,52.5,
46409,Tropical,Moist,Northern Africa,Rubber,40.1,10.025,70.175,
46410,Tropical,Moist,Southern Africa,Grains,4.7,1.175,8.225,
46411,Tropical,Moist,Southern Africa,Maize,4.7,1.175,8.225,
46412,Tropical,Moist,Southern Africa,Sugarcane,4.7,1.175,8.225,
46413,Tropical,Moist,Southern Africa,Wheat,4.7,1.175,8.225,
46414,Tropical,Moist,Southern Africa,Beans & Pulses,4.7,1.175,8.225,
46415,Tropical,Moist,Southern Africa,Tubers,4.7,1.175,8.225,
46416,Tropical,Moist,Southern Africa,Root Crops,4.7,1.175,8.225,
46417,Tropical,Moist,Southern Africa,Barley,4.7,1.175,8.225,
46418,Tropical,Moist,Southern Africa,Oats,4.7,1.175,8.225,
46419,Tropical,Moist,Southern Africa,Millet,4.7,1.175,8.225,
46420,Tropical,Moist,Southern Africa,Sorghum,4.7,1.175,8.225,
46421,Tropical,Moist,Southern Africa,Rye,4.7,1.175,8.225,
46422,Tropical,Moist,Southern Africa,Soybeans,4.7,1.175,8.225,
46423,Tropical,Moist,Southern Africa,Dry Bean,4.7,1.175,8.225,
46424,Tropical,Moist,Southern Africa,Potatoes,4.7,1.175,8.225,
46425,Tropical,Moist,Southern Africa,Peanuts,4.7,1.175,8.225,
46426,Tropical,Moist,Southern Africa,Vegetables,4.7,1.175,8.225,
46427,Tropical,Moist,Southern Africa,Oilseeds,4.7,1.175,8.225,
46428,Tropical,Moist,Southern Africa,Groundnuts,4.7,1.175,8.225,
46429,Tropical,Moist,Southern Africa,Annual Cropland,4.7,1.175,8.225,
46430,Tropical,Moist,Southern Africa,Set Aside,4.7,1.175,8.225,
46431,Tropical,Moist,Southern Africa,Flooded Rice,4.7,1.175,8.225,
46432,Tropical,Moist,Southern Africa,Grassland,7.567,1.89175,13.24225,
46433,Tropical,Moist,Southern Africa,Other Land (Non-Vegetated),0,#N/A,#N/A,
46434,Tropical,Moist,Southern Africa,Settlement,0,#N/A,#N/A,
46435,Tropical,Moist,Southern Africa,Agroforestry - Default,20.8875,5.221875,36.553125,
46436,Tropical,Moist,Southern Africa,Alley Cropping,23.7,5.925,41.475,
46437,Tropical,Moist,Southern Africa,Perennial Fallow,11.1,2.775,19.425,
46438,Tropical,Moist,Southern Africa,Hedgerow,4.7,3.337,6.063,
46439,Tropical,Moist,Southern Africa,Multistrata,32.5,8.125,56.875,
46440,Tropical,Moist,Southern Africa,Parkland,5.9,1.475,10.325,
46441,Tropical,Moist,Southern Africa,Shaded Perennial,24,6,42,
46442,Tropical,Moist,Southern Africa,Silvoarable,36.1,9.025,63.175,
46443,Tropical,Moist,Southern Africa,Silvopasture,29.1,7.275,50.925,
46444,Tropical,Moist,Southern Africa,Other Land,1,#N/A,#N/A,
46445,Tropical,Moist,Southern Africa,Tea,18.3,4.575,32.025,
46446,Tropical,Moist,Southern Africa,Oil Palm,30,7.5,52.5,
46447,Tropical,Moist,Southern Africa,Rubber,40.1,10.025,70.175,
46448,Tropical,Moist,Western Africa,Grains,4.7,1.175,8.225,
46449,Tropical,Moist,Western Africa,Maize,4.7,1.175,8.225,
46450,Tropical,Moist,Western Africa,Sugarcane,4.7,1.175,8.225,
46451,Tropical,Moist,Western Africa,Wheat,4.7,1.175,8.225,
46452,Tropical,Moist,Western Africa,Beans & Pulses,4.7,1.175,8.225,
46453,Tropical,Moist,Western Africa,Tubers,4.7,1.175,8.225,
46454,Tropical,Moist,Western Africa,Root Crops,4.7,1.175,8.225,
46455,Tropical,Moist,Western Africa,Barley,4.7,1.175,8.225,
46456,Tropical,Moist,Western Africa,Oats,4.7,1.175,8.225,
46457,Tropical,Moist,Western Africa,Millet,4.7,1.175,8.225,
46458,Tropical,Moist,Western Africa,Sorghum,4.7,1.175,8.225,
46459,Tropical,Moist,Western Africa,Rye,4.7,1.175,8.225,
46460,Tropical,Moist,Western Africa,Soybeans,4.7,1.175,8.225,
46461,Tropical,Moist,Western Africa,Dry Bean,4.7,1.175,8.225,
46462,Tropical,Moist,Western Africa,Potatoes,4.7,1.175,8.225,
46463,Tropical,Moist,Western Africa,Peanuts,4.7,1.175,8.225,
46464,Tropical,Moist,Western Africa,Vegetables,4.7,1.175,8.225,
46465,Tropical,Moist,Western Africa,Oilseeds,4.7,1.175,8.225,
46466,Tropical,Moist,Western Africa,Groundnuts,4.7,1.175,8.225,
46467,Tropical,Moist,Western Africa,Annual Cropland,4.7,1.175,8.225,
46468,Tropical,Moist,Western Africa,Set Aside,4.7,1.175,8.225,
46469,Tropical,Moist,Western Africa,Flooded Rice,4.7,1.175,8.225,
46470,Tropical,Moist,Western Africa,Grassland,7.567,1.89175,13.24225,
46471,Tropical,Moist,Western Africa,Other Land (Non-Vegetated),0,#N/A,#N/A,
46472,Tropical,Moist,Western Africa,Settlement,0,#N/A,#N/A,
46473,Tropical,Moist,Western Africa,Agroforestry - Default,20.8875,5.221875,36.553125,
46474,Tropical,Moist,Western Africa,Alley Cropping,23.7,5.925,41.475,
46475,Tropical,Moist,Western Africa,Perennial Fallow,11.1,2.775,19.425,
46476,Tropical,Moist,Western Africa,Hedgerow,4.7,3.337,6.063,
46477,Tropical,Moist,Western Africa,Multistrata,32.5,8.125,56.875,
46478,Tropical,Moist,Western Africa,Parkland,5.9,1.475,10.325,
46479,Tropical,Moist,Western Africa,Shaded Perennial,24,6,42,
46480,Tropical,Moist,Western Africa,Silvoarable,36.1,9.025,63.175,
46481,Tropical,Moist,Western Africa,Silvopasture,29.1,7.275,50.925,
46482,Tropical,Moist,Western Africa,Other Land,1,#N/A,#N/A,
46483,Tropical,Moist,Western Africa,Tea,18.3,4.575,32.025,
46484,Tropical,Moist,Western Africa,Oil Palm,30,7.5,52.5,
46485,Tropical,Moist,Western Africa,Rubber,40.1,10.025,70.175,
46486,Tropical,Moist,Central Asia,Grains,4.7,1.175,8.225,
46487,Tropical,Moist,Central Asia,Maize,4.7,1.175,8.225,
46488,Tropical,Moist,Central Asia,Sugarcane,4.7,1.175,8.225,
46489,Tropical,Moist,Central Asia,Wheat,4.7,1.175,8.225,
46490,Tropical,Moist,Central Asia,Beans & Pulses,4.7,1.175,8.225,
46491,Tropical,Moist,Central Asia,Tubers,4.7,1.175,8.225,
46492,Tropical,Moist,Central Asia,Root Crops,4.7,1.175,8.225,
46493,Tropical,Moist,Central Asia,Barley,4.7,1.175,8.225,
46494,Tropical,Moist,Central Asia,Oats,4.7,1.175,8.225,
46495,Tropical,Moist,Central Asia,Millet,4.7,1.175,8.225,
46496,Tropical,Moist,Central Asia,Sorghum,4.7,1.175,8.225,
46497,Tropical,Moist,Central Asia,Rye,4.7,1.175,8.225,
46498,Tropical,Moist,Central Asia,Soybeans,4.7,1.175,8.225,
46499,Tropical,Moist,Central Asia,Dry Bean,4.7,1.175,8.225,
46500,Tropical,Moist,Central Asia,Potatoes,4.7,1.175,8.225,
46501,Tropical,Moist,Central Asia,Peanuts,4.7,1.175,8.225,
46502,Tropical,Moist,Central Asia,Vegetables,4.7,1.175,8.225,
46503,Tropical,Moist,Central Asia,Oilseeds,4.7,1.175,8.225,
46504,Tropical,Moist,Central Asia,Groundnuts,4.7,1.175,8.225,
46505,Tropical,Moist,Central Asia,Annual Cropland,4.7,1.175,8.225,
46506,Tropical,Moist,Central Asia,Set Aside,4.7,1.175,8.225,
46507,Tropical,Moist,Central Asia,Flooded Rice,4.7,1.175,8.225,
46508,Tropical,Moist,Central Asia,Grassland,7.567,1.89175,13.24225,
46509,Tropical,Moist,Central Asia,Other Land (Non-Vegetated),0,#N/A,#N/A,
46510,Tropical,Moist,Central Asia,Settlement,0,#N/A,#N/A,
46511,Tropical,Moist,Central Asia,Agroforestry - Default,20.8875,5.221875,36.553125,
46512,Tropical,Moist,Central Asia,Alley Cropping,23.7,5.925,41.475,
46513,Tropical,Moist,Central Asia,Perennial Fallow,11.1,2.775,19.425,
46514,Tropical,Moist,Central Asia,Hedgerow,4.7,3.337,6.063,
46515,Tropical,Moist,Central Asia,Multistrata,32.5,8.125,56.875,
46516,Tropical,Moist,Central Asia,Parkland,5.9,1.475,10.325,
46517,Tropical,Moist,Central Asia,Shaded Perennial,24,6,42,
46518,Tropical,Moist,Central Asia,Silvoarable,36.1,9.025,63.175,
46519,Tropical,Moist,Central Asia,Silvopasture,29.1,7.275,50.925,
46520,Tropical,Moist,Central Asia,Other Land,1,#N/A,#N/A,
46521,Tropical,Moist,Central Asia,Tea,18.3,4.575,32.025,
46522,Tropical,Moist,Central Asia,Oil Palm,30,7.5,52.5,
46523,Tropical,Moist,Central Asia,Rubber,40.1,10.025,70.175,
46524,Tropical,Moist,Eastern Asia,Grains,4.7,1.175,8.225,
46525,Tropical,Moist,Eastern Asia,Maize,4.7,1.175,8.225,
46526,Tropical,Moist,Eastern Asia,Sugarcane,4.7,1.175,8.225,
46527,Tropical,Moist,Eastern Asia,Wheat,4.7,1.175,8.225,
46528,Tropical,Moist,Eastern Asia,Beans & Pulses,4.7,1.175,8.225,
46529,Tropical,Moist,Eastern Asia,Tubers,4.7,1.175,8.225,
46530,Tropical,Moist,Eastern Asia,Root Crops,4.7,1.175,8.225,
46531,Tropical,Moist,Eastern Asia,Barley,4.7,1.175,8.225,
46532,Tropical,Moist,Eastern Asia,Oats,4.7,1.175,8.225,
46533,Tropical,Moist,Eastern Asia,Millet,4.7,1.175,8.225,
46534,Tropical,Moist,Eastern Asia,Sorghum,4.7,1.175,8.225,
46535,Tropical,Moist,Eastern Asia,Rye,4.7,1.175,8.225,
46536,Tropical,Moist,Eastern Asia,Soybeans,4.7,1.175,8.225,
46537,Tropical,Moist,Eastern Asia,Dry Bean,4.7,1.175,8.225,
46538,Tropical,Moist,Eastern Asia,Potatoes,4.7,1.175,8.225,
46539,Tropical,Moist,Eastern Asia,Peanuts,4.7,1.175,8.225,
46540,Tropical,Moist,Eastern Asia,Vegetables,4.7,1.175,8.225,
46541,Tropical,Moist,Eastern Asia,Oilseeds,4.7,1.175,8.225,
46542,Tropical,Moist,Eastern Asia,Groundnuts,4.7,1.175,8.225,
46543,Tropical,Moist,Eastern Asia,Annual Cropland,4.7,1.175,8.225,
46544,Tropical,Moist,Eastern Asia,Set Aside,4.7,1.175,8.225,
46545,Tropical,Moist,Eastern Asia,Flooded Rice,4.7,1.175,8.225,
46546,Tropical,Moist,Eastern Asia,Grassland,7.567,1.89175,13.24225,
46547,Tropical,Moist,Eastern Asia,Other Land (Non-Vegetated),0,#N/A,#N/A,
46548,Tropical,Moist,Eastern Asia,Settlement,0,#N/A,#N/A,
46549,Tropical,Moist,Eastern Asia,Agroforestry - Default,20.8875,5.221875,36.553125,
46550,Tropical,Moist,Eastern Asia,Alley Cropping,23.7,5.925,41.475,
46551,Tropical,Moist,Eastern Asia,Perennial Fallow,11.1,2.775,19.425,
46552,Tropical,Moist,Eastern Asia,Hedgerow,4.7,3.337,6.063,
46553,Tropical,Moist,Eastern Asia,Multistrata,32.5,8.125,56.875,
46554,Tropical,Moist,Eastern Asia,Parkland,5.9,1.475,10.325,
46555,Tropical,Moist,Eastern Asia,Shaded Perennial,24,6,42,
46556,Tropical,Moist,Eastern Asia,Silvoarable,36.1,9.025,63.175,
46557,Tropical,Moist,Eastern Asia,Silvopasture,29.1,7.275,50.925,
46558,Tropical,Moist,Eastern Asia,Other Land,1,#N/A,#N/A,
46559,Tropical,Moist,Eastern Asia,Tea,18.3,4.575,32.025,
46560,Tropical,Moist,Eastern Asia,Oil Palm,30,7.5,52.5,
46561,Tropical,Moist,Eastern Asia,Rubber,40.1,10.025,70.175,
46562,Tropical,Moist,South-Eastern Asia,Grains,4.7,1.175,8.225,
46563,Tropical,Moist,South-Eastern Asia,Maize,4.7,1.175,8.225,
46564,Tropical,Moist,South-Eastern Asia,Sugarcane,4.7,1.175,8.225,
46565,Tropical,Moist,South-Eastern Asia,Wheat,4.7,1.175,8.225,
46566,Tropical,Moist,South-Eastern Asia,Beans & Pulses,4.7,1.175,8.225,
46567,Tropical,Moist,South-Eastern Asia,Tubers,4.7,1.175,8.225,
46568,Tropical,Moist,South-Eastern Asia,Root Crops,4.7,1.175,8.225,
46569,Tropical,Moist,South-Eastern Asia,Barley,4.7,1.175,8.225,
46570,Tropical,Moist,South-Eastern Asia,Oats,4.7,1.175,8.225,
46571,Tropical,Moist,South-Eastern Asia,Millet,4.7,1.175,8.225,
46572,Tropical,Moist,South-Eastern Asia,Sorghum,4.7,1.175,8.225,
46573,Tropical,Moist,South-Eastern Asia,Rye,4.7,1.175,8.225,
46574,Tropical,Moist,South-Eastern Asia,Soybeans,4.7,1.175,8.225,
46575,Tropical,Moist,South-Eastern Asia,Dry Bean,4.7,1.175,8.225,
46576,Tropical,Moist,South-Eastern Asia,Potatoes,4.7,1.175,8.225,
46577,Tropical,Moist,South-Eastern Asia,Peanuts,4.7,1.175,8.225,
46578,Tropical,Moist,South-Eastern Asia,Vegetables,4.7,1.175,8.225,
46579,Tropical,Moist,South-Eastern Asia,Oilseeds,4.7,1.175,8.225,
46580,Tropical,Moist,South-Eastern Asia,Groundnuts,4.7,1.175,8.225,
46581,Tropical,Moist,South-Eastern Asia,Annual Cropland,4.7,1.175,8.225,
46582,Tropical,Moist,South-Eastern Asia,Set Aside,4.7,1.175,8.225,
46583,Tropical,Moist,South-Eastern Asia,Flooded Rice,4.7,1.175,8.225,
46584,Tropical,Moist,South-Eastern Asia,Grassland,7.567,1.89175,13.24225,
46585,Tropical,Moist,South-Eastern Asia,Other Land (Non-Vegetated),0,#N/A,#N/A,
46586,Tropical,Moist,South-Eastern Asia,Settlement,0,#N/A,#N/A,
46587,Tropical,Moist,South-Eastern Asia,Agroforestry - Default,20.8875,5.221875,36.553125,
46588,Tropical,Moist,South-Eastern Asia,Alley Cropping,23.7,5.925,41.475,
46589,Tropical,Moist,South-Eastern Asia,Perennial Fallow,11.1,2.775,19.425,
46590,Tropical,Moist,South-Eastern Asia,Hedgerow,4.7,3.337,6.063,
46591,Tropical,Moist,South-Eastern Asia,Multistrata,32.5,8.125,56.875,
46592,Tropical,Moist,South-Eastern Asia,Parkland,5.9,1.475,10.325,
46593,Tropical,Moist,South-Eastern Asia,Shaded Perennial,24,6,42,
46594,Tropical,Moist,South-Eastern Asia,Silvoarable,36.1,9.025,63.175,
46595,Tropical,Moist,South-Eastern Asia,Silvopasture,29.1,7.275,50.925,
46596,Tropical,Moist,South-Eastern Asia,Other Land,1,#N/A,#N/A,
46597,Tropical,Moist,South-Eastern Asia,Tea,18.3,4.575,32.025,
46598,Tropical,Moist,South-Eastern Asia,Oil Palm,30,7.5,52.5,
46599,Tropical,Moist,South-Eastern Asia,Rubber,40.1,10.025,70.175,
46600,Tropical,Moist,Southern Asia,Grains,4.7,1.175,8.225,
46601,Tropical,Moist,Southern Asia,Maize,4.7,1.175,8.225,
46602,Tropical,Moist,Southern Asia,Sugarcane,4.7,1.175,8.225,
46603,Tropical,Moist,Southern Asia,Wheat,4.7,1.175,8.225,
46604,Tropical,Moist,Southern Asia,Beans & Pulses,4.7,1.175,8.225,
46605,Tropical,Moist,Southern Asia,Tubers,4.7,1.175,8.225,
46606,Tropical,Moist,Southern Asia,Root Crops,4.7,1.175,8.225,
46607,Tropical,Moist,Southern Asia,Barley,4.7,1.175,8.225,
46608,Tropical,Moist,Southern Asia,Oats,4.7,1.175,8.225,
46609,Tropical,Moist,Southern Asia,Millet,4.7,1.175,8.225,
46610,Tropical,Moist,Southern Asia,Sorghum,4.7,1.175,8.225,
46611,Tropical,Moist,Southern Asia,Rye,4.7,1.175,8.225,
46612,Tropical,Moist,Southern Asia,Soybeans,4.7,1.175,8.225,
46613,Tropical,Moist,Southern Asia,Dry Bean,4.7,1.175,8.225,
46614,Tropical,Moist,Southern Asia,Potatoes,4.7,1.175,8.225,
46615,Tropical,Moist,Southern Asia,Peanuts,4.7,1.175,8.225,
46616,Tropical,Moist,Southern Asia,Vegetables,4.7,1.175,8.225,
46617,Tropical,Moist,Southern Asia,Oilseeds,4.7,1.175,8.225,
46618,Tropical,Moist,Southern Asia,Groundnuts,4.7,1.175,8.225,
46619,Tropical,Moist,Southern Asia,Annual Cropland,4.7,1.175,8.225,
46620,Tropical,Moist,Southern Asia,Set Aside,4.7,1.175,8.225,
46621,Tropical,Moist,Southern Asia,Flooded Rice,4.7,1.175,8.225,
46622,Tropical,Moist,Southern Asia,Grassland,7.567,1.89175,13.24225,
46623,Tropical,Moist,Southern Asia,Other Land (Non-Vegetated),0,#N/A,#N/A,
46624,Tropical,Moist,Southern Asia,Settlement,0,#N/A,#N/A,
46625,Tropical,Moist,Southern Asia,Agroforestry - Default,20.8875,5.221875,36.553125,
46626,Tropical,Moist,Southern Asia,Alley Cropping,23.7,5.925,41.475,
46627,Tropical,Moist,Southern Asia,Perennial Fallow,11.1,2.775,19.425,
46628,Tropical,Moist,Southern Asia,Hedgerow,4.7,3.337,6.063,
46629,Tropical,Moist,Southern Asia,Multistrata,32.5,8.125,56.875,
46630,Tropical,Moist,Southern Asia,Parkland,5.9,1.475,10.325,
46631,Tropical,Moist,Southern Asia,Shaded Perennial,24,6,42,
46632,Tropical,Moist,Southern Asia,Silvoarable,36.1,9.025,63.175,
46633,Tropical,Moist,Southern Asia,Silvopasture,29.1,7.275,50.925,
46634,Tropical,Moist,Southern Asia,Other Land,1,#N/A,#N/A,
46635,Tropical,Moist,Southern Asia,Tea,18.3,4.575,32.025,
46636,Tropical,Moist,Southern Asia,Oil Palm,30,7.5,52.5,
46637,Tropical,Moist,Southern Asia,Rubber,40.1,10.025,70.175,
46638,Tropical,Moist,Western Asia,Grains,4.7,1.175,8.225,
46639,Tropical,Moist,Western Asia,Maize,4.7,1.175,8.225,
46640,Tropical,Moist,Western Asia,Sugarcane,4.7,1.175,8.225,
46641,Tropical,Moist,Western Asia,Wheat,4.7,1.175,8.225,
46642,Tropical,Moist,Western Asia,Beans & Pulses,4.7,1.175,8.225,
46643,Tropical,Moist,Western Asia,Tubers,4.7,1.175,8.225,
46644,Tropical,Moist,Western Asia,Root Crops,4.7,1.175,8.225,
46645,Tropical,Moist,Western Asia,Barley,4.7,1.175,8.225,
46646,Tropical,Moist,Western Asia,Oats,4.7,1.175,8.225,
46647,Tropical,Moist,Western Asia,Millet,4.7,1.175,8.225,
46648,Tropical,Moist,Western Asia,Sorghum,4.7,1.175,8.225,
46649,Tropical,Moist,Western Asia,Rye,4.7,1.175,8.225,
46650,Tropical,Moist,Western Asia,Soybeans,4.7,1.175,8.225,
46651,Tropical,Moist,Western Asia,Dry Bean,4.7,1.175,8.225,
46652,Tropical,Moist,Western Asia,Potatoes,4.7,1.175,8.225,
46653,Tropical,Moist,Western Asia,Peanuts,4.7,1.175,8.225,
46654,Tropical,Moist,Western Asia,Vegetables,4.7,1.175,8.225,
46655,Tropical,Moist,Western Asia,Oilseeds,4.7,1.175,8.225,
46656,Tropical,Moist,Western Asia,Groundnuts,4.7,1.175,8.225,
46657,Tropical,Moist,Western Asia,Annual Cropland,4.7,1.175,8.225,
46658,Tropical,Moist,Western Asia,Set Aside,4.7,1.175,8.225,
46659,Tropical,Moist,Western Asia,Flooded Rice,4.7,1.175,8.225,
46660,Tropical,Moist,Western Asia,Grassland,7.567,1.89175,13.24225,
46661,Tropical,Moist,Western Asia,Other Land (Non-Vegetated),0,#N/A,#N/A,
46662,Tropical,Moist,Western Asia,Settlement,0,#N/A,#N/A,
46663,Tropical,Moist,Western Asia,Agroforestry - Default,20.8875,5.221875,36.553125,
46664,Tropical,Moist,Western Asia,Alley Cropping,23.7,5.925,41.475,
46665,Tropical,Moist,Western Asia,Perennial Fallow,11.1,2.775,19.425,
46666,Tropical,Moist,Western Asia,Hedgerow,4.7,3.337,6.063,
46667,Tropical,Moist,Western Asia,Multistrata,32.5,8.125,56.875,
46668,Tropical,Moist,Western Asia,Parkland,5.9,1.475,10.325,
46669,Tropical,Moist,Western Asia,Shaded Perennial,24,6,42,
46670,Tropical,Moist,Western Asia,Silvoarable,36.1,9.025,63.175,
46671,Tropical,Moist,Western Asia,Silvopasture,29.1,7.275,50.925,
46672,Tropical,Moist,Western Asia,Other Land,1,#N/A,#N/A,
46673,Tropical,Moist,Western Asia,Tea,18.3,4.575,32.025,
46674,Tropical,Moist,Western Asia,Oil Palm,30,7.5,52.5,
46675,Tropical,Moist,Western Asia,Rubber,40.1,10.025,70.175,
46676,Tropical,Moist,Europe,Grains,4.7,1.175,8.225,
46677,Tropical,Moist,Europe,Maize,4.7,1.175,8.225,
46678,Tropical,Moist,Europe,Sugarcane,4.7,1.175,8.225,
46679,Tropical,Moist,Europe,Wheat,4.7,1.175,8.225,
46680,Tropical,Moist,Europe,Beans & Pulses,4.7,1.175,8.225,
46681,Tropical,Moist,Europe,Tubers,4.7,1.175,8.225,
46682,Tropical,Moist,Europe,Root Crops,4.7,1.175,8.225,
46683,Tropical,Moist,Europe,Barley,4.7,1.175,8.225,
46684,Tropical,Moist,Europe,Oats,4.7,1.175,8.225,
46685,Tropical,Moist,Europe,Millet,4.7,1.175,8.225,
46686,Tropical,Moist,Europe,Sorghum,4.7,1.175,8.225,
46687,Tropical,Moist,Europe,Rye,4.7,1.175,8.225,
46688,Tropical,Moist,Europe,Soybeans,4.7,1.175,8.225,
46689,Tropical,Moist,Europe,Dry Bean,4.7,1.175,8.225,
46690,Tropical,Moist,Europe,Potatoes,4.7,1.175,8.225,
46691,Tropical,Moist,Europe,Peanuts,4.7,1.175,8.225,
46692,Tropical,Moist,Europe,Vegetables,4.7,1.175,8.225,
46693,Tropical,Moist,Europe,Oilseeds,4.7,1.175,8.225,
46694,Tropical,Moist,Europe,Groundnuts,4.7,1.175,8.225,
46695,Tropical,Moist,Europe,Annual Cropland,4.7,1.175,8.225,
46696,Tropical,Moist,Europe,Set Aside,4.7,1.175,8.225,
46697,Tropical,Moist,Europe,Flooded Rice,4.7,1.175,8.225,
46698,Tropical,Moist,Europe,Grassland,7.567,1.89175,13.24225,
46699,Tropical,Moist,Europe,Other Land (Non-Vegetated),0,#N/A,#N/A,
46700,Tropical,Moist,Europe,Settlement,0,#N/A,#N/A,
46701,Tropical,Moist,Europe,Agroforestry - Default,20.8875,5.221875,36.553125,
46702,Tropical,Moist,Europe,Alley Cropping,23.7,5.925,41.475,
46703,Tropical,Moist,Europe,Perennial Fallow,11.1,2.775,19.425,
46704,Tropical,Moist,Europe,Hedgerow,4.7,3.337,6.063,
46705,Tropical,Moist,Europe,Multistrata,32.5,8.125,56.875,
46706,Tropical,Moist,Europe,Parkland,5.9,1.475,10.325,
46707,Tropical,Moist,Europe,Shaded Perennial,24,6,42,
46708,Tropical,Moist,Europe,Silvoarable,36.1,9.025,63.175,
46709,Tropical,Moist,Europe,Silvopasture,29.1,7.275,50.925,
46710,Tropical,Moist,Europe,Other Land,1,#N/A,#N/A,
46711,Tropical,Moist,Europe,Tea,18.3,4.575,32.025,
46712,Tropical,Moist,Europe,Oil Palm,30,7.5,52.5,
46713,Tropical,Moist,Europe,Rubber,40.1,10.025,70.175,
46714,Tropical,Moist,Oceania,Grains,4.7,1.175,8.225,
46715,Tropical,Moist,Oceania,Maize,4.7,1.175,8.225,
46716,Tropical,Moist,Oceania,Sugarcane,4.7,1.175,8.225,
46717,Tropical,Moist,Oceania,Wheat,4.7,1.175,8.225,
46718,Tropical,Moist,Oceania,Beans & Pulses,4.7,1.175,8.225,
46719,Tropical,Moist,Oceania,Tubers,4.7,1.175,8.225,
46720,Tropical,Moist,Oceania,Root Crops,4.7,1.175,8.225,
46721,Tropical,Moist,Oceania,Barley,4.7,1.175,8.225,
46722,Tropical,Moist,Oceania,Oats,4.7,1.175,8.225,
46723,Tropical,Moist,Oceania,Millet,4.7,1.175,8.225,
46724,Tropical,Moist,Oceania,Sorghum,4.7,1.175,8.225,
46725,Tropical,Moist,Oceania,Rye,4.7,1.175,8.225,
46726,Tropical,Moist,Oceania,Soybeans,4.7,1.175,8.225,
46727,Tropical,Moist,Oceania,Dry Bean,4.7,1.175,8.225,
46728,Tropical,Moist,Oceania,Potatoes,4.7,1.175,8.225,
46729,Tropical,Moist,Oceania,Peanuts,4.7,1.175,8.225,
46730,Tropical,Moist,Oceania,Vegetables,4.7,1.175,8.225,
46731,Tropical,Moist,Oceania,Oilseeds,4.7,1.175,8.225,
46732,Tropical,Moist,Oceania,Groundnuts,4.7,1.175,8.225,
46733,Tropical,Moist,Oceania,Annual Cropland,4.7,1.175,8.225,
46734,Tropical,Moist,Oceania,Set Aside,4.7,1.175,8.225,
46735,Tropical,Moist,Oceania,Flooded Rice,4.7,1.175,8.225,
46736,Tropical,Moist,Oceania,Grassland,7.567,1.89175,13.24225,
46737,Tropical,Moist,Oceania,Other Land (Non-Vegetated),0,#N/A,#N/A,
46738,Tropical,Moist,Oceania,Settlement,0,#N/A,#N/A,
46739,Tropical,Moist,Oceania,Agroforestry - Default,20.8875,5.221875,36.553125,
46740,Tropical,Moist,Oceania,Alley Cropping,23.7,5.925,41.475,
46741,Tropical,Moist,Oceania,Perennial Fallow,11.1,2.775,19.425,
46742,Tropical,Moist,Oceania,Hedgerow,4.7,3.337,6.063,
46743,Tropical,Moist,Oceania,Multistrata,32.5,8.125,56.875,
46744,Tropical,Moist,Oceania,Parkland,5.9,1.475,10.325,
46745,Tropical,Moist,Oceania,Shaded Perennial,24,6,42,
46746,Tropical,Moist,Oceania,Silvoarable,36.1,9.025,63.175,
46747,Tropical,Moist,Oceania,Silvopasture,29.1,7.275,50.925,
46748,Tropical,Moist,Oceania,Other Land,1,#N/A,#N/A,
46749,Tropical,Moist,Oceania,Tea,18.3,4.575,32.025,
46750,Tropical,Moist,Oceania,Oil Palm,30,7.5,52.5,
46751,Tropical,Moist,Oceania,Rubber,40.1,10.025,70.175,
46752,Tropical,Moist,North America,Grains,4.7,1.175,8.225,
46753,Tropical,Moist,North America,Maize,4.7,1.175,8.225,
46754,Tropical,Moist,North America,Sugarcane,4.7,1.175,8.225,
46755,Tropical,Moist,North America,Wheat,4.7,1.175,8.225,
46756,Tropical,Moist,North America,Beans & Pulses,4.7,1.175,8.225,
46757,Tropical,Moist,North America,Tubers,4.7,1.175,8.225,
46758,Tropical,Moist,North America,Root Crops,4.7,1.175,8.225,
46759,Tropical,Moist,North America,Barley,4.7,1.175,8.225,
46760,Tropical,Moist,North America,Oats,4.7,1.175,8.225,
46761,Tropical,Moist,North America,Millet,4.7,1.175,8.225,
46762,Tropical,Moist,North America,Sorghum,4.7,1.175,8.225,
46763,Tropical,Moist,North America,Rye,4.7,1.175,8.225,
46764,Tropical,Moist,North America,Soybeans,4.7,1.175,8.225,
46765,Tropical,Moist,North America,Dry Bean,4.7,1.175,8.225,
46766,Tropical,Moist,North America,Potatoes,4.7,1.175,8.225,
46767,Tropical,Moist,North America,Peanuts,4.7,1.175,8.225,
46768,Tropical,Moist,North America,Vegetables,4.7,1.175,8.225,
46769,Tropical,Moist,North America,Oilseeds,4.7,1.175,8.225,
46770,Tropical,Moist,North America,Groundnuts,4.7,1.175,8.225,
46771,Tropical,Moist,North America,Annual Cropland,4.7,1.175,8.225,
46772,Tropical,Moist,North America,Set Aside,4.7,1.175,8.225,
46773,Tropical,Moist,North America,Flooded Rice,4.7,1.175,8.225,
46774,Tropical,Moist,North America,Grassland,7.567,1.89175,13.24225,
46775,Tropical,Moist,North America,Other Land (Non-Vegetated),0,#N/A,#N/A,
46776,Tropical,Moist,North America,Settlement,0,#N/A,#N/A,
46777,Tropical,Moist,North America,Agroforestry - Default,20.8875,5.221875,36.553125,
46778,Tropical,Moist,North America,Alley Cropping,23.7,5.925,41.475,
46779,Tropical,Moist,North America,Perennial Fallow,11.1,2.775,19.425,
46780,Tropical,Moist,North America,Hedgerow,4.7,3.337,6.063,
46781,Tropical,Moist,North America,Multistrata,32.5,8.125,56.875,
46782,Tropical,Moist,North America,Parkland,5.9,1.475,10.325,
46783,Tropical,Moist,North America,Shaded Perennial,24,6,42,
46784,Tropical,Moist,North America,Silvoarable,36.1,9.025,63.175,
46785,Tropical,Moist,North America,Silvopasture,29.1,7.275,50.925,
46786,Tropical,Moist,North America,Other Land,1,#N/A,#N/A,
46787,Tropical,Moist,North America,Tea,18.3,4.575,32.025,
46788,Tropical,Moist,North America,Oil Palm,30,7.5,52.5,
46789,Tropical,Moist,North America,Rubber,40.1,10.025,70.175,
46790,Tropical,Moist,South America,Grains,4.7,1.175,8.225,
46791,Tropical,Moist,South America,Maize,4.7,1.175,8.225,
46792,Tropical,Moist,South America,Sugarcane,4.7,1.175,8.225,
46793,Tropical,Moist,South America,Wheat,4.7,1.175,8.225,
46794,Tropical,Moist,South America,Beans & Pulses,4.7,1.175,8.225,
46795,Tropical,Moist,South America,Tubers,4.7,1.175,8.225,
46796,Tropical,Moist,South America,Root Crops,4.7,1.175,8.225,
46797,Tropical,Moist,South America,Barley,4.7,1.175,8.225,
46798,Tropical,Moist,South America,Oats,4.7,1.175,8.225,
46799,Tropical,Moist,South America,Millet,4.7,1.175,8.225,
46800,Tropical,Moist,South America,Sorghum,4.7,1.175,8.225,
46801,Tropical,Moist,South America,Rye,4.7,1.175,8.225,
46802,Tropical,Moist,South America,Soybeans,4.7,1.175,8.225,
46803,Tropical,Moist,South America,Dry Bean,4.7,1.175,8.225,
46804,Tropical,Moist,South America,Potatoes,4.7,1.175,8.225,
46805,Tropical,Moist,South America,Peanuts,4.7,1.175,8.225,
46806,Tropical,Moist,South America,Vegetables,4.7,1.175,8.225,
46807,Tropical,Moist,South America,Oilseeds,4.7,1.175,8.225,
46808,Tropical,Moist,South America,Groundnuts,4.7,1.175,8.225,
46809,Tropical,Moist,South America,Annual Cropland,4.7,1.175,8.225,
46810,Tropical,Moist,South America,Set Aside,4.7,1.175,8.225,
46811,Tropical,Moist,South America,Flooded Rice,4.7,1.175,8.225,
46812,Tropical,Moist,South America,Grassland,7.567,1.89175,13.24225,
46813,Tropical,Moist,South America,Other Land (Non-Vegetated),0,#N/A,#N/A,
46814,Tropical,Moist,South America,Settlement,0,#N/A,#N/A,
46815,Tropical,Moist,South America,Agroforestry - Default,20.8875,5.221875,36.553125,
46816,Tropical,Moist,South America,Alley Cropping,23.7,5.925,41.475,
46817,Tropical,Moist,South America,Perennial Fallow,11.1,2.775,19.425,
46818,Tropical,Moist,South America,Hedgerow,4.7,3.337,6.063,
46819,Tropical,Moist,South America,Multistrata,32.5,8.125,56.875,
46820,Tropical,Moist,South America,Parkland,5.9,1.475,10.325,
46821,Tropical,Moist,South America,Shaded Perennial,24,6,42,
46822,Tropical,Moist,South America,Silvoarable,36.1,9.025,63.175,
46823,Tropical,Moist,South America,Silvopasture,29.1,7.275,50.925,
46824,Tropical,Moist,South America,Other Land,1,#N/A,#N/A,
46825,Tropical,Moist,South America,Tea,18.3,4.575,32.025,
46826,Tropical,Moist,South America,Oil Palm,30,7.5,52.5,
46827,Tropical,Moist,South America,Rubber,40.1,10.025,70.175,
46828,Tropical,Moist,Central America,Grains,4.7,1.175,8.225,
46829,Tropical,Moist,Central America,Maize,4.7,1.175,8.225,
46830,Tropical,Moist,Central America,Sugarcane,4.7,1.175,8.225,
46831,Tropical,Moist,Central America,Wheat,4.7,1.175,8.225,
46832,Tropical,Moist,Central America,Beans & Pulses,4.7,1.175,8.225,
46833,Tropical,Moist,Central America,Tubers,4.7,1.175,8.225,
46834,Tropical,Moist,Central America,Root Crops,4.7,1.175,8.225,
46835,Tropical,Moist,Central America,Barley,4.7,1.175,8.225,
46836,Tropical,Moist,Central America,Oats,4.7,1.175,8.225,
46837,Tropical,Moist,Central America,Millet,4.7,1.175,8.225,
46838,Tropical,Moist,Central America,Sorghum,4.7,1.175,8.225,
46839,Tropical,Moist,Central America,Rye,4.7,1.175,8.225,
46840,Tropical,Moist,Central America,Soybeans,4.7,1.175,8.225,
46841,Tropical,Moist,Central America,Dry Bean,4.7,1.175,8.225,
46842,Tropical,Moist,Central America,Potatoes,4.7,1.175,8.225,
46843,Tropical,Moist,Central America,Peanuts,4.7,1.175,8.225,
46844,Tropical,Moist,Central America,Vegetables,4.7,1.175,8.225,
46845,Tropical,Moist,Central America,Oilseeds,4.7,1.175,8.225,
46846,Tropical,Moist,Central America,Groundnuts,4.7,1.175,8.225,
46847,Tropical,Moist,Central America,Annual Cropland,4.7,1.175,8.225,
46848,Tropical,Moist,Central America,Set Aside,4.7,1.175,8.225,
46849,Tropical,Moist,Central America,Flooded Rice,4.7,1.175,8.225,
46850,Tropical,Moist,Central America,Grassland,7.567,1.89175,13.24225,
46851,Tropical,Moist,Central America,Other Land (Non-Vegetated),0,#N/A,#N/A,
46852,Tropical,Moist,Central America,Settlement,0,#N/A,#N/A,
46853,Tropical,Moist,Central America,Agroforestry - Default,20.8875,5.221875,36.553125,
46854,Tropical,Moist,Central America,Alley Cropping,23.7,5.925,41.475,
46855,Tropical,Moist,Central America,Perennial Fallow,11.1,2.775,19.425,
46856,Tropical,Moist,Central America,Hedgerow,4.7,3.337,6.063,
46857,Tropical,Moist,Central America,Multistrata,32.5,8.125,56.875,
46858,Tropical,Moist,Central America,Parkland,5.9,1.475,10.325,
46859,Tropical,Moist,Central America,Shaded Perennial,24,6,42,
46860,Tropical,Moist,Central America,Silvoarable,36.1,9.025,63.175,
46861,Tropical,Moist,Central America,Silvopasture,29.1,7.275,50.925,
46862,Tropical,Moist,Central America,Other Land,1,#N/A,#N/A,
46863,Tropical,Moist,Central America,Tea,18.3,4.575,32.025,
46864,Tropical,Moist,Central America,Oil Palm,30,7.5,52.5,
46865,Tropical,Moist,Central America,Rubber,40.1,10.025,70.175,
46866,Tropical,Moist,Caribbean,Grains,4.7,1.175,8.225,
46867,Tropical,Moist,Caribbean,Maize,4.7,1.175,8.225,
46868,Tropical,Moist,Caribbean,Sugarcane,4.7,1.175,8.225,
46869,Tropical,Moist,Caribbean,Wheat,4.7,1.175,8.225,
46870,Tropical,Moist,Caribbean,Beans & Pulses,4.7,1.175,8.225,
46871,Tropical,Moist,Caribbean,Tubers,4.7,1.175,8.225,
46872,Tropical,Moist,Caribbean,Root Crops,4.7,1.175,8.225,
46873,Tropical,Moist,Caribbean,Barley,4.7,1.175,8.225,
46874,Tropical,Moist,Caribbean,Oats,4.7,1.175,8.225,
46875,Tropical,Moist,Caribbean,Millet,4.7,1.175,8.225,
46876,Tropical,Moist,Caribbean,Sorghum,4.7,1.175,8.225,
46877,Tropical,Moist,Caribbean,Rye,4.7,1.175,8.225,
46878,Tropical,Moist,Caribbean,Soybeans,4.7,1.175,8.225,
46879,Tropical,Moist,Caribbean,Dry Bean,4.7,1.175,8.225,
46880,Tropical,Moist,Caribbean,Potatoes,4.7,1.175,8.225,
46881,Tropical,Moist,Caribbean,Peanuts,4.7,1.175,8.225,
46882,Tropical,Moist,Caribbean,Vegetables,4.7,1.175,8.225,
46883,Tropical,Moist,Caribbean,Oilseeds,4.7,1.175,8.225,
46884,Tropical,Moist,Caribbean,Groundnuts,4.7,1.175,8.225,
46885,Tropical,Moist,Caribbean,Annual Cropland,4.7,1.175,8.225,
46886,Tropical,Moist,Caribbean,Set Aside,4.7,1.175,8.225,
46887,Tropical,Moist,Caribbean,Flooded Rice,4.7,1.175,8.225,
46888,Tropical,Moist,Caribbean,Grassland,7.567,1.89175,13.24225,
46889,Tropical,Moist,Caribbean,Other Land (Non-Vegetated),0,#N/A,#N/A,
46890,Tropical,Moist,Caribbean,Settlement,0,#N/A,#N/A,
46891,Tropical,Moist,Caribbean,Agroforestry - Default,20.8875,5.221875,36.553125,
46892,Tropical,Moist,Caribbean,Alley Cropping,23.7,5.925,41.475,
46893,Tropical,Moist,Caribbean,Perennial Fallow,11.1,2.775,19.425,
46894,Tropical,Moist,Caribbean,Hedgerow,4.7,3.337,6.063,
46895,Tropical,Moist,Caribbean,Multistrata,32.5,8.125,56.875,
46896,Tropical,Moist,Caribbean,Parkland,5.9,1.475,10.325,
46897,Tropical,Moist,Caribbean,Shaded Perennial,24,6,42,
46898,Tropical,Moist,Caribbean,Silvoarable,36.1,9.025,63.175,
46899,Tropical,Moist,Caribbean,Silvopasture,29.1,7.275,50.925,
46900,Tropical,Moist,Caribbean,Other Land,1,#N/A,#N/A,
46901,Tropical,Moist,Caribbean,Tea,18.3,4.575,32.025,
46902,Tropical,Moist,Caribbean,Oil Palm,30,7.5,52.5,
46903,Tropical,Moist,Caribbean,Rubber,40.1,10.025,70.175,
46904,Tropical Montane,Dry,Eastern Africa,Grains,4.7,1.175,8.225,
46905,Tropical Montane,Dry,Eastern Africa,Maize,4.7,1.175,8.225,
46906,Tropical Montane,Dry,Eastern Africa,Sugarcane,4.7,1.175,8.225,
46907,Tropical Montane,Dry,Eastern Africa,Wheat,4.7,1.175,8.225,
46908,Tropical Montane,Dry,Eastern Africa,Beans & Pulses,4.7,1.175,8.225,
46909,Tropical Montane,Dry,Eastern Africa,Tubers,4.7,1.175,8.225,
46910,Tropical Montane,Dry,Eastern Africa,Root Crops,4.7,1.175,8.225,
46911,Tropical Montane,Dry,Eastern Africa,Barley,4.7,1.175,8.225,
46912,Tropical Montane,Dry,Eastern Africa,Oats,4.7,1.175,8.225,
46913,Tropical Montane,Dry,Eastern Africa,Millet,4.7,1.175,8.225,
46914,Tropical Montane,Dry,Eastern Africa,Sorghum,4.7,1.175,8.225,
46915,Tropical Montane,Dry,Eastern Africa,Rye,4.7,1.175,8.225,
46916,Tropical Montane,Dry,Eastern Africa,Soybeans,4.7,1.175,8.225,
46917,Tropical Montane,Dry,Eastern Africa,Dry Bean,4.7,1.175,8.225,
46918,Tropical Montane,Dry,Eastern Africa,Potatoes,4.7,1.175,8.225,
46919,Tropical Montane,Dry,Eastern Africa,Peanuts,4.7,1.175,8.225,
46920,Tropical Montane,Dry,Eastern Africa,Vegetables,4.7,1.175,8.225,
46921,Tropical Montane,Dry,Eastern Africa,Oilseeds,4.7,1.175,8.225,
46922,Tropical Montane,Dry,Eastern Africa,Groundnuts,4.7,1.175,8.225,
46923,Tropical Montane,Dry,Eastern Africa,Annual Cropland,4.7,1.175,8.225,
46924,Tropical Montane,Dry,Eastern Africa,Set Aside,4.7,1.175,8.225,
46925,Tropical Montane,Dry,Eastern Africa,Flooded Rice,4.7,1.175,8.225,
46926,Tropical Montane,Dry,Eastern Africa,Grassland,4.09,1.0225,7.1575,
46927,Tropical Montane,Dry,Eastern Africa,Other Land (Non-Vegetated),0,#N/A,#N/A,
46928,Tropical Montane,Dry,Eastern Africa,Settlement,0,#N/A,#N/A,
46929,Tropical Montane,Dry,Eastern Africa,Agroforestry - Default,20.8875,5.221875,36.553125,
46930,Tropical Montane,Dry,Eastern Africa,Alley Cropping,23.7,5.925,41.475,
46931,Tropical Montane,Dry,Eastern Africa,Perennial Fallow,11.1,2.775,19.425,
46932,Tropical Montane,Dry,Eastern Africa,Hedgerow,4.7,3.337,6.063,
46933,Tropical Montane,Dry,Eastern Africa,Multistrata,32.5,8.125,56.875,
46934,Tropical Montane,Dry,Eastern Africa,Parkland,5.9,1.475,10.325,
46935,Tropical Montane,Dry,Eastern Africa,Shaded Perennial,24,6,42,
46936,Tropical Montane,Dry,Eastern Africa,Silvoarable,36.1,9.025,63.175,
46937,Tropical Montane,Dry,Eastern Africa,Silvopasture,29.1,7.275,50.925,
46938,Tropical Montane,Dry,Eastern Africa,Other Land,1,#N/A,#N/A,
46939,Tropical Montane,Dry,Eastern Africa,Tea,18.3,4.575,32.025,
46940,Tropical Montane,Dry,Eastern Africa,Oil Palm,30,7.5,52.5,
46941,Tropical Montane,Dry,Eastern Africa,Rubber,40.1,10.025,70.175,
46942,Tropical Montane,Dry,Central Africa,Grains,4.7,1.175,8.225,
46943,Tropical Montane,Dry,Central Africa,Maize,4.7,1.175,8.225,
46944,Tropical Montane,Dry,Central Africa,Sugarcane,4.7,1.175,8.225,
46945,Tropical Montane,Dry,Central Africa,Wheat,4.7,1.175,8.225,
46946,Tropical Montane,Dry,Central Africa,Beans & Pulses,4.7,1.175,8.225,
46947,Tropical Montane,Dry,Central Africa,Tubers,4.7,1.175,8.225,
46948,Tropical Montane,Dry,Central Africa,Root Crops,4.7,1.175,8.225,
46949,Tropical Montane,Dry,Central Africa,Barley,4.7,1.175,8.225,
46950,Tropical Montane,Dry,Central Africa,Oats,4.7,1.175,8.225,
46951,Tropical Montane,Dry,Central Africa,Millet,4.7,1.175,8.225,
46952,Tropical Montane,Dry,Central Africa,Sorghum,4.7,1.175,8.225,
46953,Tropical Montane,Dry,Central Africa,Rye,4.7,1.175,8.225,
46954,Tropical Montane,Dry,Central Africa,Soybeans,4.7,1.175,8.225,
46955,Tropical Montane,Dry,Central Africa,Dry Bean,4.7,1.175,8.225,
46956,Tropical Montane,Dry,Central Africa,Potatoes,4.7,1.175,8.225,
46957,Tropical Montane,Dry,Central Africa,Peanuts,4.7,1.175,8.225,
46958,Tropical Montane,Dry,Central Africa,Vegetables,4.7,1.175,8.225,
46959,Tropical Montane,Dry,Central Africa,Oilseeds,4.7,1.175,8.225,
46960,Tropical Montane,Dry,Central Africa,Groundnuts,4.7,1.175,8.225,
46961,Tropical Montane,Dry,Central Africa,Annual Cropland,4.7,1.175,8.225,
46962,Tropical Montane,Dry,Central Africa,Set Aside,4.7,1.175,8.225,
46963,Tropical Montane,Dry,Central Africa,Flooded Rice,4.7,1.175,8.225,
46964,Tropical Montane,Dry,Central Africa,Grassland,4.09,1.0225,7.1575,
46965,Tropical Montane,Dry,Central Africa,Other Land (Non-Vegetated),0,#N/A,#N/A,
46966,Tropical Montane,Dry,Central Africa,Settlement,0,#N/A,#N/A,
46967,Tropical Montane,Dry,Central Africa,Agroforestry - Default,20.8875,5.221875,36.553125,
46968,Tropical Montane,Dry,Central Africa,Alley Cropping,23.7,5.925,41.475,
46969,Tropical Montane,Dry,Central Africa,Perennial Fallow,11.1,2.775,19.425,
46970,Tropical Montane,Dry,Central Africa,Hedgerow,4.7,3.337,6.063,
46971,Tropical Montane,Dry,Central Africa,Multistrata,32.5,8.125,56.875,
46972,Tropical Montane,Dry,Central Africa,Parkland,5.9,1.475,10.325,
46973,Tropical Montane,Dry,Central Africa,Shaded Perennial,24,6,42,
46974,Tropical Montane,Dry,Central Africa,Silvoarable,36.1,9.025,63.175,
46975,Tropical Montane,Dry,Central Africa,Silvopasture,29.1,7.275,50.925,
46976,Tropical Montane,Dry,Central Africa,Other Land,1,#N/A,#N/A,
46977,Tropical Montane,Dry,Central Africa,Tea,18.3,4.575,32.025,
46978,Tropical Montane,Dry,Central Africa,Oil Palm,30,7.5,52.5,
46979,Tropical Montane,Dry,Central Africa,Rubber,40.1,10.025,70.175,
46980,Tropical Montane,Dry,Northern Africa,Grains,4.7,1.175,8.225,
46981,Tropical Montane,Dry,Northern Africa,Maize,4.7,1.175,8.225,
46982,Tropical Montane,Dry,Northern Africa,Sugarcane,4.7,1.175,8.225,
46983,Tropical Montane,Dry,Northern Africa,Wheat,4.7,1.175,8.225,
46984,Tropical Montane,Dry,Northern Africa,Beans & Pulses,4.7,1.175,8.225,
46985,Tropical Montane,Dry,Northern Africa,Tubers,4.7,1.175,8.225,
46986,Tropical Montane,Dry,Northern Africa,Root Crops,4.7,1.175,8.225,
46987,Tropical Montane,Dry,Northern Africa,Barley,4.7,1.175,8.225,
46988,Tropical Montane,Dry,Northern Africa,Oats,4.7,1.175,8.225,
46989,Tropical Montane,Dry,Northern Africa,Millet,4.7,1.175,8.225,
46990,Tropical Montane,Dry,Northern Africa,Sorghum,4.7,1.175,8.225,
46991,Tropical Montane,Dry,Northern Africa,Rye,4.7,1.175,8.225,
46992,Tropical Montane,Dry,Northern Africa,Soybeans,4.7,1.175,8.225,
46993,Tropical Montane,Dry,Northern Africa,Dry Bean,4.7,1.175,8.225,
46994,Tropical Montane,Dry,Northern Africa,Potatoes,4.7,1.175,8.225,
46995,Tropical Montane,Dry,Northern Africa,Peanuts,4.7,1.175,8.225,
46996,Tropical Montane,Dry,Northern Africa,Vegetables,4.7,1.175,8.225,
46997,Tropical Montane,Dry,Northern Africa,Oilseeds,4.7,1.175,8.225,
46998,Tropical Montane,Dry,Northern Africa,Groundnuts,4.7,1.175,8.225,
46999,Tropical Montane,Dry,Northern Africa,Annual Cropland,4.7,1.175,8.225,
47000,Tropical Montane,Dry,Northern Africa,Set Aside,4.7,1.175,8.225,
47001,Tropical Montane,Dry,Northern Africa,Flooded Rice,4.7,1.175,8.225,
47002,Tropical Montane,Dry,Northern Africa,Grassland,4.09,1.0225,7.1575,
47003,Tropical Montane,Dry,Northern Africa,Other Land (Non-Vegetated),0,#N/A,#N/A,
47004,Tropical Montane,Dry,Northern Africa,Settlement,0,#N/A,#N/A,
47005,Tropical Montane,Dry,Northern Africa,Agroforestry - Default,20.8875,5.221875,36.553125,
47006,Tropical Montane,Dry,Northern Africa,Alley Cropping,23.7,5.925,41.475,
47007,Tropical Montane,Dry,Northern Africa,Perennial Fallow,11.1,2.775,19.425,
47008,Tropical Montane,Dry,Northern Africa,Hedgerow,4.7,3.337,6.063,
47009,Tropical Montane,Dry,Northern Africa,Multistrata,32.5,8.125,56.875,
47010,Tropical Montane,Dry,Northern Africa,Parkland,5.9,1.475,10.325,
47011,Tropical Montane,Dry,Northern Africa,Shaded Perennial,24,6,42,
47012,Tropical Montane,Dry,Northern Africa,Silvoarable,36.1,9.025,63.175,
47013,Tropical Montane,Dry,Northern Africa,Silvopasture,29.1,7.275,50.925,
47014,Tropical Montane,Dry,Northern Africa,Other Land,1,#N/A,#N/A,
47015,Tropical Montane,Dry,Northern Africa,Tea,18.3,4.575,32.025,
47016,Tropical Montane,Dry,Northern Africa,Oil Palm,30,7.5,52.5,
47017,Tropical Montane,Dry,Northern Africa,Rubber,40.1,10.025,70.175,
47018,Tropical Montane,Dry,Southern Africa,Grains,4.7,1.175,8.225,
47019,Tropical Montane,Dry,Southern Africa,Maize,4.7,1.175,8.225,
47020,Tropical Montane,Dry,Southern Africa,Sugarcane,4.7,1.175,8.225,
47021,Tropical Montane,Dry,Southern Africa,Wheat,4.7,1.175,8.225,
47022,Tropical Montane,Dry,Southern Africa,Beans & Pulses,4.7,1.175,8.225,
47023,Tropical Montane,Dry,Southern Africa,Tubers,4.7,1.175,8.225,
47024,Tropical Montane,Dry,Southern Africa,Root Crops,4.7,1.175,8.225,
47025,Tropical Montane,Dry,Southern Africa,Barley,4.7,1.175,8.225,
47026,Tropical Montane,Dry,Southern Africa,Oats,4.7,1.175,8.225,
47027,Tropical Montane,Dry,Southern Africa,Millet,4.7,1.175,8.225,
47028,Tropical Montane,Dry,Southern Africa,Sorghum,4.7,1.175,8.225,
47029,Tropical Montane,Dry,Southern Africa,Rye,4.7,1.175,8.225,
47030,Tropical Montane,Dry,Southern Africa,Soybeans,4.7,1.175,8.225,
47031,Tropical Montane,Dry,Southern Africa,Dry Bean,4.7,1.175,8.225,
47032,Tropical Montane,Dry,Southern Africa,Potatoes,4.7,1.175,8.225,
47033,Tropical Montane,Dry,Southern Africa,Peanuts,4.7,1.175,8.225,
47034,Tropical Montane,Dry,Southern Africa,Vegetables,4.7,1.175,8.225,
47035,Tropical Montane,Dry,Southern Africa,Oilseeds,4.7,1.175,8.225,
47036,Tropical Montane,Dry,Southern Africa,Groundnuts,4.7,1.175,8.225,
47037,Tropical Montane,Dry,Southern Africa,Annual Cropland,4.7,1.175,8.225,
47038,Tropical Montane,Dry,Southern Africa,Set Aside,4.7,1.175,8.225,
47039,Tropical Montane,Dry,Southern Africa,Flooded Rice,4.7,1.175,8.225,
47040,Tropical Montane,Dry,Southern Africa,Grassland,4.09,1.0225,7.1575,
47041,Tropical Montane,Dry,Southern Africa,Other Land (Non-Vegetated),0,#N/A,#N/A,
47042,Tropical Montane,Dry,Southern Africa,Settlement,0,#N/A,#N/A,
47043,Tropical Montane,Dry,Southern Africa,Agroforestry - Default,20.8875,5.221875,36.553125,
47044,Tropical Montane,Dry,Southern Africa,Alley Cropping,23.7,5.925,41.475,
47045,Tropical Montane,Dry,Southern Africa,Perennial Fallow,11.1,2.775,19.425,
47046,Tropical Montane,Dry,Southern Africa,Hedgerow,4.7,3.337,6.063,
47047,Tropical Montane,Dry,Southern Africa,Multistrata,32.5,8.125,56.875,
47048,Tropical Montane,Dry,Southern Africa,Parkland,5.9,1.475,10.325,
47049,Tropical Montane,Dry,Southern Africa,Shaded Perennial,24,6,42,
47050,Tropical Montane,Dry,Southern Africa,Silvoarable,36.1,9.025,63.175,
47051,Tropical Montane,Dry,Southern Africa,Silvopasture,29.1,7.275,50.925,
47052,Tropical Montane,Dry,Southern Africa,Other Land,1,#N/A,#N/A,
47053,Tropical Montane,Dry,Southern Africa,Tea,18.3,4.575,32.025,
47054,Tropical Montane,Dry,Southern Africa,Oil Palm,30,7.5,52.5,
47055,Tropical Montane,Dry,Southern Africa,Rubber,40.1,10.025,70.175,
47056,Tropical Montane,Dry,Western Africa,Grains,4.7,1.175,8.225,
47057,Tropical Montane,Dry,Western Africa,Maize,4.7,1.175,8.225,
47058,Tropical Montane,Dry,Western Africa,Sugarcane,4.7,1.175,8.225,
47059,Tropical Montane,Dry,Western Africa,Wheat,4.7,1.175,8.225,
47060,Tropical Montane,Dry,Western Africa,Beans & Pulses,4.7,1.175,8.225,
47061,Tropical Montane,Dry,Western Africa,Tubers,4.7,1.175,8.225,
47062,Tropical Montane,Dry,Western Africa,Root Crops,4.7,1.175,8.225,
47063,Tropical Montane,Dry,Western Africa,Barley,4.7,1.175,8.225,
47064,Tropical Montane,Dry,Western Africa,Oats,4.7,1.175,8.225,
47065,Tropical Montane,Dry,Western Africa,Millet,4.7,1.175,8.225,
47066,Tropical Montane,Dry,Western Africa,Sorghum,4.7,1.175,8.225,
47067,Tropical Montane,Dry,Western Africa,Rye,4.7,1.175,8.225,
47068,Tropical Montane,Dry,Western Africa,Soybeans,4.7,1.175,8.225,
47069,Tropical Montane,Dry,Western Africa,Dry Bean,4.7,1.175,8.225,
47070,Tropical Montane,Dry,Western Africa,Potatoes,4.7,1.175,8.225,
47071,Tropical Montane,Dry,Western Africa,Peanuts,4.7,1.175,8.225,
47072,Tropical Montane,Dry,Western Africa,Vegetables,4.7,1.175,8.225,
47073,Tropical Montane,Dry,Western Africa,Oilseeds,4.7,1.175,8.225,
47074,Tropical Montane,Dry,Western Africa,Groundnuts,4.7,1.175,8.225,
47075,Tropical Montane,Dry,Western Africa,Annual Cropland,4.7,1.175,8.225,
47076,Tropical Montane,Dry,Western Africa,Set Aside,4.7,1.175,8.225,
47077,Tropical Montane,Dry,Western Africa,Flooded Rice,4.7,1.175,8.225,
47078,Tropical Montane,Dry,Western Africa,Grassland,4.09,1.0225,7.1575,
47079,Tropical Montane,Dry,Western Africa,Other Land (Non-Vegetated),0,#N/A,#N/A,
47080,Tropical Montane,Dry,Western Africa,Settlement,0,#N/A,#N/A,
47081,Tropical Montane,Dry,Western Africa,Agroforestry - Default,20.8875,5.221875,36.553125,
47082,Tropical Montane,Dry,Western Africa,Alley Cropping,23.7,5.925,41.475,
47083,Tropical Montane,Dry,Western Africa,Perennial Fallow,11.1,2.775,19.425,
47084,Tropical Montane,Dry,Western Africa,Hedgerow,4.7,3.337,6.063,
47085,Tropical Montane,Dry,Western Africa,Multistrata,32.5,8.125,56.875,
47086,Tropical Montane,Dry,Western Africa,Parkland,5.9,1.475,10.325,
47087,Tropical Montane,Dry,Western Africa,Shaded Perennial,24,6,42,
47088,Tropical Montane,Dry,Western Africa,Silvoarable,36.1,9.025,63.175,
47089,Tropical Montane,Dry,Western Africa,Silvopasture,29.1,7.275,50.925,
47090,Tropical Montane,Dry,Western Africa,Other Land,1,#N/A,#N/A,
47091,Tropical Montane,Dry,Western Africa,Tea,18.3,4.575,32.025,
47092,Tropical Montane,Dry,Western Africa,Oil Palm,30,7.5,52.5,
47093,Tropical Montane,Dry,Western Africa,Rubber,40.1,10.025,70.175,
47094,Tropical Montane,Dry,Central Asia,Grains,4.7,1.175,8.225,
47095,Tropical Montane,Dry,Central Asia,Maize,4.7,1.175,8.225,
47096,Tropical Montane,Dry,Central Asia,Sugarcane,4.7,1.175,8.225,
47097,Tropical Montane,Dry,Central Asia,Wheat,4.7,1.175,8.225,
47098,Tropical Montane,Dry,Central Asia,Beans & Pulses,4.7,1.175,8.225,
47099,Tropical Montane,Dry,Central Asia,Tubers,4.7,1.175,8.225,
47100,Tropical Montane,Dry,Central Asia,Root Crops,4.7,1.175,8.225,
47101,Tropical Montane,Dry,Central Asia,Barley,4.7,1.175,8.225,
47102,Tropical Montane,Dry,Central Asia,Oats,4.7,1.175,8.225,
47103,Tropical Montane,Dry,Central Asia,Millet,4.7,1.175,8.225,
47104,Tropical Montane,Dry,Central Asia,Sorghum,4.7,1.175,8.225,
47105,Tropical Montane,Dry,Central Asia,Rye,4.7,1.175,8.225,
47106,Tropical Montane,Dry,Central Asia,Soybeans,4.7,1.175,8.225,
47107,Tropical Montane,Dry,Central Asia,Dry Bean,4.7,1.175,8.225,
47108,Tropical Montane,Dry,Central Asia,Potatoes,4.7,1.175,8.225,
47109,Tropical Montane,Dry,Central Asia,Peanuts,4.7,1.175,8.225,
47110,Tropical Montane,Dry,Central Asia,Vegetables,4.7,1.175,8.225,
47111,Tropical Montane,Dry,Central Asia,Oilseeds,4.7,1.175,8.225,
47112,Tropical Montane,Dry,Central Asia,Groundnuts,4.7,1.175,8.225,
47113,Tropical Montane,Dry,Central Asia,Annual Cropland,4.7,1.175,8.225,
47114,Tropical Montane,Dry,Central Asia,Set Aside,4.7,1.175,8.225,
47115,Tropical Montane,Dry,Central Asia,Flooded Rice,4.7,1.175,8.225,
47116,Tropical Montane,Dry,Central Asia,Grassland,4.09,1.0225,7.1575,
47117,Tropical Montane,Dry,Central Asia,Other Land (Non-Vegetated),0,#N/A,#N/A,
47118,Tropical Montane,Dry,Central Asia,Settlement,0,#N/A,#N/A,
47119,Tropical Montane,Dry,Central Asia,Agroforestry - Default,20.8875,5.221875,36.553125,
47120,Tropical Montane,Dry,Central Asia,Alley Cropping,23.7,5.925,41.475,
47121,Tropical Montane,Dry,Central Asia,Perennial Fallow,11.1,2.775,19.425,
47122,Tropical Montane,Dry,Central Asia,Hedgerow,4.7,3.337,6.063,
47123,Tropical Montane,Dry,Central Asia,Multistrata,32.5,8.125,56.875,
47124,Tropical Montane,Dry,Central Asia,Parkland,5.9,1.475,10.325,
47125,Tropical Montane,Dry,Central Asia,Shaded Perennial,24,6,42,
47126,Tropical Montane,Dry,Central Asia,Silvoarable,36.1,9.025,63.175,
47127,Tropical Montane,Dry,Central Asia,Silvopasture,29.1,7.275,50.925,
47128,Tropical Montane,Dry,Central Asia,Other Land,1,#N/A,#N/A,
47129,Tropical Montane,Dry,Central Asia,Tea,18.3,4.575,32.025,
47130,Tropical Montane,Dry,Central Asia,Oil Palm,30,7.5,52.5,
47131,Tropical Montane,Dry,Central Asia,Rubber,40.1,10.025,70.175,
47132,Tropical Montane,Dry,Eastern Asia,Grains,4.7,1.175,8.225,
47133,Tropical Montane,Dry,Eastern Asia,Maize,4.7,1.175,8.225,
47134,Tropical Montane,Dry,Eastern Asia,Sugarcane,4.7,1.175,8.225,
47135,Tropical Montane,Dry,Eastern Asia,Wheat,4.7,1.175,8.225,
47136,Tropical Montane,Dry,Eastern Asia,Beans & Pulses,4.7,1.175,8.225,
47137,Tropical Montane,Dry,Eastern Asia,Tubers,4.7,1.175,8.225,
47138,Tropical Montane,Dry,Eastern Asia,Root Crops,4.7,1.175,8.225,
47139,Tropical Montane,Dry,Eastern Asia,Barley,4.7,1.175,8.225,
47140,Tropical Montane,Dry,Eastern Asia,Oats,4.7,1.175,8.225,
47141,Tropical Montane,Dry,Eastern Asia,Millet,4.7,1.175,8.225,
47142,Tropical Montane,Dry,Eastern Asia,Sorghum,4.7,1.175,8.225,
47143,Tropical Montane,Dry,Eastern Asia,Rye,4.7,1.175,8.225,
47144,Tropical Montane,Dry,Eastern Asia,Soybeans,4.7,1.175,8.225,
47145,Tropical Montane,Dry,Eastern Asia,Dry Bean,4.7,1.175,8.225,
47146,Tropical Montane,Dry,Eastern Asia,Potatoes,4.7,1.175,8.225,
47147,Tropical Montane,Dry,Eastern Asia,Peanuts,4.7,1.175,8.225,
47148,Tropical Montane,Dry,Eastern Asia,Vegetables,4.7,1.175,8.225,
47149,Tropical Montane,Dry,Eastern Asia,Oilseeds,4.7,1.175,8.225,
47150,Tropical Montane,Dry,Eastern Asia,Groundnuts,4.7,1.175,8.225,
47151,Tropical Montane,Dry,Eastern Asia,Annual Cropland,4.7,1.175,8.225,
47152,Tropical Montane,Dry,Eastern Asia,Set Aside,4.7,1.175,8.225,
47153,Tropical Montane,Dry,Eastern Asia,Flooded Rice,4.7,1.175,8.225,
47154,Tropical Montane,Dry,Eastern Asia,Grassland,4.09,1.0225,7.1575,
47155,Tropical Montane,Dry,Eastern Asia,Other Land (Non-Vegetated),0,#N/A,#N/A,
47156,Tropical Montane,Dry,Eastern Asia,Settlement,0,#N/A,#N/A,
47157,Tropical Montane,Dry,Eastern Asia,Agroforestry - Default,20.8875,5.221875,36.553125,
47158,Tropical Montane,Dry,Eastern Asia,Alley Cropping,23.7,5.925,41.475,
47159,Tropical Montane,Dry,Eastern Asia,Perennial Fallow,11.1,2.775,19.425,
47160,Tropical Montane,Dry,Eastern Asia,Hedgerow,4.7,3.337,6.063,
47161,Tropical Montane,Dry,Eastern Asia,Multistrata,32.5,8.125,56.875,
47162,Tropical Montane,Dry,Eastern Asia,Parkland,5.9,1.475,10.325,
47163,Tropical Montane,Dry,Eastern Asia,Shaded Perennial,24,6,42,
47164,Tropical Montane,Dry,Eastern Asia,Silvoarable,36.1,9.025,63.175,
47165,Tropical Montane,Dry,Eastern Asia,Silvopasture,29.1,7.275,50.925,
47166,Tropical Montane,Dry,Eastern Asia,Other Land,1,#N/A,#N/A,
47167,Tropical Montane,Dry,Eastern Asia,Tea,18.3,4.575,32.025,
47168,Tropical Montane,Dry,Eastern Asia,Oil Palm,30,7.5,52.5,
47169,Tropical Montane,Dry,Eastern Asia,Rubber,40.1,10.025,70.175,
47170,Tropical Montane,Dry,South-Eastern Asia,Grains,4.7,1.175,8.225,
47171,Tropical Montane,Dry,South-Eastern Asia,Maize,4.7,1.175,8.225,
47172,Tropical Montane,Dry,South-Eastern Asia,Sugarcane,4.7,1.175,8.225,
47173,Tropical Montane,Dry,South-Eastern Asia,Wheat,4.7,1.175,8.225,
47174,Tropical Montane,Dry,South-Eastern Asia,Beans & Pulses,4.7,1.175,8.225,
47175,Tropical Montane,Dry,South-Eastern Asia,Tubers,4.7,1.175,8.225,
47176,Tropical Montane,Dry,South-Eastern Asia,Root Crops,4.7,1.175,8.225,
47177,Tropical Montane,Dry,South-Eastern Asia,Barley,4.7,1.175,8.225,
47178,Tropical Montane,Dry,South-Eastern Asia,Oats,4.7,1.175,8.225,
47179,Tropical Montane,Dry,South-Eastern Asia,Millet,4.7,1.175,8.225,
47180,Tropical Montane,Dry,South-Eastern Asia,Sorghum,4.7,1.175,8.225,
47181,Tropical Montane,Dry,South-Eastern Asia,Rye,4.7,1.175,8.225,
47182,Tropical Montane,Dry,South-Eastern Asia,Soybeans,4.7,1.175,8.225,
47183,Tropical Montane,Dry,South-Eastern Asia,Dry Bean,4.7,1.175,8.225,
47184,Tropical Montane,Dry,South-Eastern Asia,Potatoes,4.7,1.175,8.225,
47185,Tropical Montane,Dry,South-Eastern Asia,Peanuts,4.7,1.175,8.225,
47186,Tropical Montane,Dry,South-Eastern Asia,Vegetables,4.7,1.175,8.225,
47187,Tropical Montane,Dry,South-Eastern Asia,Oilseeds,4.7,1.175,8.225,
47188,Tropical Montane,Dry,South-Eastern Asia,Groundnuts,4.7,1.175,8.225,
47189,Tropical Montane,Dry,South-Eastern Asia,Annual Cropland,4.7,1.175,8.225,
47190,Tropical Montane,Dry,South-Eastern Asia,Set Aside,4.7,1.175,8.225,
47191,Tropical Montane,Dry,South-Eastern Asia,Flooded Rice,4.7,1.175,8.225,
47192,Tropical Montane,Dry,South-Eastern Asia,Grassland,4.09,1.0225,7.1575,
47193,Tropical Montane,Dry,South-Eastern Asia,Other Land (Non-Vegetated),0,#N/A,#N/A,
47194,Tropical Montane,Dry,South-Eastern Asia,Settlement,0,#N/A,#N/A,
47195,Tropical Montane,Dry,South-Eastern Asia,Agroforestry - Default,20.8875,5.221875,36.553125,
47196,Tropical Montane,Dry,South-Eastern Asia,Alley Cropping,23.7,5.925,41.475,
47197,Tropical Montane,Dry,South-Eastern Asia,Perennial Fallow,11.1,2.775,19.425,
47198,Tropical Montane,Dry,South-Eastern Asia,Hedgerow,4.7,3.337,6.063,
47199,Tropical Montane,Dry,South-Eastern Asia,Multistrata,32.5,8.125,56.875,
47200,Tropical Montane,Dry,South-Eastern Asia,Parkland,5.9,1.475,10.325,
47201,Tropical Montane,Dry,South-Eastern Asia,Shaded Perennial,24,6,42,
47202,Tropical Montane,Dry,South-Eastern Asia,Silvoarable,36.1,9.025,63.175,
47203,Tropical Montane,Dry,South-Eastern Asia,Silvopasture,29.1,7.275,50.925,
47204,Tropical Montane,Dry,South-Eastern Asia,Other Land,1,#N/A,#N/A,
47205,Tropical Montane,Dry,South-Eastern Asia,Tea,18.3,4.575,32.025,
47206,Tropical Montane,Dry,South-Eastern Asia,Oil Palm,30,7.5,52.5,
47207,Tropical Montane,Dry,South-Eastern Asia,Rubber,40.1,10.025,70.175,
47208,Tropical Montane,Dry,Southern Asia,Grains,4.7,1.175,8.225,
47209,Tropical Montane,Dry,Southern Asia,Maize,4.7,1.175,8.225,
47210,Tropical Montane,Dry,Southern Asia,Sugarcane,4.7,1.175,8.225,
47211,Tropical Montane,Dry,Southern Asia,Wheat,4.7,1.175,8.225,
47212,Tropical Montane,Dry,Southern Asia,Beans & Pulses,4.7,1.175,8.225,
47213,Tropical Montane,Dry,Southern Asia,Tubers,4.7,1.175,8.225,
47214,Tropical Montane,Dry,Southern Asia,Root Crops,4.7,1.175,8.225,
47215,Tropical Montane,Dry,Southern Asia,Barley,4.7,1.175,8.225,
47216,Tropical Montane,Dry,Southern Asia,Oats,4.7,1.175,8.225,
47217,Tropical Montane,Dry,Southern Asia,Millet,4.7,1.175,8.225,
47218,Tropical Montane,Dry,Southern Asia,Sorghum,4.7,1.175,8.225,
47219,Tropical Montane,Dry,Southern Asia,Rye,4.7,1.175,8.225,
47220,Tropical Montane,Dry,Southern Asia,Soybeans,4.7,1.175,8.225,
47221,Tropical Montane,Dry,Southern Asia,Dry Bean,4.7,1.175,8.225,
47222,Tropical Montane,Dry,Southern Asia,Potatoes,4.7,1.175,8.225,
47223,Tropical Montane,Dry,Southern Asia,Peanuts,4.7,1.175,8.225,
47224,Tropical Montane,Dry,Southern Asia,Vegetables,4.7,1.175,8.225,
47225,Tropical Montane,Dry,Southern Asia,Oilseeds,4.7,1.175,8.225,
47226,Tropical Montane,Dry,Southern Asia,Groundnuts,4.7,1.175,8.225,
47227,Tropical Montane,Dry,Southern Asia,Annual Cropland,4.7,1.175,8.225,
47228,Tropical Montane,Dry,Southern Asia,Set Aside,4.7,1.175,8.225,
47229,Tropical Montane,Dry,Southern Asia,Flooded Rice,4.7,1.175,8.225,
47230,Tropical Montane,Dry,Southern Asia,Grassland,4.09,1.0225,7.1575,
47231,Tropical Montane,Dry,Southern Asia,Other Land (Non-Vegetated),0,#N/A,#N/A,
47232,Tropical Montane,Dry,Southern Asia,Settlement,0,#N/A,#N/A,
47233,Tropical Montane,Dry,Southern Asia,Agroforestry - Default,20.8875,5.221875,36.553125,
47234,Tropical Montane,Dry,Southern Asia,Alley Cropping,23.7,5.925,41.475,
47235,Tropical Montane,Dry,Southern Asia,Perennial Fallow,11.1,2.775,19.425,
47236,Tropical Montane,Dry,Southern Asia,Hedgerow,4.7,3.337,6.063,
47237,Tropical Montane,Dry,Southern Asia,Multistrata,32.5,8.125,56.875,
47238,Tropical Montane,Dry,Southern Asia,Parkland,5.9,1.475,10.325,
47239,Tropical Montane,Dry,Southern Asia,Shaded Perennial,24,6,42,
47240,Tropical Montane,Dry,Southern Asia,Silvoarable,36.1,9.025,63.175,
47241,Tropical Montane,Dry,Southern Asia,Silvopasture,29.1,7.275,50.925,
47242,Tropical Montane,Dry,Southern Asia,Other Land,1,#N/A,#N/A,
47243,Tropical Montane,Dry,Southern Asia,Tea,18.3,4.575,32.025,
47244,Tropical Montane,Dry,Southern Asia,Oil Palm,30,7.5,52.5,
47245,Tropical Montane,Dry,Southern Asia,Rubber,40.1,10.025,70.175,
47246,Tropical Montane,Dry,Western Asia,Grains,4.7,1.175,8.225,
47247,Tropical Montane,Dry,Western Asia,Maize,4.7,1.175,8.225,
47248,Tropical Montane,Dry,Western Asia,Sugarcane,4.7,1.175,8.225,
47249,Tropical Montane,Dry,Western Asia,Wheat,4.7,1.175,8.225,
47250,Tropical Montane,Dry,Western Asia,Beans & Pulses,4.7,1.175,8.225,
47251,Tropical Montane,Dry,Western Asia,Tubers,4.7,1.175,8.225,
47252,Tropical Montane,Dry,Western Asia,Root Crops,4.7,1.175,8.225,
47253,Tropical Montane,Dry,Western Asia,Barley,4.7,1.175,8.225,
47254,Tropical Montane,Dry,Western Asia,Oats,4.7,1.175,8.225,
47255,Tropical Montane,Dry,Western Asia,Millet,4.7,1.175,8.225,
47256,Tropical Montane,Dry,Western Asia,Sorghum,4.7,1.175,8.225,
47257,Tropical Montane,Dry,Western Asia,Rye,4.7,1.175,8.225,
47258,Tropical Montane,Dry,Western Asia,Soybeans,4.7,1.175,8.225,
47259,Tropical Montane,Dry,Western Asia,Dry Bean,4.7,1.175,8.225,
47260,Tropical Montane,Dry,Western Asia,Potatoes,4.7,1.175,8.225,
47261,Tropical Montane,Dry,Western Asia,Peanuts,4.7,1.175,8.225,
47262,Tropical Montane,Dry,Western Asia,Vegetables,4.7,1.175,8.225,
47263,Tropical Montane,Dry,Western Asia,Oilseeds,4.7,1.175,8.225,
47264,Tropical Montane,Dry,Western Asia,Groundnuts,4.7,1.175,8.225,
47265,Tropical Montane,Dry,Western Asia,Annual Cropland,4.7,1.175,8.225,
47266,Tropical Montane,Dry,Western Asia,Set Aside,4.7,1.175,8.225,
47267,Tropical Montane,Dry,Western Asia,Flooded Rice,4.7,1.175,8.225,
47268,Tropical Montane,Dry,Western Asia,Grassland,4.09,1.0225,7.1575,
47269,Tropical Montane,Dry,Western Asia,Other Land (Non-Vegetated),0,#N/A,#N/A,
47270,Tropical Montane,Dry,Western Asia,Settlement,0,#N/A,#N/A,
47271,Tropical Montane,Dry,Western Asia,Agroforestry - Default,20.8875,5.221875,36.553125,
47272,Tropical Montane,Dry,Western Asia,Alley Cropping,23.7,5.925,41.475,
47273,Tropical Montane,Dry,Western Asia,Perennial Fallow,11.1,2.775,19.425,
47274,Tropical Montane,Dry,Western Asia,Hedgerow,4.7,3.337,6.063,
47275,Tropical Montane,Dry,Western Asia,Multistrata,32.5,8.125,56.875,
47276,Tropical Montane,Dry,Western Asia,Parkland,5.9,1.475,10.325,
47277,Tropical Montane,Dry,Western Asia,Shaded Perennial,24,6,42,
47278,Tropical Montane,Dry,Western Asia,Silvoarable,36.1,9.025,63.175,
47279,Tropical Montane,Dry,Western Asia,Silvopasture,29.1,7.275,50.925,
47280,Tropical Montane,Dry,Western Asia,Other Land,1,#N/A,#N/A,
47281,Tropical Montane,Dry,Western Asia,Tea,18.3,4.575,32.025,
47282,Tropical Montane,Dry,Western Asia,Oil Palm,30,7.5,52.5,
47283,Tropical Montane,Dry,Western Asia,Rubber,40.1,10.025,70.175,
47284,Tropical Montane,Dry,Europe,Grains,4.7,1.175,8.225,
47285,Tropical Montane,Dry,Europe,Maize,4.7,1.175,8.225,
47286,Tropical Montane,Dry,Europe,Sugarcane,4.7,1.175,8.225,
47287,Tropical Montane,Dry,Europe,Wheat,4.7,1.175,8.225,
47288,Tropical Montane,Dry,Europe,Beans & Pulses,4.7,1.175,8.225,
47289,Tropical Montane,Dry,Europe,Tubers,4.7,1.175,8.225,
47290,Tropical Montane,Dry,Europe,Root Crops,4.7,1.175,8.225,
47291,Tropical Montane,Dry,Europe,Barley,4.7,1.175,8.225,
47292,Tropical Montane,Dry,Europe,Oats,4.7,1.175,8.225,
47293,Tropical Montane,Dry,Europe,Millet,4.7,1.175,8.225,
47294,Tropical Montane,Dry,Europe,Sorghum,4.7,1.175,8.225,
47295,Tropical Montane,Dry,Europe,Rye,4.7,1.175,8.225,
47296,Tropical Montane,Dry,Europe,Soybeans,4.7,1.175,8.225,
47297,Tropical Montane,Dry,Europe,Dry Bean,4.7,1.175,8.225,
47298,Tropical Montane,Dry,Europe,Potatoes,4.7,1.175,8.225,
47299,Tropical Montane,Dry,Europe,Peanuts,4.7,1.175,8.225,
47300,Tropical Montane,Dry,Europe,Vegetables,4.7,1.175,8.225,
47301,Tropical Montane,Dry,Europe,Oilseeds,4.7,1.175,8.225,
47302,Tropical Montane,Dry,Europe,Groundnuts,4.7,1.175,8.225,
47303,Tropical Montane,Dry,Europe,Annual Cropland,4.7,1.175,8.225,
47304,Tropical Montane,Dry,Europe,Set Aside,4.7,1.175,8.225,
47305,Tropical Montane,Dry,Europe,Flooded Rice,4.7,1.175,8.225,
47306,Tropical Montane,Dry,Europe,Grassland,4.09,1.0225,7.1575,
47307,Tropical Montane,Dry,Europe,Other Land (Non-Vegetated),0,#N/A,#N/A,
47308,Tropical Montane,Dry,Europe,Settlement,0,#N/A,#N/A,
47309,Tropical Montane,Dry,Europe,Agroforestry - Default,20.8875,5.221875,36.553125,
47310,Tropical Montane,Dry,Europe,Alley Cropping,23.7,5.925,41.475,
47311,Tropical Montane,Dry,Europe,Perennial Fallow,11.1,2.775,19.425,
47312,Tropical Montane,Dry,Europe,Hedgerow,4.7,3.337,6.063,
47313,Tropical Montane,Dry,Europe,Multistrata,32.5,8.125,56.875,
47314,Tropical Montane,Dry,Europe,Parkland,5.9,1.475,10.325,
47315,Tropical Montane,Dry,Europe,Shaded Perennial,24,6,42,
47316,Tropical Montane,Dry,Europe,Silvoarable,36.1,9.025,63.175,
47317,Tropical Montane,Dry,Europe,Silvopasture,29.1,7.275,50.925,
47318,Tropical Montane,Dry,Europe,Other Land,1,#N/A,#N/A,
47319,Tropical Montane,Dry,Europe,Tea,18.3,4.575,32.025,
47320,Tropical Montane,Dry,Europe,Oil Palm,30,7.5,52.5,
47321,Tropical Montane,Dry,Europe,Rubber,40.1,10.025,70.175,
47322,Tropical Montane,Dry,Oceania,Grains,4.7,1.175,8.225,
47323,Tropical Montane,Dry,Oceania,Maize,4.7,1.175,8.225,
47324,Tropical Montane,Dry,Oceania,Sugarcane,4.7,1.175,8.225,
47325,Tropical Montane,Dry,Oceania,Wheat,4.7,1.175,8.225,
47326,Tropical Montane,Dry,Oceania,Beans & Pulses,4.7,1.175,8.225,
47327,Tropical Montane,Dry,Oceania,Tubers,4.7,1.175,8.225,
47328,Tropical Montane,Dry,Oceania,Root Crops,4.7,1.175,8.225,
47329,Tropical Montane,Dry,Oceania,Barley,4.7,1.175,8.225,
47330,Tropical Montane,Dry,Oceania,Oats,4.7,1.175,8.225,
47331,Tropical Montane,Dry,Oceania,Millet,4.7,1.175,8.225,
47332,Tropical Montane,Dry,Oceania,Sorghum,4.7,1.175,8.225,
47333,Tropical Montane,Dry,Oceania,Rye,4.7,1.175,8.225,
47334,Tropical Montane,Dry,Oceania,Soybeans,4.7,1.175,8.225,
47335,Tropical Montane,Dry,Oceania,Dry Bean,4.7,1.175,8.225,
47336,Tropical Montane,Dry,Oceania,Potatoes,4.7,1.175,8.225,
47337,Tropical Montane,Dry,Oceania,Peanuts,4.7,1.175,8.225,
47338,Tropical Montane,Dry,Oceania,Vegetables,4.7,1.175,8.225,
47339,Tropical Montane,Dry,Oceania,Oilseeds,4.7,1.175,8.225,
47340,Tropical Montane,Dry,Oceania,Groundnuts,4.7,1.175,8.225,
47341,Tropical Montane,Dry,Oceania,Annual Cropland,4.7,1.175,8.225,
47342,Tropical Montane,Dry,Oceania,Set Aside,4.7,1.175,8.225,
47343,Tropical Montane,Dry,Oceania,Flooded Rice,4.7,1.175,8.225,
47344,Tropical Montane,Dry,Oceania,Grassland,4.09,1.0225,7.1575,
47345,Tropical Montane,Dry,Oceania,Other Land (Non-Vegetated),0,#N/A,#N/A,
47346,Tropical Montane,Dry,Oceania,Settlement,0,#N/A,#N/A,
47347,Tropical Montane,Dry,Oceania,Agroforestry - Default,20.8875,5.221875,36.553125,
47348,Tropical Montane,Dry,Oceania,Alley Cropping,23.7,5.925,41.475,
47349,Tropical Montane,Dry,Oceania,Perennial Fallow,11.1,2.775,19.425,
47350,Tropical Montane,Dry,Oceania,Hedgerow,4.7,3.337,6.063,
47351,Tropical Montane,Dry,Oceania,Multistrata,32.5,8.125,56.875,
47352,Tropical Montane,Dry,Oceania,Parkland,5.9,1.475,10.325,
47353,Tropical Montane,Dry,Oceania,Shaded Perennial,24,6,42,
47354,Tropical Montane,Dry,Oceania,Silvoarable,36.1,9.025,63.175,
47355,Tropical Montane,Dry,Oceania,Silvopasture,29.1,7.275,50.925,
47356,Tropical Montane,Dry,Oceania,Other Land,1,#N/A,#N/A,
47357,Tropical Montane,Dry,Oceania,Tea,18.3,4.575,32.025,
47358,Tropical Montane,Dry,Oceania,Oil Palm,30,7.5,52.5,
47359,Tropical Montane,Dry,Oceania,Rubber,40.1,10.025,70.175,
47360,Tropical Montane,Dry,North America,Grains,4.7,1.175,8.225,
47361,Tropical Montane,Dry,North America,Maize,4.7,1.175,8.225,
47362,Tropical Montane,Dry,North America,Sugarcane,4.7,1.175,8.225,
47363,Tropical Montane,Dry,North America,Wheat,4.7,1.175,8.225,
47364,Tropical Montane,Dry,North America,Beans & Pulses,4.7,1.175,8.225,
47365,Tropical Montane,Dry,North America,Tubers,4.7,1.175,8.225,
47366,Tropical Montane,Dry,North America,Root Crops,4.7,1.175,8.225,
47367,Tropical Montane,Dry,North America,Barley,4.7,1.175,8.225,
47368,Tropical Montane,Dry,North America,Oats,4.7,1.175,8.225,
47369,Tropical Montane,Dry,North America,Millet,4.7,1.175,8.225,
47370,Tropical Montane,Dry,North America,Sorghum,4.7,1.175,8.225,
47371,Tropical Montane,Dry,North America,Rye,4.7,1.175,8.225,
47372,Tropical Montane,Dry,North America,Soybeans,4.7,1.175,8.225,
47373,Tropical Montane,Dry,North America,Dry Bean,4.7,1.175,8.225,
47374,Tropical Montane,Dry,North America,Potatoes,4.7,1.175,8.225,
47375,Tropical Montane,Dry,North America,Peanuts,4.7,1.175,8.225,
47376,Tropical Montane,Dry,North America,Vegetables,4.7,1.175,8.225,
47377,Tropical Montane,Dry,North America,Oilseeds,4.7,1.175,8.225,
47378,Tropical Montane,Dry,North America,Groundnuts,4.7,1.175,8.225,
47379,Tropical Montane,Dry,North America,Annual Cropland,4.7,1.175,8.225,
47380,Tropical Montane,Dry,North America,Set Aside,4.7,1.175,8.225,
47381,Tropical Montane,Dry,North America,Flooded Rice,4.7,1.175,8.225,
47382,Tropical Montane,Dry,North America,Grassland,4.09,1.0225,7.1575,
47383,Tropical Montane,Dry,North America,Other Land (Non-Vegetated),0,#N/A,#N/A,
47384,Tropical Montane,Dry,North America,Settlement,0,#N/A,#N/A,
47385,Tropical Montane,Dry,North America,Agroforestry - Default,20.8875,5.221875,36.553125,
47386,Tropical Montane,Dry,North America,Alley Cropping,23.7,5.925,41.475,
47387,Tropical Montane,Dry,North America,Perennial Fallow,11.1,2.775,19.425,
47388,Tropical Montane,Dry,North America,Hedgerow,4.7,3.337,6.063,
47389,Tropical Montane,Dry,North America,Multistrata,32.5,8.125,56.875,
47390,Tropical Montane,Dry,North America,Parkland,5.9,1.475,10.325,
47391,Tropical Montane,Dry,North America,Shaded Perennial,24,6,42,
47392,Tropical Montane,Dry,North America,Silvoarable,36.1,9.025,63.175,
47393,Tropical Montane,Dry,North America,Silvopasture,29.1,7.275,50.925,
47394,Tropical Montane,Dry,North America,Other Land,1,#N/A,#N/A,
47395,Tropical Montane,Dry,North America,Tea,18.3,4.575,32.025,
47396,Tropical Montane,Dry,North America,Oil Palm,30,7.5,52.5,
47397,Tropical Montane,Dry,North America,Rubber,40.1,10.025,70.175,
47398,Tropical Montane,Dry,South America,Grains,4.7,1.175,8.225,
47399,Tropical Montane,Dry,South America,Maize,4.7,1.175,8.225,
47400,Tropical Montane,Dry,South America,Sugarcane,4.7,1.175,8.225,
47401,Tropical Montane,Dry,South America,Wheat,4.7,1.175,8.225,
47402,Tropical Montane,Dry,South America,Beans & Pulses,4.7,1.175,8.225,
47403,Tropical Montane,Dry,South America,Tubers,4.7,1.175,8.225,
47404,Tropical Montane,Dry,South America,Root Crops,4.7,1.175,8.225,
47405,Tropical Montane,Dry,South America,Barley,4.7,1.175,8.225,
47406,Tropical Montane,Dry,South America,Oats,4.7,1.175,8.225,
47407,Tropical Montane,Dry,South America,Millet,4.7,1.175,8.225,
47408,Tropical Montane,Dry,South America,Sorghum,4.7,1.175,8.225,
47409,Tropical Montane,Dry,South America,Rye,4.7,1.175,8.225,
47410,Tropical Montane,Dry,South America,Soybeans,4.7,1.175,8.225,
47411,Tropical Montane,Dry,South America,Dry Bean,4.7,1.175,8.225,
47412,Tropical Montane,Dry,South America,Potatoes,4.7,1.175,8.225,
47413,Tropical Montane,Dry,South America,Peanuts,4.7,1.175,8.225,
47414,Tropical Montane,Dry,South America,Vegetables,4.7,1.175,8.225,
47415,Tropical Montane,Dry,South America,Oilseeds,4.7,1.175,8.225,
47416,Tropical Montane,Dry,South America,Groundnuts,4.7,1.175,8.225,
47417,Tropical Montane,Dry,South America,Annual Cropland,4.7,1.175,8.225,
47418,Tropical Montane,Dry,South America,Set Aside,4.7,1.175,8.225,
47419,Tropical Montane,Dry,South America,Flooded Rice,4.7,1.175,8.225,
47420,Tropical Montane,Dry,South America,Grassland,4.09,1.0225,7.1575,
47421,Tropical Montane,Dry,South America,Other Land (Non-Vegetated),0,#N/A,#N/A,
47422,Tropical Montane,Dry,South America,Settlement,0,#N/A,#N/A,
47423,Tropical Montane,Dry,South America,Agroforestry - Default,20.8875,5.221875,36.553125,
47424,Tropical Montane,Dry,South America,Alley Cropping,23.7,5.925,41.475,
47425,Tropical Montane,Dry,South America,Perennial Fallow,11.1,2.775,19.425,
47426,Tropical Montane,Dry,South America,Hedgerow,4.7,3.337,6.063,
47427,Tropical Montane,Dry,South America,Multistrata,32.5,8.125,56.875,
47428,Tropical Montane,Dry,South America,Parkland,5.9,1.475,10.325,
47429,Tropical Montane,Dry,South America,Shaded Perennial,24,6,42,
47430,Tropical Montane,Dry,South America,Silvoarable,36.1,9.025,63.175,
47431,Tropical Montane,Dry,South America,Silvopasture,29.1,7.275,50.925,
47432,Tropical Montane,Dry,South America,Other Land,1,#N/A,#N/A,
47433,Tropical Montane,Dry,South America,Tea,18.3,4.575,32.025,
47434,Tropical Montane,Dry,South America,Oil Palm,30,7.5,52.5,
47435,Tropical Montane,Dry,South America,Rubber,40.1,10.025,70.175,
47436,Tropical Montane,Dry,Central America,Grains,4.7,1.175,8.225,
47437,Tropical Montane,Dry,Central America,Maize,4.7,1.175,8.225,
47438,Tropical Montane,Dry,Central America,Sugarcane,4.7,1.175,8.225,
47439,Tropical Montane,Dry,Central America,Wheat,4.7,1.175,8.225,
47440,Tropical Montane,Dry,Central America,Beans & Pulses,4.7,1.175,8.225,
47441,Tropical Montane,Dry,Central America,Tubers,4.7,1.175,8.225,
47442,Tropical Montane,Dry,Central America,Root Crops,4.7,1.175,8.225,
47443,Tropical Montane,Dry,Central America,Barley,4.7,1.175,8.225,
47444,Tropical Montane,Dry,Central America,Oats,4.7,1.175,8.225,
47445,Tropical Montane,Dry,Central America,Millet,4.7,1.175,8.225,
47446,Tropical Montane,Dry,Central America,Sorghum,4.7,1.175,8.225,
47447,Tropical Montane,Dry,Central America,Rye,4.7,1.175,8.225,
47448,Tropical Montane,Dry,Central America,Soybeans,4.7,1.175,8.225,
47449,Tropical Montane,Dry,Central America,Dry Bean,4.7,1.175,8.225,
47450,Tropical Montane,Dry,Central America,Potatoes,4.7,1.175,8.225,
47451,Tropical Montane,Dry,Central America,Peanuts,4.7,1.175,8.225,
47452,Tropical Montane,Dry,Central America,Vegetables,4.7,1.175,8.225,
47453,Tropical Montane,Dry,Central America,Oilseeds,4.7,1.175,8.225,
47454,Tropical Montane,Dry,Central America,Groundnuts,4.7,1.175,8.225,
47455,Tropical Montane,Dry,Central America,Annual Cropland,4.7,1.175,8.225,
47456,Tropical Montane,Dry,Central America,Set Aside,4.7,1.175,8.225,
47457,Tropical Montane,Dry,Central America,Flooded Rice,4.7,1.175,8.225,
47458,Tropical Montane,Dry,Central America,Grassland,4.09,1.0225,7.1575,
47459,Tropical Montane,Dry,Central America,Other Land (Non-Vegetated),0,#N/A,#N/A,
47460,Tropical Montane,Dry,Central America,Settlement,0,#N/A,#N/A,
47461,Tropical Montane,Dry,Central America,Agroforestry - Default,20.8875,5.221875,36.553125,
47462,Tropical Montane,Dry,Central America,Alley Cropping,23.7,5.925,41.475,
47463,Tropical Montane,Dry,Central America,Perennial Fallow,11.1,2.775,19.425,
47464,Tropical Montane,Dry,Central America,Hedgerow,4.7,3.337,6.063,
47465,Tropical Montane,Dry,Central America,Multistrata,32.5,8.125,56.875,
47466,Tropical Montane,Dry,Central America,Parkland,5.9,1.475,10.325,
47467,Tropical Montane,Dry,Central America,Shaded Perennial,24,6,42,
47468,Tropical Montane,Dry,Central America,Silvoarable,36.1,9.025,63.175,
47469,Tropical Montane,Dry,Central America,Silvopasture,29.1,7.275,50.925,
47470,Tropical Montane,Dry,Central America,Other Land,1,#N/A,#N/A,
47471,Tropical Montane,Dry,Central America,Tea,18.3,4.575,32.025,
47472,Tropical Montane,Dry,Central America,Oil Palm,30,7.5,52.5,
47473,Tropical Montane,Dry,Central America,Rubber,40.1,10.025,70.175,
47474,Tropical Montane,Dry,Caribbean,Grains,4.7,1.175,8.225,
47475,Tropical Montane,Dry,Caribbean,Maize,4.7,1.175,8.225,
47476,Tropical Montane,Dry,Caribbean,Sugarcane,4.7,1.175,8.225,
47477,Tropical Montane,Dry,Caribbean,Wheat,4.7,1.175,8.225,
47478,Tropical Montane,Dry,Caribbean,Beans & Pulses,4.7,1.175,8.225,
47479,Tropical Montane,Dry,Caribbean,Tubers,4.7,1.175,8.225,
47480,Tropical Montane,Dry,Caribbean,Root Crops,4.7,1.175,8.225,
47481,Tropical Montane,Dry,Caribbean,Barley,4.7,1.175,8.225,
47482,Tropical Montane,Dry,Caribbean,Oats,4.7,1.175,8.225,
47483,Tropical Montane,Dry,Caribbean,Millet,4.7,1.175,8.225,
47484,Tropical Montane,Dry,Caribbean,Sorghum,4.7,1.175,8.225,
47485,Tropical Montane,Dry,Caribbean,Rye,4.7,1.175,8.225,
47486,Tropical Montane,Dry,Caribbean,Soybeans,4.7,1.175,8.225,
47487,Tropical Montane,Dry,Caribbean,Dry Bean,4.7,1.175,8.225,
47488,Tropical Montane,Dry,Caribbean,Potatoes,4.7,1.175,8.225,
47489,Tropical Montane,Dry,Caribbean,Peanuts,4.7,1.175,8.225,
47490,Tropical Montane,Dry,Caribbean,Vegetables,4.7,1.175,8.225,
47491,Tropical Montane,Dry,Caribbean,Oilseeds,4.7,1.175,8.225,
47492,Tropical Montane,Dry,Caribbean,Groundnuts,4.7,1.175,8.225,
47493,Tropical Montane,Dry,Caribbean,Annual Cropland,4.7,1.175,8.225,
47494,Tropical Montane,Dry,Caribbean,Set Aside,4.7,1.175,8.225,
47495,Tropical Montane,Dry,Caribbean,Flooded Rice,4.7,1.175,8.225,
47496,Tropical Montane,Dry,Caribbean,Grassland,4.09,1.0225,7.1575,
47497,Tropical Montane,Dry,Caribbean,Other Land (Non-Vegetated),0,#N/A,#N/A,
47498,Tropical Montane,Dry,Caribbean,Settlement,0,#N/A,#N/A,
47499,Tropical Montane,Dry,Caribbean,Agroforestry - Default,20.8875,5.221875,36.553125,
47500,Tropical Montane,Dry,Caribbean,Alley Cropping,23.7,5.925,41.475,
47501,Tropical Montane,Dry,Caribbean,Perennial Fallow,11.1,2.775,19.425,
47502,Tropical Montane,Dry,Caribbean,Hedgerow,4.7,3.337,6.063,
47503,Tropical Montane,Dry,Caribbean,Multistrata,32.5,8.125,56.875,
47504,Tropical Montane,Dry,Caribbean,Parkland,5.9,1.475,10.325,
47505,Tropical Montane,Dry,Caribbean,Shaded Perennial,24,6,42,
47506,Tropical Montane,Dry,Caribbean,Silvoarable,36.1,9.025,63.175,
47507,Tropical Montane,Dry,Caribbean,Silvopasture,29.1,7.275,50.925,
47508,Tropical Montane,Dry,Caribbean,Other Land,1,#N/A,#N/A,
47509,Tropical Montane,Dry,Caribbean,Tea,18.3,4.575,32.025,
47510,Tropical Montane,Dry,Caribbean,Oil Palm,30,7.5,52.5,
47511,Tropical Montane,Dry,Caribbean,Rubber,40.1,10.025,70.175,
47512,Tropical,Wet,Eastern Africa,Grains,4.7,1.175,8.225,
47513,Tropical,Wet,Eastern Africa,Maize,4.7,1.175,8.225,
47514,Tropical,Wet,Eastern Africa,Sugarcane,4.7,1.175,8.225,
47515,Tropical,Wet,Eastern Africa,Wheat,4.7,1.175,8.225,
47516,Tropical,Wet,Eastern Africa,Beans & Pulses,4.7,1.175,8.225,
47517,Tropical,Wet,Eastern Africa,Tubers,4.7,1.175,8.225,
47518,Tropical,Wet,Eastern Africa,Root Crops,4.7,1.175,8.225,
47519,Tropical,Wet,Eastern Africa,Barley,4.7,1.175,8.225,
47520,Tropical,Wet,Eastern Africa,Oats,4.7,1.175,8.225,
47521,Tropical,Wet,Eastern Africa,Millet,4.7,1.175,8.225,
47522,Tropical,Wet,Eastern Africa,Sorghum,4.7,1.175,8.225,
47523,Tropical,Wet,Eastern Africa,Rye,4.7,1.175,8.225,
47524,Tropical,Wet,Eastern Africa,Soybeans,4.7,1.175,8.225,
47525,Tropical,Wet,Eastern Africa,Dry Bean,4.7,1.175,8.225,
47526,Tropical,Wet,Eastern Africa,Potatoes,4.7,1.175,8.225,
47527,Tropical,Wet,Eastern Africa,Peanuts,4.7,1.175,8.225,
47528,Tropical,Wet,Eastern Africa,Vegetables,4.7,1.175,8.225,
47529,Tropical,Wet,Eastern Africa,Oilseeds,4.7,1.175,8.225,
47530,Tropical,Wet,Eastern Africa,Groundnuts,4.7,1.175,8.225,
47531,Tropical,Wet,Eastern Africa,Annual Cropland,4.7,1.175,8.225,
47532,Tropical,Wet,Eastern Africa,Set Aside,4.7,1.175,8.225,
47533,Tropical,Wet,Eastern Africa,Flooded Rice,4.7,1.175,8.225,
47534,Tropical,Wet,Eastern Africa,Grassland,7.567,1.89175,13.24225,
47535,Tropical,Wet,Eastern Africa,Other Land (Non-Vegetated),0,#N/A,#N/A,
47536,Tropical,Wet,Eastern Africa,Settlement,0,#N/A,#N/A,
47537,Tropical,Wet,Eastern Africa,Agroforestry - Default,20.8875,5.221875,36.553125,
47538,Tropical,Wet,Eastern Africa,Alley Cropping,23.7,5.925,41.475,
47539,Tropical,Wet,Eastern Africa,Perennial Fallow,11.1,2.775,19.425,
47540,Tropical,Wet,Eastern Africa,Hedgerow,4.7,3.337,6.063,
47541,Tropical,Wet,Eastern Africa,Multistrata,32.5,8.125,56.875,
47542,Tropical,Wet,Eastern Africa,Parkland,5.9,1.475,10.325,
47543,Tropical,Wet,Eastern Africa,Shaded Perennial,24,6,42,
47544,Tropical,Wet,Eastern Africa,Silvoarable,36.1,9.025,63.175,
47545,Tropical,Wet,Eastern Africa,Silvopasture,29.1,7.275,50.925,
47546,Tropical,Wet,Eastern Africa,Other Land,1,#N/A,#N/A,
47547,Tropical,Wet,Eastern Africa,Tea,18.3,4.575,32.025,
47548,Tropical,Wet,Eastern Africa,Oil Palm,30,7.5,52.5,
47549,Tropical,Wet,Eastern Africa,Rubber,40.1,10.025,70.175,
47550,Tropical,Wet,Central Africa,Grains,4.7,1.175,8.225,
47551,Tropical,Wet,Central Africa,Maize,4.7,1.175,8.225,
47552,Tropical,Wet,Central Africa,Sugarcane,4.7,1.175,8.225,
47553,Tropical,Wet,Central Africa,Wheat,4.7,1.175,8.225,
47554,Tropical,Wet,Central Africa,Beans & Pulses,4.7,1.175,8.225,
47555,Tropical,Wet,Central Africa,Tubers,4.7,1.175,8.225,
47556,Tropical,Wet,Central Africa,Root Crops,4.7,1.175,8.225,
47557,Tropical,Wet,Central Africa,Barley,4.7,1.175,8.225,
47558,Tropical,Wet,Central Africa,Oats,4.7,1.175,8.225,
47559,Tropical,Wet,Central Africa,Millet,4.7,1.175,8.225,
47560,Tropical,Wet,Central Africa,Sorghum,4.7,1.175,8.225,
47561,Tropical,Wet,Central Africa,Rye,4.7,1.175,8.225,
47562,Tropical,Wet,Central Africa,Soybeans,4.7,1.175,8.225,
47563,Tropical,Wet,Central Africa,Dry Bean,4.7,1.175,8.225,
47564,Tropical,Wet,Central Africa,Potatoes,4.7,1.175,8.225,
47565,Tropical,Wet,Central Africa,Peanuts,4.7,1.175,8.225,
47566,Tropical,Wet,Central Africa,Vegetables,4.7,1.175,8.225,
47567,Tropical,Wet,Central Africa,Oilseeds,4.7,1.175,8.225,
47568,Tropical,Wet,Central Africa,Groundnuts,4.7,1.175,8.225,
47569,Tropical,Wet,Central Africa,Annual Cropland,4.7,1.175,8.225,
47570,Tropical,Wet,Central Africa,Set Aside,4.7,1.175,8.225,
47571,Tropical,Wet,Central Africa,Flooded Rice,4.7,1.175,8.225,
47572,Tropical,Wet,Central Africa,Grassland,7.567,1.89175,13.24225,
47573,Tropical,Wet,Central Africa,Other Land (Non-Vegetated),0,#N/A,#N/A,
47574,Tropical,Wet,Central Africa,Settlement,0,#N/A,#N/A,
47575,Tropical,Wet,Central Africa,Agroforestry - Default,20.8875,5.221875,36.553125,
47576,Tropical,Wet,Central Africa,Alley Cropping,23.7,5.925,41.475,
47577,Tropical,Wet,Central Africa,Perennial Fallow,11.1,2.775,19.425,
47578,Tropical,Wet,Central Africa,Hedgerow,4.7,3.337,6.063,
47579,Tropical,Wet,Central Africa,Multistrata,32.5,8.125,56.875,
47580,Tropical,Wet,Central Africa,Parkland,5.9,1.475,10.325,
47581,Tropical,Wet,Central Africa,Shaded Perennial,24,6,42,
47582,Tropical,Wet,Central Africa,Silvoarable,36.1,9.025,63.175,
47583,Tropical,Wet,Central Africa,Silvopasture,29.1,7.275,50.925,
47584,Tropical,Wet,Central Africa,Other Land,1,#N/A,#N/A,
47585,Tropical,Wet,Central Africa,Tea,18.3,4.575,32.025,
47586,Tropical,Wet,Central Africa,Oil Palm,30,7.5,52.5,
47587,Tropical,Wet,Central Africa,Rubber,40.1,10.025,70.175,
47588,Tropical,Wet,Northern Africa,Grains,4.7,1.175,8.225,
47589,Tropical,Wet,Northern Africa,Maize,4.7,1.175,8.225,
47590,Tropical,Wet,Northern Africa,Sugarcane,4.7,1.175,8.225,
47591,Tropical,Wet,Northern Africa,Wheat,4.7,1.175,8.225,
47592,Tropical,Wet,Northern Africa,Beans & Pulses,4.7,1.175,8.225,
47593,Tropical,Wet,Northern Africa,Tubers,4.7,1.175,8.225,
47594,Tropical,Wet,Northern Africa,Root Crops,4.7,1.175,8.225,
47595,Tropical,Wet,Northern Africa,Barley,4.7,1.175,8.225,
47596,Tropical,Wet,Northern Africa,Oats,4.7,1.175,8.225,
47597,Tropical,Wet,Northern Africa,Millet,4.7,1.175,8.225,
47598,Tropical,Wet,Northern Africa,Sorghum,4.7,1.175,8.225,
47599,Tropical,Wet,Northern Africa,Rye,4.7,1.175,8.225,
47600,Tropical,Wet,Northern Africa,Soybeans,4.7,1.175,8.225,
47601,Tropical,Wet,Northern Africa,Dry Bean,4.7,1.175,8.225,
47602,Tropical,Wet,Northern Africa,Potatoes,4.7,1.175,8.225,
47603,Tropical,Wet,Northern Africa,Peanuts,4.7,1.175,8.225,
47604,Tropical,Wet,Northern Africa,Vegetables,4.7,1.175,8.225,
47605,Tropical,Wet,Northern Africa,Oilseeds,4.7,1.175,8.225,
47606,Tropical,Wet,Northern Africa,Groundnuts,4.7,1.175,8.225,
47607,Tropical,Wet,Northern Africa,Annual Cropland,4.7,1.175,8.225,
47608,Tropical,Wet,Northern Africa,Set Aside,4.7,1.175,8.225,
47609,Tropical,Wet,Northern Africa,Flooded Rice,4.7,1.175,8.225,
47610,Tropical,Wet,Northern Africa,Grassland,7.567,1.89175,13.24225,
47611,Tropical,Wet,Northern Africa,Other Land (Non-Vegetated),0,#N/A,#N/A,
47612,Tropical,Wet,Northern Africa,Settlement,0,#N/A,#N/A,
47613,Tropical,Wet,Northern Africa,Agroforestry - Default,20.8875,5.221875,36.553125,
47614,Tropical,Wet,Northern Africa,Alley Cropping,23.7,5.925,41.475,
47615,Tropical,Wet,Northern Africa,Perennial Fallow,11.1,2.775,19.425,
47616,Tropical,Wet,Northern Africa,Hedgerow,4.7,3.337,6.063,
47617,Tropical,Wet,Northern Africa,Multistrata,32.5,8.125,56.875,
47618,Tropical,Wet,Northern Africa,Parkland,5.9,1.475,10.325,
47619,Tropical,Wet,Northern Africa,Shaded Perennial,24,6,42,
47620,Tropical,Wet,Northern Africa,Silvoarable,36.1,9.025,63.175,
47621,Tropical,Wet,Northern Africa,Silvopasture,29.1,7.275,50.925,
47622,Tropical,Wet,Northern Africa,Other Land,1,#N/A,#N/A,
47623,Tropical,Wet,Northern Africa,Tea,18.3,4.575,32.025,
47624,Tropical,Wet,Northern Africa,Oil Palm,30,7.5,52.5,
47625,Tropical,Wet,Northern Africa,Rubber,40.1,10.025,70.175,
47626,Tropical,Wet,Southern Africa,Grains,4.7,1.175,8.225,
47627,Tropical,Wet,Southern Africa,Maize,4.7,1.175,8.225,
47628,Tropical,Wet,Southern Africa,Sugarcane,4.7,1.175,8.225,
47629,Tropical,Wet,Southern Africa,Wheat,4.7,1.175,8.225,
47630,Tropical,Wet,Southern Africa,Beans & Pulses,4.7,1.175,8.225,
47631,Tropical,Wet,Southern Africa,Tubers,4.7,1.175,8.225,
47632,Tropical,Wet,Southern Africa,Root Crops,4.7,1.175,8.225,
47633,Tropical,Wet,Southern Africa,Barley,4.7,1.175,8.225,
47634,Tropical,Wet,Southern Africa,Oats,4.7,1.175,8.225,
47635,Tropical,Wet,Southern Africa,Millet,4.7,1.175,8.225,
47636,Tropical,Wet,Southern Africa,Sorghum,4.7,1.175,8.225,
47637,Tropical,Wet,Southern Africa,Rye,4.7,1.175,8.225,
47638,Tropical,Wet,Southern Africa,Soybeans,4.7,1.175,8.225,
47639,Tropical,Wet,Southern Africa,Dry Bean,4.7,1.175,8.225,
47640,Tropical,Wet,Southern Africa,Potatoes,4.7,1.175,8.225,
47641,Tropical,Wet,Southern Africa,Peanuts,4.7,1.175,8.225,
47642,Tropical,Wet,Southern Africa,Vegetables,4.7,1.175,8.225,
47643,Tropical,Wet,Southern Africa,Oilseeds,4.7,1.175,8.225,
47644,Tropical,Wet,Southern Africa,Groundnuts,4.7,1.175,8.225,
47645,Tropical,Wet,Southern Africa,Annual Cropland,4.7,1.175,8.225,
47646,Tropical,Wet,Southern Africa,Set Aside,4.7,1.175,8.225,
47647,Tropical,Wet,Southern Africa,Flooded Rice,4.7,1.175,8.225,
47648,Tropical,Wet,Southern Africa,Grassland,7.567,1.89175,13.24225,
47649,Tropical,Wet,Southern Africa,Other Land (Non-Vegetated),0,#N/A,#N/A,
47650,Tropical,Wet,Southern Africa,Settlement,0,#N/A,#N/A,
47651,Tropical,Wet,Southern Africa,Agroforestry - Default,20.8875,5.221875,36.553125,
47652,Tropical,Wet,Southern Africa,Alley Cropping,23.7,5.925,41.475,
47653,Tropical,Wet,Southern Africa,Perennial Fallow,11.1,2.775,19.425,
47654,Tropical,Wet,Southern Africa,Hedgerow,4.7,3.337,6.063,
47655,Tropical,Wet,Southern Africa,Multistrata,32.5,8.125,56.875,
47656,Tropical,Wet,Southern Africa,Parkland,5.9,1.475,10.325,
47657,Tropical,Wet,Southern Africa,Shaded Perennial,24,6,42,
47658,Tropical,Wet,Southern Africa,Silvoarable,36.1,9.025,63.175,
47659,Tropical,Wet,Southern Africa,Silvopasture,29.1,7.275,50.925,
47660,Tropical,Wet,Southern Africa,Other Land,1,#N/A,#N/A,
47661,Tropical,Wet,Southern Africa,Tea,18.3,4.575,32.025,
47662,Tropical,Wet,Southern Africa,Oil Palm,30,7.5,52.5,
47663,Tropical,Wet,Southern Africa,Rubber,40.1,10.025,70.175,
47664,Tropical,Wet,Western Africa,Grains,4.7,1.175,8.225,
47665,Tropical,Wet,Western Africa,Maize,4.7,1.175,8.225,
47666,Tropical,Wet,Western Africa,Sugarcane,4.7,1.175,8.225,
47667,Tropical,Wet,Western Africa,Wheat,4.7,1.175,8.225,
47668,Tropical,Wet,Western Africa,Beans & Pulses,4.7,1.175,8.225,
47669,Tropical,Wet,Western Africa,Tubers,4.7,1.175,8.225,
47670,Tropical,Wet,Western Africa,Root Crops,4.7,1.175,8.225,
47671,Tropical,Wet,Western Africa,Barley,4.7,1.175,8.225,
47672,Tropical,Wet,Western Africa,Oats,4.7,1.175,8.225,
47673,Tropical,Wet,Western Africa,Millet,4.7,1.175,8.225,
47674,Tropical,Wet,Western Africa,Sorghum,4.7,1.175,8.225,
47675,Tropical,Wet,Western Africa,Rye,4.7,1.175,8.225,
47676,Tropical,Wet,Western Africa,Soybeans,4.7,1.175,8.225,
47677,Tropical,Wet,Western Africa,Dry Bean,4.7,1.175,8.225,
47678,Tropical,Wet,Western Africa,Potatoes,4.7,1.175,8.225,
47679,Tropical,Wet,Western Africa,Peanuts,4.7,1.175,8.225,
47680,Tropical,Wet,Western Africa,Vegetables,4.7,1.175,8.225,
47681,Tropical,Wet,Western Africa,Oilseeds,4.7,1.175,8.225,
47682,Tropical,Wet,Western Africa,Groundnuts,4.7,1.175,8.225,
47683,Tropical,Wet,Western Africa,Annual Cropland,4.7,1.175,8.225,
47684,Tropical,Wet,Western Africa,Set Aside,4.7,1.175,8.225,
47685,Tropical,Wet,Western Africa,Flooded Rice,4.7,1.175,8.225,
47686,Tropical,Wet,Western Africa,Grassland,7.567,1.89175,13.24225,
47687,Tropical,Wet,Western Africa,Other Land (Non-Vegetated),0,#N/A,#N/A,
47688,Tropical,Wet,Western Africa,Settlement,0,#N/A,#N/A,
47689,Tropical,Wet,Western Africa,Agroforestry - Default,20.8875,5.221875,36.553125,
47690,Tropical,Wet,Western Africa,Alley Cropping,23.7,5.925,41.475,
47691,Tropical,Wet,Western Africa,Perennial Fallow,11.1,2.775,19.425,
47692,Tropical,Wet,Western Africa,Hedgerow,4.7,3.337,6.063,
47693,Tropical,Wet,Western Africa,Multistrata,32.5,8.125,56.875,
47694,Tropical,Wet,Western Africa,Parkland,5.9,1.475,10.325,
47695,Tropical,Wet,Western Africa,Shaded Perennial,24,6,42,
47696,Tropical,Wet,Western Africa,Silvoarable,36.1,9.025,63.175,
47697,Tropical,Wet,Western Africa,Silvopasture,29.1,7.275,50.925,
47698,Tropical,Wet,Western Africa,Other Land,1,#N/A,#N/A,
47699,Tropical,Wet,Western Africa,Tea,18.3,4.575,32.025,
47700,Tropical,Wet,Western Africa,Oil Palm,30,7.5,52.5,
47701,Tropical,Wet,Western Africa,Rubber,40.1,10.025,70.175,
47702,Tropical,Wet,Central Asia,Grains,4.7,1.175,8.225,
47703,Tropical,Wet,Central Asia,Maize,4.7,1.175,8.225,
47704,Tropical,Wet,Central Asia,Sugarcane,4.7,1.175,8.225,
47705,Tropical,Wet,Central Asia,Wheat,4.7,1.175,8.225,
47706,Tropical,Wet,Central Asia,Beans & Pulses,4.7,1.175,8.225,
47707,Tropical,Wet,Central Asia,Tubers,4.7,1.175,8.225,
47708,Tropical,Wet,Central Asia,Root Crops,4.7,1.175,8.225,
47709,Tropical,Wet,Central Asia,Barley,4.7,1.175,8.225,
47710,Tropical,Wet,Central Asia,Oats,4.7,1.175,8.225,
47711,Tropical,Wet,Central Asia,Millet,4.7,1.175,8.225,
47712,Tropical,Wet,Central Asia,Sorghum,4.7,1.175,8.225,
47713,Tropical,Wet,Central Asia,Rye,4.7,1.175,8.225,
47714,Tropical,Wet,Central Asia,Soybeans,4.7,1.175,8.225,
47715,Tropical,Wet,Central Asia,Dry Bean,4.7,1.175,8.225,
47716,Tropical,Wet,Central Asia,Potatoes,4.7,1.175,8.225,
47717,Tropical,Wet,Central Asia,Peanuts,4.7,1.175,8.225,
47718,Tropical,Wet,Central Asia,Vegetables,4.7,1.175,8.225,
47719,Tropical,Wet,Central Asia,Oilseeds,4.7,1.175,8.225,
47720,Tropical,Wet,Central Asia,Groundnuts,4.7,1.175,8.225,
47721,Tropical,Wet,Central Asia,Annual Cropland,4.7,1.175,8.225,
47722,Tropical,Wet,Central Asia,Set Aside,4.7,1.175,8.225,
47723,Tropical,Wet,Central Asia,Flooded Rice,4.7,1.175,8.225,
47724,Tropical,Wet,Central Asia,Grassland,7.567,1.89175,13.24225,
47725,Tropical,Wet,Central Asia,Other Land (Non-Vegetated),0,#N/A,#N/A,
47726,Tropical,Wet,Central Asia,Settlement,0,#N/A,#N/A,
47727,Tropical,Wet,Central Asia,Agroforestry - Default,20.8875,5.221875,36.553125,
47728,Tropical,Wet,Central Asia,Alley Cropping,23.7,5.925,41.475,
47729,Tropical,Wet,Central Asia,Perennial Fallow,11.1,2.775,19.425,
47730,Tropical,Wet,Central Asia,Hedgerow,4.7,3.337,6.063,
47731,Tropical,Wet,Central Asia,Multistrata,32.5,8.125,56.875,
47732,Tropical,Wet,Central Asia,Parkland,5.9,1.475,10.325,
47733,Tropical,Wet,Central Asia,Shaded Perennial,24,6,42,
47734,Tropical,Wet,Central Asia,Silvoarable,36.1,9.025,63.175,
47735,Tropical,Wet,Central Asia,Silvopasture,29.1,7.275,50.925,
47736,Tropical,Wet,Central Asia,Other Land,1,#N/A,#N/A,
47737,Tropical,Wet,Central Asia,Tea,18.3,4.575,32.025,
47738,Tropical,Wet,Central Asia,Oil Palm,30,7.5,52.5,
47739,Tropical,Wet,Central Asia,Rubber,40.1,10.025,70.175,
47740,Tropical,Wet,Eastern Asia,Grains,4.7,1.175,8.225,
47741,Tropical,Wet,Eastern Asia,Maize,4.7,1.175,8.225,
47742,Tropical,Wet,Eastern Asia,Sugarcane,4.7,1.175,8.225,
47743,Tropical,Wet,Eastern Asia,Wheat,4.7,1.175,8.225,
47744,Tropical,Wet,Eastern Asia,Beans & Pulses,4.7,1.175,8.225,
47745,Tropical,Wet,Eastern Asia,Tubers,4.7,1.175,8.225,
47746,Tropical,Wet,Eastern Asia,Root Crops,4.7,1.175,8.225,
47747,Tropical,Wet,Eastern Asia,Barley,4.7,1.175,8.225,
47748,Tropical,Wet,Eastern Asia,Oats,4.7,1.175,8.225,
47749,Tropical,Wet,Eastern Asia,Millet,4.7,1.175,8.225,
47750,Tropical,Wet,Eastern Asia,Sorghum,4.7,1.175,8.225,
47751,Tropical,Wet,Eastern Asia,Rye,4.7,1.175,8.225,
47752,Tropical,Wet,Eastern Asia,Soybeans,4.7,1.175,8.225,
47753,Tropical,Wet,Eastern Asia,Dry Bean,4.7,1.175,8.225,
47754,Tropical,Wet,Eastern Asia,Potatoes,4.7,1.175,8.225,
47755,Tropical,Wet,Eastern Asia,Peanuts,4.7,1.175,8.225,
47756,Tropical,Wet,Eastern Asia,Vegetables,4.7,1.175,8.225,
47757,Tropical,Wet,Eastern Asia,Oilseeds,4.7,1.175,8.225,
47758,Tropical,Wet,Eastern Asia,Groundnuts,4.7,1.175,8.225,
47759,Tropical,Wet,Eastern Asia,Annual Cropland,4.7,1.175,8.225,
47760,Tropical,Wet,Eastern Asia,Set Aside,4.7,1.175,8.225,
47761,Tropical,Wet,Eastern Asia,Flooded Rice,4.7,1.175,8.225,
47762,Tropical,Wet,Eastern Asia,Grassland,7.567,1.89175,13.24225,
47763,Tropical,Wet,Eastern Asia,Other Land (Non-Vegetated),0,#N/A,#N/A,
47764,Tropical,Wet,Eastern Asia,Settlement,0,#N/A,#N/A,
47765,Tropical,Wet,Eastern Asia,Agroforestry - Default,20.8875,5.221875,36.553125,
47766,Tropical,Wet,Eastern Asia,Alley Cropping,23.7,5.925,41.475,
47767,Tropical,Wet,Eastern Asia,Perennial Fallow,11.1,2.775,19.425,
47768,Tropical,Wet,Eastern Asia,Hedgerow,4.7,3.337,6.063,
47769,Tropical,Wet,Eastern Asia,Multistrata,32.5,8.125,56.875,
47770,Tropical,Wet,Eastern Asia,Parkland,5.9,1.475,10.325,
47771,Tropical,Wet,Eastern Asia,Shaded Perennial,24,6,42,
47772,Tropical,Wet,Eastern Asia,Silvoarable,36.1,9.025,63.175,
47773,Tropical,Wet,Eastern Asia,Silvopasture,29.1,7.275,50.925,
47774,Tropical,Wet,Eastern Asia,Other Land,1,#N/A,#N/A,
47775,Tropical,Wet,Eastern Asia,Tea,18.3,4.575,32.025,
47776,Tropical,Wet,Eastern Asia,Oil Palm,30,7.5,52.5,
47777,Tropical,Wet,Eastern Asia,Rubber,40.1,10.025,70.175,
47778,Tropical,Wet,South-Eastern Asia,Grains,4.7,1.175,8.225,
47779,Tropical,Wet,South-Eastern Asia,Maize,4.7,1.175,8.225,
47780,Tropical,Wet,South-Eastern Asia,Sugarcane,4.7,1.175,8.225,
47781,Tropical,Wet,South-Eastern Asia,Wheat,4.7,1.175,8.225,
47782,Tropical,Wet,South-Eastern Asia,Beans & Pulses,4.7,1.175,8.225,
47783,Tropical,Wet,South-Eastern Asia,Tubers,4.7,1.175,8.225,
47784,Tropical,Wet,South-Eastern Asia,Root Crops,4.7,1.175,8.225,
47785,Tropical,Wet,South-Eastern Asia,Barley,4.7,1.175,8.225,
47786,Tropical,Wet,South-Eastern Asia,Oats,4.7,1.175,8.225,
47787,Tropical,Wet,South-Eastern Asia,Millet,4.7,1.175,8.225,
47788,Tropical,Wet,South-Eastern Asia,Sorghum,4.7,1.175,8.225,
47789,Tropical,Wet,South-Eastern Asia,Rye,4.7,1.175,8.225,
47790,Tropical,Wet,South-Eastern Asia,Soybeans,4.7,1.175,8.225,
47791,Tropical,Wet,South-Eastern Asia,Dry Bean,4.7,1.175,8.225,
47792,Tropical,Wet,South-Eastern Asia,Potatoes,4.7,1.175,8.225,
47793,Tropical,Wet,South-Eastern Asia,Peanuts,4.7,1.175,8.225,
47794,Tropical,Wet,South-Eastern Asia,Vegetables,4.7,1.175,8.225,
47795,Tropical,Wet,South-Eastern Asia,Oilseeds,4.7,1.175,8.225,
47796,Tropical,Wet,South-Eastern Asia,Groundnuts,4.7,1.175,8.225,
47797,Tropical,Wet,South-Eastern Asia,Annual Cropland,4.7,1.175,8.225,
47798,Tropical,Wet,South-Eastern Asia,Set Aside,4.7,1.175,8.225,
47799,Tropical,Wet,South-Eastern Asia,Flooded Rice,4.7,1.175,8.225,
47800,Tropical,Wet,South-Eastern Asia,Grassland,7.567,1.89175,13.24225,
47801,Tropical,Wet,South-Eastern Asia,Other Land (Non-Vegetated),0,#N/A,#N/A,
47802,Tropical,Wet,South-Eastern Asia,Settlement,0,#N/A,#N/A,
47803,Tropical,Wet,South-Eastern Asia,Agroforestry - Default,20.8875,5.221875,36.553125,
47804,Tropical,Wet,South-Eastern Asia,Alley Cropping,23.7,5.925,41.475,
47805,Tropical,Wet,South-Eastern Asia,Perennial Fallow,11.1,2.775,19.425,
47806,Tropical,Wet,South-Eastern Asia,Hedgerow,4.7,3.337,6.063,
47807,Tropical,Wet,South-Eastern Asia,Multistrata,32.5,8.125,56.875,
47808,Tropical,Wet,South-Eastern Asia,Parkland,5.9,1.475,10.325,
47809,Tropical,Wet,South-Eastern Asia,Shaded Perennial,24,6,42,
47810,Tropical,Wet,South-Eastern Asia,Silvoarable,36.1,9.025,63.175,
47811,Tropical,Wet,South-Eastern Asia,Silvopasture,29.1,7.275,50.925,
47812,Tropical,Wet,South-Eastern Asia,Other Land,1,#N/A,#N/A,
47813,Tropical,Wet,South-Eastern Asia,Tea,18.3,4.575,32.025,
47814,Tropical,Wet,South-Eastern Asia,Oil Palm,30,7.5,52.5,
47815,Tropical,Wet,South-Eastern Asia,Rubber,40.1,10.025,70.175,
47816,Tropical,Wet,Southern Asia,Grains,4.7,1.175,8.225,
47817,Tropical,Wet,Southern Asia,Maize,4.7,1.175,8.225,
47818,Tropical,Wet,Southern Asia,Sugarcane,4.7,1.175,8.225,
47819,Tropical,Wet,Southern Asia,Wheat,4.7,1.175,8.225,
47820,Tropical,Wet,Southern Asia,Beans & Pulses,4.7,1.175,8.225,
47821,Tropical,Wet,Southern Asia,Tubers,4.7,1.175,8.225,
47822,Tropical,Wet,Southern Asia,Root Crops,4.7,1.175,8.225,
47823,Tropical,Wet,Southern Asia,Barley,4.7,1.175,8.225,
47824,Tropical,Wet,Southern Asia,Oats,4.7,1.175,8.225,
47825,Tropical,Wet,Southern Asia,Millet,4.7,1.175,8.225,
47826,Tropical,Wet,Southern Asia,Sorghum,4.7,1.175,8.225,
47827,Tropical,Wet,Southern Asia,Rye,4.7,1.175,8.225,
47828,Tropical,Wet,Southern Asia,Soybeans,4.7,1.175,8.225,
47829,Tropical,Wet,Southern Asia,Dry Bean,4.7,1.175,8.225,
47830,Tropical,Wet,Southern Asia,Potatoes,4.7,1.175,8.225,
47831,Tropical,Wet,Southern Asia,Peanuts,4.7,1.175,8.225,
47832,Tropical,Wet,Southern Asia,Vegetables,4.7,1.175,8.225,
47833,Tropical,Wet,Southern Asia,Oilseeds,4.7,1.175,8.225,
47834,Tropical,Wet,Southern Asia,Groundnuts,4.7,1.175,8.225,
47835,Tropical,Wet,Southern Asia,Annual Cropland,4.7,1.175,8.225,
47836,Tropical,Wet,Southern Asia,Set Aside,4.7,1.175,8.225,
47837,Tropical,Wet,Southern Asia,Flooded Rice,4.7,1.175,8.225,
47838,Tropical,Wet,Southern Asia,Grassland,7.567,1.89175,13.24225,
47839,Tropical,Wet,Southern Asia,Other Land (Non-Vegetated),0,#N/A,#N/A,
47840,Tropical,Wet,Southern Asia,Settlement,0,#N/A,#N/A,
47841,Tropical,Wet,Southern Asia,Agroforestry - Default,20.8875,5.221875,36.553125,
47842,Tropical,Wet,Southern Asia,Alley Cropping,23.7,5.925,41.475,
47843,Tropical,Wet,Southern Asia,Perennial Fallow,11.1,2.775,19.425,
47844,Tropical,Wet,Southern Asia,Hedgerow,4.7,3.337,6.063,
47845,Tropical,Wet,Southern Asia,Multistrata,32.5,8.125,56.875,
47846,Tropical,Wet,Southern Asia,Parkland,5.9,1.475,10.325,
47847,Tropical,Wet,Southern Asia,Shaded Perennial,24,6,42,
47848,Tropical,Wet,Southern Asia,Silvoarable,36.1,9.025,63.175,
47849,Tropical,Wet,Southern Asia,Silvopasture,29.1,7.275,50.925,
47850,Tropical,Wet,Southern Asia,Other Land,1,#N/A,#N/A,
47851,Tropical,Wet,Southern Asia,Tea,18.3,4.575,32.025,
47852,Tropical,Wet,Southern Asia,Oil Palm,30,7.5,52.5,
47853,Tropical,Wet,Southern Asia,Rubber,40.1,10.025,70.175,
47854,Tropical,Wet,Western Asia,Grains,4.7,1.175,8.225,
47855,Tropical,Wet,Western Asia,Maize,4.7,1.175,8.225,
47856,Tropical,Wet,Western Asia,Sugarcane,4.7,1.175,8.225,
47857,Tropical,Wet,Western Asia,Wheat,4.7,1.175,8.225,
47858,Tropical,Wet,Western Asia,Beans & Pulses,4.7,1.175,8.225,
47859,Tropical,Wet,Western Asia,Tubers,4.7,1.175,8.225,
47860,Tropical,Wet,Western Asia,Root Crops,4.7,1.175,8.225,
47861,Tropical,Wet,Western Asia,Barley,4.7,1.175,8.225,
47862,Tropical,Wet,Western Asia,Oats,4.7,1.175,8.225,
47863,Tropical,Wet,Western Asia,Millet,4.7,1.175,8.225,
47864,Tropical,Wet,Western Asia,Sorghum,4.7,1.175,8.225,
47865,Tropical,Wet,Western Asia,Rye,4.7,1.175,8.225,
47866,Tropical,Wet,Western Asia,Soybeans,4.7,1.175,8.225,
47867,Tropical,Wet,Western Asia,Dry Bean,4.7,1.175,8.225,
47868,Tropical,Wet,Western Asia,Potatoes,4.7,1.175,8.225,
47869,Tropical,Wet,Western Asia,Peanuts,4.7,1.175,8.225,
47870,Tropical,Wet,Western Asia,Vegetables,4.7,1.175,8.225,
47871,Tropical,Wet,Western Asia,Oilseeds,4.7,1.175,8.225,
47872,Tropical,Wet,Western Asia,Groundnuts,4.7,1.175,8.225,
47873,Tropical,Wet,Western Asia,Annual Cropland,4.7,1.175,8.225,
47874,Tropical,Wet,Western Asia,Set Aside,4.7,1.175,8.225,
47875,Tropical,Wet,Western Asia,Flooded Rice,4.7,1.175,8.225,
47876,Tropical,Wet,Western Asia,Grassland,7.567,1.89175,13.24225,
47877,Tropical,Wet,Western Asia,Other Land (Non-Vegetated),0,#N/A,#N/A,
47878,Tropical,Wet,Western Asia,Settlement,0,#N/A,#N/A,
47879,Tropical,Wet,Western Asia,Agroforestry - Default,20.8875,5.221875,36.553125,
47880,Tropical,Wet,Western Asia,Alley Cropping,23.7,5.925,41.475,
47881,Tropical,Wet,Western Asia,Perennial Fallow,11.1,2.775,19.425,
47882,Tropical,Wet,Western Asia,Hedgerow,4.7,3.337,6.063,
47883,Tropical,Wet,Western Asia,Multistrata,32.5,8.125,56.875,
47884,Tropical,Wet,Western Asia,Parkland,5.9,1.475,10.325,
47885,Tropical,Wet,Western Asia,Shaded Perennial,24,6,42,
47886,Tropical,Wet,Western Asia,Silvoarable,36.1,9.025,63.175,
47887,Tropical,Wet,Western Asia,Silvopasture,29.1,7.275,50.925,
47888,Tropical,Wet,Western Asia,Other Land,1,#N/A,#N/A,
47889,Tropical,Wet,Western Asia,Tea,18.3,4.575,32.025,
47890,Tropical,Wet,Western Asia,Oil Palm,30,7.5,52.5,
47891,Tropical,Wet,Western Asia,Rubber,40.1,10.025,70.175,
47892,Tropical,Wet,Europe,Grains,4.7,1.175,8.225,
47893,Tropical,Wet,Europe,Maize,4.7,1.175,8.225,
47894,Tropical,Wet,Europe,Sugarcane,4.7,1.175,8.225,
47895,Tropical,Wet,Europe,Wheat,4.7,1.175,8.225,
47896,Tropical,Wet,Europe,Beans & Pulses,4.7,1.175,8.225,
47897,Tropical,Wet,Europe,Tubers,4.7,1.175,8.225,
47898,Tropical,Wet,Europe,Root Crops,4.7,1.175,8.225,
47899,Tropical,Wet,Europe,Barley,4.7,1.175,8.225,
47900,Tropical,Wet,Europe,Oats,4.7,1.175,8.225,
47901,Tropical,Wet,Europe,Millet,4.7,1.175,8.225,
47902,Tropical,Wet,Europe,Sorghum,4.7,1.175,8.225,
47903,Tropical,Wet,Europe,Rye,4.7,1.175,8.225,
47904,Tropical,Wet,Europe,Soybeans,4.7,1.175,8.225,
47905,Tropical,Wet,Europe,Dry Bean,4.7,1.175,8.225,
47906,Tropical,Wet,Europe,Potatoes,4.7,1.175,8.225,
47907,Tropical,Wet,Europe,Peanuts,4.7,1.175,8.225,
47908,Tropical,Wet,Europe,Vegetables,4.7,1.175,8.225,
47909,Tropical,Wet,Europe,Oilseeds,4.7,1.175,8.225,
47910,Tropical,Wet,Europe,Groundnuts,4.7,1.175,8.225,
47911,Tropical,Wet,Europe,Annual Cropland,4.7,1.175,8.225,
47912,Tropical,Wet,Europe,Set Aside,4.7,1.175,8.225,
47913,Tropical,Wet,Europe,Flooded Rice,4.7,1.175,8.225,
47914,Tropical,Wet,Europe,Grassland,7.567,1.89175,13.24225,
47915,Tropical,Wet,Europe,Other Land (Non-Vegetated),0,#N/A,#N/A,
47916,Tropical,Wet,Europe,Settlement,0,#N/A,#N/A,
47917,Tropical,Wet,Europe,Agroforestry - Default,20.8875,5.221875,36.553125,
47918,Tropical,Wet,Europe,Alley Cropping,23.7,5.925,41.475,
47919,Tropical,Wet,Europe,Perennial Fallow,11.1,2.775,19.425,
47920,Tropical,Wet,Europe,Hedgerow,4.7,3.337,6.063,
47921,Tropical,Wet,Europe,Multistrata,32.5,8.125,56.875,
47922,Tropical,Wet,Europe,Parkland,5.9,1.475,10.325,
47923,Tropical,Wet,Europe,Shaded Perennial,24,6,42,
47924,Tropical,Wet,Europe,Silvoarable,36.1,9.025,63.175,
47925,Tropical,Wet,Europe,Silvopasture,29.1,7.275,50.925,
47926,Tropical,Wet,Europe,Other Land,1,#N/A,#N/A,
47927,Tropical,Wet,Europe,Tea,18.3,4.575,32.025,
47928,Tropical,Wet,Europe,Oil Palm,30,7.5,52.5,
47929,Tropical,Wet,Europe,Rubber,40.1,10.025,70.175,
47930,Tropical,Wet,Oceania,Grains,4.7,1.175,8.225,
47931,Tropical,Wet,Oceania,Maize,4.7,1.175,8.225,
47932,Tropical,Wet,Oceania,Sugarcane,4.7,1.175,8.225,
47933,Tropical,Wet,Oceania,Wheat,4.7,1.175,8.225,
47934,Tropical,Wet,Oceania,Beans & Pulses,4.7,1.175,8.225,
47935,Tropical,Wet,Oceania,Tubers,4.7,1.175,8.225,
47936,Tropical,Wet,Oceania,Root Crops,4.7,1.175,8.225,
47937,Tropical,Wet,Oceania,Barley,4.7,1.175,8.225,
47938,Tropical,Wet,Oceania,Oats,4.7,1.175,8.225,
47939,Tropical,Wet,Oceania,Millet,4.7,1.175,8.225,
47940,Tropical,Wet,Oceania,Sorghum,4.7,1.175,8.225,
47941,Tropical,Wet,Oceania,Rye,4.7,1.175,8.225,
47942,Tropical,Wet,Oceania,Soybeans,4.7,1.175,8.225,
47943,Tropical,Wet,Oceania,Dry Bean,4.7,1.175,8.225,
47944,Tropical,Wet,Oceania,Potatoes,4.7,1.175,8.225,
47945,Tropical,Wet,Oceania,Peanuts,4.7,1.175,8.225,
47946,Tropical,Wet,Oceania,Vegetables,4.7,1.175,8.225,
47947,Tropical,Wet,Oceania,Oilseeds,4.7,1.175,8.225,
47948,Tropical,Wet,Oceania,Groundnuts,4.7,1.175,8.225,
47949,Tropical,Wet,Oceania,Annual Cropland,4.7,1.175,8.225,
47950,Tropical,Wet,Oceania,Set Aside,4.7,1.175,8.225,
47951,Tropical,Wet,Oceania,Flooded Rice,4.7,1.175,8.225,
47952,Tropical,Wet,Oceania,Grassland,7.567,1.89175,13.24225,
47953,Tropical,Wet,Oceania,Other Land (Non-Vegetated),0,#N/A,#N/A,
47954,Tropical,Wet,Oceania,Settlement,0,#N/A,#N/A,
47955,Tropical,Wet,Oceania,Agroforestry - Default,20.8875,5.221875,36.553125,
47956,Tropical,Wet,Oceania,Alley Cropping,23.7,5.925,41.475,
47957,Tropical,Wet,Oceania,Perennial Fallow,11.1,2.775,19.425,
47958,Tropical,Wet,Oceania,Hedgerow,4.7,3.337,6.063,
47959,Tropical,Wet,Oceania,Multistrata,32.5,8.125,56.875,
47960,Tropical,Wet,Oceania,Parkland,5.9,1.475,10.325,
47961,Tropical,Wet,Oceania,Shaded Perennial,24,6,42,
47962,Tropical,Wet,Oceania,Silvoarable,36.1,9.025,63.175,
47963,Tropical,Wet,Oceania,Silvopasture,29.1,7.275,50.925,
47964,Tropical,Wet,Oceania,Other Land,1,#N/A,#N/A,
47965,Tropical,Wet,Oceania,Tea,18.3,4.575,32.025,
47966,Tropical,Wet,Oceania,Oil Palm,30,7.5,52.5,
47967,Tropical,Wet,Oceania,Rubber,40.1,10.025,70.175,
47968,Tropical,Wet,North America,Grains,4.7,1.175,8.225,
47969,Tropical,Wet,North America,Maize,4.7,1.175,8.225,
47970,Tropical,Wet,North America,Sugarcane,4.7,1.175,8.225,
47971,Tropical,Wet,North America,Wheat,4.7,1.175,8.225,
47972,Tropical,Wet,North America,Beans & Pulses,4.7,1.175,8.225,
47973,Tropical,Wet,North America,Tubers,4.7,1.175,8.225,
47974,Tropical,Wet,North America,Root Crops,4.7,1.175,8.225,
47975,Tropical,Wet,North America,Barley,4.7,1.175,8.225,
47976,Tropical,Wet,North America,Oats,4.7,1.175,8.225,
47977,Tropical,Wet,North America,Millet,4.7,1.175,8.225,
47978,Tropical,Wet,North America,Sorghum,4.7,1.175,8.225,
47979,Tropical,Wet,North America,Rye,4.7,1.175,8.225,
47980,Tropical,Wet,North America,Soybeans,4.7,1.175,8.225,
47981,Tropical,Wet,North America,Dry Bean,4.7,1.175,8.225,
47982,Tropical,Wet,North America,Potatoes,4.7,1.175,8.225,
47983,Tropical,Wet,North America,Peanuts,4.7,1.175,8.225,
47984,Tropical,Wet,North America,Vegetables,4.7,1.175,8.225,
47985,Tropical,Wet,North America,Oilseeds,4.7,1.175,8.225,
47986,Tropical,Wet,North America,Groundnuts,4.7,1.175,8.225,
47987,Tropical,Wet,North America,Annual Cropland,4.7,1.175,8.225,
47988,Tropical,Wet,North America,Set Aside,4.7,1.175,8.225,
47989,Tropical,Wet,North America,Flooded Rice,4.7,1.175,8.225,
47990,Tropical,Wet,North America,Grassland,7.567,1.89175,13.24225,
47991,Tropical,Wet,North America,Other Land (Non-Vegetated),0,#N/A,#N/A,
47992,Tropical,Wet,North America,Settlement,0,#N/A,#N/A,
47993,Tropical,Wet,North America,Agroforestry - Default,20.8875,5.221875,36.553125,
47994,Tropical,Wet,North America,Alley Cropping,23.7,5.925,41.475,
47995,Tropical,Wet,North America,Perennial Fallow,11.1,2.775,19.425,
47996,Tropical,Wet,North America,Hedgerow,4.7,3.337,6.063,
47997,Tropical,Wet,North America,Multistrata,32.5,8.125,56.875,
47998,Tropical,Wet,North America,Parkland,5.9,1.475,10.325,
47999,Tropical,Wet,North America,Shaded Perennial,24,6,42,
48000,Tropical,Wet,North America,Silvoarable,36.1,9.025,63.175,
48001,Tropical,Wet,North America,Silvopasture,29.1,7.275,50.925,
48002,Tropical,Wet,North America,Other Land,1,#N/A,#N/A,
48003,Tropical,Wet,North America,Tea,18.3,4.575,32.025,
48004,Tropical,Wet,North America,Oil Palm,30,7.5,52.5,
48005,Tropical,Wet,North America,Rubber,40.1,10.025,70.175,
48006,Tropical,Wet,South America,Grains,4.7,1.175,8.225,
48007,Tropical,Wet,South America,Maize,4.7,1.175,8.225,
48008,Tropical,Wet,South America,Sugarcane,4.7,1.175,8.225,
48009,Tropical,Wet,South America,Wheat,4.7,1.175,8.225,
48010,Tropical,Wet,South America,Beans & Pulses,4.7,1.175,8.225,
48011,Tropical,Wet,South America,Tubers,4.7,1.175,8.225,
48012,Tropical,Wet,South America,Root Crops,4.7,1.175,8.225,
48013,Tropical,Wet,South America,Barley,4.7,1.175,8.225,
48014,Tropical,Wet,South America,Oats,4.7,1.175,8.225,
48015,Tropical,Wet,South America,Millet,4.7,1.175,8.225,
48016,Tropical,Wet,South America,Sorghum,4.7,1.175,8.225,
48017,Tropical,Wet,South America,Rye,4.7,1.175,8.225,
48018,Tropical,Wet,South America,Soybeans,4.7,1.175,8.225,
48019,Tropical,Wet,South America,Dry Bean,4.7,1.175,8.225,
48020,Tropical,Wet,South America,Potatoes,4.7,1.175,8.225,
48021,Tropical,Wet,South America,Peanuts,4.7,1.175,8.225,
48022,Tropical,Wet,South America,Vegetables,4.7,1.175,8.225,
48023,Tropical,Wet,South America,Oilseeds,4.7,1.175,8.225,
48024,Tropical,Wet,South America,Groundnuts,4.7,1.175,8.225,
48025,Tropical,Wet,South America,Annual Cropland,4.7,1.175,8.225,
48026,Tropical,Wet,South America,Set Aside,4.7,1.175,8.225,
48027,Tropical,Wet,South America,Flooded Rice,4.7,1.175,8.225,
48028,Tropical,Wet,South America,Grassland,7.567,1.89175,13.24225,
48029,Tropical,Wet,South America,Other Land (Non-Vegetated),0,#N/A,#N/A,
48030,Tropical,Wet,South America,Settlement,0,#N/A,#N/A,
48031,Tropical,Wet,South America,Agroforestry - Default,20.8875,5.221875,36.553125,
48032,Tropical,Wet,South America,Alley Cropping,23.7,5.925,41.475,
48033,Tropical,Wet,South America,Perennial Fallow,11.1,2.775,19.425,
48034,Tropical,Wet,South America,Hedgerow,4.7,3.337,6.063,
48035,Tropical,Wet,South America,Multistrata,32.5,8.125,56.875,
48036,Tropical,Wet,South America,Parkland,5.9,1.475,10.325,
48037,Tropical,Wet,South America,Shaded Perennial,24,6,42,
48038,Tropical,Wet,South America,Silvoarable,36.1,9.025,63.175,
48039,Tropical,Wet,South America,Silvopasture,29.1,7.275,50.925,
48040,Tropical,Wet,South America,Other Land,1,#N/A,#N/A,
48041,Tropical,Wet,South America,Tea,18.3,4.575,32.025,
48042,Tropical,Wet,South America,Oil Palm,30,7.5,52.5,
48043,Tropical,Wet,South America,Rubber,40.1,10.025,70.175,
48044,Tropical,Wet,Central America,Grains,4.7,1.175,8.225,
48045,Tropical,Wet,Central America,Maize,4.7,1.175,8.225,
48046,Tropical,Wet,Central America,Sugarcane,4.7,1.175,8.225,
48047,Tropical,Wet,Central America,Wheat,4.7,1.175,8.225,
48048,Tropical,Wet,Central America,Beans & Pulses,4.7,1.175,8.225,
48049,Tropical,Wet,Central America,Tubers,4.7,1.175,8.225,
48050,Tropical,Wet,Central America,Root Crops,4.7,1.175,8.225,
48051,Tropical,Wet,Central America,Barley,4.7,1.175,8.225,
48052,Tropical,Wet,Central America,Oats,4.7,1.175,8.225,
48053,Tropical,Wet,Central America,Millet,4.7,1.175,8.225,
48054,Tropical,Wet,Central America,Sorghum,4.7,1.175,8.225,
48055,Tropical,Wet,Central America,Rye,4.7,1.175,8.225,
48056,Tropical,Wet,Central America,Soybeans,4.7,1.175,8.225,
48057,Tropical,Wet,Central America,Dry Bean,4.7,1.175,8.225,
48058,Tropical,Wet,Central America,Potatoes,4.7,1.175,8.225,
48059,Tropical,Wet,Central America,Peanuts,4.7,1.175,8.225,
48060,Tropical,Wet,Central America,Vegetables,4.7,1.175,8.225,
48061,Tropical,Wet,Central America,Oilseeds,4.7,1.175,8.225,
48062,Tropical,Wet,Central America,Groundnuts,4.7,1.175,8.225,
48063,Tropical,Wet,Central America,Annual Cropland,4.7,1.175,8.225,
48064,Tropical,Wet,Central America,Set Aside,4.7,1.175,8.225,
48065,Tropical,Wet,Central America,Flooded Rice,4.7,1.175,8.225,
48066,Tropical,Wet,Central America,Grassland,7.567,1.89175,13.24225,
48067,Tropical,Wet,Central America,Other Land (Non-Vegetated),0,#N/A,#N/A,
48068,Tropical,Wet,Central America,Settlement,0,#N/A,#N/A,
48069,Tropical,Wet,Central America,Agroforestry - Default,20.8875,5.221875,36.553125,
48070,Tropical,Wet,Central America,Alley Cropping,23.7,5.925,41.475,
48071,Tropical,Wet,Central America,Perennial Fallow,11.1,2.775,19.425,
48072,Tropical,Wet,Central America,Hedgerow,4.7,3.337,6.063,
48073,Tropical,Wet,Central America,Multistrata,32.5,8.125,56.875,
48074,Tropical,Wet,Central America,Parkland,5.9,1.475,10.325,
48075,Tropical,Wet,Central America,Shaded Perennial,24,6,42,
48076,Tropical,Wet,Central America,Silvoarable,36.1,9.025,63.175,
48077,Tropical,Wet,Central America,Silvopasture,29.1,7.275,50.925,
48078,Tropical,Wet,Central America,Other Land,1,#N/A,#N/A,
48079,Tropical,Wet,Central America,Tea,18.3,4.575,32.025,
48080,Tropical,Wet,Central America,Oil Palm,30,7.5,52.5,
48081,Tropical,Wet,Central America,Rubber,40.1,10.025,70.175,
48082,Tropical,Wet,Caribbean,Grains,4.7,1.175,8.225,
48083,Tropical,Wet,Caribbean,Maize,4.7,1.175,8.225,
48084,Tropical,Wet,Caribbean,Sugarcane,4.7,1.175,8.225,
48085,Tropical,Wet,Caribbean,Wheat,4.7,1.175,8.225,
48086,Tropical,Wet,Caribbean,Beans & Pulses,4.7,1.175,8.225,
48087,Tropical,Wet,Caribbean,Tubers,4.7,1.175,8.225,
48088,Tropical,Wet,Caribbean,Root Crops,4.7,1.175,8.225,
48089,Tropical,Wet,Caribbean,Barley,4.7,1.175,8.225,
48090,Tropical,Wet,Caribbean,Oats,4.7,1.175,8.225,
48091,Tropical,Wet,Caribbean,Millet,4.7,1.175,8.225,
48092,Tropical,Wet,Caribbean,Sorghum,4.7,1.175,8.225,
48093,Tropical,Wet,Caribbean,Rye,4.7,1.175,8.225,
48094,Tropical,Wet,Caribbean,Soybeans,4.7,1.175,8.225,
48095,Tropical,Wet,Caribbean,Dry Bean,4.7,1.175,8.225,
48096,Tropical,Wet,Caribbean,Potatoes,4.7,1.175,8.225,
48097,Tropical,Wet,Caribbean,Peanuts,4.7,1.175,8.225,
48098,Tropical,Wet,Caribbean,Vegetables,4.7,1.175,8.225,
48099,Tropical,Wet,Caribbean,Oilseeds,4.7,1.175,8.225,
48100,Tropical,Wet,Caribbean,Groundnuts,4.7,1.175,8.225,
48101,Tropical,Wet,Caribbean,Annual Cropland,4.7,1.175,8.225,
48102,Tropical,Wet,Caribbean,Set Aside,4.7,1.175,8.225,
48103,Tropical,Wet,Caribbean,Flooded Rice,4.7,1.175,8.225,
48104,Tropical,Wet,Caribbean,Grassland,7.567,1.89175,13.24225,
48105,Tropical,Wet,Caribbean,Other Land (Non-Vegetated),0,#N/A,#N/A,
48106,Tropical,Wet,Caribbean,Settlement,0,#N/A,#N/A,
48107,Tropical,Wet,Caribbean,Agroforestry - Default,20.8875,5.221875,36.553125,
48108,Tropical,Wet,Caribbean,Alley Cropping,23.7,5.925,41.475,
48109,Tropical,Wet,Caribbean,Perennial Fallow,11.1,2.775,19.425,
48110,Tropical,Wet,Caribbean,Hedgerow,4.7,3.337,6.063,
48111,Tropical,Wet,Caribbean,Multistrata,32.5,8.125,56.875,
48112,Tropical,Wet,Caribbean,Parkland,5.9,1.475,10.325,
48113,Tropical,Wet,Caribbean,Shaded Perennial,24,6,42,
48114,Tropical,Wet,Caribbean,Silvoarable,36.1,9.025,63.175,
48115,Tropical,Wet,Caribbean,Silvopasture,29.1,7.275,50.925,
48116,Tropical,Wet,Caribbean,Other Land,1,#N/A,#N/A,
48117,Tropical,Wet,Caribbean,Tea,18.3,4.575,32.025,
48118,Tropical,Wet,Caribbean,Oil Palm,30,7.5,52.5,
48119,Tropical,Wet,Caribbean,Rubber,40.1,10.025,70.175,
48120,Boreal,Dry,Eastern Africa,Grains,4.7,1.175,8.225,
48121,Boreal,Dry,Eastern Africa,Maize,4.7,1.175,8.225,
48122,Boreal,Dry,Eastern Africa,Sugarcane,4.7,1.175,8.225,
48123,Boreal,Dry,Eastern Africa,Wheat,4.7,1.175,8.225,
48124,Boreal,Dry,Eastern Africa,Beans & Pulses,4.7,1.175,8.225,
48125,Boreal,Dry,Eastern Africa,Tubers,4.7,1.175,8.225,
48126,Boreal,Dry,Eastern Africa,Root Crops,4.7,1.175,8.225,
48127,Boreal,Dry,Eastern Africa,Barley,4.7,1.175,8.225,
48128,Boreal,Dry,Eastern Africa,Oats,4.7,1.175,8.225,
48129,Boreal,Dry,Eastern Africa,Millet,4.7,1.175,8.225,
48130,Boreal,Dry,Eastern Africa,Sorghum,4.7,1.175,8.225,
48131,Boreal,Dry,Eastern Africa,Rye,4.7,1.175,8.225,
48132,Boreal,Dry,Eastern Africa,Soybeans,4.7,1.175,8.225,
48133,Boreal,Dry,Eastern Africa,Dry Bean,4.7,1.175,8.225,
48134,Boreal,Dry,Eastern Africa,Potatoes,4.7,1.175,8.225,
48135,Boreal,Dry,Eastern Africa,Peanuts,4.7,1.175,8.225,
48136,Boreal,Dry,Eastern Africa,Vegetables,4.7,1.175,8.225,
48137,Boreal,Dry,Eastern Africa,Oilseeds,4.7,1.175,8.225,
48138,Boreal,Dry,Eastern Africa,Groundnuts,4.7,1.175,8.225,
48139,Boreal,Dry,Eastern Africa,Annual Cropland,4.7,1.175,8.225,
48140,Boreal,Dry,Eastern Africa,Set Aside,4.7,1.175,8.225,
48141,Boreal,Dry,Eastern Africa,Flooded Rice,4.7,1.175,8.225,
48142,Boreal,Dry,Eastern Africa,Grassland,3.995,0.99875,6.99125,
48143,Boreal,Dry,Eastern Africa,Other Land (Non-Vegetated),0,#N/A,#N/A,
48144,Boreal,Dry,Eastern Africa,Settlement,0,#N/A,#N/A,
48145,Boreal,Dry,Eastern Africa,Agroforestry - Default,20.6,5.15,36.05,
48146,Boreal,Dry,Eastern Africa,Hedgerow,13.1,9.301,16.899,
48147,Boreal,Dry,Eastern Africa,Silvoarable,13.7,3.425,23.975,
48148,Boreal,Dry,Eastern Africa,Silvopasture,35,8.75,61.25,
48149,Boreal,Dry,Eastern Africa,Other Land,1,#N/A,#N/A,
48150,Boreal,Dry,Eastern Africa,Olive,6.9,1.725,12.075,
48151,Boreal,Dry,Eastern Africa,Orchard,6.4,1.6,11.2,
48152,Boreal,Dry,Eastern Africa,Short Rotation Coppice,6.35,1.5875,11.1125,
48153,Boreal,Dry,Eastern Africa,Tea,18.3,4.575,32.025,
48154,Boreal,Dry,Eastern Africa,Vine,2.8,2.1,3.5,
48155,Boreal,Dry,Central Africa,Grains,4.7,1.175,8.225,
48156,Boreal,Dry,Central Africa,Maize,4.7,1.175,8.225,
48157,Boreal,Dry,Central Africa,Sugarcane,4.7,1.175,8.225,
48158,Boreal,Dry,Central Africa,Wheat,4.7,1.175,8.225,
48159,Boreal,Dry,Central Africa,Beans & Pulses,4.7,1.175,8.225,
48160,Boreal,Dry,Central Africa,Tubers,4.7,1.175,8.225,
48161,Boreal,Dry,Central Africa,Root Crops,4.7,1.175,8.225,
48162,Boreal,Dry,Central Africa,Barley,4.7,1.175,8.225,
48163,Boreal,Dry,Central Africa,Oats,4.7,1.175,8.225,
48164,Boreal,Dry,Central Africa,Millet,4.7,1.175,8.225,
48165,Boreal,Dry,Central Africa,Sorghum,4.7,1.175,8.225,
48166,Boreal,Dry,Central Africa,Rye,4.7,1.175,8.225,
48167,Boreal,Dry,Central Africa,Soybeans,4.7,1.175,8.225,
48168,Boreal,Dry,Central Africa,Dry Bean,4.7,1.175,8.225,
48169,Boreal,Dry,Central Africa,Potatoes,4.7,1.175,8.225,
48170,Boreal,Dry,Central Africa,Peanuts,4.7,1.175,8.225,
48171,Boreal,Dry,Central Africa,Vegetables,4.7,1.175,8.225,
48172,Boreal,Dry,Central Africa,Oilseeds,4.7,1.175,8.225,
48173,Boreal,Dry,Central Africa,Groundnuts,4.7,1.175,8.225,
48174,Boreal,Dry,Central Africa,Annual Cropland,4.7,1.175,8.225,
48175,Boreal,Dry,Central Africa,Set Aside,4.7,1.175,8.225,
48176,Boreal,Dry,Central Africa,Flooded Rice,4.7,1.175,8.225,
48177,Boreal,Dry,Central Africa,Grassland,3.995,0.99875,6.99125,
48178,Boreal,Dry,Central Africa,Other Land (Non-Vegetated),0,#N/A,#N/A,
48179,Boreal,Dry,Central Africa,Settlement,0,#N/A,#N/A,
48180,Boreal,Dry,Central Africa,Agroforestry - Default,20.6,5.15,36.05,
48181,Boreal,Dry,Central Africa,Hedgerow,13.1,9.301,16.899,
48182,Boreal,Dry,Central Africa,Silvoarable,13.7,3.425,23.975,
48183,Boreal,Dry,Central Africa,Silvopasture,35,8.75,61.25,
48184,Boreal,Dry,Central Africa,Other Land,1,#N/A,#N/A,
48185,Boreal,Dry,Central Africa,Olive,6.9,1.725,12.075,
48186,Boreal,Dry,Central Africa,Orchard,6.4,1.6,11.2,
48187,Boreal,Dry,Central Africa,Short Rotation Coppice,6.35,1.5875,11.1125,
48188,Boreal,Dry,Central Africa,Tea,18.3,4.575,32.025,
48189,Boreal,Dry,Central Africa,Vine,2.8,2.1,3.5,
48190,Boreal,Dry,Northern Africa,Grains,4.7,1.175,8.225,
48191,Boreal,Dry,Northern Africa,Maize,4.7,1.175,8.225,
48192,Boreal,Dry,Northern Africa,Sugarcane,4.7,1.175,8.225,
48193,Boreal,Dry,Northern Africa,Wheat,4.7,1.175,8.225,
48194,Boreal,Dry,Northern Africa,Beans & Pulses,4.7,1.175,8.225,
48195,Boreal,Dry,Northern Africa,Tubers,4.7,1.175,8.225,
48196,Boreal,Dry,Northern Africa,Root Crops,4.7,1.175,8.225,
48197,Boreal,Dry,Northern Africa,Barley,4.7,1.175,8.225,
48198,Boreal,Dry,Northern Africa,Oats,4.7,1.175,8.225,
48199,Boreal,Dry,Northern Africa,Millet,4.7,1.175,8.225,
48200,Boreal,Dry,Northern Africa,Sorghum,4.7,1.175,8.225,
48201,Boreal,Dry,Northern Africa,Rye,4.7,1.175,8.225,
48202,Boreal,Dry,Northern Africa,Soybeans,4.7,1.175,8.225,
48203,Boreal,Dry,Northern Africa,Dry Bean,4.7,1.175,8.225,
48204,Boreal,Dry,Northern Africa,Potatoes,4.7,1.175,8.225,
48205,Boreal,Dry,Northern Africa,Peanuts,4.7,1.175,8.225,
48206,Boreal,Dry,Northern Africa,Vegetables,4.7,1.175,8.225,
48207,Boreal,Dry,Northern Africa,Oilseeds,4.7,1.175,8.225,
48208,Boreal,Dry,Northern Africa,Groundnuts,4.7,1.175,8.225,
48209,Boreal,Dry,Northern Africa,Annual Cropland,4.7,1.175,8.225,
48210,Boreal,Dry,Northern Africa,Set Aside,4.7,1.175,8.225,
48211,Boreal,Dry,Northern Africa,Flooded Rice,4.7,1.175,8.225,
48212,Boreal,Dry,Northern Africa,Grassland,3.995,0.99875,6.99125,
48213,Boreal,Dry,Northern Africa,Other Land (Non-Vegetated),0,#N/A,#N/A,
48214,Boreal,Dry,Northern Africa,Settlement,0,#N/A,#N/A,
48215,Boreal,Dry,Northern Africa,Agroforestry - Default,20.6,5.15,36.05,
48216,Boreal,Dry,Northern Africa,Hedgerow,13.1,9.301,16.899,
48217,Boreal,Dry,Northern Africa,Silvoarable,13.7,3.425,23.975,
48218,Boreal,Dry,Northern Africa,Silvopasture,35,8.75,61.25,
48219,Boreal,Dry,Northern Africa,Other Land,1,#N/A,#N/A,
48220,Boreal,Dry,Northern Africa,Olive,6.9,1.725,12.075,
48221,Boreal,Dry,Northern Africa,Orchard,6.4,1.6,11.2,
48222,Boreal,Dry,Northern Africa,Short Rotation Coppice,6.35,1.5875,11.1125,
48223,Boreal,Dry,Northern Africa,Tea,18.3,4.575,32.025,
48224,Boreal,Dry,Northern Africa,Vine,2.8,2.1,3.5,
48225,Boreal,Dry,Southern Africa,Grains,4.7,1.175,8.225,
48226,Boreal,Dry,Southern Africa,Maize,4.7,1.175,8.225,
48227,Boreal,Dry,Southern Africa,Sugarcane,4.7,1.175,8.225,
48228,Boreal,Dry,Southern Africa,Wheat,4.7,1.175,8.225,
48229,Boreal,Dry,Southern Africa,Beans & Pulses,4.7,1.175,8.225,
48230,Boreal,Dry,Southern Africa,Tubers,4.7,1.175,8.225,
48231,Boreal,Dry,Southern Africa,Root Crops,4.7,1.175,8.225,
48232,Boreal,Dry,Southern Africa,Barley,4.7,1.175,8.225,
48233,Boreal,Dry,Southern Africa,Oats,4.7,1.175,8.225,
48234,Boreal,Dry,Southern Africa,Millet,4.7,1.175,8.225,
48235,Boreal,Dry,Southern Africa,Sorghum,4.7,1.175,8.225,
48236,Boreal,Dry,Southern Africa,Rye,4.7,1.175,8.225,
48237,Boreal,Dry,Southern Africa,Soybeans,4.7,1.175,8.225,
48238,Boreal,Dry,Southern Africa,Dry Bean,4.7,1.175,8.225,
48239,Boreal,Dry,Southern Africa,Potatoes,4.7,1.175,8.225,
48240,Boreal,Dry,Southern Africa,Peanuts,4.7,1.175,8.225,
48241,Boreal,Dry,Southern Africa,Vegetables,4.7,1.175,8.225,
48242,Boreal,Dry,Southern Africa,Oilseeds,4.7,1.175,8.225,
48243,Boreal,Dry,Southern Africa,Groundnuts,4.7,1.175,8.225,
48244,Boreal,Dry,Southern Africa,Annual Cropland,4.7,1.175,8.225,
48245,Boreal,Dry,Southern Africa,Set Aside,4.7,1.175,8.225,
48246,Boreal,Dry,Southern Africa,Flooded Rice,4.7,1.175,8.225,
48247,Boreal,Dry,Southern Africa,Grassland,3.995,0.99875,6.99125,
48248,Boreal,Dry,Southern Africa,Other Land (Non-Vegetated),0,#N/A,#N/A,
48249,Boreal,Dry,Southern Africa,Settlement,0,#N/A,#N/A,
48250,Boreal,Dry,Southern Africa,Agroforestry - Default,20.6,5.15,36.05,
48251,Boreal,Dry,Southern Africa,Hedgerow,13.1,9.301,16.899,
48252,Boreal,Dry,Southern Africa,Silvoarable,13.7,3.425,23.975,
48253,Boreal,Dry,Southern Africa,Silvopasture,35,8.75,61.25,
48254,Boreal,Dry,Southern Africa,Other Land,1,#N/A,#N/A,
48255,Boreal,Dry,Southern Africa,Olive,6.9,1.725,12.075,
48256,Boreal,Dry,Southern Africa,Orchard,6.4,1.6,11.2,
48257,Boreal,Dry,Southern Africa,Short Rotation Coppice,6.35,1.5875,11.1125,
48258,Boreal,Dry,Southern Africa,Tea,18.3,4.575,32.025,
48259,Boreal,Dry,Southern Africa,Vine,2.8,2.1,3.5,
48260,Boreal,Dry,Western Africa,Grains,4.7,1.175,8.225,
48261,Boreal,Dry,Western Africa,Maize,4.7,1.175,8.225,
48262,Boreal,Dry,Western Africa,Sugarcane,4.7,1.175,8.225,
48263,Boreal,Dry,Western Africa,Wheat,4.7,1.175,8.225,
48264,Boreal,Dry,Western Africa,Beans & Pulses,4.7,1.175,8.225,
48265,Boreal,Dry,Western Africa,Tubers,4.7,1.175,8.225,
48266,Boreal,Dry,Western Africa,Root Crops,4.7,1.175,8.225,
48267,Boreal,Dry,Western Africa,Barley,4.7,1.175,8.225,
48268,Boreal,Dry,Western Africa,Oats,4.7,1.175,8.225,
48269,Boreal,Dry,Western Africa,Millet,4.7,1.175,8.225,
48270,Boreal,Dry,Western Africa,Sorghum,4.7,1.175,8.225,
48271,Boreal,Dry,Western Africa,Rye,4.7,1.175,8.225,
48272,Boreal,Dry,Western Africa,Soybeans,4.7,1.175,8.225,
48273,Boreal,Dry,Western Africa,Dry Bean,4.7,1.175,8.225,
48274,Boreal,Dry,Western Africa,Potatoes,4.7,1.175,8.225,
48275,Boreal,Dry,Western Africa,Peanuts,4.7,1.175,8.225,
48276,Boreal,Dry,Western Africa,Vegetables,4.7,1.175,8.225,
48277,Boreal,Dry,Western Africa,Oilseeds,4.7,1.175,8.225,
48278,Boreal,Dry,Western Africa,Groundnuts,4.7,1.175,8.225,
48279,Boreal,Dry,Western Africa,Annual Cropland,4.7,1.175,8.225,
48280,Boreal,Dry,Western Africa,Set Aside,4.7,1.175,8.225,
48281,Boreal,Dry,Western Africa,Flooded Rice,4.7,1.175,8.225,
48282,Boreal,Dry,Western Africa,Grassland,3.995,0.99875,6.99125,
48283,Boreal,Dry,Western Africa,Other Land (Non-Vegetated),0,#N/A,#N/A,
48284,Boreal,Dry,Western Africa,Settlement,0,#N/A,#N/A,
48285,Boreal,Dry,Western Africa,Agroforestry - Default,20.6,5.15,36.05,
48286,Boreal,Dry,Western Africa,Hedgerow,13.1,9.301,16.899,
48287,Boreal,Dry,Western Africa,Silvoarable,13.7,3.425,23.975,
48288,Boreal,Dry,Western Africa,Silvopasture,35,8.75,61.25,
48289,Boreal,Dry,Western Africa,Other Land,1,#N/A,#N/A,
48290,Boreal,Dry,Western Africa,Olive,6.9,1.725,12.075,
48291,Boreal,Dry,Western Africa,Orchard,6.4,1.6,11.2,
48292,Boreal,Dry,Western Africa,Short Rotation Coppice,6.35,1.5875,11.1125,
48293,Boreal,Dry,Western Africa,Tea,18.3,4.575,32.025,
48294,Boreal,Dry,Western Africa,Vine,2.8,2.1,3.5,
48295,Boreal,Dry,Central Asia,Grains,4.7,1.175,8.225,
48296,Boreal,Dry,Central Asia,Maize,4.7,1.175,8.225,
48297,Boreal,Dry,Central Asia,Sugarcane,4.7,1.175,8.225,
48298,Boreal,Dry,Central Asia,Wheat,4.7,1.175,8.225,
48299,Boreal,Dry,Central Asia,Beans & Pulses,4.7,1.175,8.225,
48300,Boreal,Dry,Central Asia,Tubers,4.7,1.175,8.225,
48301,Boreal,Dry,Central Asia,Root Crops,4.7,1.175,8.225,
48302,Boreal,Dry,Central Asia,Barley,4.7,1.175,8.225,
48303,Boreal,Dry,Central Asia,Oats,4.7,1.175,8.225,
48304,Boreal,Dry,Central Asia,Millet,4.7,1.175,8.225,
48305,Boreal,Dry,Central Asia,Sorghum,4.7,1.175,8.225,
48306,Boreal,Dry,Central Asia,Rye,4.7,1.175,8.225,
48307,Boreal,Dry,Central Asia,Soybeans,4.7,1.175,8.225,
48308,Boreal,Dry,Central Asia,Dry Bean,4.7,1.175,8.225,
48309,Boreal,Dry,Central Asia,Potatoes,4.7,1.175,8.225,
48310,Boreal,Dry,Central Asia,Peanuts,4.7,1.175,8.225,
48311,Boreal,Dry,Central Asia,Vegetables,4.7,1.175,8.225,
48312,Boreal,Dry,Central Asia,Oilseeds,4.7,1.175,8.225,
48313,Boreal,Dry,Central Asia,Groundnuts,4.7,1.175,8.225,
48314,Boreal,Dry,Central Asia,Annual Cropland,4.7,1.175,8.225,
48315,Boreal,Dry,Central Asia,Set Aside,4.7,1.175,8.225,
48316,Boreal,Dry,Central Asia,Flooded Rice,4.7,1.175,8.225,
48317,Boreal,Dry,Central Asia,Grassland,3.995,0.99875,6.99125,
48318,Boreal,Dry,Central Asia,Other Land (Non-Vegetated),0,#N/A,#N/A,
48319,Boreal,Dry,Central Asia,Settlement,0,#N/A,#N/A,
48320,Boreal,Dry,Central Asia,Agroforestry - Default,20.6,5.15,36.05,
48321,Boreal,Dry,Central Asia,Hedgerow,13.1,9.301,16.899,
48322,Boreal,Dry,Central Asia,Silvoarable,13.7,3.425,23.975,
48323,Boreal,Dry,Central Asia,Silvopasture,35,8.75,61.25,
48324,Boreal,Dry,Central Asia,Other Land,1,#N/A,#N/A,
48325,Boreal,Dry,Central Asia,Olive,6.9,1.725,12.075,
48326,Boreal,Dry,Central Asia,Orchard,6.4,1.6,11.2,
48327,Boreal,Dry,Central Asia,Short Rotation Coppice,6.35,1.5875,11.1125,
48328,Boreal,Dry,Central Asia,Tea,18.3,4.575,32.025,
48329,Boreal,Dry,Central Asia,Vine,2.8,2.1,3.5,
48330,Boreal,Dry,Eastern Asia,Grains,4.7,1.175,8.225,
48331,Boreal,Dry,Eastern Asia,Maize,4.7,1.175,8.225,
48332,Boreal,Dry,Eastern Asia,Sugarcane,4.7,1.175,8.225,
48333,Boreal,Dry,Eastern Asia,Wheat,4.7,1.175,8.225,
48334,Boreal,Dry,Eastern Asia,Beans & Pulses,4.7,1.175,8.225,
48335,Boreal,Dry,Eastern Asia,Tubers,4.7,1.175,8.225,
48336,Boreal,Dry,Eastern Asia,Root Crops,4.7,1.175,8.225,
48337,Boreal,Dry,Eastern Asia,Barley,4.7,1.175,8.225,
48338,Boreal,Dry,Eastern Asia,Oats,4.7,1.175,8.225,
48339,Boreal,Dry,Eastern Asia,Millet,4.7,1.175,8.225,
48340,Boreal,Dry,Eastern Asia,Sorghum,4.7,1.175,8.225,
48341,Boreal,Dry,Eastern Asia,Rye,4.7,1.175,8.225,
48342,Boreal,Dry,Eastern Asia,Soybeans,4.7,1.175,8.225,
48343,Boreal,Dry,Eastern Asia,Dry Bean,4.7,1.175,8.225,
48344,Boreal,Dry,Eastern Asia,Potatoes,4.7,1.175,8.225,
48345,Boreal,Dry,Eastern Asia,Peanuts,4.7,1.175,8.225,
48346,Boreal,Dry,Eastern Asia,Vegetables,4.7,1.175,8.225,
48347,Boreal,Dry,Eastern Asia,Oilseeds,4.7,1.175,8.225,
48348,Boreal,Dry,Eastern Asia,Groundnuts,4.7,1.175,8.225,
48349,Boreal,Dry,Eastern Asia,Annual Cropland,4.7,1.175,8.225,
48350,Boreal,Dry,Eastern Asia,Set Aside,4.7,1.175,8.225,
48351,Boreal,Dry,Eastern Asia,Flooded Rice,4.7,1.175,8.225,
48352,Boreal,Dry,Eastern Asia,Grassland,3.995,0.99875,6.99125,
48353,Boreal,Dry,Eastern Asia,Other Land (Non-Vegetated),0,#N/A,#N/A,
48354,Boreal,Dry,Eastern Asia,Settlement,0,#N/A,#N/A,
48355,Boreal,Dry,Eastern Asia,Agroforestry - Default,20.6,5.15,36.05,
48356,Boreal,Dry,Eastern Asia,Hedgerow,13.1,9.301,16.899,
48357,Boreal,Dry,Eastern Asia,Silvoarable,13.7,3.425,23.975,
48358,Boreal,Dry,Eastern Asia,Silvopasture,35,8.75,61.25,
48359,Boreal,Dry,Eastern Asia,Other Land,1,#N/A,#N/A,
48360,Boreal,Dry,Eastern Asia,Olive,6.9,1.725,12.075,
48361,Boreal,Dry,Eastern Asia,Orchard,6.4,1.6,11.2,
48362,Boreal,Dry,Eastern Asia,Short Rotation Coppice,6.35,1.5875,11.1125,
48363,Boreal,Dry,Eastern Asia,Tea,18.3,4.575,32.025,
48364,Boreal,Dry,Eastern Asia,Vine,2.8,2.1,3.5,
48365,Boreal,Dry,South-Eastern Asia,Grains,4.7,1.175,8.225,
48366,Boreal,Dry,South-Eastern Asia,Maize,4.7,1.175,8.225,
48367,Boreal,Dry,South-Eastern Asia,Sugarcane,4.7,1.175,8.225,
48368,Boreal,Dry,South-Eastern Asia,Wheat,4.7,1.175,8.225,
48369,Boreal,Dry,South-Eastern Asia,Beans & Pulses,4.7,1.175,8.225,
48370,Boreal,Dry,South-Eastern Asia,Tubers,4.7,1.175,8.225,
48371,Boreal,Dry,South-Eastern Asia,Root Crops,4.7,1.175,8.225,
48372,Boreal,Dry,South-Eastern Asia,Barley,4.7,1.175,8.225,
48373,Boreal,Dry,South-Eastern Asia,Oats,4.7,1.175,8.225,
48374,Boreal,Dry,South-Eastern Asia,Millet,4.7,1.175,8.225,
48375,Boreal,Dry,South-Eastern Asia,Sorghum,4.7,1.175,8.225,
48376,Boreal,Dry,South-Eastern Asia,Rye,4.7,1.175,8.225,
48377,Boreal,Dry,South-Eastern Asia,Soybeans,4.7,1.175,8.225,
48378,Boreal,Dry,South-Eastern Asia,Dry Bean,4.7,1.175,8.225,
48379,Boreal,Dry,South-Eastern Asia,Potatoes,4.7,1.175,8.225,
48380,Boreal,Dry,South-Eastern Asia,Peanuts,4.7,1.175,8.225,
48381,Boreal,Dry,South-Eastern Asia,Vegetables,4.7,1.175,8.225,
48382,Boreal,Dry,South-Eastern Asia,Oilseeds,4.7,1.175,8.225,
48383,Boreal,Dry,South-Eastern Asia,Groundnuts,4.7,1.175,8.225,
48384,Boreal,Dry,South-Eastern Asia,Annual Cropland,4.7,1.175,8.225,
48385,Boreal,Dry,South-Eastern Asia,Set Aside,4.7,1.175,8.225,
48386,Boreal,Dry,South-Eastern Asia,Flooded Rice,4.7,1.175,8.225,
48387,Boreal,Dry,South-Eastern Asia,Grassland,3.995,0.99875,6.99125,
48388,Boreal,Dry,South-Eastern Asia,Other Land (Non-Vegetated),0,#N/A,#N/A,
48389,Boreal,Dry,South-Eastern Asia,Settlement,0,#N/A,#N/A,
48390,Boreal,Dry,South-Eastern Asia,Agroforestry - Default,20.6,5.15,36.05,
48391,Boreal,Dry,South-Eastern Asia,Hedgerow,13.1,9.301,16.899,
48392,Boreal,Dry,South-Eastern Asia,Silvoarable,13.7,3.425,23.975,
48393,Boreal,Dry,South-Eastern Asia,Silvopasture,35,8.75,61.25,
48394,Boreal,Dry,South-Eastern Asia,Other Land,1,#N/A,#N/A,
48395,Boreal,Dry,South-Eastern Asia,Olive,6.9,1.725,12.075,
48396,Boreal,Dry,South-Eastern Asia,Orchard,6.4,1.6,11.2,
48397,Boreal,Dry,South-Eastern Asia,Short Rotation Coppice,6.35,1.5875,11.1125,
48398,Boreal,Dry,South-Eastern Asia,Tea,18.3,4.575,32.025,
48399,Boreal,Dry,South-Eastern Asia,Vine,2.8,2.1,3.5,
48400,Boreal,Dry,Southern Asia,Grains,4.7,1.175,8.225,
48401,Boreal,Dry,Southern Asia,Maize,4.7,1.175,8.225,
48402,Boreal,Dry,Southern Asia,Sugarcane,4.7,1.175,8.225,
48403,Boreal,Dry,Southern Asia,Wheat,4.7,1.175,8.225,
48404,Boreal,Dry,Southern Asia,Beans & Pulses,4.7,1.175,8.225,
48405,Boreal,Dry,Southern Asia,Tubers,4.7,1.175,8.225,
48406,Boreal,Dry,Southern Asia,Root Crops,4.7,1.175,8.225,
48407,Boreal,Dry,Southern Asia,Barley,4.7,1.175,8.225,
48408,Boreal,Dry,Southern Asia,Oats,4.7,1.175,8.225,
48409,Boreal,Dry,Southern Asia,Millet,4.7,1.175,8.225,
48410,Boreal,Dry,Southern Asia,Sorghum,4.7,1.175,8.225,
48411,Boreal,Dry,Southern Asia,Rye,4.7,1.175,8.225,
48412,Boreal,Dry,Southern Asia,Soybeans,4.7,1.175,8.225,
48413,Boreal,Dry,Southern Asia,Dry Bean,4.7,1.175,8.225,
48414,Boreal,Dry,Southern Asia,Potatoes,4.7,1.175,8.225,
48415,Boreal,Dry,Southern Asia,Peanuts,4.7,1.175,8.225,
48416,Boreal,Dry,Southern Asia,Vegetables,4.7,1.175,8.225,
48417,Boreal,Dry,Southern Asia,Oilseeds,4.7,1.175,8.225,
48418,Boreal,Dry,Southern Asia,Groundnuts,4.7,1.175,8.225,
48419,Boreal,Dry,Southern Asia,Annual Cropland,4.7,1.175,8.225,
48420,Boreal,Dry,Southern Asia,Set Aside,4.7,1.175,8.225,
48421,Boreal,Dry,Southern Asia,Flooded Rice,4.7,1.175,8.225,
48422,Boreal,Dry,Southern Asia,Grassland,3.995,0.99875,6.99125,
48423,Boreal,Dry,Southern Asia,Other Land (Non-Vegetated),0,#N/A,#N/A,
48424,Boreal,Dry,Southern Asia,Settlement,0,#N/A,#N/A,
48425,Boreal,Dry,Southern Asia,Agroforestry - Default,20.6,5.15,36.05,
48426,Boreal,Dry,Southern Asia,Hedgerow,13.1,9.301,16.899,
48427,Boreal,Dry,Southern Asia,Silvoarable,13.7,3.425,23.975,
48428,Boreal,Dry,Southern Asia,Silvopasture,35,8.75,61.25,
48429,Boreal,Dry,Southern Asia,Other Land,1,#N/A,#N/A,
48430,Boreal,Dry,Southern Asia,Olive,6.9,1.725,12.075,
48431,Boreal,Dry,Southern Asia,Orchard,6.4,1.6,11.2,
48432,Boreal,Dry,Southern Asia,Short Rotation Coppice,6.35,1.5875,11.1125,
48433,Boreal,Dry,Southern Asia,Tea,18.3,4.575,32.025,
48434,Boreal,Dry,Southern Asia,Vine,2.8,2.1,3.5,
48435,Boreal,Dry,Western Asia,Grains,4.7,1.175,8.225,
48436,Boreal,Dry,Western Asia,Maize,4.7,1.175,8.225,
48437,Boreal,Dry,Western Asia,Sugarcane,4.7,1.175,8.225,
48438,Boreal,Dry,Western Asia,Wheat,4.7,1.175,8.225,
48439,Boreal,Dry,Western Asia,Beans & Pulses,4.7,1.175,8.225,
48440,Boreal,Dry,Western Asia,Tubers,4.7,1.175,8.225,
48441,Boreal,Dry,Western Asia,Root Crops,4.7,1.175,8.225,
48442,Boreal,Dry,Western Asia,Barley,4.7,1.175,8.225,
48443,Boreal,Dry,Western Asia,Oats,4.7,1.175,8.225,
48444,Boreal,Dry,Western Asia,Millet,4.7,1.175,8.225,
48445,Boreal,Dry,Western Asia,Sorghum,4.7,1.175,8.225,
48446,Boreal,Dry,Western Asia,Rye,4.7,1.175,8.225,
48447,Boreal,Dry,Western Asia,Soybeans,4.7,1.175,8.225,
48448,Boreal,Dry,Western Asia,Dry Bean,4.7,1.175,8.225,
48449,Boreal,Dry,Western Asia,Potatoes,4.7,1.175,8.225,
48450,Boreal,Dry,Western Asia,Peanuts,4.7,1.175,8.225,
48451,Boreal,Dry,Western Asia,Vegetables,4.7,1.175,8.225,
48452,Boreal,Dry,Western Asia,Oilseeds,4.7,1.175,8.225,
48453,Boreal,Dry,Western Asia,Groundnuts,4.7,1.175,8.225,
48454,Boreal,Dry,Western Asia,Annual Cropland,4.7,1.175,8.225,
48455,Boreal,Dry,Western Asia,Set Aside,4.7,1.175,8.225,
48456,Boreal,Dry,Western Asia,Flooded Rice,4.7,1.175,8.225,
48457,Boreal,Dry,Western Asia,Grassland,3.995,0.99875,6.99125,
48458,Boreal,Dry,Western Asia,Other Land (Non-Vegetated),0,#N/A,#N/A,
48459,Boreal,Dry,Western Asia,Settlement,0,#N/A,#N/A,
48460,Boreal,Dry,Western Asia,Agroforestry - Default,20.6,5.15,36.05,
48461,Boreal,Dry,Western Asia,Hedgerow,13.1,9.301,16.899,
48462,Boreal,Dry,Western Asia,Silvoarable,13.7,3.425,23.975,
48463,Boreal,Dry,Western Asia,Silvopasture,35,8.75,61.25,
48464,Boreal,Dry,Western Asia,Other Land,1,#N/A,#N/A,
48465,Boreal,Dry,Western Asia,Olive,6.9,1.725,12.075,
48466,Boreal,Dry,Western Asia,Orchard,6.4,1.6,11.2,
48467,Boreal,Dry,Western Asia,Short Rotation Coppice,6.35,1.5875,11.1125,
48468,Boreal,Dry,Western Asia,Tea,18.3,4.575,32.025,
48469,Boreal,Dry,Western Asia,Vine,2.8,2.1,3.5,
48470,Boreal,Dry,Europe,Grains,4.7,1.175,8.225,
48471,Boreal,Dry,Europe,Maize,4.7,1.175,8.225,
48472,Boreal,Dry,Europe,Sugarcane,4.7,1.175,8.225,
48473,Boreal,Dry,Europe,Wheat,4.7,1.175,8.225,
48474,Boreal,Dry,Europe,Beans & Pulses,4.7,1.175,8.225,
48475,Boreal,Dry,Europe,Tubers,4.7,1.175,8.225,
48476,Boreal,Dry,Europe,Root Crops,4.7,1.175,8.225,
48477,Boreal,Dry,Europe,Barley,4.7,1.175,8.225,
48478,Boreal,Dry,Europe,Oats,4.7,1.175,8.225,
48479,Boreal,Dry,Europe,Millet,4.7,1.175,8.225,
48480,Boreal,Dry,Europe,Sorghum,4.7,1.175,8.225,
48481,Boreal,Dry,Europe,Rye,4.7,1.175,8.225,
48482,Boreal,Dry,Europe,Soybeans,4.7,1.175,8.225,
48483,Boreal,Dry,Europe,Dry Bean,4.7,1.175,8.225,
48484,Boreal,Dry,Europe,Potatoes,4.7,1.175,8.225,
48485,Boreal,Dry,Europe,Peanuts,4.7,1.175,8.225,
48486,Boreal,Dry,Europe,Vegetables,4.7,1.175,8.225,
48487,Boreal,Dry,Europe,Oilseeds,4.7,1.175,8.225,
48488,Boreal,Dry,Europe,Groundnuts,4.7,1.175,8.225,
48489,Boreal,Dry,Europe,Annual Cropland,4.7,1.175,8.225,
48490,Boreal,Dry,Europe,Set Aside,4.7,1.175,8.225,
48491,Boreal,Dry,Europe,Flooded Rice,4.7,1.175,8.225,
48492,Boreal,Dry,Europe,Grassland,3.995,0.99875,6.99125,
48493,Boreal,Dry,Europe,Other Land (Non-Vegetated),0,#N/A,#N/A,
48494,Boreal,Dry,Europe,Settlement,0,#N/A,#N/A,
48495,Boreal,Dry,Europe,Agroforestry - Default,20.6,5.15,36.05,
48496,Boreal,Dry,Europe,Hedgerow,13.1,9.301,16.899,
48497,Boreal,Dry,Europe,Silvoarable,13.7,3.425,23.975,
48498,Boreal,Dry,Europe,Silvopasture,35,8.75,61.25,
48499,Boreal,Dry,Europe,Other Land,1,#N/A,#N/A,
48500,Boreal,Dry,Europe,Olive,6.9,1.725,12.075,
48501,Boreal,Dry,Europe,Orchard,6.4,1.6,11.2,
48502,Boreal,Dry,Europe,Short Rotation Coppice,6.35,1.5875,11.1125,
48503,Boreal,Dry,Europe,Tea,18.3,4.575,32.025,
48504,Boreal,Dry,Europe,Vine,2.8,2.1,3.5,
48505,Boreal,Dry,Oceania,Grains,4.7,1.175,8.225,
48506,Boreal,Dry,Oceania,Maize,4.7,1.175,8.225,
48507,Boreal,Dry,Oceania,Sugarcane,4.7,1.175,8.225,
48508,Boreal,Dry,Oceania,Wheat,4.7,1.175,8.225,
48509,Boreal,Dry,Oceania,Beans & Pulses,4.7,1.175,8.225,
48510,Boreal,Dry,Oceania,Tubers,4.7,1.175,8.225,
48511,Boreal,Dry,Oceania,Root Crops,4.7,1.175,8.225,
48512,Boreal,Dry,Oceania,Barley,4.7,1.175,8.225,
48513,Boreal,Dry,Oceania,Oats,4.7,1.175,8.225,
48514,Boreal,Dry,Oceania,Millet,4.7,1.175,8.225,
48515,Boreal,Dry,Oceania,Sorghum,4.7,1.175,8.225,
48516,Boreal,Dry,Oceania,Rye,4.7,1.175,8.225,
48517,Boreal,Dry,Oceania,Soybeans,4.7,1.175,8.225,
48518,Boreal,Dry,Oceania,Dry Bean,4.7,1.175,8.225,
48519,Boreal,Dry,Oceania,Potatoes,4.7,1.175,8.225,
48520,Boreal,Dry,Oceania,Peanuts,4.7,1.175,8.225,
48521,Boreal,Dry,Oceania,Vegetables,4.7,1.175,8.225,
48522,Boreal,Dry,Oceania,Oilseeds,4.7,1.175,8.225,
48523,Boreal,Dry,Oceania,Groundnuts,4.7,1.175,8.225,
48524,Boreal,Dry,Oceania,Annual Cropland,4.7,1.175,8.225,
48525,Boreal,Dry,Oceania,Set Aside,4.7,1.175,8.225,
48526,Boreal,Dry,Oceania,Flooded Rice,4.7,1.175,8.225,
48527,Boreal,Dry,Oceania,Grassland,3.995,0.99875,6.99125,
48528,Boreal,Dry,Oceania,Other Land (Non-Vegetated),0,#N/A,#N/A,
48529,Boreal,Dry,Oceania,Settlement,0,#N/A,#N/A,
48530,Boreal,Dry,Oceania,Agroforestry - Default,20.6,5.15,36.05,
48531,Boreal,Dry,Oceania,Hedgerow,13.1,9.301,16.899,
48532,Boreal,Dry,Oceania,Silvoarable,13.7,3.425,23.975,
48533,Boreal,Dry,Oceania,Silvopasture,35,8.75,61.25,
48534,Boreal,Dry,Oceania,Other Land,1,#N/A,#N/A,
48535,Boreal,Dry,Oceania,Olive,6.9,1.725,12.075,
48536,Boreal,Dry,Oceania,Orchard,6.4,1.6,11.2,
48537,Boreal,Dry,Oceania,Short Rotation Coppice,6.35,1.5875,11.1125,
48538,Boreal,Dry,Oceania,Tea,18.3,4.575,32.025,
48539,Boreal,Dry,Oceania,Vine,2.8,2.1,3.5,
48540,Boreal,Dry,North America,Grains,4.7,1.175,8.225,
48541,Boreal,Dry,North America,Maize,4.7,1.175,8.225,
48542,Boreal,Dry,North America,Sugarcane,4.7,1.175,8.225,
48543,Boreal,Dry,North America,Wheat,4.7,1.175,8.225,
48544,Boreal,Dry,North America,Beans & Pulses,4.7,1.175,8.225,
48545,Boreal,Dry,North America,Tubers,4.7,1.175,8.225,
48546,Boreal,Dry,North America,Root Crops,4.7,1.175,8.225,
48547,Boreal,Dry,North America,Barley,4.7,1.175,8.225,
48548,Boreal,Dry,North America,Oats,4.7,1.175,8.225,
48549,Boreal,Dry,North America,Millet,4.7,1.175,8.225,
48550,Boreal,Dry,North America,Sorghum,4.7,1.175,8.225,
48551,Boreal,Dry,North America,Rye,4.7,1.175,8.225,
48552,Boreal,Dry,North America,Soybeans,4.7,1.175,8.225,
48553,Boreal,Dry,North America,Dry Bean,4.7,1.175,8.225,
48554,Boreal,Dry,North America,Potatoes,4.7,1.175,8.225,
48555,Boreal,Dry,North America,Peanuts,4.7,1.175,8.225,
48556,Boreal,Dry,North America,Vegetables,4.7,1.175,8.225,
48557,Boreal,Dry,North America,Oilseeds,4.7,1.175,8.225,
48558,Boreal,Dry,North America,Groundnuts,4.7,1.175,8.225,
48559,Boreal,Dry,North America,Annual Cropland,4.7,1.175,8.225,
48560,Boreal,Dry,North America,Set Aside,4.7,1.175,8.225,
48561,Boreal,Dry,North America,Flooded Rice,4.7,1.175,8.225,
48562,Boreal,Dry,North America,Grassland,3.995,0.99875,6.99125,
48563,Boreal,Dry,North America,Other Land (Non-Vegetated),0,#N/A,#N/A,
48564,Boreal,Dry,North America,Settlement,0,#N/A,#N/A,
48565,Boreal,Dry,North America,Agroforestry - Default,20.6,5.15,36.05,
48566,Boreal,Dry,North America,Hedgerow,13.1,9.301,16.899,
48567,Boreal,Dry,North America,Silvoarable,13.7,3.425,23.975,
48568,Boreal,Dry,North America,Silvopasture,35,8.75,61.25,
48569,Boreal,Dry,North America,Other Land,1,#N/A,#N/A,
48570,Boreal,Dry,North America,Olive,6.9,1.725,12.075,
48571,Boreal,Dry,North America,Orchard,6.4,1.6,11.2,
48572,Boreal,Dry,North America,Short Rotation Coppice,6.35,1.5875,11.1125,
48573,Boreal,Dry,North America,Tea,18.3,4.575,32.025,
48574,Boreal,Dry,North America,Vine,2.8,2.1,3.5,
48575,Boreal,Dry,South America,Grains,4.7,1.175,8.225,
48576,Boreal,Dry,South America,Maize,4.7,1.175,8.225,
48577,Boreal,Dry,South America,Sugarcane,4.7,1.175,8.225,
48578,Boreal,Dry,South America,Wheat,4.7,1.175,8.225,
48579,Boreal,Dry,South America,Beans & Pulses,4.7,1.175,8.225,
48580,Boreal,Dry,South America,Tubers,4.7,1.175,8.225,
48581,Boreal,Dry,South America,Root Crops,4.7,1.175,8.225,
48582,Boreal,Dry,South America,Barley,4.7,1.175,8.225,
48583,Boreal,Dry,South America,Oats,4.7,1.175,8.225,
48584,Boreal,Dry,South America,Millet,4.7,1.175,8.225,
48585,Boreal,Dry,South America,Sorghum,4.7,1.175,8.225,
48586,Boreal,Dry,South America,Rye,4.7,1.175,8.225,
48587,Boreal,Dry,South America,Soybeans,4.7,1.175,8.225,
48588,Boreal,Dry,South America,Dry Bean,4.7,1.175,8.225,
48589,Boreal,Dry,South America,Potatoes,4.7,1.175,8.225,
48590,Boreal,Dry,South America,Peanuts,4.7,1.175,8.225,
48591,Boreal,Dry,South America,Vegetables,4.7,1.175,8.225,
48592,Boreal,Dry,South America,Oilseeds,4.7,1.175,8.225,
48593,Boreal,Dry,South America,Groundnuts,4.7,1.175,8.225,
48594,Boreal,Dry,South America,Annual Cropland,4.7,1.175,8.225,
48595,Boreal,Dry,South America,Set Aside,4.7,1.175,8.225,
48596,Boreal,Dry,South America,Flooded Rice,4.7,1.175,8.225,
48597,Boreal,Dry,South America,Grassland,3.995,0.99875,6.99125,
48598,Boreal,Dry,South America,Other Land (Non-Vegetated),0,#N/A,#N/A,
48599,Boreal,Dry,South America,Settlement,0,#N/A,#N/A,
48600,Boreal,Dry,South America,Agroforestry - Default,20.6,5.15,36.05,
48601,Boreal,Dry,South America,Hedgerow,13.1,9.301,16.899,
48602,Boreal,Dry,South America,Silvoarable,13.7,3.425,23.975,
48603,Boreal,Dry,South America,Silvopasture,35,8.75,61.25,
48604,Boreal,Dry,South America,Other Land,1,#N/A,#N/A,
48605,Boreal,Dry,South America,Olive,6.9,1.725,12.075,
48606,Boreal,Dry,South America,Orchard,6.4,1.6,11.2,
48607,Boreal,Dry,South America,Short Rotation Coppice,6.35,1.5875,11.1125,
48608,Boreal,Dry,South America,Tea,18.3,4.575,32.025,
48609,Boreal,Dry,South America,Vine,2.8,2.1,3.5,
48610,Boreal,Dry,Central America,Grains,4.7,1.175,8.225,
48611,Boreal,Dry,Central America,Maize,4.7,1.175,8.225,
48612,Boreal,Dry,Central America,Sugarcane,4.7,1.175,8.225,
48613,Boreal,Dry,Central America,Wheat,4.7,1.175,8.225,
48614,Boreal,Dry,Central America,Beans & Pulses,4.7,1.175,8.225,
48615,Boreal,Dry,Central America,Tubers,4.7,1.175,8.225,
48616,Boreal,Dry,Central America,Root Crops,4.7,1.175,8.225,
48617,Boreal,Dry,Central America,Barley,4.7,1.175,8.225,
48618,Boreal,Dry,Central America,Oats,4.7,1.175,8.225,
48619,Boreal,Dry,Central America,Millet,4.7,1.175,8.225,
48620,Boreal,Dry,Central America,Sorghum,4.7,1.175,8.225,
48621,Boreal,Dry,Central America,Rye,4.7,1.175,8.225,
48622,Boreal,Dry,Central America,Soybeans,4.7,1.175,8.225,
48623,Boreal,Dry,Central America,Dry Bean,4.7,1.175,8.225,
48624,Boreal,Dry,Central America,Potatoes,4.7,1.175,8.225,
48625,Boreal,Dry,Central America,Peanuts,4.7,1.175,8.225,
48626,Boreal,Dry,Central America,Vegetables,4.7,1.175,8.225,
48627,Boreal,Dry,Central America,Oilseeds,4.7,1.175,8.225,
48628,Boreal,Dry,Central America,Groundnuts,4.7,1.175,8.225,
48629,Boreal,Dry,Central America,Annual Cropland,4.7,1.175,8.225,
48630,Boreal,Dry,Central America,Set Aside,4.7,1.175,8.225,
48631,Boreal,Dry,Central America,Flooded Rice,4.7,1.175,8.225,
48632,Boreal,Dry,Central America,Grassland,3.995,0.99875,6.99125,
48633,Boreal,Dry,Central America,Other Land (Non-Vegetated),0,#N/A,#N/A,
48634,Boreal,Dry,Central America,Settlement,0,#N/A,#N/A,
48635,Boreal,Dry,Central America,Agroforestry - Default,20.6,5.15,36.05,
48636,Boreal,Dry,Central America,Hedgerow,13.1,9.301,16.899,
48637,Boreal,Dry,Central America,Silvoarable,13.7,3.425,23.975,
48638,Boreal,Dry,Central America,Silvopasture,35,8.75,61.25,
48639,Boreal,Dry,Central America,Other Land,1,#N/A,#N/A,
48640,Boreal,Dry,Central America,Olive,6.9,1.725,12.075,
48641,Boreal,Dry,Central America,Orchard,6.4,1.6,11.2,
48642,Boreal,Dry,Central America,Short Rotation Coppice,6.35,1.5875,11.1125,
48643,Boreal,Dry,Central America,Tea,18.3,4.575,32.025,
48644,Boreal,Dry,Central America,Vine,2.8,2.1,3.5,
48645,Boreal,Dry,Caribbean,Grains,4.7,1.175,8.225,
48646,Boreal,Dry,Caribbean,Maize,4.7,1.175,8.225,
48647,Boreal,Dry,Caribbean,Sugarcane,4.7,1.175,8.225,
48648,Boreal,Dry,Caribbean,Wheat,4.7,1.175,8.225,
48649,Boreal,Dry,Caribbean,Beans & Pulses,4.7,1.175,8.225,
48650,Boreal,Dry,Caribbean,Tubers,4.7,1.175,8.225,
48651,Boreal,Dry,Caribbean,Root Crops,4.7,1.175,8.225,
48652,Boreal,Dry,Caribbean,Barley,4.7,1.175,8.225,
48653,Boreal,Dry,Caribbean,Oats,4.7,1.175,8.225,
48654,Boreal,Dry,Caribbean,Millet,4.7,1.175,8.225,
48655,Boreal,Dry,Caribbean,Sorghum,4.7,1.175,8.225,
48656,Boreal,Dry,Caribbean,Rye,4.7,1.175,8.225,
48657,Boreal,Dry,Caribbean,Soybeans,4.7,1.175,8.225,
48658,Boreal,Dry,Caribbean,Dry Bean,4.7,1.175,8.225,
48659,Boreal,Dry,Caribbean,Potatoes,4.7,1.175,8.225,
48660,Boreal,Dry,Caribbean,Peanuts,4.7,1.175,8.225,
48661,Boreal,Dry,Caribbean,Vegetables,4.7,1.175,8.225,
48662,Boreal,Dry,Caribbean,Oilseeds,4.7,1.175,8.225,
48663,Boreal,Dry,Caribbean,Groundnuts,4.7,1.175,8.225,
48664,Boreal,Dry,Caribbean,Annual Cropland,4.7,1.175,8.225,
48665,Boreal,Dry,Caribbean,Set Aside,4.7,1.175,8.225,
48666,Boreal,Dry,Caribbean,Flooded Rice,4.7,1.175,8.225,
48667,Boreal,Dry,Caribbean,Grassland,3.995,0.99875,6.99125,
48668,Boreal,Dry,Caribbean,Other Land (Non-Vegetated),0,#N/A,#N/A,
48669,Boreal,Dry,Caribbean,Settlement,0,#N/A,#N/A,
48670,Boreal,Dry,Caribbean,Agroforestry - Default,20.6,5.15,36.05,
48671,Boreal,Dry,Caribbean,Hedgerow,13.1,9.301,16.899,
48672,Boreal,Dry,Caribbean,Silvoarable,13.7,3.425,23.975,
48673,Boreal,Dry,Caribbean,Silvopasture,35,8.75,61.25,
48674,Boreal,Dry,Caribbean,Other Land,1,#N/A,#N/A,
48675,Boreal,Dry,Caribbean,Olive,6.9,1.725,12.075,
48676,Boreal,Dry,Caribbean,Orchard,6.4,1.6,11.2,
48677,Boreal,Dry,Caribbean,Short Rotation Coppice,6.35,1.5875,11.1125,
48678,Boreal,Dry,Caribbean,Tea,18.3,4.575,32.025,
48679,Boreal,Dry,Caribbean,Vine,2.8,2.1,3.5,
48680,Boreal,Moist,Eastern Africa,Grains,4.7,1.175,8.225,
48681,Boreal,Moist,Eastern Africa,Maize,4.7,1.175,8.225,
48682,Boreal,Moist,Eastern Africa,Sugarcane,4.7,1.175,8.225,
48683,Boreal,Moist,Eastern Africa,Wheat,4.7,1.175,8.225,
48684,Boreal,Moist,Eastern Africa,Beans & Pulses,4.7,1.175,8.225,
48685,Boreal,Moist,Eastern Africa,Tubers,4.7,1.175,8.225,
48686,Boreal,Moist,Eastern Africa,Root Crops,4.7,1.175,8.225,
48687,Boreal,Moist,Eastern Africa,Barley,4.7,1.175,8.225,
48688,Boreal,Moist,Eastern Africa,Oats,4.7,1.175,8.225,
48689,Boreal,Moist,Eastern Africa,Millet,4.7,1.175,8.225,
48690,Boreal,Moist,Eastern Africa,Sorghum,4.7,1.175,8.225,
48691,Boreal,Moist,Eastern Africa,Rye,4.7,1.175,8.225,
48692,Boreal,Moist,Eastern Africa,Soybeans,4.7,1.175,8.225,
48693,Boreal,Moist,Eastern Africa,Dry Bean,4.7,1.175,8.225,
48694,Boreal,Moist,Eastern Africa,Potatoes,4.7,1.175,8.225,
48695,Boreal,Moist,Eastern Africa,Peanuts,4.7,1.175,8.225,
48696,Boreal,Moist,Eastern Africa,Vegetables,4.7,1.175,8.225,
48697,Boreal,Moist,Eastern Africa,Oilseeds,4.7,1.175,8.225,
48698,Boreal,Moist,Eastern Africa,Groundnuts,4.7,1.175,8.225,
48699,Boreal,Moist,Eastern Africa,Annual Cropland,4.7,1.175,8.225,
48700,Boreal,Moist,Eastern Africa,Set Aside,4.7,1.175,8.225,
48701,Boreal,Moist,Eastern Africa,Flooded Rice,4.7,1.175,8.225,
48702,Boreal,Moist,Eastern Africa,Grassland,3.995,0.99875,6.99125,
48703,Boreal,Moist,Eastern Africa,Other Land (Non-Vegetated),0,#N/A,#N/A,
48704,Boreal,Moist,Eastern Africa,Settlement,0,#N/A,#N/A,
48705,Boreal,Moist,Eastern Africa,Agroforestry - Default,20.6,5.15,36.05,
48706,Boreal,Moist,Eastern Africa,Hedgerow,13.1,9.301,16.899,
48707,Boreal,Moist,Eastern Africa,Silvoarable,13.7,3.425,23.975,
48708,Boreal,Moist,Eastern Africa,Silvopasture,35,8.75,61.25,
48709,Boreal,Moist,Eastern Africa,Other Land,1,#N/A,#N/A,
48710,Boreal,Moist,Eastern Africa,Olive,6.9,1.725,12.075,
48711,Boreal,Moist,Eastern Africa,Orchard,6.4,1.6,11.2,
48712,Boreal,Moist,Eastern Africa,Short Rotation Coppice,6.35,1.5875,11.1125,
48713,Boreal,Moist,Eastern Africa,Tea,18.3,4.575,32.025,
48714,Boreal,Moist,Eastern Africa,Vine,2.8,2.1,3.5,
48715,Boreal,Moist,Central Africa,Grains,4.7,1.175,8.225,
48716,Boreal,Moist,Central Africa,Maize,4.7,1.175,8.225,
48717,Boreal,Moist,Central Africa,Sugarcane,4.7,1.175,8.225,
48718,Boreal,Moist,Central Africa,Wheat,4.7,1.175,8.225,
48719,Boreal,Moist,Central Africa,Beans & Pulses,4.7,1.175,8.225,
48720,Boreal,Moist,Central Africa,Tubers,4.7,1.175,8.225,
48721,Boreal,Moist,Central Africa,Root Crops,4.7,1.175,8.225,
48722,Boreal,Moist,Central Africa,Barley,4.7,1.175,8.225,
48723,Boreal,Moist,Central Africa,Oats,4.7,1.175,8.225,
48724,Boreal,Moist,Central Africa,Millet,4.7,1.175,8.225,
48725,Boreal,Moist,Central Africa,Sorghum,4.7,1.175,8.225,
48726,Boreal,Moist,Central Africa,Rye,4.7,1.175,8.225,
48727,Boreal,Moist,Central Africa,Soybeans,4.7,1.175,8.225,
48728,Boreal,Moist,Central Africa,Dry Bean,4.7,1.175,8.225,
48729,Boreal,Moist,Central Africa,Potatoes,4.7,1.175,8.225,
48730,Boreal,Moist,Central Africa,Peanuts,4.7,1.175,8.225,
48731,Boreal,Moist,Central Africa,Vegetables,4.7,1.175,8.225,
48732,Boreal,Moist,Central Africa,Oilseeds,4.7,1.175,8.225,
48733,Boreal,Moist,Central Africa,Groundnuts,4.7,1.175,8.225,
48734,Boreal,Moist,Central Africa,Annual Cropland,4.7,1.175,8.225,
48735,Boreal,Moist,Central Africa,Set Aside,4.7,1.175,8.225,
48736,Boreal,Moist,Central Africa,Flooded Rice,4.7,1.175,8.225,
48737,Boreal,Moist,Central Africa,Grassland,3.995,0.99875,6.99125,
48738,Boreal,Moist,Central Africa,Other Land (Non-Vegetated),0,#N/A,#N/A,
48739,Boreal,Moist,Central Africa,Settlement,0,#N/A,#N/A,
48740,Boreal,Moist,Central Africa,Agroforestry - Default,20.6,5.15,36.05,
48741,Boreal,Moist,Central Africa,Hedgerow,13.1,9.301,16.899,
48742,Boreal,Moist,Central Africa,Silvoarable,13.7,3.425,23.975,
48743,Boreal,Moist,Central Africa,Silvopasture,35,8.75,61.25,
48744,Boreal,Moist,Central Africa,Other Land,1,#N/A,#N/A,
48745,Boreal,Moist,Central Africa,Olive,6.9,1.725,12.075,
48746,Boreal,Moist,Central Africa,Orchard,6.4,1.6,11.2,
48747,Boreal,Moist,Central Africa,Short Rotation Coppice,6.35,1.5875,11.1125,
48748,Boreal,Moist,Central Africa,Tea,18.3,4.575,32.025,
48749,Boreal,Moist,Central Africa,Vine,2.8,2.1,3.5,
48750,Boreal,Moist,Northern Africa,Grains,4.7,1.175,8.225,
48751,Boreal,Moist,Northern Africa,Maize,4.7,1.175,8.225,
48752,Boreal,Moist,Northern Africa,Sugarcane,4.7,1.175,8.225,
48753,Boreal,Moist,Northern Africa,Wheat,4.7,1.175,8.225,
48754,Boreal,Moist,Northern Africa,Beans & Pulses,4.7,1.175,8.225,
48755,Boreal,Moist,Northern Africa,Tubers,4.7,1.175,8.225,
48756,Boreal,Moist,Northern Africa,Root Crops,4.7,1.175,8.225,
48757,Boreal,Moist,Northern Africa,Barley,4.7,1.175,8.225,
48758,Boreal,Moist,Northern Africa,Oats,4.7,1.175,8.225,
48759,Boreal,Moist,Northern Africa,Millet,4.7,1.175,8.225,
48760,Boreal,Moist,Northern Africa,Sorghum,4.7,1.175,8.225,
48761,Boreal,Moist,Northern Africa,Rye,4.7,1.175,8.225,
48762,Boreal,Moist,Northern Africa,Soybeans,4.7,1.175,8.225,
48763,Boreal,Moist,Northern Africa,Dry Bean,4.7,1.175,8.225,
48764,Boreal,Moist,Northern Africa,Potatoes,4.7,1.175,8.225,
48765,Boreal,Moist,Northern Africa,Peanuts,4.7,1.175,8.225,
48766,Boreal,Moist,Northern Africa,Vegetables,4.7,1.175,8.225,
48767,Boreal,Moist,Northern Africa,Oilseeds,4.7,1.175,8.225,
48768,Boreal,Moist,Northern Africa,Groundnuts,4.7,1.175,8.225,
48769,Boreal,Moist,Northern Africa,Annual Cropland,4.7,1.175,8.225,
48770,Boreal,Moist,Northern Africa,Set Aside,4.7,1.175,8.225,
48771,Boreal,Moist,Northern Africa,Flooded Rice,4.7,1.175,8.225,
48772,Boreal,Moist,Northern Africa,Grassland,3.995,0.99875,6.99125,
48773,Boreal,Moist,Northern Africa,Other Land (Non-Vegetated),0,#N/A,#N/A,
48774,Boreal,Moist,Northern Africa,Settlement,0,#N/A,#N/A,
48775,Boreal,Moist,Northern Africa,Agroforestry - Default,20.6,5.15,36.05,
48776,Boreal,Moist,Northern Africa,Hedgerow,13.1,9.301,16.899,
48777,Boreal,Moist,Northern Africa,Silvoarable,13.7,3.425,23.975,
48778,Boreal,Moist,Northern Africa,Silvopasture,35,8.75,61.25,
48779,Boreal,Moist,Northern Africa,Other Land,1,#N/A,#N/A,
48780,Boreal,Moist,Northern Africa,Olive,6.9,1.725,12.075,
48781,Boreal,Moist,Northern Africa,Orchard,6.4,1.6,11.2,
48782,Boreal,Moist,Northern Africa,Short Rotation Coppice,6.35,1.5875,11.1125,
48783,Boreal,Moist,Northern Africa,Tea,18.3,4.575,32.025,
48784,Boreal,Moist,Northern Africa,Vine,2.8,2.1,3.5,
48785,Boreal,Moist,Southern Africa,Grains,4.7,1.175,8.225,
48786,Boreal,Moist,Southern Africa,Maize,4.7,1.175,8.225,
48787,Boreal,Moist,Southern Africa,Sugarcane,4.7,1.175,8.225,
48788,Boreal,Moist,Southern Africa,Wheat,4.7,1.175,8.225,
48789,Boreal,Moist,Southern Africa,Beans & Pulses,4.7,1.175,8.225,
48790,Boreal,Moist,Southern Africa,Tubers,4.7,1.175,8.225,
48791,Boreal,Moist,Southern Africa,Root Crops,4.7,1.175,8.225,
48792,Boreal,Moist,Southern Africa,Barley,4.7,1.175,8.225,
48793,Boreal,Moist,Southern Africa,Oats,4.7,1.175,8.225,
48794,Boreal,Moist,Southern Africa,Millet,4.7,1.175,8.225,
48795,Boreal,Moist,Southern Africa,Sorghum,4.7,1.175,8.225,
48796,Boreal,Moist,Southern Africa,Rye,4.7,1.175,8.225,
48797,Boreal,Moist,Southern Africa,Soybeans,4.7,1.175,8.225,
48798,Boreal,Moist,Southern Africa,Dry Bean,4.7,1.175,8.225,
48799,Boreal,Moist,Southern Africa,Potatoes,4.7,1.175,8.225,
48800,Boreal,Moist,Southern Africa,Peanuts,4.7,1.175,8.225,
48801,Boreal,Moist,Southern Africa,Vegetables,4.7,1.175,8.225,
48802,Boreal,Moist,Southern Africa,Oilseeds,4.7,1.175,8.225,
48803,Boreal,Moist,Southern Africa,Groundnuts,4.7,1.175,8.225,
48804,Boreal,Moist,Southern Africa,Annual Cropland,4.7,1.175,8.225,
48805,Boreal,Moist,Southern Africa,Set Aside,4.7,1.175,8.225,
48806,Boreal,Moist,Southern Africa,Flooded Rice,4.7,1.175,8.225,
48807,Boreal,Moist,Southern Africa,Grassland,3.995,0.99875,6.99125,
48808,Boreal,Moist,Southern Africa,Other Land (Non-Vegetated),0,#N/A,#N/A,
48809,Boreal,Moist,Southern Africa,Settlement,0,#N/A,#N/A,
48810,Boreal,Moist,Southern Africa,Agroforestry - Default,20.6,5.15,36.05,
48811,Boreal,Moist,Southern Africa,Hedgerow,13.1,9.301,16.899,
48812,Boreal,Moist,Southern Africa,Silvoarable,13.7,3.425,23.975,
48813,Boreal,Moist,Southern Africa,Silvopasture,35,8.75,61.25,
48814,Boreal,Moist,Southern Africa,Other Land,1,#N/A,#N/A,
48815,Boreal,Moist,Southern Africa,Olive,6.9,1.725,12.075,
48816,Boreal,Moist,Southern Africa,Orchard,6.4,1.6,11.2,
48817,Boreal,Moist,Southern Africa,Short Rotation Coppice,6.35,1.5875,11.1125,
48818,Boreal,Moist,Southern Africa,Tea,18.3,4.575,32.025,
48819,Boreal,Moist,Southern Africa,Vine,2.8,2.1,3.5,
48820,Boreal,Moist,Western Africa,Grains,4.7,1.175,8.225,
48821,Boreal,Moist,Western Africa,Maize,4.7,1.175,8.225,
48822,Boreal,Moist,Western Africa,Sugarcane,4.7,1.175,8.225,
48823,Boreal,Moist,Western Africa,Wheat,4.7,1.175,8.225,
48824,Boreal,Moist,Western Africa,Beans & Pulses,4.7,1.175,8.225,
48825,Boreal,Moist,Western Africa,Tubers,4.7,1.175,8.225,
48826,Boreal,Moist,Western Africa,Root Crops,4.7,1.175,8.225,
48827,Boreal,Moist,Western Africa,Barley,4.7,1.175,8.225,
48828,Boreal,Moist,Western Africa,Oats,4.7,1.175,8.225,
48829,Boreal,Moist,Western Africa,Millet,4.7,1.175,8.225,
48830,Boreal,Moist,Western Africa,Sorghum,4.7,1.175,8.225,
48831,Boreal,Moist,Western Africa,Rye,4.7,1.175,8.225,
48832,Boreal,Moist,Western Africa,Soybeans,4.7,1.175,8.225,
48833,Boreal,Moist,Western Africa,Dry Bean,4.7,1.175,8.225,
48834,Boreal,Moist,Western Africa,Potatoes,4.7,1.175,8.225,
48835,Boreal,Moist,Western Africa,Peanuts,4.7,1.175,8.225,
48836,Boreal,Moist,Western Africa,Vegetables,4.7,1.175,8.225,
48837,Boreal,Moist,Western Africa,Oilseeds,4.7,1.175,8.225,
48838,Boreal,Moist,Western Africa,Groundnuts,4.7,1.175,8.225,
48839,Boreal,Moist,Western Africa,Annual Cropland,4.7,1.175,8.225,
48840,Boreal,Moist,Western Africa,Set Aside,4.7,1.175,8.225,
48841,Boreal,Moist,Western Africa,Flooded Rice,4.7,1.175,8.225,
48842,Boreal,Moist,Western Africa,Grassland,3.995,0.99875,6.99125,
48843,Boreal,Moist,Western Africa,Other Land (Non-Vegetated),0,#N/A,#N/A,
48844,Boreal,Moist,Western Africa,Settlement,0,#N/A,#N/A,
48845,Boreal,Moist,Western Africa,Agroforestry - Default,20.6,5.15,36.05,
48846,Boreal,Moist,Western Africa,Hedgerow,13.1,9.301,16.899,
48847,Boreal,Moist,Western Africa,Silvoarable,13.7,3.425,23.975,
48848,Boreal,Moist,Western Africa,Silvopasture,35,8.75,61.25,
48849,Boreal,Moist,Western Africa,Other Land,1,#N/A,#N/A,
48850,Boreal,Moist,Western Africa,Olive,6.9,1.725,12.075,
48851,Boreal,Moist,Western Africa,Orchard,6.4,1.6,11.2,
48852,Boreal,Moist,Western Africa,Short Rotation Coppice,6.35,1.5875,11.1125,
48853,Boreal,Moist,Western Africa,Tea,18.3,4.575,32.025,
48854,Boreal,Moist,Western Africa,Vine,2.8,2.1,3.5,
48855,Boreal,Moist,Central Asia,Grains,4.7,1.175,8.225,
48856,Boreal,Moist,Central Asia,Maize,4.7,1.175,8.225,
48857,Boreal,Moist,Central Asia,Sugarcane,4.7,1.175,8.225,
48858,Boreal,Moist,Central Asia,Wheat,4.7,1.175,8.225,
48859,Boreal,Moist,Central Asia,Beans & Pulses,4.7,1.175,8.225,
48860,Boreal,Moist,Central Asia,Tubers,4.7,1.175,8.225,
48861,Boreal,Moist,Central Asia,Root Crops,4.7,1.175,8.225,
48862,Boreal,Moist,Central Asia,Barley,4.7,1.175,8.225,
48863,Boreal,Moist,Central Asia,Oats,4.7,1.175,8.225,
48864,Boreal,Moist,Central Asia,Millet,4.7,1.175,8.225,
48865,Boreal,Moist,Central Asia,Sorghum,4.7,1.175,8.225,
48866,Boreal,Moist,Central Asia,Rye,4.7,1.175,8.225,
48867,Boreal,Moist,Central Asia,Soybeans,4.7,1.175,8.225,
48868,Boreal,Moist,Central Asia,Dry Bean,4.7,1.175,8.225,
48869,Boreal,Moist,Central Asia,Potatoes,4.7,1.175,8.225,
48870,Boreal,Moist,Central Asia,Peanuts,4.7,1.175,8.225,
48871,Boreal,Moist,Central Asia,Vegetables,4.7,1.175,8.225,
48872,Boreal,Moist,Central Asia,Oilseeds,4.7,1.175,8.225,
48873,Boreal,Moist,Central Asia,Groundnuts,4.7,1.175,8.225,
48874,Boreal,Moist,Central Asia,Annual Cropland,4.7,1.175,8.225,
48875,Boreal,Moist,Central Asia,Set Aside,4.7,1.175,8.225,
48876,Boreal,Moist,Central Asia,Flooded Rice,4.7,1.175,8.225,
48877,Boreal,Moist,Central Asia,Grassland,3.995,0.99875,6.99125,
48878,Boreal,Moist,Central Asia,Other Land (Non-Vegetated),0,#N/A,#N/A,
48879,Boreal,Moist,Central Asia,Settlement,0,#N/A,#N/A,
48880,Boreal,Moist,Central Asia,Agroforestry - Default,20.6,5.15,36.05,
48881,Boreal,Moist,Central Asia,Hedgerow,13.1,9.301,16.899,
48882,Boreal,Moist,Central Asia,Silvoarable,13.7,3.425,23.975,
48883,Boreal,Moist,Central Asia,Silvopasture,35,8.75,61.25,
48884,Boreal,Moist,Central Asia,Other Land,1,#N/A,#N/A,
48885,Boreal,Moist,Central Asia,Olive,6.9,1.725,12.075,
48886,Boreal,Moist,Central Asia,Orchard,6.4,1.6,11.2,
48887,Boreal,Moist,Central Asia,Short Rotation Coppice,6.35,1.5875,11.1125,
48888,Boreal,Moist,Central Asia,Tea,18.3,4.575,32.025,
48889,Boreal,Moist,Central Asia,Vine,2.8,2.1,3.5,
48890,Boreal,Moist,Eastern Asia,Grains,4.7,1.175,8.225,
48891,Boreal,Moist,Eastern Asia,Maize,4.7,1.175,8.225,
48892,Boreal,Moist,Eastern Asia,Sugarcane,4.7,1.175,8.225,
48893,Boreal,Moist,Eastern Asia,Wheat,4.7,1.175,8.225,
48894,Boreal,Moist,Eastern Asia,Beans & Pulses,4.7,1.175,8.225,
48895,Boreal,Moist,Eastern Asia,Tubers,4.7,1.175,8.225,
48896,Boreal,Moist,Eastern Asia,Root Crops,4.7,1.175,8.225,
48897,Boreal,Moist,Eastern Asia,Barley,4.7,1.175,8.225,
48898,Boreal,Moist,Eastern Asia,Oats,4.7,1.175,8.225,
48899,Boreal,Moist,Eastern Asia,Millet,4.7,1.175,8.225,
48900,Boreal,Moist,Eastern Asia,Sorghum,4.7,1.175,8.225,
48901,Boreal,Moist,Eastern Asia,Rye,4.7,1.175,8.225,
48902,Boreal,Moist,Eastern Asia,Soybeans,4.7,1.175,8.225,
48903,Boreal,Moist,Eastern Asia,Dry Bean,4.7,1.175,8.225,
48904,Boreal,Moist,Eastern Asia,Potatoes,4.7,1.175,8.225,
48905,Boreal,Moist,Eastern Asia,Peanuts,4.7,1.175,8.225,
48906,Boreal,Moist,Eastern Asia,Vegetables,4.7,1.175,8.225,
48907,Boreal,Moist,Eastern Asia,Oilseeds,4.7,1.175,8.225,
48908,Boreal,Moist,Eastern Asia,Groundnuts,4.7,1.175,8.225,
48909,Boreal,Moist,Eastern Asia,Annual Cropland,4.7,1.175,8.225,
48910,Boreal,Moist,Eastern Asia,Set Aside,4.7,1.175,8.225,
48911,Boreal,Moist,Eastern Asia,Flooded Rice,4.7,1.175,8.225,
48912,Boreal,Moist,Eastern Asia,Grassland,3.995,0.99875,6.99125,
48913,Boreal,Moist,Eastern Asia,Other Land (Non-Vegetated),0,#N/A,#N/A,
48914,Boreal,Moist,Eastern Asia,Settlement,0,#N/A,#N/A,
48915,Boreal,Moist,Eastern Asia,Agroforestry - Default,20.6,5.15,36.05,
48916,Boreal,Moist,Eastern Asia,Hedgerow,13.1,9.301,16.899,
48917,Boreal,Moist,Eastern Asia,Silvoarable,13.7,3.425,23.975,
48918,Boreal,Moist,Eastern Asia,Silvopasture,35,8.75,61.25,
48919,Boreal,Moist,Eastern Asia,Other Land,1,#N/A,#N/A,
48920,Boreal,Moist,Eastern Asia,Olive,6.9,1.725,12.075,
48921,Boreal,Moist,Eastern Asia,Orchard,6.4,1.6,11.2,
48922,Boreal,Moist,Eastern Asia,Short Rotation Coppice,6.35,1.5875,11.1125,
48923,Boreal,Moist,Eastern Asia,Tea,18.3,4.575,32.025,
48924,Boreal,Moist,Eastern Asia,Vine,2.8,2.1,3.5,
48925,Boreal,Moist,South-Eastern Asia,Grains,4.7,1.175,8.225,
48926,Boreal,Moist,South-Eastern Asia,Maize,4.7,1.175,8.225,
48927,Boreal,Moist,South-Eastern Asia,Sugarcane,4.7,1.175,8.225,
48928,Boreal,Moist,South-Eastern Asia,Wheat,4.7,1.175,8.225,
48929,Boreal,Moist,South-Eastern Asia,Beans & Pulses,4.7,1.175,8.225,
48930,Boreal,Moist,South-Eastern Asia,Tubers,4.7,1.175,8.225,
48931,Boreal,Moist,South-Eastern Asia,Root Crops,4.7,1.175,8.225,
48932,Boreal,Moist,South-Eastern Asia,Barley,4.7,1.175,8.225,
48933,Boreal,Moist,South-Eastern Asia,Oats,4.7,1.175,8.225,
48934,Boreal,Moist,South-Eastern Asia,Millet,4.7,1.175,8.225,
48935,Boreal,Moist,South-Eastern Asia,Sorghum,4.7,1.175,8.225,
48936,Boreal,Moist,South-Eastern Asia,Rye,4.7,1.175,8.225,
48937,Boreal,Moist,South-Eastern Asia,Soybeans,4.7,1.175,8.225,
48938,Boreal,Moist,South-Eastern Asia,Dry Bean,4.7,1.175,8.225,
48939,Boreal,Moist,South-Eastern Asia,Potatoes,4.7,1.175,8.225,
48940,Boreal,Moist,South-Eastern Asia,Peanuts,4.7,1.175,8.225,
48941,Boreal,Moist,South-Eastern Asia,Vegetables,4.7,1.175,8.225,
48942,Boreal,Moist,South-Eastern Asia,Oilseeds,4.7,1.175,8.225,
48943,Boreal,Moist,South-Eastern Asia,Groundnuts,4.7,1.175,8.225,
48944,Boreal,Moist,South-Eastern Asia,Annual Cropland,4.7,1.175,8.225,
48945,Boreal,Moist,South-Eastern Asia,Set Aside,4.7,1.175,8.225,
48946,Boreal,Moist,South-Eastern Asia,Flooded Rice,4.7,1.175,8.225,
48947,Boreal,Moist,South-Eastern Asia,Grassland,3.995,0.99875,6.99125,
48948,Boreal,Moist,South-Eastern Asia,Other Land (Non-Vegetated),0,#N/A,#N/A,
48949,Boreal,Moist,South-Eastern Asia,Settlement,0,#N/A,#N/A,
48950,Boreal,Moist,South-Eastern Asia,Agroforestry - Default,20.6,5.15,36.05,
48951,Boreal,Moist,South-Eastern Asia,Hedgerow,13.1,9.301,16.899,
48952,Boreal,Moist,South-Eastern Asia,Silvoarable,13.7,3.425,23.975,
48953,Boreal,Moist,South-Eastern Asia,Silvopasture,35,8.75,61.25,
48954,Boreal,Moist,South-Eastern Asia,Other Land,1,#N/A,#N/A,
48955,Boreal,Moist,South-Eastern Asia,Olive,6.9,1.725,12.075,
48956,Boreal,Moist,South-Eastern Asia,Orchard,6.4,1.6,11.2,
48957,Boreal,Moist,South-Eastern Asia,Short Rotation Coppice,6.35,1.5875,11.1125,
48958,Boreal,Moist,South-Eastern Asia,Tea,18.3,4.575,32.025,
48959,Boreal,Moist,South-Eastern Asia,Vine,2.8,2.1,3.5,
48960,Boreal,Moist,Southern Asia,Grains,4.7,1.175,8.225,
48961,Boreal,Moist,Southern Asia,Maize,4.7,1.175,8.225,
48962,Boreal,Moist,Southern Asia,Sugarcane,4.7,1.175,8.225,
48963,Boreal,Moist,Southern Asia,Wheat,4.7,1.175,8.225,
48964,Boreal,Moist,Southern Asia,Beans & Pulses,4.7,1.175,8.225,
48965,Boreal,Moist,Southern Asia,Tubers,4.7,1.175,8.225,
48966,Boreal,Moist,Southern Asia,Root Crops,4.7,1.175,8.225,
48967,Boreal,Moist,Southern Asia,Barley,4.7,1.175,8.225,
48968,Boreal,Moist,Southern Asia,Oats,4.7,1.175,8.225,
48969,Boreal,Moist,Southern Asia,Millet,4.7,1.175,8.225,
48970,Boreal,Moist,Southern Asia,Sorghum,4.7,1.175,8.225,
48971,Boreal,Moist,Southern Asia,Rye,4.7,1.175,8.225,
48972,Boreal,Moist,Southern Asia,Soybeans,4.7,1.175,8.225,
48973,Boreal,Moist,Southern Asia,Dry Bean,4.7,1.175,8.225,
48974,Boreal,Moist,Southern Asia,Potatoes,4.7,1.175,8.225,
48975,Boreal,Moist,Southern Asia,Peanuts,4.7,1.175,8.225,
48976,Boreal,Moist,Southern Asia,Vegetables,4.7,1.175,8.225,
48977,Boreal,Moist,Southern Asia,Oilseeds,4.7,1.175,8.225,
48978,Boreal,Moist,Southern Asia,Groundnuts,4.7,1.175,8.225,
48979,Boreal,Moist,Southern Asia,Annual Cropland,4.7,1.175,8.225,
48980,Boreal,Moist,Southern Asia,Set Aside,4.7,1.175,8.225,
48981,Boreal,Moist,Southern Asia,Flooded Rice,4.7,1.175,8.225,
48982,Boreal,Moist,Southern Asia,Grassland,3.995,0.99875,6.99125,
48983,Boreal,Moist,Southern Asia,Other Land (Non-Vegetated),0,#N/A,#N/A,
48984,Boreal,Moist,Southern Asia,Settlement,0,#N/A,#N/A,
48985,Boreal,Moist,Southern Asia,Agroforestry - Default,20.6,5.15,36.05,
48986,Boreal,Moist,Southern Asia,Hedgerow,13.1,9.301,16.899,
48987,Boreal,Moist,Southern Asia,Silvoarable,13.7,3.425,23.975,
48988,Boreal,Moist,Southern Asia,Silvopasture,35,8.75,61.25,
48989,Boreal,Moist,Southern Asia,Other Land,1,#N/A,#N/A,
48990,Boreal,Moist,Southern Asia,Olive,6.9,1.725,12.075,
48991,Boreal,Moist,Southern Asia,Orchard,6.4,1.6,11.2,
48992,Boreal,Moist,Southern Asia,Short Rotation Coppice,6.35,1.5875,11.1125,
48993,Boreal,Moist,Southern Asia,Tea,18.3,4.575,32.025,
48994,Boreal,Moist,Southern Asia,Vine,2.8,2.1,3.5,
48995,Boreal,Moist,Western Asia,Grains,4.7,1.175,8.225,
48996,Boreal,Moist,Western Asia,Maize,4.7,1.175,8.225,
48997,Boreal,Moist,Western Asia,Sugarcane,4.7,1.175,8.225,
48998,Boreal,Moist,Western Asia,Wheat,4.7,1.175,8.225,
48999,Boreal,Moist,Western Asia,Beans & Pulses,4.7,1.175,8.225,
49000,Boreal,Moist,Western Asia,Tubers,4.7,1.175,8.225,
49001,Boreal,Moist,Western Asia,Root Crops,4.7,1.175,8.225,
49002,Boreal,Moist,Western Asia,Barley,4.7,1.175,8.225,
49003,Boreal,Moist,Western Asia,Oats,4.7,1.175,8.225,
49004,Boreal,Moist,Western Asia,Millet,4.7,1.175,8.225,
49005,Boreal,Moist,Western Asia,Sorghum,4.7,1.175,8.225,
49006,Boreal,Moist,Western Asia,Rye,4.7,1.175,8.225,
49007,Boreal,Moist,Western Asia,Soybeans,4.7,1.175,8.225,
49008,Boreal,Moist,Western Asia,Dry Bean,4.7,1.175,8.225,
49009,Boreal,Moist,Western Asia,Potatoes,4.7,1.175,8.225,
49010,Boreal,Moist,Western Asia,Peanuts,4.7,1.175,8.225,
49011,Boreal,Moist,Western Asia,Vegetables,4.7,1.175,8.225,
49012,Boreal,Moist,Western Asia,Oilseeds,4.7,1.175,8.225,
49013,Boreal,Moist,Western Asia,Groundnuts,4.7,1.175,8.225,
49014,Boreal,Moist,Western Asia,Annual Cropland,4.7,1.175,8.225,
49015,Boreal,Moist,Western Asia,Set Aside,4.7,1.175,8.225,
49016,Boreal,Moist,Western Asia,Flooded Rice,4.7,1.175,8.225,
49017,Boreal,Moist,Western Asia,Grassland,3.995,0.99875,6.99125,
49018,Boreal,Moist,Western Asia,Other Land (Non-Vegetated),0,#N/A,#N/A,
49019,Boreal,Moist,Western Asia,Settlement,0,#N/A,#N/A,
49020,Boreal,Moist,Western Asia,Agroforestry - Default,20.6,5.15,36.05,
49021,Boreal,Moist,Western Asia,Hedgerow,13.1,9.301,16.899,
49022,Boreal,Moist,Western Asia,Silvoarable,13.7,3.425,23.975,
49023,Boreal,Moist,Western Asia,Silvopasture,35,8.75,61.25,
49024,Boreal,Moist,Western Asia,Other Land,1,#N/A,#N/A,
49025,Boreal,Moist,Western Asia,Olive,6.9,1.725,12.075,
49026,Boreal,Moist,Western Asia,Orchard,6.4,1.6,11.2,
49027,Boreal,Moist,Western Asia,Short Rotation Coppice,6.35,1.5875,11.1125,
49028,Boreal,Moist,Western Asia,Tea,18.3,4.575,32.025,
49029,Boreal,Moist,Western Asia,Vine,2.8,2.1,3.5,
49030,Boreal,Moist,Europe,Grains,4.7,1.175,8.225,
49031,Boreal,Moist,Europe,Maize,4.7,1.175,8.225,
49032,Boreal,Moist,Europe,Sugarcane,4.7,1.175,8.225,
49033,Boreal,Moist,Europe,Wheat,4.7,1.175,8.225,
49034,Boreal,Moist,Europe,Beans & Pulses,4.7,1.175,8.225,
49035,Boreal,Moist,Europe,Tubers,4.7,1.175,8.225,
49036,Boreal,Moist,Europe,Root Crops,4.7,1.175,8.225,
49037,Boreal,Moist,Europe,Barley,4.7,1.175,8.225,
49038,Boreal,Moist,Europe,Oats,4.7,1.175,8.225,
49039,Boreal,Moist,Europe,Millet,4.7,1.175,8.225,
49040,Boreal,Moist,Europe,Sorghum,4.7,1.175,8.225,
49041,Boreal,Moist,Europe,Rye,4.7,1.175,8.225,
49042,Boreal,Moist,Europe,Soybeans,4.7,1.175,8.225,
49043,Boreal,Moist,Europe,Dry Bean,4.7,1.175,8.225,
49044,Boreal,Moist,Europe,Potatoes,4.7,1.175,8.225,
49045,Boreal,Moist,Europe,Peanuts,4.7,1.175,8.225,
49046,Boreal,Moist,Europe,Vegetables,4.7,1.175,8.225,
49047,Boreal,Moist,Europe,Oilseeds,4.7,1.175,8.225,
49048,Boreal,Moist,Europe,Groundnuts,4.7,1.175,8.225,
49049,Boreal,Moist,Europe,Annual Cropland,4.7,1.175,8.225,
49050,Boreal,Moist,Europe,Set Aside,4.7,1.175,8.225,
49051,Boreal,Moist,Europe,Flooded Rice,4.7,1.175,8.225,
49052,Boreal,Moist,Europe,Grassland,3.995,0.99875,6.99125,
49053,Boreal,Moist,Europe,Other Land (Non-Vegetated),0,#N/A,#N/A,
49054,Boreal,Moist,Europe,Settlement,0,#N/A,#N/A,
49055,Boreal,Moist,Europe,Agroforestry - Default,20.6,5.15,36.05,
49056,Boreal,Moist,Europe,Hedgerow,13.1,9.301,16.899,
49057,Boreal,Moist,Europe,Silvoarable,13.7,3.425,23.975,
49058,Boreal,Moist,Europe,Silvopasture,35,8.75,61.25,
49059,Boreal,Moist,Europe,Other Land,1,#N/A,#N/A,
49060,Boreal,Moist,Europe,Olive,6.9,1.725,12.075,
49061,Boreal,Moist,Europe,Orchard,6.4,1.6,11.2,
49062,Boreal,Moist,Europe,Short Rotation Coppice,6.35,1.5875,11.1125,
49063,Boreal,Moist,Europe,Tea,18.3,4.575,32.025,
49064,Boreal,Moist,Europe,Vine,2.8,2.1,3.5,
49065,Boreal,Moist,Oceania,Grains,4.7,1.175,8.225,
49066,Boreal,Moist,Oceania,Maize,4.7,1.175,8.225,
49067,Boreal,Moist,Oceania,Sugarcane,4.7,1.175,8.225,
49068,Boreal,Moist,Oceania,Wheat,4.7,1.175,8.225,
49069,Boreal,Moist,Oceania,Beans & Pulses,4.7,1.175,8.225,
49070,Boreal,Moist,Oceania,Tubers,4.7,1.175,8.225,
49071,Boreal,Moist,Oceania,Root Crops,4.7,1.175,8.225,
49072,Boreal,Moist,Oceania,Barley,4.7,1.175,8.225,
49073,Boreal,Moist,Oceania,Oats,4.7,1.175,8.225,
49074,Boreal,Moist,Oceania,Millet,4.7,1.175,8.225,
49075,Boreal,Moist,Oceania,Sorghum,4.7,1.175,8.225,
49076,Boreal,Moist,Oceania,Rye,4.7,1.175,8.225,
49077,Boreal,Moist,Oceania,Soybeans,4.7,1.175,8.225,
49078,Boreal,Moist,Oceania,Dry Bean,4.7,1.175,8.225,
49079,Boreal,Moist,Oceania,Potatoes,4.7,1.175,8.225,
49080,Boreal,Moist,Oceania,Peanuts,4.7,1.175,8.225,
49081,Boreal,Moist,Oceania,Vegetables,4.7,1.175,8.225,
49082,Boreal,Moist,Oceania,Oilseeds,4.7,1.175,8.225,
49083,Boreal,Moist,Oceania,Groundnuts,4.7,1.175,8.225,
49084,Boreal,Moist,Oceania,Annual Cropland,4.7,1.175,8.225,
49085,Boreal,Moist,Oceania,Set Aside,4.7,1.175,8.225,
49086,Boreal,Moist,Oceania,Flooded Rice,4.7,1.175,8.225,
49087,Boreal,Moist,Oceania,Grassland,3.995,0.99875,6.99125,
49088,Boreal,Moist,Oceania,Other Land (Non-Vegetated),0,#N/A,#N/A,
49089,Boreal,Moist,Oceania,Settlement,0,#N/A,#N/A,
49090,Boreal,Moist,Oceania,Agroforestry - Default,20.6,5.15,36.05,
49091,Boreal,Moist,Oceania,Hedgerow,13.1,9.301,16.899,
49092,Boreal,Moist,Oceania,Silvoarable,13.7,3.425,23.975,
49093,Boreal,Moist,Oceania,Silvopasture,35,8.75,61.25,
49094,Boreal,Moist,Oceania,Other Land,1,#N/A,#N/A,
49095,Boreal,Moist,Oceania,Olive,6.9,1.725,12.075,
49096,Boreal,Moist,Oceania,Orchard,6.4,1.6,11.2,
49097,Boreal,Moist,Oceania,Short Rotation Coppice,6.35,1.5875,11.1125,
49098,Boreal,Moist,Oceania,Tea,18.3,4.575,32.025,
49099,Boreal,Moist,Oceania,Vine,2.8,2.1,3.5,
49100,Boreal,Moist,North America,Grains,4.7,1.175,8.225,
49101,Boreal,Moist,North America,Maize,4.7,1.175,8.225,
49102,Boreal,Moist,North America,Sugarcane,4.7,1.175,8.225,
49103,Boreal,Moist,North America,Wheat,4.7,1.175,8.225,
49104,Boreal,Moist,North America,Beans & Pulses,4.7,1.175,8.225,
49105,Boreal,Moist,North America,Tubers,4.7,1.175,8.225,
49106,Boreal,Moist,North America,Root Crops,4.7,1.175,8.225,
49107,Boreal,Moist,North America,Barley,4.7,1.175,8.225,
49108,Boreal,Moist,North America,Oats,4.7,1.175,8.225,
49109,Boreal,Moist,North America,Millet,4.7,1.175,8.225,
49110,Boreal,Moist,North America,Sorghum,4.7,1.175,8.225,
49111,Boreal,Moist,North America,Rye,4.7,1.175,8.225,
49112,Boreal,Moist,North America,Soybeans,4.7,1.175,8.225,
49113,Boreal,Moist,North America,Dry Bean,4.7,1.175,8.225,
49114,Boreal,Moist,North America,Potatoes,4.7,1.175,8.225,
49115,Boreal,Moist,North America,Peanuts,4.7,1.175,8.225,
49116,Boreal,Moist,North America,Vegetables,4.7,1.175,8.225,
49117,Boreal,Moist,North America,Oilseeds,4.7,1.175,8.225,
49118,Boreal,Moist,North America,Groundnuts,4.7,1.175,8.225,
49119,Boreal,Moist,North America,Annual Cropland,4.7,1.175,8.225,
49120,Boreal,Moist,North America,Set Aside,4.7,1.175,8.225,
49121,Boreal,Moist,North America,Flooded Rice,4.7,1.175,8.225,
49122,Boreal,Moist,North America,Grassland,3.995,0.99875,6.99125,
49123,Boreal,Moist,North America,Other Land (Non-Vegetated),0,#N/A,#N/A,
49124,Boreal,Moist,North America,Settlement,0,#N/A,#N/A,
49125,Boreal,Moist,North America,Agroforestry - Default,20.6,5.15,36.05,
49126,Boreal,Moist,North America,Hedgerow,13.1,9.301,16.899,
49127,Boreal,Moist,North America,Silvoarable,13.7,3.425,23.975,
49128,Boreal,Moist,North America,Silvopasture,35,8.75,61.25,
49129,Boreal,Moist,North America,Other Land,1,#N/A,#N/A,
49130,Boreal,Moist,North America,Olive,6.9,1.725,12.075,
49131,Boreal,Moist,North America,Orchard,6.4,1.6,11.2,
49132,Boreal,Moist,North America,Short Rotation Coppice,6.35,1.5875,11.1125,
49133,Boreal,Moist,North America,Tea,18.3,4.575,32.025,
49134,Boreal,Moist,North America,Vine,2.8,2.1,3.5,
49135,Boreal,Moist,South America,Grains,4.7,1.175,8.225,
49136,Boreal,Moist,South America,Maize,4.7,1.175,8.225,
49137,Boreal,Moist,South America,Sugarcane,4.7,1.175,8.225,
49138,Boreal,Moist,South America,Wheat,4.7,1.175,8.225,
49139,Boreal,Moist,South America,Beans & Pulses,4.7,1.175,8.225,
49140,Boreal,Moist,South America,Tubers,4.7,1.175,8.225,
49141,Boreal,Moist,South America,Root Crops,4.7,1.175,8.225,
49142,Boreal,Moist,South America,Barley,4.7,1.175,8.225,
49143,Boreal,Moist,South America,Oats,4.7,1.175,8.225,
49144,Boreal,Moist,South America,Millet,4.7,1.175,8.225,
49145,Boreal,Moist,South America,Sorghum,4.7,1.175,8.225,
49146,Boreal,Moist,South America,Rye,4.7,1.175,8.225,
49147,Boreal,Moist,South America,Soybeans,4.7,1.175,8.225,
49148,Boreal,Moist,South America,Dry Bean,4.7,1.175,8.225,
49149,Boreal,Moist,South America,Potatoes,4.7,1.175,8.225,
49150,Boreal,Moist,South America,Peanuts,4.7,1.175,8.225,
49151,Boreal,Moist,South America,Vegetables,4.7,1.175,8.225,
49152,Boreal,Moist,South America,Oilseeds,4.7,1.175,8.225,
49153,Boreal,Moist,South America,Groundnuts,4.7,1.175,8.225,
49154,Boreal,Moist,South America,Annual Cropland,4.7,1.175,8.225,
49155,Boreal,Moist,South America,Set Aside,4.7,1.175,8.225,
49156,Boreal,Moist,South America,Flooded Rice,4.7,1.175,8.225,
49157,Boreal,Moist,South America,Grassland,3.995,0.99875,6.99125,
49158,Boreal,Moist,South America,Other Land (Non-Vegetated),0,#N/A,#N/A,
49159,Boreal,Moist,South America,Settlement,0,#N/A,#N/A,
49160,Boreal,Moist,South America,Agroforestry - Default,20.6,5.15,36.05,
49161,Boreal,Moist,South America,Hedgerow,13.1,9.301,16.899,
49162,Boreal,Moist,South America,Silvoarable,13.7,3.425,23.975,
49163,Boreal,Moist,South America,Silvopasture,35,8.75,61.25,
49164,Boreal,Moist,South America,Other Land,1,#N/A,#N/A,
49165,Boreal,Moist,South America,Olive,6.9,1.725,12.075,
49166,Boreal,Moist,South America,Orchard,6.4,1.6,11.2,
49167,Boreal,Moist,South America,Short Rotation Coppice,6.35,1.5875,11.1125,
49168,Boreal,Moist,South America,Tea,18.3,4.575,32.025,
49169,Boreal,Moist,South America,Vine,2.8,2.1,3.5,
49170,Boreal,Moist,Central America,Grains,4.7,1.175,8.225,
49171,Boreal,Moist,Central America,Maize,4.7,1.175,8.225,
49172,Boreal,Moist,Central America,Sugarcane,4.7,1.175,8.225,
49173,Boreal,Moist,Central America,Wheat,4.7,1.175,8.225,
49174,Boreal,Moist,Central America,Beans & Pulses,4.7,1.175,8.225,
49175,Boreal,Moist,Central America,Tubers,4.7,1.175,8.225,
49176,Boreal,Moist,Central America,Root Crops,4.7,1.175,8.225,
49177,Boreal,Moist,Central America,Barley,4.7,1.175,8.225,
49178,Boreal,Moist,Central America,Oats,4.7,1.175,8.225,
49179,Boreal,Moist,Central America,Millet,4.7,1.175,8.225,
49180,Boreal,Moist,Central America,Sorghum,4.7,1.175,8.225,
49181,Boreal,Moist,Central America,Rye,4.7,1.175,8.225,
49182,Boreal,Moist,Central America,Soybeans,4.7,1.175,8.225,
49183,Boreal,Moist,Central America,Dry Bean,4.7,1.175,8.225,
49184,Boreal,Moist,Central America,Potatoes,4.7,1.175,8.225,
49185,Boreal,Moist,Central America,Peanuts,4.7,1.175,8.225,
49186,Boreal,Moist,Central America,Vegetables,4.7,1.175,8.225,
49187,Boreal,Moist,Central America,Oilseeds,4.7,1.175,8.225,
49188,Boreal,Moist,Central America,Groundnuts,4.7,1.175,8.225,
49189,Boreal,Moist,Central America,Annual Cropland,4.7,1.175,8.225,
49190,Boreal,Moist,Central America,Set Aside,4.7,1.175,8.225,
49191,Boreal,Moist,Central America,Flooded Rice,4.7,1.175,8.225,
49192,Boreal,Moist,Central America,Grassland,3.995,0.99875,6.99125,
49193,Boreal,Moist,Central America,Other Land (Non-Vegetated),0,#N/A,#N/A,
49194,Boreal,Moist,Central America,Settlement,0,#N/A,#N/A,
49195,Boreal,Moist,Central America,Agroforestry - Default,20.6,5.15,36.05,
49196,Boreal,Moist,Central America,Hedgerow,13.1,9.301,16.899,
49197,Boreal,Moist,Central America,Silvoarable,13.7,3.425,23.975,
49198,Boreal,Moist,Central America,Silvopasture,35,8.75,61.25,
49199,Boreal,Moist,Central America,Other Land,1,#N/A,#N/A,
49200,Boreal,Moist,Central America,Olive,6.9,1.725,12.075,
49201,Boreal,Moist,Central America,Orchard,6.4,1.6,11.2,
49202,Boreal,Moist,Central America,Short Rotation Coppice,6.35,1.5875,11.1125,
49203,Boreal,Moist,Central America,Tea,18.3,4.575,32.025,
49204,Boreal,Moist,Central America,Vine,2.8,2.1,3.5,
49205,Boreal,Moist,Caribbean,Grains,4.7,1.175,8.225,
49206,Boreal,Moist,Caribbean,Maize,4.7,1.175,8.225,
49207,Boreal,Moist,Caribbean,Sugarcane,4.7,1.175,8.225,
49208,Boreal,Moist,Caribbean,Wheat,4.7,1.175,8.225,
49209,Boreal,Moist,Caribbean,Beans & Pulses,4.7,1.175,8.225,
49210,Boreal,Moist,Caribbean,Tubers,4.7,1.175,8.225,
49211,Boreal,Moist,Caribbean,Root Crops,4.7,1.175,8.225,
49212,Boreal,Moist,Caribbean,Barley,4.7,1.175,8.225,
49213,Boreal,Moist,Caribbean,Oats,4.7,1.175,8.225,
49214,Boreal,Moist,Caribbean,Millet,4.7,1.175,8.225,
49215,Boreal,Moist,Caribbean,Sorghum,4.7,1.175,8.225,
49216,Boreal,Moist,Caribbean,Rye,4.7,1.175,8.225,
49217,Boreal,Moist,Caribbean,Soybeans,4.7,1.175,8.225,
49218,Boreal,Moist,Caribbean,Dry Bean,4.7,1.175,8.225,
49219,Boreal,Moist,Caribbean,Potatoes,4.7,1.175,8.225,
49220,Boreal,Moist,Caribbean,Peanuts,4.7,1.175,8.225,
49221,Boreal,Moist,Caribbean,Vegetables,4.7,1.175,8.225,
49222,Boreal,Moist,Caribbean,Oilseeds,4.7,1.175,8.225,
49223,Boreal,Moist,Caribbean,Groundnuts,4.7,1.175,8.225,
49224,Boreal,Moist,Caribbean,Annual Cropland,4.7,1.175,8.225,
49225,Boreal,Moist,Caribbean,Set Aside,4.7,1.175,8.225,
49226,Boreal,Moist,Caribbean,Flooded Rice,4.7,1.175,8.225,
49227,Boreal,Moist,Caribbean,Grassland,3.995,0.99875,6.99125,
49228,Boreal,Moist,Caribbean,Other Land (Non-Vegetated),0,#N/A,#N/A,
49229,Boreal,Moist,Caribbean,Settlement,0,#N/A,#N/A,
49230,Boreal,Moist,Caribbean,Agroforestry - Default,20.6,5.15,36.05,
49231,Boreal,Moist,Caribbean,Hedgerow,13.1,9.301,16.899,
49232,Boreal,Moist,Caribbean,Silvoarable,13.7,3.425,23.975,
49233,Boreal,Moist,Caribbean,Silvopasture,35,8.75,61.25,
49234,Boreal,Moist,Caribbean,Other Land,1,#N/A,#N/A,
49235,Boreal,Moist,Caribbean,Olive,6.9,1.725,12.075,
49236,Boreal,Moist,Caribbean,Orchard,6.4,1.6,11.2,
49237,Boreal,Moist,Caribbean,Short Rotation Coppice,6.35,1.5875,11.1125,
49238,Boreal,Moist,Caribbean,Tea,18.3,4.575,32.025,
49239,Boreal,Moist,Caribbean,Vine,2.8,2.1,3.5,
