id,summary,climate,moisture,continent,land_use_type,value (original),totalbiomass,totalbiomass_min,totalbiomass_max,"Source: 2019 Refinement to the 2006 IPCC Guidelines for National Greenhouse Gas Inventories, IPCC (2019), Volume 4 AFOLU, tables 5.1, 5.2, 5.3, 5.9, and Source: 2006 IPCC Guidelines for National Greenhouse Gas Inventories, IPCC (2006), Volume 4 AFOLU, table 6.4.",,,
,Cool Temperate | Dry | Eastern Africa | Grains,Cool Temperate,Dry,Eastern Africa,Grains,4.7,4.7,1.175,8.225,,,,
,Cool Temperate | Dry | Eastern Africa | Maize,Cool Temperate,Dry,Eastern Africa,Maize,4.7,4.7,1.175,8.225,,,,
,Cool Temperate | Dry | Eastern Africa | Sugarcane,Cool Temperate,Dry,Eastern Africa,Sugarcane,4.7,4.7,1.175,8.225,,,,
,Cool Temperate | Dry | Eastern Africa | Wheat,Cool Temperate,Dry,Eastern Africa,Wheat,4.7,4.7,1.175,8.225,,,,
,Cool Temperate | Dry | Eastern Africa | Beans & Pulses,Cool Temperate,Dry,Eastern Africa,Beans & Pulses,4.7,4.7,1.175,8.225,,,,
,Cool Temperate | Dry | Eastern Africa | Tubers,Cool Temperate,Dry,Eastern Africa,Tubers,4.7,4.7,1.175,8.225,,,,
,Cool Temperate | Dry | Eastern Africa | Root Crops,Cool Temperate,Dry,Eastern Africa,Root Crops,4.7,4.7,1.175,8.225,,,,
,Cool Temperate | Dry | Eastern Africa | Barley,Cool Temperate,Dry,Eastern Africa,Barley,4.7,4.7,1.175,8.225,,,,
,Cool Temperate | Dry | Eastern Africa | Oats,Cool Temperate,Dry,Eastern Africa,Oats,4.7,4.7,1.175,8.225,,,,
,Cool Temperate | Dry | Eastern Africa | Millet,Cool Temperate,Dry,Eastern Africa,Millet,4.7,4.7,1.175,8.225,,,,
,Cool Temperate | Dry | Eastern Africa | Sorghum,Cool Temperate,Dry,Eastern Africa,Sorghum,4.7,4.7,1.175,8.225,,,,
,Cool Temperate | Dry | Eastern Africa | Rye,Cool Temperate,Dry,Eastern Africa,Rye,4.7,4.7,1.175,8.225,,,,
,Cool Temperate | Dry | Eastern Africa | Soybeans,Cool Temperate,Dry,Eastern Africa,Soybeans,4.7,4.7,1.175,8.225,,,,
,Cool Temperate | Dry | Eastern Africa | Dry Bean,Cool Temperate,Dry,Eastern Africa,Dry Bean,4.7,4.7,1.175,8.225,,,,
,Cool Temperate | Dry | Eastern Africa | Potatoes,Cool Temperate,Dry,Eastern Africa,Potatoes,4.7,4.7,1.175,8.225,,,,
,Cool Temperate | Dry | Eastern Africa | Peanuts,Cool Temperate,Dry,Eastern Africa,Peanuts,4.7,4.7,1.175,8.225,,,,
,Cool Temperate | Dry | Eastern Africa | Vegetables,Cool Temperate,Dry,Eastern Africa,Vegetables,4.7,4.7,1.175,8.225,,,,
,Cool Temperate | Dry | Eastern Africa | Oilseeds,Cool Temperate,Dry,Eastern Africa,Oilseeds,4.7,4.7,1.175,8.225,,,,
,Cool Temperate | Dry | Eastern Africa | Groundnuts,Cool Temperate,Dry,Eastern Africa,Groundnuts,4.7,4.7,1.175,8.225,,,,
,Cool Temperate | Dry | Eastern Africa | Annual Cropland,Cool Temperate,Dry,Eastern Africa,Annual Cropland,4.7,4.7,1.175,8.225,,,,
,Cool Temperate | Dry | Eastern Africa | Set Aside,Cool Temperate,Dry,Eastern Africa,Set Aside,4.7,4.7,1.175,8.225,,,,
,Cool Temperate | Dry | Eastern Africa | Flooded Rice,Cool Temperate,Dry,Eastern Africa,Flooded Rice,4.7,4.7,1.175,8.225,,,,
,Cool Temperate | Dry | Eastern Africa | Grassland,Cool Temperate,Dry,Eastern Africa,Grassland,3.055,3.055,0.76375,5.34625,,,,
,Cool Temperate | Dry | Eastern Africa | Other Land (Non-Vegetated),Cool Temperate,Dry,Eastern Africa,Other Land (Non-Vegetated),0,0,#N/A,#N/A,,,,
,Cool Temperate | Dry | Eastern Africa | Settlement,Cool Temperate,Dry,Eastern Africa,Settlement,0,0,#N/A,#N/A,,,,
,Cool Temperate | Dry | Eastern Africa | Agroforestry - Default,Cool Temperate,Dry,Eastern Africa,Agroforestry - Default,1.596666667,1.596666667,0.811333333,2.382000001,,,,
,Cool Temperate | Dry | Eastern Africa | Hedgerow,Cool Temperate,Dry,Eastern Africa,Hedgerow,1.1,1.1,0.6737,1.5263,,,,
,Cool Temperate | Dry | Eastern Africa | Silvoarable,Cool Temperate,Dry,Eastern Africa,Silvoarable,1.4,1.4,0.7056,2.0944,,,,
,Cool Temperate | Dry | Eastern Africa | Silvopasture,Cool Temperate,Dry,Eastern Africa,Silvopasture,2.29,2.29,1.4936,3.0864,,,,
,Cool Temperate | Dry | Eastern Africa | Other Land,Cool Temperate,Dry,Eastern Africa,Other Land,0,0,#N/A,#N/A,,,,
,Cool Temperate | Dry | Eastern Africa | Olive,Cool Temperate,Dry,Eastern Africa,Olive,0.46,0.46,0.3358,0.5842,,,,
,Cool Temperate | Dry | Eastern Africa | Orchard,Cool Temperate,Dry,Eastern Africa,Orchard,0.43,0.43,0.2322,0.6278,,,,
,Cool Temperate | Dry | Eastern Africa | Short Rotation Coppice,Cool Temperate,Dry,Eastern Africa,Short Rotation Coppice,3.2,3.2,1.92,4.48,,,,
,Cool Temperate | Dry | Eastern Africa | Tea,Cool Temperate,Dry,Eastern Africa,Tea,0.7,0.7,0.525,0.875,,,,
,Cool Temperate | Dry | Eastern Africa | Vine,Cool Temperate,Dry,Eastern Africa,Vine,0.28,0.28,0.2072,0.3528,,,,
,Cool Temperate | Dry | Eastern Africa | Oil Palm,Cool Temperate,Dry,Eastern Africa,Oil Palm,0,0,#N/A,#N/A,,,,
,Cool Temperate | Dry | Eastern Africa | Rubber,Cool Temperate,Dry,Eastern Africa,Rubber,0,0,#N/A,#N/A,,,,
,Cool Temperate | Dry | Central Africa | Grains,Cool Temperate,Dry,Central Africa,Grains,4.7,4.7,1.175,8.225,,,,
,Cool Temperate | Dry | Central Africa | Maize,Cool Temperate,Dry,Central Africa,Maize,4.7,4.7,1.175,8.225,,,,
,Cool Temperate | Dry | Central Africa | Sugarcane,Cool Temperate,Dry,Central Africa,Sugarcane,4.7,4.7,1.175,8.225,,,,
,Cool Temperate | Dry | Central Africa | Wheat,Cool Temperate,Dry,Central Africa,Wheat,4.7,4.7,1.175,8.225,,,,
,Cool Temperate | Dry | Central Africa | Beans & Pulses,Cool Temperate,Dry,Central Africa,Beans & Pulses,4.7,4.7,1.175,8.225,,,,
,Cool Temperate | Dry | Central Africa | Tubers,Cool Temperate,Dry,Central Africa,Tubers,4.7,4.7,1.175,8.225,,,,
,Cool Temperate | Dry | Central Africa | Root Crops,Cool Temperate,Dry,Central Africa,Root Crops,4.7,4.7,1.175,8.225,,,,
,Cool Temperate | Dry | Central Africa | Barley,Cool Temperate,Dry,Central Africa,Barley,4.7,4.7,1.175,8.225,,,,
,Cool Temperate | Dry | Central Africa | Oats,Cool Temperate,Dry,Central Africa,Oats,4.7,4.7,1.175,8.225,,,,
,Cool Temperate | Dry | Central Africa | Millet,Cool Temperate,Dry,Central Africa,Millet,4.7,4.7,1.175,8.225,,,,
,Cool Temperate | Dry | Central Africa | Sorghum,Cool Temperate,Dry,Central Africa,Sorghum,4.7,4.7,1.175,8.225,,,,
,Cool Temperate | Dry | Central Africa | Rye,Cool Temperate,Dry,Central Africa,Rye,4.7,4.7,1.175,8.225,,,,
,Cool Temperate | Dry | Central Africa | Soybeans,Cool Temperate,Dry,Central Africa,Soybeans,4.7,4.7,1.175,8.225,,,,
,Cool Temperate | Dry | Central Africa | Dry Bean,Cool Temperate,Dry,Central Africa,Dry Bean,4.7,4.7,1.175,8.225,,,,
,Cool Temperate | Dry | Central Africa | Potatoes,Cool Temperate,Dry,Central Africa,Potatoes,4.7,4.7,1.175,8.225,,,,
,Cool Temperate | Dry | Central Africa | Peanuts,Cool Temperate,Dry,Central Africa,Peanuts,4.7,4.7,1.175,8.225,,,,
,Cool Temperate | Dry | Central Africa | Vegetables,Cool Temperate,Dry,Central Africa,Vegetables,4.7,4.7,1.175,8.225,,,,
,Cool Temperate | Dry | Central Africa | Oilseeds,Cool Temperate,Dry,Central Africa,Oilseeds,4.7,4.7,1.175,8.225,,,,
,Cool Temperate | Dry | Central Africa | Groundnuts,Cool Temperate,Dry,Central Africa,Groundnuts,4.7,4.7,1.175,8.225,,,,
,Cool Temperate | Dry | Central Africa | Annual Cropland,Cool Temperate,Dry,Central Africa,Annual Cropland,4.7,4.7,1.175,8.225,,,,
,Cool Temperate | Dry | Central Africa | Set Aside,Cool Temperate,Dry,Central Africa,Set Aside,4.7,4.7,1.175,8.225,,,,
,Cool Temperate | Dry | Central Africa | Flooded Rice,Cool Temperate,Dry,Central Africa,Flooded Rice,4.7,4.7,1.175,8.225,,,,
,Cool Temperate | Dry | Central Africa | Grassland,Cool Temperate,Dry,Central Africa,Grassland,3.055,3.055,0.76375,5.34625,,,,
,Cool Temperate | Dry | Central Africa | Other Land (Non-Vegetated),Cool Temperate,Dry,Central Africa,Other Land (Non-Vegetated),0,0,#N/A,#N/A,,,,
,Cool Temperate | Dry | Central Africa | Settlement,Cool Temperate,Dry,Central Africa,Settlement,0,0,#N/A,#N/A,,,,
,Cool Temperate | Dry | Central Africa | Agroforestry - Default,Cool Temperate,Dry,Central Africa,Agroforestry - Default,1.596666667,1.596666667,0.811333333,2.382000001,,,,
,Cool Temperate | Dry | Central Africa | Hedgerow,Cool Temperate,Dry,Central Africa,Hedgerow,1.1,1.1,0.6737,1.5263,,,,
,Cool Temperate | Dry | Central Africa | Silvoarable,Cool Temperate,Dry,Central Africa,Silvoarable,1.4,1.4,0.7056,2.0944,,,,
,Cool Temperate | Dry | Central Africa | Silvopasture,Cool Temperate,Dry,Central Africa,Silvopasture,2.29,2.29,1.4936,3.0864,,,,
,Cool Temperate | Dry | Central Africa | Other Land,Cool Temperate,Dry,Central Africa,Other Land,0,0,#N/A,#N/A,,,,
,Cool Temperate | Dry | Central Africa | Olive,Cool Temperate,Dry,Central Africa,Olive,0.46,0.46,0.3358,0.5842,,,,
,Cool Temperate | Dry | Central Africa | Orchard,Cool Temperate,Dry,Central Africa,Orchard,0.43,0.43,0.2322,0.6278,,,,
,Cool Temperate | Dry | Central Africa | Short Rotation Coppice,Cool Temperate,Dry,Central Africa,Short Rotation Coppice,3.2,3.2,1.92,4.48,,,,
,Cool Temperate | Dry | Central Africa | Tea,Cool Temperate,Dry,Central Africa,Tea,0.7,0.7,0.525,0.875,,,,
,Cool Temperate | Dry | Central Africa | Vine,Cool Temperate,Dry,Central Africa,Vine,0.28,0.28,0.2072,0.3528,,,,
,Cool Temperate | Dry | Central Africa | Oil Palm,Cool Temperate,Dry,Central Africa,Oil Palm,0,0,#N/A,#N/A,,,,
,Cool Temperate | Dry | Central Africa | Rubber,Cool Temperate,Dry,Central Africa,Rubber,0,0,#N/A,#N/A,,,,
,Cool Temperate | Dry | Northern Africa | Grains,Cool Temperate,Dry,Northern Africa,Grains,4.7,4.7,1.175,8.225,,,,
,Cool Temperate | Dry | Northern Africa | Maize,Cool Temperate,Dry,Northern Africa,Maize,4.7,4.7,1.175,8.225,,,,
,Cool Temperate | Dry | Northern Africa | Sugarcane,Cool Temperate,Dry,Northern Africa,Sugarcane,4.7,4.7,1.175,8.225,,,,
,Cool Temperate | Dry | Northern Africa | Wheat,Cool Temperate,Dry,Northern Africa,Wheat,4.7,4.7,1.175,8.225,,,,
,Cool Temperate | Dry | Northern Africa | Beans & Pulses,Cool Temperate,Dry,Northern Africa,Beans & Pulses,4.7,4.7,1.175,8.225,,,,
,Cool Temperate | Dry | Northern Africa | Tubers,Cool Temperate,Dry,Northern Africa,Tubers,4.7,4.7,1.175,8.225,,,,
,Cool Temperate | Dry | Northern Africa | Root Crops,Cool Temperate,Dry,Northern Africa,Root Crops,4.7,4.7,1.175,8.225,,,,
,Cool Temperate | Dry | Northern Africa | Barley,Cool Temperate,Dry,Northern Africa,Barley,4.7,4.7,1.175,8.225,,,,
,Cool Temperate | Dry | Northern Africa | Oats,Cool Temperate,Dry,Northern Africa,Oats,4.7,4.7,1.175,8.225,,,,
,Cool Temperate | Dry | Northern Africa | Millet,Cool Temperate,Dry,Northern Africa,Millet,4.7,4.7,1.175,8.225,,,,
,Cool Temperate | Dry | Northern Africa | Sorghum,Cool Temperate,Dry,Northern Africa,Sorghum,4.7,4.7,1.175,8.225,,,,
,Cool Temperate | Dry | Northern Africa | Rye,Cool Temperate,Dry,Northern Africa,Rye,4.7,4.7,1.175,8.225,,,,
,Cool Temperate | Dry | Northern Africa | Soybeans,Cool Temperate,Dry,Northern Africa,Soybeans,4.7,4.7,1.175,8.225,,,,
,Cool Temperate | Dry | Northern Africa | Dry Bean,Cool Temperate,Dry,Northern Africa,Dry Bean,4.7,4.7,1.175,8.225,,,,
,Cool Temperate | Dry | Northern Africa | Potatoes,Cool Temperate,Dry,Northern Africa,Potatoes,4.7,4.7,1.175,8.225,,,,
,Cool Temperate | Dry | Northern Africa | Peanuts,Cool Temperate,Dry,Northern Africa,Peanuts,4.7,4.7,1.175,8.225,,,,
,Cool Temperate | Dry | Northern Africa | Vegetables,Cool Temperate,Dry,Northern Africa,Vegetables,4.7,4.7,1.175,8.225,,,,
,Cool Temperate | Dry | Northern Africa | Oilseeds,Cool Temperate,Dry,Northern Africa,Oilseeds,4.7,4.7,1.175,8.225,,,,
,Cool Temperate | Dry | Northern Africa | Groundnuts,Cool Temperate,Dry,Northern Africa,Groundnuts,4.7,4.7,1.175,8.225,,,,
,Cool Temperate | Dry | Northern Africa | Annual Cropland,Cool Temperate,Dry,Northern Africa,Annual Cropland,4.7,4.7,1.175,8.225,,,,
,Cool Temperate | Dry | Northern Africa | Set Aside,Cool Temperate,Dry,Northern Africa,Set Aside,4.7,4.7,1.175,8.225,,,,
,Cool Temperate | Dry | Northern Africa | Flooded Rice,Cool Temperate,Dry,Northern Africa,Flooded Rice,4.7,4.7,1.175,8.225,,,,
,Cool Temperate | Dry | Northern Africa | Grassland,Cool Temperate,Dry,Northern Africa,Grassland,3.055,3.055,0.76375,5.34625,,,,
,Cool Temperate | Dry | Northern Africa | Other Land (Non-Vegetated),Cool Temperate,Dry,Northern Africa,Other Land (Non-Vegetated),0,0,#N/A,#N/A,,,,
,Cool Temperate | Dry | Northern Africa | Settlement,Cool Temperate,Dry,Northern Africa,Settlement,0,0,#N/A,#N/A,,,,
,Cool Temperate | Dry | Northern Africa | Agroforestry - Default,Cool Temperate,Dry,Northern Africa,Agroforestry - Default,1.596666667,1.596666667,0.811333333,2.382000001,,,,
,Cool Temperate | Dry | Northern Africa | Hedgerow,Cool Temperate,Dry,Northern Africa,Hedgerow,1.1,1.1,0.6737,1.5263,,,,
,Cool Temperate | Dry | Northern Africa | Silvoarable,Cool Temperate,Dry,Northern Africa,Silvoarable,1.4,1.4,0.7056,2.0944,,,,
,Cool Temperate | Dry | Northern Africa | Silvopasture,Cool Temperate,Dry,Northern Africa,Silvopasture,2.29,2.29,1.4936,3.0864,,,,
,Cool Temperate | Dry | Northern Africa | Other Land,Cool Temperate,Dry,Northern Africa,Other Land,0,0,#N/A,#N/A,,,,
,Cool Temperate | Dry | Northern Africa | Olive,Cool Temperate,Dry,Northern Africa,Olive,0.46,0.46,0.3358,0.5842,,,,
,Cool Temperate | Dry | Northern Africa | Orchard,Cool Temperate,Dry,Northern Africa,Orchard,0.43,0.43,0.2322,0.6278,,,,
,Cool Temperate | Dry | Northern Africa | Short Rotation Coppice,Cool Temperate,Dry,Northern Africa,Short Rotation Coppice,3.2,3.2,1.92,4.48,,,,
,Cool Temperate | Dry | Northern Africa | Tea,Cool Temperate,Dry,Northern Africa,Tea,0.7,0.7,0.525,0.875,,,,
,Cool Temperate | Dry | Northern Africa | Vine,Cool Temperate,Dry,Northern Africa,Vine,0.28,0.28,0.2072,0.3528,,,,
,Cool Temperate | Dry | Northern Africa | Oil Palm,Cool Temperate,Dry,Northern Africa,Oil Palm,0,0,#N/A,#N/A,,,,
,Cool Temperate | Dry | Northern Africa | Rubber,Cool Temperate,Dry,Northern Africa,Rubber,0,0,#N/A,#N/A,,,,
,Cool Temperate | Dry | Southern Africa | Grains,Cool Temperate,Dry,Southern Africa,Grains,4.7,4.7,1.175,8.225,,,,
,Cool Temperate | Dry | Southern Africa | Maize,Cool Temperate,Dry,Southern Africa,Maize,4.7,4.7,1.175,8.225,,,,
,Cool Temperate | Dry | Southern Africa | Sugarcane,Cool Temperate,Dry,Southern Africa,Sugarcane,4.7,4.7,1.175,8.225,,,,
,Cool Temperate | Dry | Southern Africa | Wheat,Cool Temperate,Dry,Southern Africa,Wheat,4.7,4.7,1.175,8.225,,,,
,Cool Temperate | Dry | Southern Africa | Beans & Pulses,Cool Temperate,Dry,Southern Africa,Beans & Pulses,4.7,4.7,1.175,8.225,,,,
,Cool Temperate | Dry | Southern Africa | Tubers,Cool Temperate,Dry,Southern Africa,Tubers,4.7,4.7,1.175,8.225,,,,
,Cool Temperate | Dry | Southern Africa | Root Crops,Cool Temperate,Dry,Southern Africa,Root Crops,4.7,4.7,1.175,8.225,,,,
,Cool Temperate | Dry | Southern Africa | Barley,Cool Temperate,Dry,Southern Africa,Barley,4.7,4.7,1.175,8.225,,,,
,Cool Temperate | Dry | Southern Africa | Oats,Cool Temperate,Dry,Southern Africa,Oats,4.7,4.7,1.175,8.225,,,,
,Cool Temperate | Dry | Southern Africa | Millet,Cool Temperate,Dry,Southern Africa,Millet,4.7,4.7,1.175,8.225,,,,
,Cool Temperate | Dry | Southern Africa | Sorghum,Cool Temperate,Dry,Southern Africa,Sorghum,4.7,4.7,1.175,8.225,,,,
,Cool Temperate | Dry | Southern Africa | Rye,Cool Temperate,Dry,Southern Africa,Rye,4.7,4.7,1.175,8.225,,,,
,Cool Temperate | Dry | Southern Africa | Soybeans,Cool Temperate,Dry,Southern Africa,Soybeans,4.7,4.7,1.175,8.225,,,,
,Cool Temperate | Dry | Southern Africa | Dry Bean,Cool Temperate,Dry,Southern Africa,Dry Bean,4.7,4.7,1.175,8.225,,,,
,Cool Temperate | Dry | Southern Africa | Potatoes,Cool Temperate,Dry,Southern Africa,Potatoes,4.7,4.7,1.175,8.225,,,,
,Cool Temperate | Dry | Southern Africa | Peanuts,Cool Temperate,Dry,Southern Africa,Peanuts,4.7,4.7,1.175,8.225,,,,
,Cool Temperate | Dry | Southern Africa | Vegetables,Cool Temperate,Dry,Southern Africa,Vegetables,4.7,4.7,1.175,8.225,,,,
,Cool Temperate | Dry | Southern Africa | Oilseeds,Cool Temperate,Dry,Southern Africa,Oilseeds,4.7,4.7,1.175,8.225,,,,
,Cool Temperate | Dry | Southern Africa | Groundnuts,Cool Temperate,Dry,Southern Africa,Groundnuts,4.7,4.7,1.175,8.225,,,,
,Cool Temperate | Dry | Southern Africa | Annual Cropland,Cool Temperate,Dry,Southern Africa,Annual Cropland,4.7,4.7,1.175,8.225,,,,
,Cool Temperate | Dry | Southern Africa | Set Aside,Cool Temperate,Dry,Southern Africa,Set Aside,4.7,4.7,1.175,8.225,,,,
,Cool Temperate | Dry | Southern Africa | Flooded Rice,Cool Temperate,Dry,Southern Africa,Flooded Rice,4.7,4.7,1.175,8.225,,,,
,Cool Temperate | Dry | Southern Africa | Grassland,Cool Temperate,Dry,Southern Africa,Grassland,3.055,3.055,0.76375,5.34625,,,,
,Cool Temperate | Dry | Southern Africa | Other Land (Non-Vegetated),Cool Temperate,Dry,Southern Africa,Other Land (Non-Vegetated),0,0,#N/A,#N/A,,,,
,Cool Temperate | Dry | Southern Africa | Settlement,Cool Temperate,Dry,Southern Africa,Settlement,0,0,#N/A,#N/A,,,,
,Cool Temperate | Dry | Southern Africa | Agroforestry - Default,Cool Temperate,Dry,Southern Africa,Agroforestry - Default,1.596666667,1.596666667,0.811333333,2.382000001,,,,
,Cool Temperate | Dry | Southern Africa | Hedgerow,Cool Temperate,Dry,Southern Africa,Hedgerow,1.1,1.1,0.6737,1.5263,,,,
,Cool Temperate | Dry | Southern Africa | Silvoarable,Cool Temperate,Dry,Southern Africa,Silvoarable,1.4,1.4,0.7056,2.0944,,,,
,Cool Temperate | Dry | Southern Africa | Silvopasture,Cool Temperate,Dry,Southern Africa,Silvopasture,2.29,2.29,1.4936,3.0864,,,,
,Cool Temperate | Dry | Southern Africa | Other Land,Cool Temperate,Dry,Southern Africa,Other Land,0,0,#N/A,#N/A,,,,
,Cool Temperate | Dry | Southern Africa | Olive,Cool Temperate,Dry,Southern Africa,Olive,0.46,0.46,0.3358,0.5842,,,,
,Cool Temperate | Dry | Southern Africa | Orchard,Cool Temperate,Dry,Southern Africa,Orchard,0.43,0.43,0.2322,0.6278,,,,
,Cool Temperate | Dry | Southern Africa | Short Rotation Coppice,Cool Temperate,Dry,Southern Africa,Short Rotation Coppice,3.2,3.2,1.92,4.48,,,,
,Cool Temperate | Dry | Southern Africa | Tea,Cool Temperate,Dry,Southern Africa,Tea,0.7,0.7,0.525,0.875,,,,
,Cool Temperate | Dry | Southern Africa | Vine,Cool Temperate,Dry,Southern Africa,Vine,0.28,0.28,0.2072,0.3528,,,,
,Cool Temperate | Dry | Southern Africa | Oil Palm,Cool Temperate,Dry,Southern Africa,Oil Palm,0,0,#N/A,#N/A,,,,
,Cool Temperate | Dry | Southern Africa | Rubber,Cool Temperate,Dry,Southern Africa,Rubber,0,0,#N/A,#N/A,,,,
,Cool Temperate | Dry | Western Africa | Grains,Cool Temperate,Dry,Western Africa,Grains,4.7,4.7,1.175,8.225,,,,
,Cool Temperate | Dry | Western Africa | Maize,Cool Temperate,Dry,Western Africa,Maize,4.7,4.7,1.175,8.225,,,,
,Cool Temperate | Dry | Western Africa | Sugarcane,Cool Temperate,Dry,Western Africa,Sugarcane,4.7,4.7,1.175,8.225,,,,
,Cool Temperate | Dry | Western Africa | Wheat,Cool Temperate,Dry,Western Africa,Wheat,4.7,4.7,1.175,8.225,,,,
,Cool Temperate | Dry | Western Africa | Beans & Pulses,Cool Temperate,Dry,Western Africa,Beans & Pulses,4.7,4.7,1.175,8.225,,,,
,Cool Temperate | Dry | Western Africa | Tubers,Cool Temperate,Dry,Western Africa,Tubers,4.7,4.7,1.175,8.225,,,,
,Cool Temperate | Dry | Western Africa | Root Crops,Cool Temperate,Dry,Western Africa,Root Crops,4.7,4.7,1.175,8.225,,,,
,Cool Temperate | Dry | Western Africa | Barley,Cool Temperate,Dry,Western Africa,Barley,4.7,4.7,1.175,8.225,,,,
,Cool Temperate | Dry | Western Africa | Oats,Cool Temperate,Dry,Western Africa,Oats,4.7,4.7,1.175,8.225,,,,
,Cool Temperate | Dry | Western Africa | Millet,Cool Temperate,Dry,Western Africa,Millet,4.7,4.7,1.175,8.225,,,,
,Cool Temperate | Dry | Western Africa | Sorghum,Cool Temperate,Dry,Western Africa,Sorghum,4.7,4.7,1.175,8.225,,,,
,Cool Temperate | Dry | Western Africa | Rye,Cool Temperate,Dry,Western Africa,Rye,4.7,4.7,1.175,8.225,,,,
,Cool Temperate | Dry | Western Africa | Soybeans,Cool Temperate,Dry,Western Africa,Soybeans,4.7,4.7,1.175,8.225,,,,
,Cool Temperate | Dry | Western Africa | Dry Bean,Cool Temperate,Dry,Western Africa,Dry Bean,4.7,4.7,1.175,8.225,,,,
,Cool Temperate | Dry | Western Africa | Potatoes,Cool Temperate,Dry,Western Africa,Potatoes,4.7,4.7,1.175,8.225,,,,
,Cool Temperate | Dry | Western Africa | Peanuts,Cool Temperate,Dry,Western Africa,Peanuts,4.7,4.7,1.175,8.225,,,,
,Cool Temperate | Dry | Western Africa | Vegetables,Cool Temperate,Dry,Western Africa,Vegetables,4.7,4.7,1.175,8.225,,,,
,Cool Temperate | Dry | Western Africa | Oilseeds,Cool Temperate,Dry,Western Africa,Oilseeds,4.7,4.7,1.175,8.225,,,,
,Cool Temperate | Dry | Western Africa | Groundnuts,Cool Temperate,Dry,Western Africa,Groundnuts,4.7,4.7,1.175,8.225,,,,
,Cool Temperate | Dry | Western Africa | Annual Cropland,Cool Temperate,Dry,Western Africa,Annual Cropland,4.7,4.7,1.175,8.225,,,,
,Cool Temperate | Dry | Western Africa | Set Aside,Cool Temperate,Dry,Western Africa,Set Aside,4.7,4.7,1.175,8.225,,,,
,Cool Temperate | Dry | Western Africa | Flooded Rice,Cool Temperate,Dry,Western Africa,Flooded Rice,4.7,4.7,1.175,8.225,,,,
,Cool Temperate | Dry | Western Africa | Grassland,Cool Temperate,Dry,Western Africa,Grassland,3.055,3.055,0.76375,5.34625,,,,
,Cool Temperate | Dry | Western Africa | Other Land (Non-Vegetated),Cool Temperate,Dry,Western Africa,Other Land (Non-Vegetated),0,0,#N/A,#N/A,,,,
,Cool Temperate | Dry | Western Africa | Settlement,Cool Temperate,Dry,Western Africa,Settlement,0,0,#N/A,#N/A,,,,
,Cool Temperate | Dry | Western Africa | Agroforestry - Default,Cool Temperate,Dry,Western Africa,Agroforestry - Default,1.596666667,1.596666667,0.811333333,2.382000001,,,,
,Cool Temperate | Dry | Western Africa | Hedgerow,Cool Temperate,Dry,Western Africa,Hedgerow,1.1,1.1,0.6737,1.5263,,,,
,Cool Temperate | Dry | Western Africa | Silvoarable,Cool Temperate,Dry,Western Africa,Silvoarable,1.4,1.4,0.7056,2.0944,,,,
,Cool Temperate | Dry | Western Africa | Silvopasture,Cool Temperate,Dry,Western Africa,Silvopasture,2.29,2.29,1.4936,3.0864,,,,
,Cool Temperate | Dry | Western Africa | Other Land,Cool Temperate,Dry,Western Africa,Other Land,0,0,#N/A,#N/A,,,,
,Cool Temperate | Dry | Western Africa | Olive,Cool Temperate,Dry,Western Africa,Olive,0.46,0.46,0.3358,0.5842,,,,
,Cool Temperate | Dry | Western Africa | Orchard,Cool Temperate,Dry,Western Africa,Orchard,0.43,0.43,0.2322,0.6278,,,,
,Cool Temperate | Dry | Western Africa | Short Rotation Coppice,Cool Temperate,Dry,Western Africa,Short Rotation Coppice,3.2,3.2,1.92,4.48,,,,
,Cool Temperate | Dry | Western Africa | Tea,Cool Temperate,Dry,Western Africa,Tea,0.7,0.7,0.525,0.875,,,,
,Cool Temperate | Dry | Western Africa | Vine,Cool Temperate,Dry,Western Africa,Vine,0.28,0.28,0.2072,0.3528,,,,
,Cool Temperate | Dry | Western Africa | Oil Palm,Cool Temperate,Dry,Western Africa,Oil Palm,0,0,#N/A,#N/A,,,,
,Cool Temperate | Dry | Western Africa | Rubber,Cool Temperate,Dry,Western Africa,Rubber,0,0,#N/A,#N/A,,,,
,Cool Temperate | Dry | Central Asia | Grains,Cool Temperate,Dry,Central Asia,Grains,4.7,4.7,1.175,8.225,,,,
,Cool Temperate | Dry | Central Asia | Maize,Cool Temperate,Dry,Central Asia,Maize,4.7,4.7,1.175,8.225,,,,
,Cool Temperate | Dry | Central Asia | Sugarcane,Cool Temperate,Dry,Central Asia,Sugarcane,4.7,4.7,1.175,8.225,,,,
,Cool Temperate | Dry | Central Asia | Wheat,Cool Temperate,Dry,Central Asia,Wheat,4.7,4.7,1.175,8.225,,,,
,Cool Temperate | Dry | Central Asia | Beans & Pulses,Cool Temperate,Dry,Central Asia,Beans & Pulses,4.7,4.7,1.175,8.225,,,,
,Cool Temperate | Dry | Central Asia | Tubers,Cool Temperate,Dry,Central Asia,Tubers,4.7,4.7,1.175,8.225,,,,
,Cool Temperate | Dry | Central Asia | Root Crops,Cool Temperate,Dry,Central Asia,Root Crops,4.7,4.7,1.175,8.225,,,,
,Cool Temperate | Dry | Central Asia | Barley,Cool Temperate,Dry,Central Asia,Barley,4.7,4.7,1.175,8.225,,,,
,Cool Temperate | Dry | Central Asia | Oats,Cool Temperate,Dry,Central Asia,Oats,4.7,4.7,1.175,8.225,,,,
,Cool Temperate | Dry | Central Asia | Millet,Cool Temperate,Dry,Central Asia,Millet,4.7,4.7,1.175,8.225,,,,
,Cool Temperate | Dry | Central Asia | Sorghum,Cool Temperate,Dry,Central Asia,Sorghum,4.7,4.7,1.175,8.225,,,,
,Cool Temperate | Dry | Central Asia | Rye,Cool Temperate,Dry,Central Asia,Rye,4.7,4.7,1.175,8.225,,,,
,Cool Temperate | Dry | Central Asia | Soybeans,Cool Temperate,Dry,Central Asia,Soybeans,4.7,4.7,1.175,8.225,,,,
,Cool Temperate | Dry | Central Asia | Dry Bean,Cool Temperate,Dry,Central Asia,Dry Bean,4.7,4.7,1.175,8.225,,,,
,Cool Temperate | Dry | Central Asia | Potatoes,Cool Temperate,Dry,Central Asia,Potatoes,4.7,4.7,1.175,8.225,,,,
,Cool Temperate | Dry | Central Asia | Peanuts,Cool Temperate,Dry,Central Asia,Peanuts,4.7,4.7,1.175,8.225,,,,
,Cool Temperate | Dry | Central Asia | Vegetables,Cool Temperate,Dry,Central Asia,Vegetables,4.7,4.7,1.175,8.225,,,,
,Cool Temperate | Dry | Central Asia | Oilseeds,Cool Temperate,Dry,Central Asia,Oilseeds,4.7,4.7,1.175,8.225,,,,
,Cool Temperate | Dry | Central Asia | Groundnuts,Cool Temperate,Dry,Central Asia,Groundnuts,4.7,4.7,1.175,8.225,,,,
,Cool Temperate | Dry | Central Asia | Annual Cropland,Cool Temperate,Dry,Central Asia,Annual Cropland,4.7,4.7,1.175,8.225,,,,
,Cool Temperate | Dry | Central Asia | Set Aside,Cool Temperate,Dry,Central Asia,Set Aside,4.7,4.7,1.175,8.225,,,,
,Cool Temperate | Dry | Central Asia | Flooded Rice,Cool Temperate,Dry,Central Asia,Flooded Rice,4.7,4.7,1.175,8.225,,,,
,Cool Temperate | Dry | Central Asia | Grassland,Cool Temperate,Dry,Central Asia,Grassland,3.055,3.055,0.76375,5.34625,,,,
,Cool Temperate | Dry | Central Asia | Other Land (Non-Vegetated),Cool Temperate,Dry,Central Asia,Other Land (Non-Vegetated),0,0,#N/A,#N/A,,,,
,Cool Temperate | Dry | Central Asia | Settlement,Cool Temperate,Dry,Central Asia,Settlement,0,0,#N/A,#N/A,,,,
,Cool Temperate | Dry | Central Asia | Agroforestry - Default,Cool Temperate,Dry,Central Asia,Agroforestry - Default,2.376666667,2.376666666,0.964166666,3.789166666,,,,
,Cool Temperate | Dry | Central Asia | Hedgerow,Cool Temperate,Dry,Central Asia,Hedgerow,1.1,1.1,0.6737,1.5263,,,,
,Cool Temperate | Dry | Central Asia | Silvoarable,Cool Temperate,Dry,Central Asia,Silvoarable,3.74,3.74,1.5125,5.9675,,,,
,Cool Temperate | Dry | Central Asia | Silvopasture,Cool Temperate,Dry,Central Asia,Silvopasture,2.29,2.29,1.4936,3.0864,,,,
,Cool Temperate | Dry | Central Asia | Other Land,Cool Temperate,Dry,Central Asia,Other Land,0,0,#N/A,#N/A,,,,
,Cool Temperate | Dry | Central Asia | Olive,Cool Temperate,Dry,Central Asia,Olive,0.46,0.46,0.3358,0.5842,,,,
,Cool Temperate | Dry | Central Asia | Orchard,Cool Temperate,Dry,Central Asia,Orchard,0.43,0.43,0.2322,0.6278,,,,
,Cool Temperate | Dry | Central Asia | Short Rotation Coppice,Cool Temperate,Dry,Central Asia,Short Rotation Coppice,3.2,3.2,1.92,4.48,,,,
,Cool Temperate | Dry | Central Asia | Tea,Cool Temperate,Dry,Central Asia,Tea,0.7,0.7,0.525,0.875,,,,
,Cool Temperate | Dry | Central Asia | Vine,Cool Temperate,Dry,Central Asia,Vine,0.28,0.28,0.2072,0.3528,,,,
,Cool Temperate | Dry | Central Asia | Oil Palm,Cool Temperate,Dry,Central Asia,Oil Palm,0,0,#N/A,#N/A,,,,
,Cool Temperate | Dry | Central Asia | Rubber,Cool Temperate,Dry,Central Asia,Rubber,0,0,#N/A,#N/A,,,,
,Cool Temperate | Dry | Eastern Asia | Grains,Cool Temperate,Dry,Eastern Asia,Grains,4.7,4.7,1.175,8.225,,,,
,Cool Temperate | Dry | Eastern Asia | Maize,Cool Temperate,Dry,Eastern Asia,Maize,4.7,4.7,1.175,8.225,,,,
,Cool Temperate | Dry | Eastern Asia | Sugarcane,Cool Temperate,Dry,Eastern Asia,Sugarcane,4.7,4.7,1.175,8.225,,,,
,Cool Temperate | Dry | Eastern Asia | Wheat,Cool Temperate,Dry,Eastern Asia,Wheat,4.7,4.7,1.175,8.225,,,,
,Cool Temperate | Dry | Eastern Asia | Beans & Pulses,Cool Temperate,Dry,Eastern Asia,Beans & Pulses,4.7,4.7,1.175,8.225,,,,
,Cool Temperate | Dry | Eastern Asia | Tubers,Cool Temperate,Dry,Eastern Asia,Tubers,4.7,4.7,1.175,8.225,,,,
,Cool Temperate | Dry | Eastern Asia | Root Crops,Cool Temperate,Dry,Eastern Asia,Root Crops,4.7,4.7,1.175,8.225,,,,
,Cool Temperate | Dry | Eastern Asia | Barley,Cool Temperate,Dry,Eastern Asia,Barley,4.7,4.7,1.175,8.225,,,,
,Cool Temperate | Dry | Eastern Asia | Oats,Cool Temperate,Dry,Eastern Asia,Oats,4.7,4.7,1.175,8.225,,,,
,Cool Temperate | Dry | Eastern Asia | Millet,Cool Temperate,Dry,Eastern Asia,Millet,4.7,4.7,1.175,8.225,,,,
,Cool Temperate | Dry | Eastern Asia | Sorghum,Cool Temperate,Dry,Eastern Asia,Sorghum,4.7,4.7,1.175,8.225,,,,
,Cool Temperate | Dry | Eastern Asia | Rye,Cool Temperate,Dry,Eastern Asia,Rye,4.7,4.7,1.175,8.225,,,,
,Cool Temperate | Dry | Eastern Asia | Soybeans,Cool Temperate,Dry,Eastern Asia,Soybeans,4.7,4.7,1.175,8.225,,,,
,Cool Temperate | Dry | Eastern Asia | Dry Bean,Cool Temperate,Dry,Eastern Asia,Dry Bean,4.7,4.7,1.175,8.225,,,,
,Cool Temperate | Dry | Eastern Asia | Potatoes,Cool Temperate,Dry,Eastern Asia,Potatoes,4.7,4.7,1.175,8.225,,,,
,Cool Temperate | Dry | Eastern Asia | Peanuts,Cool Temperate,Dry,Eastern Asia,Peanuts,4.7,4.7,1.175,8.225,,,,
,Cool Temperate | Dry | Eastern Asia | Vegetables,Cool Temperate,Dry,Eastern Asia,Vegetables,4.7,4.7,1.175,8.225,,,,
,Cool Temperate | Dry | Eastern Asia | Oilseeds,Cool Temperate,Dry,Eastern Asia,Oilseeds,4.7,4.7,1.175,8.225,,,,
,Cool Temperate | Dry | Eastern Asia | Groundnuts,Cool Temperate,Dry,Eastern Asia,Groundnuts,4.7,4.7,1.175,8.225,,,,
,Cool Temperate | Dry | Eastern Asia | Annual Cropland,Cool Temperate,Dry,Eastern Asia,Annual Cropland,4.7,4.7,1.175,8.225,,,,
,Cool Temperate | Dry | Eastern Asia | Set Aside,Cool Temperate,Dry,Eastern Asia,Set Aside,4.7,4.7,1.175,8.225,,,,
,Cool Temperate | Dry | Eastern Asia | Flooded Rice,Cool Temperate,Dry,Eastern Asia,Flooded Rice,4.7,4.7,1.175,8.225,,,,
,Cool Temperate | Dry | Eastern Asia | Grassland,Cool Temperate,Dry,Eastern Asia,Grassland,3.055,3.055,0.76375,5.34625,,,,
,Cool Temperate | Dry | Eastern Asia | Other Land (Non-Vegetated),Cool Temperate,Dry,Eastern Asia,Other Land (Non-Vegetated),0,0,#N/A,#N/A,,,,
,Cool Temperate | Dry | Eastern Asia | Settlement,Cool Temperate,Dry,Eastern Asia,Settlement,0,0,#N/A,#N/A,,,,
,Cool Temperate | Dry | Eastern Asia | Agroforestry - Default,Cool Temperate,Dry,Eastern Asia,Agroforestry - Default,2.376666667,2.376666666,0.964166666,3.789166666,,,,
,Cool Temperate | Dry | Eastern Asia | Hedgerow,Cool Temperate,Dry,Eastern Asia,Hedgerow,1.1,1.1,0.6737,1.5263,,,,
,Cool Temperate | Dry | Eastern Asia | Silvoarable,Cool Temperate,Dry,Eastern Asia,Silvoarable,3.74,3.74,1.5125,5.9675,,,,
,Cool Temperate | Dry | Eastern Asia | Silvopasture,Cool Temperate,Dry,Eastern Asia,Silvopasture,2.29,2.29,1.4936,3.0864,,,,
,Cool Temperate | Dry | Eastern Asia | Other Land,Cool Temperate,Dry,Eastern Asia,Other Land,0,0,#N/A,#N/A,,,,
,Cool Temperate | Dry | Eastern Asia | Olive,Cool Temperate,Dry,Eastern Asia,Olive,0.46,0.46,0.3358,0.5842,,,,
,Cool Temperate | Dry | Eastern Asia | Orchard,Cool Temperate,Dry,Eastern Asia,Orchard,0.43,0.43,0.2322,0.6278,,,,
,Cool Temperate | Dry | Eastern Asia | Short Rotation Coppice,Cool Temperate,Dry,Eastern Asia,Short Rotation Coppice,3.2,3.2,1.92,4.48,,,,
,Cool Temperate | Dry | Eastern Asia | Tea,Cool Temperate,Dry,Eastern Asia,Tea,0.7,0.7,0.525,0.875,,,,
,Cool Temperate | Dry | Eastern Asia | Vine,Cool Temperate,Dry,Eastern Asia,Vine,0.28,0.28,0.2072,0.3528,,,,
,Cool Temperate | Dry | Eastern Asia | Oil Palm,Cool Temperate,Dry,Eastern Asia,Oil Palm,0,0,#N/A,#N/A,,,,
,Cool Temperate | Dry | Eastern Asia | Rubber,Cool Temperate,Dry,Eastern Asia,Rubber,0,0,#N/A,#N/A,,,,
,Cool Temperate | Dry | South-Eastern Asia | Grains,Cool Temperate,Dry,South-Eastern Asia,Grains,4.7,4.7,1.175,8.225,,,,
,Cool Temperate | Dry | South-Eastern Asia | Maize,Cool Temperate,Dry,South-Eastern Asia,Maize,4.7,4.7,1.175,8.225,,,,
,Cool Temperate | Dry | South-Eastern Asia | Sugarcane,Cool Temperate,Dry,South-Eastern Asia,Sugarcane,4.7,4.7,1.175,8.225,,,,
,Cool Temperate | Dry | South-Eastern Asia | Wheat,Cool Temperate,Dry,South-Eastern Asia,Wheat,4.7,4.7,1.175,8.225,,,,
,Cool Temperate | Dry | South-Eastern Asia | Beans & Pulses,Cool Temperate,Dry,South-Eastern Asia,Beans & Pulses,4.7,4.7,1.175,8.225,,,,
,Cool Temperate | Dry | South-Eastern Asia | Tubers,Cool Temperate,Dry,South-Eastern Asia,Tubers,4.7,4.7,1.175,8.225,,,,
,Cool Temperate | Dry | South-Eastern Asia | Root Crops,Cool Temperate,Dry,South-Eastern Asia,Root Crops,4.7,4.7,1.175,8.225,,,,
,Cool Temperate | Dry | South-Eastern Asia | Barley,Cool Temperate,Dry,South-Eastern Asia,Barley,4.7,4.7,1.175,8.225,,,,
,Cool Temperate | Dry | South-Eastern Asia | Oats,Cool Temperate,Dry,South-Eastern Asia,Oats,4.7,4.7,1.175,8.225,,,,
,Cool Temperate | Dry | South-Eastern Asia | Millet,Cool Temperate,Dry,South-Eastern Asia,Millet,4.7,4.7,1.175,8.225,,,,
,Cool Temperate | Dry | South-Eastern Asia | Sorghum,Cool Temperate,Dry,South-Eastern Asia,Sorghum,4.7,4.7,1.175,8.225,,,,
,Cool Temperate | Dry | South-Eastern Asia | Rye,Cool Temperate,Dry,South-Eastern Asia,Rye,4.7,4.7,1.175,8.225,,,,
,Cool Temperate | Dry | South-Eastern Asia | Soybeans,Cool Temperate,Dry,South-Eastern Asia,Soybeans,4.7,4.7,1.175,8.225,,,,
,Cool Temperate | Dry | South-Eastern Asia | Dry Bean,Cool Temperate,Dry,South-Eastern Asia,Dry Bean,4.7,4.7,1.175,8.225,,,,
,Cool Temperate | Dry | South-Eastern Asia | Potatoes,Cool Temperate,Dry,South-Eastern Asia,Potatoes,4.7,4.7,1.175,8.225,,,,
,Cool Temperate | Dry | South-Eastern Asia | Peanuts,Cool Temperate,Dry,South-Eastern Asia,Peanuts,4.7,4.7,1.175,8.225,,,,
,Cool Temperate | Dry | South-Eastern Asia | Vegetables,Cool Temperate,Dry,South-Eastern Asia,Vegetables,4.7,4.7,1.175,8.225,,,,
,Cool Temperate | Dry | South-Eastern Asia | Oilseeds,Cool Temperate,Dry,South-Eastern Asia,Oilseeds,4.7,4.7,1.175,8.225,,,,
,Cool Temperate | Dry | South-Eastern Asia | Groundnuts,Cool Temperate,Dry,South-Eastern Asia,Groundnuts,4.7,4.7,1.175,8.225,,,,
,Cool Temperate | Dry | South-Eastern Asia | Annual Cropland,Cool Temperate,Dry,South-Eastern Asia,Annual Cropland,4.7,4.7,1.175,8.225,,,,
,Cool Temperate | Dry | South-Eastern Asia | Set Aside,Cool Temperate,Dry,South-Eastern Asia,Set Aside,4.7,4.7,1.175,8.225,,,,
,Cool Temperate | Dry | South-Eastern Asia | Flooded Rice,Cool Temperate,Dry,South-Eastern Asia,Flooded Rice,4.7,4.7,1.175,8.225,,,,
,Cool Temperate | Dry | South-Eastern Asia | Grassland,Cool Temperate,Dry,South-Eastern Asia,Grassland,3.055,3.055,0.76375,5.34625,,,,
,Cool Temperate | Dry | South-Eastern Asia | Other Land (Non-Vegetated),Cool Temperate,Dry,South-Eastern Asia,Other Land (Non-Vegetated),0,0,#N/A,#N/A,,,,
,Cool Temperate | Dry | South-Eastern Asia | Settlement,Cool Temperate,Dry,South-Eastern Asia,Settlement,0,0,#N/A,#N/A,,,,
,Cool Temperate | Dry | South-Eastern Asia | Agroforestry - Default,Cool Temperate,Dry,South-Eastern Asia,Agroforestry - Default,2.376666667,2.376666666,0.964166666,3.789166666,,,,
,Cool Temperate | Dry | South-Eastern Asia | Hedgerow,Cool Temperate,Dry,South-Eastern Asia,Hedgerow,1.1,1.1,0.6737,1.5263,,,,
,Cool Temperate | Dry | South-Eastern Asia | Silvoarable,Cool Temperate,Dry,South-Eastern Asia,Silvoarable,3.74,3.74,1.5125,5.9675,,,,
,Cool Temperate | Dry | South-Eastern Asia | Silvopasture,Cool Temperate,Dry,South-Eastern Asia,Silvopasture,2.29,2.29,1.4936,3.0864,,,,
,Cool Temperate | Dry | South-Eastern Asia | Other Land,Cool Temperate,Dry,South-Eastern Asia,Other Land,0,0,#N/A,#N/A,,,,
,Cool Temperate | Dry | South-Eastern Asia | Olive,Cool Temperate,Dry,South-Eastern Asia,Olive,0.46,0.46,0.3358,0.5842,,,,
,Cool Temperate | Dry | South-Eastern Asia | Orchard,Cool Temperate,Dry,South-Eastern Asia,Orchard,0.43,0.43,0.2322,0.6278,,,,
,Cool Temperate | Dry | South-Eastern Asia | Short Rotation Coppice,Cool Temperate,Dry,South-Eastern Asia,Short Rotation Coppice,3.2,3.2,1.92,4.48,,,,
,Cool Temperate | Dry | South-Eastern Asia | Tea,Cool Temperate,Dry,South-Eastern Asia,Tea,0.7,0.7,0.525,0.875,,,,
,Cool Temperate | Dry | South-Eastern Asia | Vine,Cool Temperate,Dry,South-Eastern Asia,Vine,0.28,0.28,0.2072,0.3528,,,,
,Cool Temperate | Dry | South-Eastern Asia | Oil Palm,Cool Temperate,Dry,South-Eastern Asia,Oil Palm,0,0,#N/A,#N/A,,,,
,Cool Temperate | Dry | South-Eastern Asia | Rubber,Cool Temperate,Dry,South-Eastern Asia,Rubber,0,0,#N/A,#N/A,,,,
,Cool Temperate | Dry | Southern Asia | Grains,Cool Temperate,Dry,Southern Asia,Grains,4.7,4.7,1.175,8.225,,,,
,Cool Temperate | Dry | Southern Asia | Maize,Cool Temperate,Dry,Southern Asia,Maize,4.7,4.7,1.175,8.225,,,,
,Cool Temperate | Dry | Southern Asia | Sugarcane,Cool Temperate,Dry,Southern Asia,Sugarcane,4.7,4.7,1.175,8.225,,,,
,Cool Temperate | Dry | Southern Asia | Wheat,Cool Temperate,Dry,Southern Asia,Wheat,4.7,4.7,1.175,8.225,,,,
,Cool Temperate | Dry | Southern Asia | Beans & Pulses,Cool Temperate,Dry,Southern Asia,Beans & Pulses,4.7,4.7,1.175,8.225,,,,
,Cool Temperate | Dry | Southern Asia | Tubers,Cool Temperate,Dry,Southern Asia,Tubers,4.7,4.7,1.175,8.225,,,,
,Cool Temperate | Dry | Southern Asia | Root Crops,Cool Temperate,Dry,Southern Asia,Root Crops,4.7,4.7,1.175,8.225,,,,
,Cool Temperate | Dry | Southern Asia | Barley,Cool Temperate,Dry,Southern Asia,Barley,4.7,4.7,1.175,8.225,,,,
,Cool Temperate | Dry | Southern Asia | Oats,Cool Temperate,Dry,Southern Asia,Oats,4.7,4.7,1.175,8.225,,,,
,Cool Temperate | Dry | Southern Asia | Millet,Cool Temperate,Dry,Southern Asia,Millet,4.7,4.7,1.175,8.225,,,,
,Cool Temperate | Dry | Southern Asia | Sorghum,Cool Temperate,Dry,Southern Asia,Sorghum,4.7,4.7,1.175,8.225,,,,
,Cool Temperate | Dry | Southern Asia | Rye,Cool Temperate,Dry,Southern Asia,Rye,4.7,4.7,1.175,8.225,,,,
,Cool Temperate | Dry | Southern Asia | Soybeans,Cool Temperate,Dry,Southern Asia,Soybeans,4.7,4.7,1.175,8.225,,,,
,Cool Temperate | Dry | Southern Asia | Dry Bean,Cool Temperate,Dry,Southern Asia,Dry Bean,4.7,4.7,1.175,8.225,,,,
,Cool Temperate | Dry | Southern Asia | Potatoes,Cool Temperate,Dry,Southern Asia,Potatoes,4.7,4.7,1.175,8.225,,,,
,Cool Temperate | Dry | Southern Asia | Peanuts,Cool Temperate,Dry,Southern Asia,Peanuts,4.7,4.7,1.175,8.225,,,,
,Cool Temperate | Dry | Southern Asia | Vegetables,Cool Temperate,Dry,Southern Asia,Vegetables,4.7,4.7,1.175,8.225,,,,
,Cool Temperate | Dry | Southern Asia | Oilseeds,Cool Temperate,Dry,Southern Asia,Oilseeds,4.7,4.7,1.175,8.225,,,,
,Cool Temperate | Dry | Southern Asia | Groundnuts,Cool Temperate,Dry,Southern Asia,Groundnuts,4.7,4.7,1.175,8.225,,,,
,Cool Temperate | Dry | Southern Asia | Annual Cropland,Cool Temperate,Dry,Southern Asia,Annual Cropland,4.7,4.7,1.175,8.225,,,,
,Cool Temperate | Dry | Southern Asia | Set Aside,Cool Temperate,Dry,Southern Asia,Set Aside,4.7,4.7,1.175,8.225,,,,
,Cool Temperate | Dry | Southern Asia | Flooded Rice,Cool Temperate,Dry,Southern Asia,Flooded Rice,4.7,4.7,1.175,8.225,,,,
,Cool Temperate | Dry | Southern Asia | Grassland,Cool Temperate,Dry,Southern Asia,Grassland,3.055,3.055,0.76375,5.34625,,,,
,Cool Temperate | Dry | Southern Asia | Other Land (Non-Vegetated),Cool Temperate,Dry,Southern Asia,Other Land (Non-Vegetated),0,0,#N/A,#N/A,,,,
,Cool Temperate | Dry | Southern Asia | Settlement,Cool Temperate,Dry,Southern Asia,Settlement,0,0,#N/A,#N/A,,,,
,Cool Temperate | Dry | Southern Asia | Agroforestry - Default,Cool Temperate,Dry,Southern Asia,Agroforestry - Default,2.376666667,2.376666666,0.964166666,3.789166666,,,,
,Cool Temperate | Dry | Southern Asia | Hedgerow,Cool Temperate,Dry,Southern Asia,Hedgerow,1.1,1.1,0.6737,1.5263,,,,
,Cool Temperate | Dry | Southern Asia | Silvoarable,Cool Temperate,Dry,Southern Asia,Silvoarable,3.74,3.74,1.5125,5.9675,,,,
,Cool Temperate | Dry | Southern Asia | Silvopasture,Cool Temperate,Dry,Southern Asia,Silvopasture,2.29,2.29,1.4936,3.0864,,,,
,Cool Temperate | Dry | Southern Asia | Other Land,Cool Temperate,Dry,Southern Asia,Other Land,0,0,#N/A,#N/A,,,,
,Cool Temperate | Dry | Southern Asia | Olive,Cool Temperate,Dry,Southern Asia,Olive,0.46,0.46,0.3358,0.5842,,,,
,Cool Temperate | Dry | Southern Asia | Orchard,Cool Temperate,Dry,Southern Asia,Orchard,0.43,0.43,0.2322,0.6278,,,,
,Cool Temperate | Dry | Southern Asia | Short Rotation Coppice,Cool Temperate,Dry,Southern Asia,Short Rotation Coppice,3.2,3.2,1.92,4.48,,,,
,Cool Temperate | Dry | Southern Asia | Tea,Cool Temperate,Dry,Southern Asia,Tea,0.7,0.7,0.525,0.875,,,,
,Cool Temperate | Dry | Southern Asia | Vine,Cool Temperate,Dry,Southern Asia,Vine,0.28,0.28,0.2072,0.3528,,,,
,Cool Temperate | Dry | Southern Asia | Oil Palm,Cool Temperate,Dry,Southern Asia,Oil Palm,0,0,#N/A,#N/A,,,,
,Cool Temperate | Dry | Southern Asia | Rubber,Cool Temperate,Dry,Southern Asia,Rubber,0,0,#N/A,#N/A,,,,
,Cool Temperate | Dry | Western Asia | Grains,Cool Temperate,Dry,Western Asia,Grains,4.7,4.7,1.175,8.225,,,,
,Cool Temperate | Dry | Western Asia | Maize,Cool Temperate,Dry,Western Asia,Maize,4.7,4.7,1.175,8.225,,,,
,Cool Temperate | Dry | Western Asia | Sugarcane,Cool Temperate,Dry,Western Asia,Sugarcane,4.7,4.7,1.175,8.225,,,,
,Cool Temperate | Dry | Western Asia | Wheat,Cool Temperate,Dry,Western Asia,Wheat,4.7,4.7,1.175,8.225,,,,
,Cool Temperate | Dry | Western Asia | Beans & Pulses,Cool Temperate,Dry,Western Asia,Beans & Pulses,4.7,4.7,1.175,8.225,,,,
,Cool Temperate | Dry | Western Asia | Tubers,Cool Temperate,Dry,Western Asia,Tubers,4.7,4.7,1.175,8.225,,,,
,Cool Temperate | Dry | Western Asia | Root Crops,Cool Temperate,Dry,Western Asia,Root Crops,4.7,4.7,1.175,8.225,,,,
,Cool Temperate | Dry | Western Asia | Barley,Cool Temperate,Dry,Western Asia,Barley,4.7,4.7,1.175,8.225,,,,
,Cool Temperate | Dry | Western Asia | Oats,Cool Temperate,Dry,Western Asia,Oats,4.7,4.7,1.175,8.225,,,,
,Cool Temperate | Dry | Western Asia | Millet,Cool Temperate,Dry,Western Asia,Millet,4.7,4.7,1.175,8.225,,,,
,Cool Temperate | Dry | Western Asia | Sorghum,Cool Temperate,Dry,Western Asia,Sorghum,4.7,4.7,1.175,8.225,,,,
,Cool Temperate | Dry | Western Asia | Rye,Cool Temperate,Dry,Western Asia,Rye,4.7,4.7,1.175,8.225,,,,
,Cool Temperate | Dry | Western Asia | Soybeans,Cool Temperate,Dry,Western Asia,Soybeans,4.7,4.7,1.175,8.225,,,,
,Cool Temperate | Dry | Western Asia | Dry Bean,Cool Temperate,Dry,Western Asia,Dry Bean,4.7,4.7,1.175,8.225,,,,
,Cool Temperate | Dry | Western Asia | Potatoes,Cool Temperate,Dry,Western Asia,Potatoes,4.7,4.7,1.175,8.225,,,,
,Cool Temperate | Dry | Western Asia | Peanuts,Cool Temperate,Dry,Western Asia,Peanuts,4.7,4.7,1.175,8.225,,,,
,Cool Temperate | Dry | Western Asia | Vegetables,Cool Temperate,Dry,Western Asia,Vegetables,4.7,4.7,1.175,8.225,,,,
,Cool Temperate | Dry | Western Asia | Oilseeds,Cool Temperate,Dry,Western Asia,Oilseeds,4.7,4.7,1.175,8.225,,,,
,Cool Temperate | Dry | Western Asia | Groundnuts,Cool Temperate,Dry,Western Asia,Groundnuts,4.7,4.7,1.175,8.225,,,,
,Cool Temperate | Dry | Western Asia | Annual Cropland,Cool Temperate,Dry,Western Asia,Annual Cropland,4.7,4.7,1.175,8.225,,,,
,Cool Temperate | Dry | Western Asia | Set Aside,Cool Temperate,Dry,Western Asia,Set Aside,4.7,4.7,1.175,8.225,,,,
,Cool Temperate | Dry | Western Asia | Flooded Rice,Cool Temperate,Dry,Western Asia,Flooded Rice,4.7,4.7,1.175,8.225,,,,
,Cool Temperate | Dry | Western Asia | Grassland,Cool Temperate,Dry,Western Asia,Grassland,3.055,3.055,0.76375,5.34625,,,,
,Cool Temperate | Dry | Western Asia | Other Land (Non-Vegetated),Cool Temperate,Dry,Western Asia,Other Land (Non-Vegetated),0,0,#N/A,#N/A,,,,
,Cool Temperate | Dry | Western Asia | Settlement,Cool Temperate,Dry,Western Asia,Settlement,0,0,#N/A,#N/A,,,,
,Cool Temperate | Dry | Western Asia | Agroforestry - Default,Cool Temperate,Dry,Western Asia,Agroforestry - Default,2.376666667,2.376666666,0.964166666,3.789166666,,,,
,Cool Temperate | Dry | Western Asia | Hedgerow,Cool Temperate,Dry,Western Asia,Hedgerow,1.1,1.1,0.6737,1.5263,,,,
,Cool Temperate | Dry | Western Asia | Silvoarable,Cool Temperate,Dry,Western Asia,Silvoarable,3.74,3.74,1.5125,5.9675,,,,
,Cool Temperate | Dry | Western Asia | Silvopasture,Cool Temperate,Dry,Western Asia,Silvopasture,2.29,2.29,1.4936,3.0864,,,,
,Cool Temperate | Dry | Western Asia | Other Land,Cool Temperate,Dry,Western Asia,Other Land,0,0,#N/A,#N/A,,,,
,Cool Temperate | Dry | Western Asia | Olive,Cool Temperate,Dry,Western Asia,Olive,0.46,0.46,0.3358,0.5842,,,,
,Cool Temperate | Dry | Western Asia | Orchard,Cool Temperate,Dry,Western Asia,Orchard,0.43,0.43,0.2322,0.6278,,,,
,Cool Temperate | Dry | Western Asia | Short Rotation Coppice,Cool Temperate,Dry,Western Asia,Short Rotation Coppice,3.2,3.2,1.92,4.48,,,,
,Cool Temperate | Dry | Western Asia | Tea,Cool Temperate,Dry,Western Asia,Tea,0.7,0.7,0.525,0.875,,,,
,Cool Temperate | Dry | Western Asia | Vine,Cool Temperate,Dry,Western Asia,Vine,0.28,0.28,0.2072,0.3528,,,,
,Cool Temperate | Dry | Western Asia | Oil Palm,Cool Temperate,Dry,Western Asia,Oil Palm,0,0,#N/A,#N/A,,,,
,Cool Temperate | Dry | Western Asia | Rubber,Cool Temperate,Dry,Western Asia,Rubber,0,0,#N/A,#N/A,,,,
,Cool Temperate | Dry | Europe | Grains,Cool Temperate,Dry,Europe,Grains,4.7,4.7,1.175,8.225,,,,
,Cool Temperate | Dry | Europe | Maize,Cool Temperate,Dry,Europe,Maize,4.7,4.7,1.175,8.225,,,,
,Cool Temperate | Dry | Europe | Sugarcane,Cool Temperate,Dry,Europe,Sugarcane,4.7,4.7,1.175,8.225,,,,
,Cool Temperate | Dry | Europe | Wheat,Cool Temperate,Dry,Europe,Wheat,4.7,4.7,1.175,8.225,,,,
,Cool Temperate | Dry | Europe | Beans & Pulses,Cool Temperate,Dry,Europe,Beans & Pulses,4.7,4.7,1.175,8.225,,,,
,Cool Temperate | Dry | Europe | Tubers,Cool Temperate,Dry,Europe,Tubers,4.7,4.7,1.175,8.225,,,,
,Cool Temperate | Dry | Europe | Root Crops,Cool Temperate,Dry,Europe,Root Crops,4.7,4.7,1.175,8.225,,,,
,Cool Temperate | Dry | Europe | Barley,Cool Temperate,Dry,Europe,Barley,4.7,4.7,1.175,8.225,,,,
,Cool Temperate | Dry | Europe | Oats,Cool Temperate,Dry,Europe,Oats,4.7,4.7,1.175,8.225,,,,
,Cool Temperate | Dry | Europe | Millet,Cool Temperate,Dry,Europe,Millet,4.7,4.7,1.175,8.225,,,,
,Cool Temperate | Dry | Europe | Sorghum,Cool Temperate,Dry,Europe,Sorghum,4.7,4.7,1.175,8.225,,,,
,Cool Temperate | Dry | Europe | Rye,Cool Temperate,Dry,Europe,Rye,4.7,4.7,1.175,8.225,,,,
,Cool Temperate | Dry | Europe | Soybeans,Cool Temperate,Dry,Europe,Soybeans,4.7,4.7,1.175,8.225,,,,
,Cool Temperate | Dry | Europe | Dry Bean,Cool Temperate,Dry,Europe,Dry Bean,4.7,4.7,1.175,8.225,,,,
,Cool Temperate | Dry | Europe | Potatoes,Cool Temperate,Dry,Europe,Potatoes,4.7,4.7,1.175,8.225,,,,
,Cool Temperate | Dry | Europe | Peanuts,Cool Temperate,Dry,Europe,Peanuts,4.7,4.7,1.175,8.225,,,,
,Cool Temperate | Dry | Europe | Vegetables,Cool Temperate,Dry,Europe,Vegetables,4.7,4.7,1.175,8.225,,,,
,Cool Temperate | Dry | Europe | Oilseeds,Cool Temperate,Dry,Europe,Oilseeds,4.7,4.7,1.175,8.225,,,,
,Cool Temperate | Dry | Europe | Groundnuts,Cool Temperate,Dry,Europe,Groundnuts,4.7,4.7,1.175,8.225,,,,
,Cool Temperate | Dry | Europe | Annual Cropland,Cool Temperate,Dry,Europe,Annual Cropland,4.7,4.7,1.175,8.225,,,,
,Cool Temperate | Dry | Europe | Set Aside,Cool Temperate,Dry,Europe,Set Aside,4.7,4.7,1.175,8.225,,,,
,Cool Temperate | Dry | Europe | Flooded Rice,Cool Temperate,Dry,Europe,Flooded Rice,4.7,4.7,1.175,8.225,,,,
,Cool Temperate | Dry | Europe | Grassland,Cool Temperate,Dry,Europe,Grassland,3.055,3.055,0.76375,5.34625,,,,
,Cool Temperate | Dry | Europe | Other Land (Non-Vegetated),Cool Temperate,Dry,Europe,Other Land (Non-Vegetated),0,0,#N/A,#N/A,,,,
,Cool Temperate | Dry | Europe | Settlement,Cool Temperate,Dry,Europe,Settlement,0,0,#N/A,#N/A,,,,
,Cool Temperate | Dry | Europe | Agroforestry - Default,Cool Temperate,Dry,Europe,Agroforestry - Default,1.743333333,1.743333334,0.8836,2.603066668,,,,
,Cool Temperate | Dry | Europe | Hedgerow,Cool Temperate,Dry,Europe,Hedgerow,1.1,1.1,0.6737,1.5263,,,,
,Cool Temperate | Dry | Europe | Silvoarable,Cool Temperate,Dry,Europe,Silvoarable,1.4,1.4,0.7056,2.0944,,,,
,Cool Temperate | Dry | Europe | Silvopasture,Cool Temperate,Dry,Europe,Silvopasture,2.73,2.73,1.7101,3.7499,,,,
,Cool Temperate | Dry | Europe | Other Land,Cool Temperate,Dry,Europe,Other Land,0,0,#N/A,#N/A,,,,
,Cool Temperate | Dry | Europe | Olive,Cool Temperate,Dry,Europe,Olive,0.46,0.46,0.3358,0.5842,,,,
,Cool Temperate | Dry | Europe | Orchard,Cool Temperate,Dry,Europe,Orchard,0.43,0.43,0.2322,0.6278,,,,
,Cool Temperate | Dry | Europe | Short Rotation Coppice,Cool Temperate,Dry,Europe,Short Rotation Coppice,3.2,3.2,1.92,4.48,,,,
,Cool Temperate | Dry | Europe | Tea,Cool Temperate,Dry,Europe,Tea,0.7,0.7,0.525,0.875,,,,
,Cool Temperate | Dry | Europe | Vine,Cool Temperate,Dry,Europe,Vine,0.28,0.28,0.2072,0.3528,,,,
,Cool Temperate | Dry | Europe | Oil Palm,Cool Temperate,Dry,Europe,Oil Palm,0,0,#N/A,#N/A,,,,
,Cool Temperate | Dry | Europe | Rubber,Cool Temperate,Dry,Europe,Rubber,0,0,#N/A,#N/A,,,,
,Cool Temperate | Dry | Oceania | Grains,Cool Temperate,Dry,Oceania,Grains,4.7,4.7,1.175,8.225,,,,
,Cool Temperate | Dry | Oceania | Maize,Cool Temperate,Dry,Oceania,Maize,4.7,4.7,1.175,8.225,,,,
,Cool Temperate | Dry | Oceania | Sugarcane,Cool Temperate,Dry,Oceania,Sugarcane,4.7,4.7,1.175,8.225,,,,
,Cool Temperate | Dry | Oceania | Wheat,Cool Temperate,Dry,Oceania,Wheat,4.7,4.7,1.175,8.225,,,,
,Cool Temperate | Dry | Oceania | Beans & Pulses,Cool Temperate,Dry,Oceania,Beans & Pulses,4.7,4.7,1.175,8.225,,,,
,Cool Temperate | Dry | Oceania | Tubers,Cool Temperate,Dry,Oceania,Tubers,4.7,4.7,1.175,8.225,,,,
,Cool Temperate | Dry | Oceania | Root Crops,Cool Temperate,Dry,Oceania,Root Crops,4.7,4.7,1.175,8.225,,,,
,Cool Temperate | Dry | Oceania | Barley,Cool Temperate,Dry,Oceania,Barley,4.7,4.7,1.175,8.225,,,,
,Cool Temperate | Dry | Oceania | Oats,Cool Temperate,Dry,Oceania,Oats,4.7,4.7,1.175,8.225,,,,
,Cool Temperate | Dry | Oceania | Millet,Cool Temperate,Dry,Oceania,Millet,4.7,4.7,1.175,8.225,,,,
,Cool Temperate | Dry | Oceania | Sorghum,Cool Temperate,Dry,Oceania,Sorghum,4.7,4.7,1.175,8.225,,,,
,Cool Temperate | Dry | Oceania | Rye,Cool Temperate,Dry,Oceania,Rye,4.7,4.7,1.175,8.225,,,,
,Cool Temperate | Dry | Oceania | Soybeans,Cool Temperate,Dry,Oceania,Soybeans,4.7,4.7,1.175,8.225,,,,
,Cool Temperate | Dry | Oceania | Dry Bean,Cool Temperate,Dry,Oceania,Dry Bean,4.7,4.7,1.175,8.225,,,,
,Cool Temperate | Dry | Oceania | Potatoes,Cool Temperate,Dry,Oceania,Potatoes,4.7,4.7,1.175,8.225,,,,
,Cool Temperate | Dry | Oceania | Peanuts,Cool Temperate,Dry,Oceania,Peanuts,4.7,4.7,1.175,8.225,,,,
,Cool Temperate | Dry | Oceania | Vegetables,Cool Temperate,Dry,Oceania,Vegetables,4.7,4.7,1.175,8.225,,,,
,Cool Temperate | Dry | Oceania | Oilseeds,Cool Temperate,Dry,Oceania,Oilseeds,4.7,4.7,1.175,8.225,,,,
,Cool Temperate | Dry | Oceania | Groundnuts,Cool Temperate,Dry,Oceania,Groundnuts,4.7,4.7,1.175,8.225,,,,
,Cool Temperate | Dry | Oceania | Annual Cropland,Cool Temperate,Dry,Oceania,Annual Cropland,4.7,4.7,1.175,8.225,,,,
,Cool Temperate | Dry | Oceania | Set Aside,Cool Temperate,Dry,Oceania,Set Aside,4.7,4.7,1.175,8.225,,,,
,Cool Temperate | Dry | Oceania | Flooded Rice,Cool Temperate,Dry,Oceania,Flooded Rice,4.7,4.7,1.175,8.225,,,,
,Cool Temperate | Dry | Oceania | Grassland,Cool Temperate,Dry,Oceania,Grassland,3.055,3.055,0.76375,5.34625,,,,
,Cool Temperate | Dry | Oceania | Other Land (Non-Vegetated),Cool Temperate,Dry,Oceania,Other Land (Non-Vegetated),0,0,#N/A,#N/A,,,,
,Cool Temperate | Dry | Oceania | Settlement,Cool Temperate,Dry,Oceania,Settlement,0,0,#N/A,#N/A,,,,
,Cool Temperate | Dry | Oceania | Agroforestry - Default,Cool Temperate,Dry,Oceania,Agroforestry - Default,1.596666667,1.596666667,0.811333333,2.382000001,,,,
,Cool Temperate | Dry | Oceania | Hedgerow,Cool Temperate,Dry,Oceania,Hedgerow,1.1,1.1,0.6737,1.5263,,,,
,Cool Temperate | Dry | Oceania | Silvoarable,Cool Temperate,Dry,Oceania,Silvoarable,1.4,1.4,0.7056,2.0944,,,,
,Cool Temperate | Dry | Oceania | Silvopasture,Cool Temperate,Dry,Oceania,Silvopasture,2.29,2.29,1.4936,3.0864,,,,
,Cool Temperate | Dry | Oceania | Other Land,Cool Temperate,Dry,Oceania,Other Land,0,0,#N/A,#N/A,,,,
,Cool Temperate | Dry | Oceania | Olive,Cool Temperate,Dry,Oceania,Olive,0.46,0.46,0.3358,0.5842,,,,
,Cool Temperate | Dry | Oceania | Orchard,Cool Temperate,Dry,Oceania,Orchard,0.43,0.43,0.2322,0.6278,,,,
,Cool Temperate | Dry | Oceania | Short Rotation Coppice,Cool Temperate,Dry,Oceania,Short Rotation Coppice,3.2,3.2,1.92,4.48,,,,
,Cool Temperate | Dry | Oceania | Tea,Cool Temperate,Dry,Oceania,Tea,0.7,0.7,0.525,0.875,,,,
,Cool Temperate | Dry | Oceania | Vine,Cool Temperate,Dry,Oceania,Vine,0.28,0.28,0.2072,0.3528,,,,
,Cool Temperate | Dry | Oceania | Oil Palm,Cool Temperate,Dry,Oceania,Oil Palm,0,0,#N/A,#N/A,,,,
,Cool Temperate | Dry | Oceania | Rubber,Cool Temperate,Dry,Oceania,Rubber,0,0,#N/A,#N/A,,,,
,Cool Temperate | Dry | North America | Grains,Cool Temperate,Dry,North America,Grains,4.7,4.7,1.175,8.225,,,,
,Cool Temperate | Dry | North America | Maize,Cool Temperate,Dry,North America,Maize,4.7,4.7,1.175,8.225,,,,
,Cool Temperate | Dry | North America | Sugarcane,Cool Temperate,Dry,North America,Sugarcane,4.7,4.7,1.175,8.225,,,,
,Cool Temperate | Dry | North America | Wheat,Cool Temperate,Dry,North America,Wheat,4.7,4.7,1.175,8.225,,,,
,Cool Temperate | Dry | North America | Beans & Pulses,Cool Temperate,Dry,North America,Beans & Pulses,4.7,4.7,1.175,8.225,,,,
,Cool Temperate | Dry | North America | Tubers,Cool Temperate,Dry,North America,Tubers,4.7,4.7,1.175,8.225,,,,
,Cool Temperate | Dry | North America | Root Crops,Cool Temperate,Dry,North America,Root Crops,4.7,4.7,1.175,8.225,,,,
,Cool Temperate | Dry | North America | Barley,Cool Temperate,Dry,North America,Barley,4.7,4.7,1.175,8.225,,,,
,Cool Temperate | Dry | North America | Oats,Cool Temperate,Dry,North America,Oats,4.7,4.7,1.175,8.225,,,,
,Cool Temperate | Dry | North America | Millet,Cool Temperate,Dry,North America,Millet,4.7,4.7,1.175,8.225,,,,
,Cool Temperate | Dry | North America | Sorghum,Cool Temperate,Dry,North America,Sorghum,4.7,4.7,1.175,8.225,,,,
,Cool Temperate | Dry | North America | Rye,Cool Temperate,Dry,North America,Rye,4.7,4.7,1.175,8.225,,,,
,Cool Temperate | Dry | North America | Soybeans,Cool Temperate,Dry,North America,Soybeans,4.7,4.7,1.175,8.225,,,,
,Cool Temperate | Dry | North America | Dry Bean,Cool Temperate,Dry,North America,Dry Bean,4.7,4.7,1.175,8.225,,,,
,Cool Temperate | Dry | North America | Potatoes,Cool Temperate,Dry,North America,Potatoes,4.7,4.7,1.175,8.225,,,,
,Cool Temperate | Dry | North America | Peanuts,Cool Temperate,Dry,North America,Peanuts,4.7,4.7,1.175,8.225,,,,
,Cool Temperate | Dry | North America | Vegetables,Cool Temperate,Dry,North America,Vegetables,4.7,4.7,1.175,8.225,,,,
,Cool Temperate | Dry | North America | Oilseeds,Cool Temperate,Dry,North America,Oilseeds,4.7,4.7,1.175,8.225,,,,
,Cool Temperate | Dry | North America | Groundnuts,Cool Temperate,Dry,North America,Groundnuts,4.7,4.7,1.175,8.225,,,,
,Cool Temperate | Dry | North America | Annual Cropland,Cool Temperate,Dry,North America,Annual Cropland,4.7,4.7,1.175,8.225,,,,
,Cool Temperate | Dry | North America | Set Aside,Cool Temperate,Dry,North America,Set Aside,4.7,4.7,1.175,8.225,,,,
,Cool Temperate | Dry | North America | Flooded Rice,Cool Temperate,Dry,North America,Flooded Rice,4.7,4.7,1.175,8.225,,,,
,Cool Temperate | Dry | North America | Grassland,Cool Temperate,Dry,North America,Grassland,3.055,3.055,0.76375,5.34625,,,,
,Cool Temperate | Dry | North America | Other Land (Non-Vegetated),Cool Temperate,Dry,North America,Other Land (Non-Vegetated),0,0,#N/A,#N/A,,,,
,Cool Temperate | Dry | North America | Settlement,Cool Temperate,Dry,North America,Settlement,0,0,#N/A,#N/A,,,,
,Cool Temperate | Dry | North America | Agroforestry - Default,Cool Temperate,Dry,North America,Agroforestry - Default,0.97,0.97,0.3625,1.5775,,,,
,Cool Temperate | Dry | North America | Hedgerow,Cool Temperate,Dry,North America,Hedgerow,1.1,1.1,0.6737,1.5263,,,,
,Cool Temperate | Dry | North America | Silvoarable,Cool Temperate,Dry,North America,Silvoarable,0.73,0.73,0.5589,0.9011,,,,
,Cool Temperate | Dry | North America | Silvopasture,Cool Temperate,Dry,North America,Silvopasture,1.08,1.08,0.3525,1.8075,,,,
,Cool Temperate | Dry | North America | Other Land,Cool Temperate,Dry,North America,Other Land,0,0,#N/A,#N/A,,,,
,Cool Temperate | Dry | North America | Olive,Cool Temperate,Dry,North America,Olive,0.46,0.46,0.3358,0.5842,,,,
,Cool Temperate | Dry | North America | Orchard,Cool Temperate,Dry,North America,Orchard,0.43,0.43,0.2322,0.6278,,,,
,Cool Temperate | Dry | North America | Short Rotation Coppice,Cool Temperate,Dry,North America,Short Rotation Coppice,3.2,3.2,1.92,4.48,,,,
,Cool Temperate | Dry | North America | Tea,Cool Temperate,Dry,North America,Tea,0.7,0.7,0.525,0.875,,,,
,Cool Temperate | Dry | North America | Vine,Cool Temperate,Dry,North America,Vine,0.28,0.28,0.2072,0.3528,,,,
,Cool Temperate | Dry | North America | Oil Palm,Cool Temperate,Dry,North America,Oil Palm,0,0,#N/A,#N/A,,,,
,Cool Temperate | Dry | North America | Rubber,Cool Temperate,Dry,North America,Rubber,0,0,#N/A,#N/A,,,,
,Cool Temperate | Dry | South America | Grains,Cool Temperate,Dry,South America,Grains,4.7,4.7,1.175,8.225,,,,
,Cool Temperate | Dry | South America | Maize,Cool Temperate,Dry,South America,Maize,4.7,4.7,1.175,8.225,,,,
,Cool Temperate | Dry | South America | Sugarcane,Cool Temperate,Dry,South America,Sugarcane,4.7,4.7,1.175,8.225,,,,
,Cool Temperate | Dry | South America | Wheat,Cool Temperate,Dry,South America,Wheat,4.7,4.7,1.175,8.225,,,,
,Cool Temperate | Dry | South America | Beans & Pulses,Cool Temperate,Dry,South America,Beans & Pulses,4.7,4.7,1.175,8.225,,,,
,Cool Temperate | Dry | South America | Tubers,Cool Temperate,Dry,South America,Tubers,4.7,4.7,1.175,8.225,,,,
,Cool Temperate | Dry | South America | Root Crops,Cool Temperate,Dry,South America,Root Crops,4.7,4.7,1.175,8.225,,,,
,Cool Temperate | Dry | South America | Barley,Cool Temperate,Dry,South America,Barley,4.7,4.7,1.175,8.225,,,,
,Cool Temperate | Dry | South America | Oats,Cool Temperate,Dry,South America,Oats,4.7,4.7,1.175,8.225,,,,
,Cool Temperate | Dry | South America | Millet,Cool Temperate,Dry,South America,Millet,4.7,4.7,1.175,8.225,,,,
,Cool Temperate | Dry | South America | Sorghum,Cool Temperate,Dry,South America,Sorghum,4.7,4.7,1.175,8.225,,,,
,Cool Temperate | Dry | South America | Rye,Cool Temperate,Dry,South America,Rye,4.7,4.7,1.175,8.225,,,,
,Cool Temperate | Dry | South America | Soybeans,Cool Temperate,Dry,South America,Soybeans,4.7,4.7,1.175,8.225,,,,
,Cool Temperate | Dry | South America | Dry Bean,Cool Temperate,Dry,South America,Dry Bean,4.7,4.7,1.175,8.225,,,,
,Cool Temperate | Dry | South America | Potatoes,Cool Temperate,Dry,South America,Potatoes,4.7,4.7,1.175,8.225,,,,
,Cool Temperate | Dry | South America | Peanuts,Cool Temperate,Dry,South America,Peanuts,4.7,4.7,1.175,8.225,,,,
,Cool Temperate | Dry | South America | Vegetables,Cool Temperate,Dry,South America,Vegetables,4.7,4.7,1.175,8.225,,,,
,Cool Temperate | Dry | South America | Oilseeds,Cool Temperate,Dry,South America,Oilseeds,4.7,4.7,1.175,8.225,,,,
,Cool Temperate | Dry | South America | Groundnuts,Cool Temperate,Dry,South America,Groundnuts,4.7,4.7,1.175,8.225,,,,
,Cool Temperate | Dry | South America | Annual Cropland,Cool Temperate,Dry,South America,Annual Cropland,4.7,4.7,1.175,8.225,,,,
,Cool Temperate | Dry | South America | Set Aside,Cool Temperate,Dry,South America,Set Aside,4.7,4.7,1.175,8.225,,,,
,Cool Temperate | Dry | South America | Flooded Rice,Cool Temperate,Dry,South America,Flooded Rice,4.7,4.7,1.175,8.225,,,,
,Cool Temperate | Dry | South America | Grassland,Cool Temperate,Dry,South America,Grassland,3.055,3.055,0.76375,5.34625,,,,
,Cool Temperate | Dry | South America | Other Land (Non-Vegetated),Cool Temperate,Dry,South America,Other Land (Non-Vegetated),0,0,#N/A,#N/A,,,,
,Cool Temperate | Dry | South America | Settlement,Cool Temperate,Dry,South America,Settlement,0,0,#N/A,#N/A,,,,
,Cool Temperate | Dry | South America | Agroforestry - Default,Cool Temperate,Dry,South America,Agroforestry - Default,1.4,1.4,0.6075,2.1925,,,,
,Cool Temperate | Dry | South America | Hedgerow,Cool Temperate,Dry,South America,Hedgerow,1.1,1.1,0.6737,1.5263,,,,
,Cool Temperate | Dry | South America | Silvoarable,Cool Temperate,Dry,South America,Silvoarable,1.4,1.4,0.7056,2.0944,,,,
,Cool Temperate | Dry | South America | Silvopasture,Cool Temperate,Dry,South America,Silvopasture,1.7,1.7,0.815,2.585,,,,
,Cool Temperate | Dry | South America | Other Land,Cool Temperate,Dry,South America,Other Land,0,0,#N/A,#N/A,,,,
,Cool Temperate | Dry | South America | Olive,Cool Temperate,Dry,South America,Olive,0.46,0.46,0.3358,0.5842,,,,
,Cool Temperate | Dry | South America | Orchard,Cool Temperate,Dry,South America,Orchard,0.43,0.43,0.2322,0.6278,,,,
,Cool Temperate | Dry | South America | Short Rotation Coppice,Cool Temperate,Dry,South America,Short Rotation Coppice,3.2,3.2,1.92,4.48,,,,
,Cool Temperate | Dry | South America | Tea,Cool Temperate,Dry,South America,Tea,0.7,0.7,0.525,0.875,,,,
,Cool Temperate | Dry | South America | Vine,Cool Temperate,Dry,South America,Vine,0.28,0.28,0.2072,0.3528,,,,
,Cool Temperate | Dry | South America | Oil Palm,Cool Temperate,Dry,South America,Oil Palm,0,0,#N/A,#N/A,,,,
,Cool Temperate | Dry | South America | Rubber,Cool Temperate,Dry,South America,Rubber,0,0,#N/A,#N/A,,,,
,Cool Temperate | Dry | Central America | Grains,Cool Temperate,Dry,Central America,Grains,4.7,4.7,1.175,8.225,,,,
,Cool Temperate | Dry | Central America | Maize,Cool Temperate,Dry,Central America,Maize,4.7,4.7,1.175,8.225,,,,
,Cool Temperate | Dry | Central America | Sugarcane,Cool Temperate,Dry,Central America,Sugarcane,4.7,4.7,1.175,8.225,,,,
,Cool Temperate | Dry | Central America | Wheat,Cool Temperate,Dry,Central America,Wheat,4.7,4.7,1.175,8.225,,,,
,Cool Temperate | Dry | Central America | Beans & Pulses,Cool Temperate,Dry,Central America,Beans & Pulses,4.7,4.7,1.175,8.225,,,,
,Cool Temperate | Dry | Central America | Tubers,Cool Temperate,Dry,Central America,Tubers,4.7,4.7,1.175,8.225,,,,
,Cool Temperate | Dry | Central America | Root Crops,Cool Temperate,Dry,Central America,Root Crops,4.7,4.7,1.175,8.225,,,,
,Cool Temperate | Dry | Central America | Barley,Cool Temperate,Dry,Central America,Barley,4.7,4.7,1.175,8.225,,,,
,Cool Temperate | Dry | Central America | Oats,Cool Temperate,Dry,Central America,Oats,4.7,4.7,1.175,8.225,,,,
,Cool Temperate | Dry | Central America | Millet,Cool Temperate,Dry,Central America,Millet,4.7,4.7,1.175,8.225,,,,
,Cool Temperate | Dry | Central America | Sorghum,Cool Temperate,Dry,Central America,Sorghum,4.7,4.7,1.175,8.225,,,,
,Cool Temperate | Dry | Central America | Rye,Cool Temperate,Dry,Central America,Rye,4.7,4.7,1.175,8.225,,,,
,Cool Temperate | Dry | Central America | Soybeans,Cool Temperate,Dry,Central America,Soybeans,4.7,4.7,1.175,8.225,,,,
,Cool Temperate | Dry | Central America | Dry Bean,Cool Temperate,Dry,Central America,Dry Bean,4.7,4.7,1.175,8.225,,,,
,Cool Temperate | Dry | Central America | Potatoes,Cool Temperate,Dry,Central America,Potatoes,4.7,4.7,1.175,8.225,,,,
,Cool Temperate | Dry | Central America | Peanuts,Cool Temperate,Dry,Central America,Peanuts,4.7,4.7,1.175,8.225,,,,
,Cool Temperate | Dry | Central America | Vegetables,Cool Temperate,Dry,Central America,Vegetables,4.7,4.7,1.175,8.225,,,,
,Cool Temperate | Dry | Central America | Oilseeds,Cool Temperate,Dry,Central America,Oilseeds,4.7,4.7,1.175,8.225,,,,
,Cool Temperate | Dry | Central America | Groundnuts,Cool Temperate,Dry,Central America,Groundnuts,4.7,4.7,1.175,8.225,,,,
,Cool Temperate | Dry | Central America | Annual Cropland,Cool Temperate,Dry,Central America,Annual Cropland,4.7,4.7,1.175,8.225,,,,
,Cool Temperate | Dry | Central America | Set Aside,Cool Temperate,Dry,Central America,Set Aside,4.7,4.7,1.175,8.225,,,,
,Cool Temperate | Dry | Central America | Flooded Rice,Cool Temperate,Dry,Central America,Flooded Rice,4.7,4.7,1.175,8.225,,,,
,Cool Temperate | Dry | Central America | Grassland,Cool Temperate,Dry,Central America,Grassland,3.055,3.055,0.76375,5.34625,,,,
,Cool Temperate | Dry | Central America | Other Land (Non-Vegetated),Cool Temperate,Dry,Central America,Other Land (Non-Vegetated),0,0,#N/A,#N/A,,,,
,Cool Temperate | Dry | Central America | Settlement,Cool Temperate,Dry,Central America,Settlement,0,0,#N/A,#N/A,,,,
,Cool Temperate | Dry | Central America | Agroforestry - Default,Cool Temperate,Dry,Central America,Agroforestry - Default,1.4,1.4,0.6075,2.1925,,,,
,Cool Temperate | Dry | Central America | Hedgerow,Cool Temperate,Dry,Central America,Hedgerow,1.1,1.1,0.6737,1.5263,,,,
,Cool Temperate | Dry | Central America | Silvoarable,Cool Temperate,Dry,Central America,Silvoarable,1.4,1.4,0.7056,2.0944,,,,
,Cool Temperate | Dry | Central America | Silvopasture,Cool Temperate,Dry,Central America,Silvopasture,1.7,1.7,0.815,2.585,,,,
,Cool Temperate | Dry | Central America | Other Land,Cool Temperate,Dry,Central America,Other Land,0,0,#N/A,#N/A,,,,
,Cool Temperate | Dry | Central America | Olive,Cool Temperate,Dry,Central America,Olive,0.46,0.46,0.3358,0.5842,,,,
,Cool Temperate | Dry | Central America | Orchard,Cool Temperate,Dry,Central America,Orchard,0.43,0.43,0.2322,0.6278,,,,
,Cool Temperate | Dry | Central America | Short Rotation Coppice,Cool Temperate,Dry,Central America,Short Rotation Coppice,3.2,3.2,1.92,4.48,,,,
,Cool Temperate | Dry | Central America | Tea,Cool Temperate,Dry,Central America,Tea,0.7,0.7,0.525,0.875,,,,
,Cool Temperate | Dry | Central America | Vine,Cool Temperate,Dry,Central America,Vine,0.28,0.28,0.2072,0.3528,,,,
,Cool Temperate | Dry | Central America | Oil Palm,Cool Temperate,Dry,Central America,Oil Palm,0,0,#N/A,#N/A,,,,
,Cool Temperate | Dry | Central America | Rubber,Cool Temperate,Dry,Central America,Rubber,0,0,#N/A,#N/A,,,,
,Cool Temperate | Dry | Caribbean | Grains,Cool Temperate,Dry,Caribbean,Grains,4.7,4.7,1.175,8.225,,,,
,Cool Temperate | Dry | Caribbean | Maize,Cool Temperate,Dry,Caribbean,Maize,4.7,4.7,1.175,8.225,,,,
,Cool Temperate | Dry | Caribbean | Sugarcane,Cool Temperate,Dry,Caribbean,Sugarcane,4.7,4.7,1.175,8.225,,,,
,Cool Temperate | Dry | Caribbean | Wheat,Cool Temperate,Dry,Caribbean,Wheat,4.7,4.7,1.175,8.225,,,,
,Cool Temperate | Dry | Caribbean | Beans & Pulses,Cool Temperate,Dry,Caribbean,Beans & Pulses,4.7,4.7,1.175,8.225,,,,
,Cool Temperate | Dry | Caribbean | Tubers,Cool Temperate,Dry,Caribbean,Tubers,4.7,4.7,1.175,8.225,,,,
,Cool Temperate | Dry | Caribbean | Root Crops,Cool Temperate,Dry,Caribbean,Root Crops,4.7,4.7,1.175,8.225,,,,
,Cool Temperate | Dry | Caribbean | Barley,Cool Temperate,Dry,Caribbean,Barley,4.7,4.7,1.175,8.225,,,,
,Cool Temperate | Dry | Caribbean | Oats,Cool Temperate,Dry,Caribbean,Oats,4.7,4.7,1.175,8.225,,,,
,Cool Temperate | Dry | Caribbean | Millet,Cool Temperate,Dry,Caribbean,Millet,4.7,4.7,1.175,8.225,,,,
,Cool Temperate | Dry | Caribbean | Sorghum,Cool Temperate,Dry,Caribbean,Sorghum,4.7,4.7,1.175,8.225,,,,
,Cool Temperate | Dry | Caribbean | Rye,Cool Temperate,Dry,Caribbean,Rye,4.7,4.7,1.175,8.225,,,,
,Cool Temperate | Dry | Caribbean | Soybeans,Cool Temperate,Dry,Caribbean,Soybeans,4.7,4.7,1.175,8.225,,,,
,Cool Temperate | Dry | Caribbean | Dry Bean,Cool Temperate,Dry,Caribbean,Dry Bean,4.7,4.7,1.175,8.225,,,,
,Cool Temperate | Dry | Caribbean | Potatoes,Cool Temperate,Dry,Caribbean,Potatoes,4.7,4.7,1.175,8.225,,,,
,Cool Temperate | Dry | Caribbean | Peanuts,Cool Temperate,Dry,Caribbean,Peanuts,4.7,4.7,1.175,8.225,,,,
,Cool Temperate | Dry | Caribbean | Vegetables,Cool Temperate,Dry,Caribbean,Vegetables,4.7,4.7,1.175,8.225,,,,
,Cool Temperate | Dry | Caribbean | Oilseeds,Cool Temperate,Dry,Caribbean,Oilseeds,4.7,4.7,1.175,8.225,,,,
,Cool Temperate | Dry | Caribbean | Groundnuts,Cool Temperate,Dry,Caribbean,Groundnuts,4.7,4.7,1.175,8.225,,,,
,Cool Temperate | Dry | Caribbean | Annual Cropland,Cool Temperate,Dry,Caribbean,Annual Cropland,4.7,4.7,1.175,8.225,,,,
,Cool Temperate | Dry | Caribbean | Set Aside,Cool Temperate,Dry,Caribbean,Set Aside,4.7,4.7,1.175,8.225,,,,
,Cool Temperate | Dry | Caribbean | Flooded Rice,Cool Temperate,Dry,Caribbean,Flooded Rice,4.7,4.7,1.175,8.225,,,,
,Cool Temperate | Dry | Caribbean | Grassland,Cool Temperate,Dry,Caribbean,Grassland,3.055,3.055,0.76375,5.34625,,,,
,Cool Temperate | Dry | Caribbean | Other Land (Non-Vegetated),Cool Temperate,Dry,Caribbean,Other Land (Non-Vegetated),0,0,#N/A,#N/A,,,,
,Cool Temperate | Dry | Caribbean | Settlement,Cool Temperate,Dry,Caribbean,Settlement,0,0,#N/A,#N/A,,,,
,Cool Temperate | Dry | Caribbean | Agroforestry - Default,Cool Temperate,Dry,Caribbean,Agroforestry - Default,1.4,1.4,0.6075,2.1925,,,,
,Cool Temperate | Dry | Caribbean | Hedgerow,Cool Temperate,Dry,Caribbean,Hedgerow,1.1,1.1,0.6737,1.5263,,,,
,Cool Temperate | Dry | Caribbean | Silvoarable,Cool Temperate,Dry,Caribbean,Silvoarable,1.4,1.4,0.7056,2.0944,,,,
,Cool Temperate | Dry | Caribbean | Silvopasture,Cool Temperate,Dry,Caribbean,Silvopasture,1.7,1.7,0.815,2.585,,,,
,Cool Temperate | Dry | Caribbean | Other Land,Cool Temperate,Dry,Caribbean,Other Land,0,0,#N/A,#N/A,,,,
,Cool Temperate | Dry | Caribbean | Olive,Cool Temperate,Dry,Caribbean,Olive,0.46,0.46,0.3358,0.5842,,,,
,Cool Temperate | Dry | Caribbean | Orchard,Cool Temperate,Dry,Caribbean,Orchard,0.43,0.43,0.2322,0.6278,,,,
,Cool Temperate | Dry | Caribbean | Short Rotation Coppice,Cool Temperate,Dry,Caribbean,Short Rotation Coppice,3.2,3.2,1.92,4.48,,,,
,Cool Temperate | Dry | Caribbean | Tea,Cool Temperate,Dry,Caribbean,Tea,0.7,0.7,0.525,0.875,,,,
,Cool Temperate | Dry | Caribbean | Vine,Cool Temperate,Dry,Caribbean,Vine,0.28,0.28,0.2072,0.3528,,,,
,Cool Temperate | Dry | Caribbean | Oil Palm,Cool Temperate,Dry,Caribbean,Oil Palm,0,0,#N/A,#N/A,,,,
,Cool Temperate | Dry | Caribbean | Rubber,Cool Temperate,Dry,Caribbean,Rubber,0,0,#N/A,#N/A,,,,
,Cool Temperate | Moist | Eastern Africa | Grains,Cool Temperate,Moist,Eastern Africa,Grains,4.7,4.7,1.175,8.225,,,,
,Cool Temperate | Moist | Eastern Africa | Maize,Cool Temperate,Moist,Eastern Africa,Maize,4.7,4.7,1.175,8.225,,,,
,Cool Temperate | Moist | Eastern Africa | Sugarcane,Cool Temperate,Moist,Eastern Africa,Sugarcane,4.7,4.7,1.175,8.225,,,,
,Cool Temperate | Moist | Eastern Africa | Wheat,Cool Temperate,Moist,Eastern Africa,Wheat,4.7,4.7,1.175,8.225,,,,
,Cool Temperate | Moist | Eastern Africa | Beans & Pulses,Cool Temperate,Moist,Eastern Africa,Beans & Pulses,4.7,4.7,1.175,8.225,,,,
,Cool Temperate | Moist | Eastern Africa | Tubers,Cool Temperate,Moist,Eastern Africa,Tubers,4.7,4.7,1.175,8.225,,,,
,Cool Temperate | Moist | Eastern Africa | Root Crops,Cool Temperate,Moist,Eastern Africa,Root Crops,4.7,4.7,1.175,8.225,,,,
,Cool Temperate | Moist | Eastern Africa | Barley,Cool Temperate,Moist,Eastern Africa,Barley,4.7,4.7,1.175,8.225,,,,
,Cool Temperate | Moist | Eastern Africa | Oats,Cool Temperate,Moist,Eastern Africa,Oats,4.7,4.7,1.175,8.225,,,,
,Cool Temperate | Moist | Eastern Africa | Millet,Cool Temperate,Moist,Eastern Africa,Millet,4.7,4.7,1.175,8.225,,,,
,Cool Temperate | Moist | Eastern Africa | Sorghum,Cool Temperate,Moist,Eastern Africa,Sorghum,4.7,4.7,1.175,8.225,,,,
,Cool Temperate | Moist | Eastern Africa | Rye,Cool Temperate,Moist,Eastern Africa,Rye,4.7,4.7,1.175,8.225,,,,
,Cool Temperate | Moist | Eastern Africa | Soybeans,Cool Temperate,Moist,Eastern Africa,Soybeans,4.7,4.7,1.175,8.225,,,,
,Cool Temperate | Moist | Eastern Africa | Dry Bean,Cool Temperate,Moist,Eastern Africa,Dry Bean,4.7,4.7,1.175,8.225,,,,
,Cool Temperate | Moist | Eastern Africa | Potatoes,Cool Temperate,Moist,Eastern Africa,Potatoes,4.7,4.7,1.175,8.225,,,,
,Cool Temperate | Moist | Eastern Africa | Peanuts,Cool Temperate,Moist,Eastern Africa,Peanuts,4.7,4.7,1.175,8.225,,,,
,Cool Temperate | Moist | Eastern Africa | Vegetables,Cool Temperate,Moist,Eastern Africa,Vegetables,4.7,4.7,1.175,8.225,,,,
,Cool Temperate | Moist | Eastern Africa | Oilseeds,Cool Temperate,Moist,Eastern Africa,Oilseeds,4.7,4.7,1.175,8.225,,,,
,Cool Temperate | Moist | Eastern Africa | Groundnuts,Cool Temperate,Moist,Eastern Africa,Groundnuts,4.7,4.7,1.175,8.225,,,,
,Cool Temperate | Moist | Eastern Africa | Annual Cropland,Cool Temperate,Moist,Eastern Africa,Annual Cropland,4.7,4.7,1.175,8.225,,,,
,Cool Temperate | Moist | Eastern Africa | Set Aside,Cool Temperate,Moist,Eastern Africa,Set Aside,4.7,4.7,1.175,8.225,,,,
,Cool Temperate | Moist | Eastern Africa | Flooded Rice,Cool Temperate,Moist,Eastern Africa,Flooded Rice,4.7,4.7,1.175,8.225,,,,
,Cool Temperate | Moist | Eastern Africa | Grassland,Cool Temperate,Moist,Eastern Africa,Grassland,6.392,6.392,1.598,11.186,,,,
,Cool Temperate | Moist | Eastern Africa | Other Land (Non-Vegetated),Cool Temperate,Moist,Eastern Africa,Other Land (Non-Vegetated),0,0,#N/A,#N/A,,,,
,Cool Temperate | Moist | Eastern Africa | Settlement,Cool Temperate,Moist,Eastern Africa,Settlement,0,0,#N/A,#N/A,,,,
,Cool Temperate | Moist | Eastern Africa | Agroforestry - Default,Cool Temperate,Moist,Eastern Africa,Agroforestry - Default,1.596666667,1.596666667,0.811333333,2.382000001,,,,
,Cool Temperate | Moist | Eastern Africa | Hedgerow,Cool Temperate,Moist,Eastern Africa,Hedgerow,1.1,1.1,0.6737,1.5263,,,,
,Cool Temperate | Moist | Eastern Africa | Silvoarable,Cool Temperate,Moist,Eastern Africa,Silvoarable,1.4,1.4,0.7056,2.0944,,,,
,Cool Temperate | Moist | Eastern Africa | Silvopasture,Cool Temperate,Moist,Eastern Africa,Silvopasture,2.29,2.29,1.4936,3.0864,,,,
,Cool Temperate | Moist | Eastern Africa | Other Land,Cool Temperate,Moist,Eastern Africa,Other Land,0,0,#N/A,#N/A,,,,
,Cool Temperate | Moist | Eastern Africa | Olive,Cool Temperate,Moist,Eastern Africa,Olive,0.46,0.46,0.3358,0.5842,,,,
,Cool Temperate | Moist | Eastern Africa | Orchard,Cool Temperate,Moist,Eastern Africa,Orchard,0.43,0.43,0.2322,0.6278,,,,
,Cool Temperate | Moist | Eastern Africa | Short Rotation Coppice,Cool Temperate,Moist,Eastern Africa,Short Rotation Coppice,3.2,3.2,1.92,4.48,,,,
,Cool Temperate | Moist | Eastern Africa | Tea,Cool Temperate,Moist,Eastern Africa,Tea,0.7,0.7,0.525,0.875,,,,
,Cool Temperate | Moist | Eastern Africa | Vine,Cool Temperate,Moist,Eastern Africa,Vine,0.28,0.28,0.2072,0.3528,,,,
,Cool Temperate | Moist | Eastern Africa | Oil Palm,Cool Temperate,Moist,Eastern Africa,Oil Palm,0,0,#N/A,#N/A,,,,
,Cool Temperate | Moist | Eastern Africa | Rubber,Cool Temperate,Moist,Eastern Africa,Rubber,0,0,#N/A,#N/A,,,,
,Cool Temperate | Moist | Central Africa | Grains,Cool Temperate,Moist,Central Africa,Grains,4.7,4.7,1.175,8.225,,,,
,Cool Temperate | Moist | Central Africa | Maize,Cool Temperate,Moist,Central Africa,Maize,4.7,4.7,1.175,8.225,,,,
,Cool Temperate | Moist | Central Africa | Sugarcane,Cool Temperate,Moist,Central Africa,Sugarcane,4.7,4.7,1.175,8.225,,,,
,Cool Temperate | Moist | Central Africa | Wheat,Cool Temperate,Moist,Central Africa,Wheat,4.7,4.7,1.175,8.225,,,,
,Cool Temperate | Moist | Central Africa | Beans & Pulses,Cool Temperate,Moist,Central Africa,Beans & Pulses,4.7,4.7,1.175,8.225,,,,
,Cool Temperate | Moist | Central Africa | Tubers,Cool Temperate,Moist,Central Africa,Tubers,4.7,4.7,1.175,8.225,,,,
,Cool Temperate | Moist | Central Africa | Root Crops,Cool Temperate,Moist,Central Africa,Root Crops,4.7,4.7,1.175,8.225,,,,
,Cool Temperate | Moist | Central Africa | Barley,Cool Temperate,Moist,Central Africa,Barley,4.7,4.7,1.175,8.225,,,,
,Cool Temperate | Moist | Central Africa | Oats,Cool Temperate,Moist,Central Africa,Oats,4.7,4.7,1.175,8.225,,,,
,Cool Temperate | Moist | Central Africa | Millet,Cool Temperate,Moist,Central Africa,Millet,4.7,4.7,1.175,8.225,,,,
,Cool Temperate | Moist | Central Africa | Sorghum,Cool Temperate,Moist,Central Africa,Sorghum,4.7,4.7,1.175,8.225,,,,
,Cool Temperate | Moist | Central Africa | Rye,Cool Temperate,Moist,Central Africa,Rye,4.7,4.7,1.175,8.225,,,,
,Cool Temperate | Moist | Central Africa | Soybeans,Cool Temperate,Moist,Central Africa,Soybeans,4.7,4.7,1.175,8.225,,,,
,Cool Temperate | Moist | Central Africa | Dry Bean,Cool Temperate,Moist,Central Africa,Dry Bean,4.7,4.7,1.175,8.225,,,,
,Cool Temperate | Moist | Central Africa | Potatoes,Cool Temperate,Moist,Central Africa,Potatoes,4.7,4.7,1.175,8.225,,,,
,Cool Temperate | Moist | Central Africa | Peanuts,Cool Temperate,Moist,Central Africa,Peanuts,4.7,4.7,1.175,8.225,,,,
,Cool Temperate | Moist | Central Africa | Vegetables,Cool Temperate,Moist,Central Africa,Vegetables,4.7,4.7,1.175,8.225,,,,
,Cool Temperate | Moist | Central Africa | Oilseeds,Cool Temperate,Moist,Central Africa,Oilseeds,4.7,4.7,1.175,8.225,,,,
,Cool Temperate | Moist | Central Africa | Groundnuts,Cool Temperate,Moist,Central Africa,Groundnuts,4.7,4.7,1.175,8.225,,,,
,Cool Temperate | Moist | Central Africa | Annual Cropland,Cool Temperate,Moist,Central Africa,Annual Cropland,4.7,4.7,1.175,8.225,,,,
,Cool Temperate | Moist | Central Africa | Set Aside,Cool Temperate,Moist,Central Africa,Set Aside,4.7,4.7,1.175,8.225,,,,
,Cool Temperate | Moist | Central Africa | Flooded Rice,Cool Temperate,Moist,Central Africa,Flooded Rice,4.7,4.7,1.175,8.225,,,,
,Cool Temperate | Moist | Central Africa | Grassland,Cool Temperate,Moist,Central Africa,Grassland,6.392,6.392,1.598,11.186,,,,
,Cool Temperate | Moist | Central Africa | Other Land (Non-Vegetated),Cool Temperate,Moist,Central Africa,Other Land (Non-Vegetated),0,0,#N/A,#N/A,,,,
,Cool Temperate | Moist | Central Africa | Settlement,Cool Temperate,Moist,Central Africa,Settlement,0,0,#N/A,#N/A,,,,
,Cool Temperate | Moist | Central Africa | Agroforestry - Default,Cool Temperate,Moist,Central Africa,Agroforestry - Default,1.596666667,1.596666667,0.811333333,2.382000001,,,,
,Cool Temperate | Moist | Central Africa | Hedgerow,Cool Temperate,Moist,Central Africa,Hedgerow,1.1,1.1,0.6737,1.5263,,,,
,Cool Temperate | Moist | Central Africa | Silvoarable,Cool Temperate,Moist,Central Africa,Silvoarable,1.4,1.4,0.7056,2.0944,,,,
,Cool Temperate | Moist | Central Africa | Silvopasture,Cool Temperate,Moist,Central Africa,Silvopasture,2.29,2.29,1.4936,3.0864,,,,
,Cool Temperate | Moist | Central Africa | Other Land,Cool Temperate,Moist,Central Africa,Other Land,0,0,#N/A,#N/A,,,,
,Cool Temperate | Moist | Central Africa | Olive,Cool Temperate,Moist,Central Africa,Olive,0.46,0.46,0.3358,0.5842,,,,
,Cool Temperate | Moist | Central Africa | Orchard,Cool Temperate,Moist,Central Africa,Orchard,0.43,0.43,0.2322,0.6278,,,,
,Cool Temperate | Moist | Central Africa | Short Rotation Coppice,Cool Temperate,Moist,Central Africa,Short Rotation Coppice,3.2,3.2,1.92,4.48,,,,
,Cool Temperate | Moist | Central Africa | Tea,Cool Temperate,Moist,Central Africa,Tea,0.7,0.7,0.525,0.875,,,,
,Cool Temperate | Moist | Central Africa | Vine,Cool Temperate,Moist,Central Africa,Vine,0.28,0.28,0.2072,0.3528,,,,
,Cool Temperate | Moist | Central Africa | Oil Palm,Cool Temperate,Moist,Central Africa,Oil Palm,0,0,#N/A,#N/A,,,,
,Cool Temperate | Moist | Central Africa | Rubber,Cool Temperate,Moist,Central Africa,Rubber,0,0,#N/A,#N/A,,,,
,Cool Temperate | Moist | Northern Africa | Grains,Cool Temperate,Moist,Northern Africa,Grains,4.7,4.7,1.175,8.225,,,,
,Cool Temperate | Moist | Northern Africa | Maize,Cool Temperate,Moist,Northern Africa,Maize,4.7,4.7,1.175,8.225,,,,
,Cool Temperate | Moist | Northern Africa | Sugarcane,Cool Temperate,Moist,Northern Africa,Sugarcane,4.7,4.7,1.175,8.225,,,,
,Cool Temperate | Moist | Northern Africa | Wheat,Cool Temperate,Moist,Northern Africa,Wheat,4.7,4.7,1.175,8.225,,,,
,Cool Temperate | Moist | Northern Africa | Beans & Pulses,Cool Temperate,Moist,Northern Africa,Beans & Pulses,4.7,4.7,1.175,8.225,,,,
,Cool Temperate | Moist | Northern Africa | Tubers,Cool Temperate,Moist,Northern Africa,Tubers,4.7,4.7,1.175,8.225,,,,
,Cool Temperate | Moist | Northern Africa | Root Crops,Cool Temperate,Moist,Northern Africa,Root Crops,4.7,4.7,1.175,8.225,,,,
,Cool Temperate | Moist | Northern Africa | Barley,Cool Temperate,Moist,Northern Africa,Barley,4.7,4.7,1.175,8.225,,,,
,Cool Temperate | Moist | Northern Africa | Oats,Cool Temperate,Moist,Northern Africa,Oats,4.7,4.7,1.175,8.225,,,,
,Cool Temperate | Moist | Northern Africa | Millet,Cool Temperate,Moist,Northern Africa,Millet,4.7,4.7,1.175,8.225,,,,
,Cool Temperate | Moist | Northern Africa | Sorghum,Cool Temperate,Moist,Northern Africa,Sorghum,4.7,4.7,1.175,8.225,,,,
,Cool Temperate | Moist | Northern Africa | Rye,Cool Temperate,Moist,Northern Africa,Rye,4.7,4.7,1.175,8.225,,,,
,Cool Temperate | Moist | Northern Africa | Soybeans,Cool Temperate,Moist,Northern Africa,Soybeans,4.7,4.7,1.175,8.225,,,,
,Cool Temperate | Moist | Northern Africa | Dry Bean,Cool Temperate,Moist,Northern Africa,Dry Bean,4.7,4.7,1.175,8.225,,,,
,Cool Temperate | Moist | Northern Africa | Potatoes,Cool Temperate,Moist,Northern Africa,Potatoes,4.7,4.7,1.175,8.225,,,,
,Cool Temperate | Moist | Northern Africa | Peanuts,Cool Temperate,Moist,Northern Africa,Peanuts,4.7,4.7,1.175,8.225,,,,
,Cool Temperate | Moist | Northern Africa | Vegetables,Cool Temperate,Moist,Northern Africa,Vegetables,4.7,4.7,1.175,8.225,,,,
,Cool Temperate | Moist | Northern Africa | Oilseeds,Cool Temperate,Moist,Northern Africa,Oilseeds,4.7,4.7,1.175,8.225,,,,
,Cool Temperate | Moist | Northern Africa | Groundnuts,Cool Temperate,Moist,Northern Africa,Groundnuts,4.7,4.7,1.175,8.225,,,,
,Cool Temperate | Moist | Northern Africa | Annual Cropland,Cool Temperate,Moist,Northern Africa,Annual Cropland,4.7,4.7,1.175,8.225,,,,
,Cool Temperate | Moist | Northern Africa | Set Aside,Cool Temperate,Moist,Northern Africa,Set Aside,4.7,4.7,1.175,8.225,,,,
,Cool Temperate | Moist | Northern Africa | Flooded Rice,Cool Temperate,Moist,Northern Africa,Flooded Rice,4.7,4.7,1.175,8.225,,,,
,Cool Temperate | Moist | Northern Africa | Grassland,Cool Temperate,Moist,Northern Africa,Grassland,6.392,6.392,1.598,11.186,,,,
,Cool Temperate | Moist | Northern Africa | Other Land (Non-Vegetated),Cool Temperate,Moist,Northern Africa,Other Land (Non-Vegetated),0,0,#N/A,#N/A,,,,
,Cool Temperate | Moist | Northern Africa | Settlement,Cool Temperate,Moist,Northern Africa,Settlement,0,0,#N/A,#N/A,,,,
,Cool Temperate | Moist | Northern Africa | Agroforestry - Default,Cool Temperate,Moist,Northern Africa,Agroforestry - Default,1.596666667,1.596666667,0.811333333,2.382000001,,,,
,Cool Temperate | Moist | Northern Africa | Hedgerow,Cool Temperate,Moist,Northern Africa,Hedgerow,1.1,1.1,0.6737,1.5263,,,,
,Cool Temperate | Moist | Northern Africa | Silvoarable,Cool Temperate,Moist,Northern Africa,Silvoarable,1.4,1.4,0.7056,2.0944,,,,
,Cool Temperate | Moist | Northern Africa | Silvopasture,Cool Temperate,Moist,Northern Africa,Silvopasture,2.29,2.29,1.4936,3.0864,,,,
,Cool Temperate | Moist | Northern Africa | Other Land,Cool Temperate,Moist,Northern Africa,Other Land,0,0,#N/A,#N/A,,,,
,Cool Temperate | Moist | Northern Africa | Olive,Cool Temperate,Moist,Northern Africa,Olive,0.46,0.46,0.3358,0.5842,,,,
,Cool Temperate | Moist | Northern Africa | Orchard,Cool Temperate,Moist,Northern Africa,Orchard,0.43,0.43,0.2322,0.6278,,,,
,Cool Temperate | Moist | Northern Africa | Short Rotation Coppice,Cool Temperate,Moist,Northern Africa,Short Rotation Coppice,3.2,3.2,1.92,4.48,,,,
,Cool Temperate | Moist | Northern Africa | Tea,Cool Temperate,Moist,Northern Africa,Tea,0.7,0.7,0.525,0.875,,,,
,Cool Temperate | Moist | Northern Africa | Vine,Cool Temperate,Moist,Northern Africa,Vine,0.28,0.28,0.2072,0.3528,,,,
,Cool Temperate | Moist | Northern Africa | Oil Palm,Cool Temperate,Moist,Northern Africa,Oil Palm,0,0,#N/A,#N/A,,,,
,Cool Temperate | Moist | Northern Africa | Rubber,Cool Temperate,Moist,Northern Africa,Rubber,0,0,#N/A,#N/A,,,,
,Cool Temperate | Moist | Southern Africa | Grains,Cool Temperate,Moist,Southern Africa,Grains,4.7,4.7,1.175,8.225,,,,
,Cool Temperate | Moist | Southern Africa | Maize,Cool Temperate,Moist,Southern Africa,Maize,4.7,4.7,1.175,8.225,,,,
,Cool Temperate | Moist | Southern Africa | Sugarcane,Cool Temperate,Moist,Southern Africa,Sugarcane,4.7,4.7,1.175,8.225,,,,
,Cool Temperate | Moist | Southern Africa | Wheat,Cool Temperate,Moist,Southern Africa,Wheat,4.7,4.7,1.175,8.225,,,,
,Cool Temperate | Moist | Southern Africa | Beans & Pulses,Cool Temperate,Moist,Southern Africa,Beans & Pulses,4.7,4.7,1.175,8.225,,,,
,Cool Temperate | Moist | Southern Africa | Tubers,Cool Temperate,Moist,Southern Africa,Tubers,4.7,4.7,1.175,8.225,,,,
,Cool Temperate | Moist | Southern Africa | Root Crops,Cool Temperate,Moist,Southern Africa,Root Crops,4.7,4.7,1.175,8.225,,,,
,Cool Temperate | Moist | Southern Africa | Barley,Cool Temperate,Moist,Southern Africa,Barley,4.7,4.7,1.175,8.225,,,,
,Cool Temperate | Moist | Southern Africa | Oats,Cool Temperate,Moist,Southern Africa,Oats,4.7,4.7,1.175,8.225,,,,
,Cool Temperate | Moist | Southern Africa | Millet,Cool Temperate,Moist,Southern Africa,Millet,4.7,4.7,1.175,8.225,,,,
,Cool Temperate | Moist | Southern Africa | Sorghum,Cool Temperate,Moist,Southern Africa,Sorghum,4.7,4.7,1.175,8.225,,,,
,Cool Temperate | Moist | Southern Africa | Rye,Cool Temperate,Moist,Southern Africa,Rye,4.7,4.7,1.175,8.225,,,,
,Cool Temperate | Moist | Southern Africa | Soybeans,Cool Temperate,Moist,Southern Africa,Soybeans,4.7,4.7,1.175,8.225,,,,
,Cool Temperate | Moist | Southern Africa | Dry Bean,Cool Temperate,Moist,Southern Africa,Dry Bean,4.7,4.7,1.175,8.225,,,,
,Cool Temperate | Moist | Southern Africa | Potatoes,Cool Temperate,Moist,Southern Africa,Potatoes,4.7,4.7,1.175,8.225,,,,
,Cool Temperate | Moist | Southern Africa | Peanuts,Cool Temperate,Moist,Southern Africa,Peanuts,4.7,4.7,1.175,8.225,,,,
,Cool Temperate | Moist | Southern Africa | Vegetables,Cool Temperate,Moist,Southern Africa,Vegetables,4.7,4.7,1.175,8.225,,,,
,Cool Temperate | Moist | Southern Africa | Oilseeds,Cool Temperate,Moist,Southern Africa,Oilseeds,4.7,4.7,1.175,8.225,,,,
,Cool Temperate | Moist | Southern Africa | Groundnuts,Cool Temperate,Moist,Southern Africa,Groundnuts,4.7,4.7,1.175,8.225,,,,
,Cool Temperate | Moist | Southern Africa | Annual Cropland,Cool Temperate,Moist,Southern Africa,Annual Cropland,4.7,4.7,1.175,8.225,,,,
,Cool Temperate | Moist | Southern Africa | Set Aside,Cool Temperate,Moist,Southern Africa,Set Aside,4.7,4.7,1.175,8.225,,,,
,Cool Temperate | Moist | Southern Africa | Flooded Rice,Cool Temperate,Moist,Southern Africa,Flooded Rice,4.7,4.7,1.175,8.225,,,,
,Cool Temperate | Moist | Southern Africa | Grassland,Cool Temperate,Moist,Southern Africa,Grassland,6.392,6.392,1.598,11.186,,,,
,Cool Temperate | Moist | Southern Africa | Other Land (Non-Vegetated),Cool Temperate,Moist,Southern Africa,Other Land (Non-Vegetated),0,0,#N/A,#N/A,,,,
,Cool Temperate | Moist | Southern Africa | Settlement,Cool Temperate,Moist,Southern Africa,Settlement,0,0,#N/A,#N/A,,,,
,Cool Temperate | Moist | Southern Africa | Agroforestry - Default,Cool Temperate,Moist,Southern Africa,Agroforestry - Default,1.596666667,1.596666667,0.811333333,2.382000001,,,,
,Cool Temperate | Moist | Southern Africa | Hedgerow,Cool Temperate,Moist,Southern Africa,Hedgerow,1.1,1.1,0.6737,1.5263,,,,
,Cool Temperate | Moist | Southern Africa | Silvoarable,Cool Temperate,Moist,Southern Africa,Silvoarable,1.4,1.4,0.7056,2.0944,,,,
,Cool Temperate | Moist | Southern Africa | Silvopasture,Cool Temperate,Moist,Southern Africa,Silvopasture,2.29,2.29,1.4936,3.0864,,,,
,Cool Temperate | Moist | Southern Africa | Other Land,Cool Temperate,Moist,Southern Africa,Other Land,0,0,#N/A,#N/A,,,,
,Cool Temperate | Moist | Southern Africa | Olive,Cool Temperate,Moist,Southern Africa,Olive,0.46,0.46,0.3358,0.5842,,,,
,Cool Temperate | Moist | Southern Africa | Orchard,Cool Temperate,Moist,Southern Africa,Orchard,0.43,0.43,0.2322,0.6278,,,,
,Cool Temperate | Moist | Southern Africa | Short Rotation Coppice,Cool Temperate,Moist,Southern Africa,Short Rotation Coppice,3.2,3.2,1.92,4.48,,,,
,Cool Temperate | Moist | Southern Africa | Tea,Cool Temperate,Moist,Southern Africa,Tea,0.7,0.7,0.525,0.875,,,,
,Cool Temperate | Moist | Southern Africa | Vine,Cool Temperate,Moist,Southern Africa,Vine,0.28,0.28,0.2072,0.3528,,,,
,Cool Temperate | Moist | Southern Africa | Oil Palm,Cool Temperate,Moist,Southern Africa,Oil Palm,0,0,#N/A,#N/A,,,,
,Cool Temperate | Moist | Southern Africa | Rubber,Cool Temperate,Moist,Southern Africa,Rubber,0,0,#N/A,#N/A,,,,
,Cool Temperate | Moist | Western Africa | Grains,Cool Temperate,Moist,Western Africa,Grains,4.7,4.7,1.175,8.225,,,,
,Cool Temperate | Moist | Western Africa | Maize,Cool Temperate,Moist,Western Africa,Maize,4.7,4.7,1.175,8.225,,,,
,Cool Temperate | Moist | Western Africa | Sugarcane,Cool Temperate,Moist,Western Africa,Sugarcane,4.7,4.7,1.175,8.225,,,,
,Cool Temperate | Moist | Western Africa | Wheat,Cool Temperate,Moist,Western Africa,Wheat,4.7,4.7,1.175,8.225,,,,
,Cool Temperate | Moist | Western Africa | Beans & Pulses,Cool Temperate,Moist,Western Africa,Beans & Pulses,4.7,4.7,1.175,8.225,,,,
,Cool Temperate | Moist | Western Africa | Tubers,Cool Temperate,Moist,Western Africa,Tubers,4.7,4.7,1.175,8.225,,,,
,Cool Temperate | Moist | Western Africa | Root Crops,Cool Temperate,Moist,Western Africa,Root Crops,4.7,4.7,1.175,8.225,,,,
,Cool Temperate | Moist | Western Africa | Barley,Cool Temperate,Moist,Western Africa,Barley,4.7,4.7,1.175,8.225,,,,
,Cool Temperate | Moist | Western Africa | Oats,Cool Temperate,Moist,Western Africa,Oats,4.7,4.7,1.175,8.225,,,,
,Cool Temperate | Moist | Western Africa | Millet,Cool Temperate,Moist,Western Africa,Millet,4.7,4.7,1.175,8.225,,,,
,Cool Temperate | Moist | Western Africa | Sorghum,Cool Temperate,Moist,Western Africa,Sorghum,4.7,4.7,1.175,8.225,,,,
,Cool Temperate | Moist | Western Africa | Rye,Cool Temperate,Moist,Western Africa,Rye,4.7,4.7,1.175,8.225,,,,
,Cool Temperate | Moist | Western Africa | Soybeans,Cool Temperate,Moist,Western Africa,Soybeans,4.7,4.7,1.175,8.225,,,,
,Cool Temperate | Moist | Western Africa | Dry Bean,Cool Temperate,Moist,Western Africa,Dry Bean,4.7,4.7,1.175,8.225,,,,
,Cool Temperate | Moist | Western Africa | Potatoes,Cool Temperate,Moist,Western Africa,Potatoes,4.7,4.7,1.175,8.225,,,,
,Cool Temperate | Moist | Western Africa | Peanuts,Cool Temperate,Moist,Western Africa,Peanuts,4.7,4.7,1.175,8.225,,,,
,Cool Temperate | Moist | Western Africa | Vegetables,Cool Temperate,Moist,Western Africa,Vegetables,4.7,4.7,1.175,8.225,,,,
,Cool Temperate | Moist | Western Africa | Oilseeds,Cool Temperate,Moist,Western Africa,Oilseeds,4.7,4.7,1.175,8.225,,,,
,Cool Temperate | Moist | Western Africa | Groundnuts,Cool Temperate,Moist,Western Africa,Groundnuts,4.7,4.7,1.175,8.225,,,,
,Cool Temperate | Moist | Western Africa | Annual Cropland,Cool Temperate,Moist,Western Africa,Annual Cropland,4.7,4.7,1.175,8.225,,,,
,Cool Temperate | Moist | Western Africa | Set Aside,Cool Temperate,Moist,Western Africa,Set Aside,4.7,4.7,1.175,8.225,,,,
,Cool Temperate | Moist | Western Africa | Flooded Rice,Cool Temperate,Moist,Western Africa,Flooded Rice,4.7,4.7,1.175,8.225,,,,
,Cool Temperate | Moist | Western Africa | Grassland,Cool Temperate,Moist,Western Africa,Grassland,6.392,6.392,1.598,11.186,,,,
,Cool Temperate | Moist | Western Africa | Other Land (Non-Vegetated),Cool Temperate,Moist,Western Africa,Other Land (Non-Vegetated),0,0,#N/A,#N/A,,,,
,Cool Temperate | Moist | Western Africa | Settlement,Cool Temperate,Moist,Western Africa,Settlement,0,0,#N/A,#N/A,,,,
,Cool Temperate | Moist | Western Africa | Agroforestry - Default,Cool Temperate,Moist,Western Africa,Agroforestry - Default,1.596666667,1.596666667,0.811333333,2.382000001,,,,
,Cool Temperate | Moist | Western Africa | Hedgerow,Cool Temperate,Moist,Western Africa,Hedgerow,1.1,1.1,0.6737,1.5263,,,,
,Cool Temperate | Moist | Western Africa | Silvoarable,Cool Temperate,Moist,Western Africa,Silvoarable,1.4,1.4,0.7056,2.0944,,,,
,Cool Temperate | Moist | Western Africa | Silvopasture,Cool Temperate,Moist,Western Africa,Silvopasture,2.29,2.29,1.4936,3.0864,,,,
,Cool Temperate | Moist | Western Africa | Other Land,Cool Temperate,Moist,Western Africa,Other Land,0,0,#N/A,#N/A,,,,
,Cool Temperate | Moist | Western Africa | Olive,Cool Temperate,Moist,Western Africa,Olive,0.46,0.46,0.3358,0.5842,,,,
,Cool Temperate | Moist | Western Africa | Orchard,Cool Temperate,Moist,Western Africa,Orchard,0.43,0.43,0.2322,0.6278,,,,
,Cool Temperate | Moist | Western Africa | Short Rotation Coppice,Cool Temperate,Moist,Western Africa,Short Rotation Coppice,3.2,3.2,1.92,4.48,,,,
,Cool Temperate | Moist | Western Africa | Tea,Cool Temperate,Moist,Western Africa,Tea,0.7,0.7,0.525,0.875,,,,
,Cool Temperate | Moist | Western Africa | Vine,Cool Temperate,Moist,Western Africa,Vine,0.28,0.28,0.2072,0.3528,,,,
,Cool Temperate | Moist | Western Africa | Oil Palm,Cool Temperate,Moist,Western Africa,Oil Palm,0,0,#N/A,#N/A,,,,
,Cool Temperate | Moist | Western Africa | Rubber,Cool Temperate,Moist,Western Africa,Rubber,0,0,#N/A,#N/A,,,,
,Cool Temperate | Moist | Central Asia | Grains,Cool Temperate,Moist,Central Asia,Grains,4.7,4.7,1.175,8.225,,,,
,Cool Temperate | Moist | Central Asia | Maize,Cool Temperate,Moist,Central Asia,Maize,4.7,4.7,1.175,8.225,,,,
,Cool Temperate | Moist | Central Asia | Sugarcane,Cool Temperate,Moist,Central Asia,Sugarcane,4.7,4.7,1.175,8.225,,,,
,Cool Temperate | Moist | Central Asia | Wheat,Cool Temperate,Moist,Central Asia,Wheat,4.7,4.7,1.175,8.225,,,,
,Cool Temperate | Moist | Central Asia | Beans & Pulses,Cool Temperate,Moist,Central Asia,Beans & Pulses,4.7,4.7,1.175,8.225,,,,
,Cool Temperate | Moist | Central Asia | Tubers,Cool Temperate,Moist,Central Asia,Tubers,4.7,4.7,1.175,8.225,,,,
,Cool Temperate | Moist | Central Asia | Root Crops,Cool Temperate,Moist,Central Asia,Root Crops,4.7,4.7,1.175,8.225,,,,
,Cool Temperate | Moist | Central Asia | Barley,Cool Temperate,Moist,Central Asia,Barley,4.7,4.7,1.175,8.225,,,,
,Cool Temperate | Moist | Central Asia | Oats,Cool Temperate,Moist,Central Asia,Oats,4.7,4.7,1.175,8.225,,,,
,Cool Temperate | Moist | Central Asia | Millet,Cool Temperate,Moist,Central Asia,Millet,4.7,4.7,1.175,8.225,,,,
,Cool Temperate | Moist | Central Asia | Sorghum,Cool Temperate,Moist,Central Asia,Sorghum,4.7,4.7,1.175,8.225,,,,
,Cool Temperate | Moist | Central Asia | Rye,Cool Temperate,Moist,Central Asia,Rye,4.7,4.7,1.175,8.225,,,,
,Cool Temperate | Moist | Central Asia | Soybeans,Cool Temperate,Moist,Central Asia,Soybeans,4.7,4.7,1.175,8.225,,,,
,Cool Temperate | Moist | Central Asia | Dry Bean,Cool Temperate,Moist,Central Asia,Dry Bean,4.7,4.7,1.175,8.225,,,,
,Cool Temperate | Moist | Central Asia | Potatoes,Cool Temperate,Moist,Central Asia,Potatoes,4.7,4.7,1.175,8.225,,,,
,Cool Temperate | Moist | Central Asia | Peanuts,Cool Temperate,Moist,Central Asia,Peanuts,4.7,4.7,1.175,8.225,,,,
,Cool Temperate | Moist | Central Asia | Vegetables,Cool Temperate,Moist,Central Asia,Vegetables,4.7,4.7,1.175,8.225,,,,
,Cool Temperate | Moist | Central Asia | Oilseeds,Cool Temperate,Moist,Central Asia,Oilseeds,4.7,4.7,1.175,8.225,,,,
,Cool Temperate | Moist | Central Asia | Groundnuts,Cool Temperate,Moist,Central Asia,Groundnuts,4.7,4.7,1.175,8.225,,,,
,Cool Temperate | Moist | Central Asia | Annual Cropland,Cool Temperate,Moist,Central Asia,Annual Cropland,4.7,4.7,1.175,8.225,,,,
,Cool Temperate | Moist | Central Asia | Set Aside,Cool Temperate,Moist,Central Asia,Set Aside,4.7,4.7,1.175,8.225,,,,
,Cool Temperate | Moist | Central Asia | Flooded Rice,Cool Temperate,Moist,Central Asia,Flooded Rice,4.7,4.7,1.175,8.225,,,,
,Cool Temperate | Moist | Central Asia | Grassland,Cool Temperate,Moist,Central Asia,Grassland,6.392,6.392,1.598,11.186,,,,
,Cool Temperate | Moist | Central Asia | Other Land (Non-Vegetated),Cool Temperate,Moist,Central Asia,Other Land (Non-Vegetated),0,0,#N/A,#N/A,,,,
,Cool Temperate | Moist | Central Asia | Settlement,Cool Temperate,Moist,Central Asia,Settlement,0,0,#N/A,#N/A,,,,
,Cool Temperate | Moist | Central Asia | Agroforestry - Default,Cool Temperate,Moist,Central Asia,Agroforestry - Default,2.376666667,2.376666666,0.964166666,3.789166666,,,,
,Cool Temperate | Moist | Central Asia | Hedgerow,Cool Temperate,Moist,Central Asia,Hedgerow,1.1,1.1,0.6737,1.5263,,,,
,Cool Temperate | Moist | Central Asia | Silvoarable,Cool Temperate,Moist,Central Asia,Silvoarable,3.74,3.74,1.5125,5.9675,,,,
,Cool Temperate | Moist | Central Asia | Silvopasture,Cool Temperate,Moist,Central Asia,Silvopasture,2.29,2.29,1.4936,3.0864,,,,
,Cool Temperate | Moist | Central Asia | Other Land,Cool Temperate,Moist,Central Asia,Other Land,0,0,#N/A,#N/A,,,,
,Cool Temperate | Moist | Central Asia | Olive,Cool Temperate,Moist,Central Asia,Olive,0.46,0.46,0.3358,0.5842,,,,
,Cool Temperate | Moist | Central Asia | Orchard,Cool Temperate,Moist,Central Asia,Orchard,0.43,0.43,0.2322,0.6278,,,,
,Cool Temperate | Moist | Central Asia | Short Rotation Coppice,Cool Temperate,Moist,Central Asia,Short Rotation Coppice,3.2,3.2,1.92,4.48,,,,
,Cool Temperate | Moist | Central Asia | Tea,Cool Temperate,Moist,Central Asia,Tea,0.7,0.7,0.525,0.875,,,,
,Cool Temperate | Moist | Central Asia | Vine,Cool Temperate,Moist,Central Asia,Vine,0.28,0.28,0.2072,0.3528,,,,
,Cool Temperate | Moist | Central Asia | Oil Palm,Cool Temperate,Moist,Central Asia,Oil Palm,0,0,#N/A,#N/A,,,,
,Cool Temperate | Moist | Central Asia | Rubber,Cool Temperate,Moist,Central Asia,Rubber,0,0,#N/A,#N/A,,,,
,Cool Temperate | Moist | Eastern Asia | Grains,Cool Temperate,Moist,Eastern Asia,Grains,4.7,4.7,1.175,8.225,,,,
,Cool Temperate | Moist | Eastern Asia | Maize,Cool Temperate,Moist,Eastern Asia,Maize,4.7,4.7,1.175,8.225,,,,
,Cool Temperate | Moist | Eastern Asia | Sugarcane,Cool Temperate,Moist,Eastern Asia,Sugarcane,4.7,4.7,1.175,8.225,,,,
,Cool Temperate | Moist | Eastern Asia | Wheat,Cool Temperate,Moist,Eastern Asia,Wheat,4.7,4.7,1.175,8.225,,,,
,Cool Temperate | Moist | Eastern Asia | Beans & Pulses,Cool Temperate,Moist,Eastern Asia,Beans & Pulses,4.7,4.7,1.175,8.225,,,,
,Cool Temperate | Moist | Eastern Asia | Tubers,Cool Temperate,Moist,Eastern Asia,Tubers,4.7,4.7,1.175,8.225,,,,
,Cool Temperate | Moist | Eastern Asia | Root Crops,Cool Temperate,Moist,Eastern Asia,Root Crops,4.7,4.7,1.175,8.225,,,,
,Cool Temperate | Moist | Eastern Asia | Barley,Cool Temperate,Moist,Eastern Asia,Barley,4.7,4.7,1.175,8.225,,,,
,Cool Temperate | Moist | Eastern Asia | Oats,Cool Temperate,Moist,Eastern Asia,Oats,4.7,4.7,1.175,8.225,,,,
,Cool Temperate | Moist | Eastern Asia | Millet,Cool Temperate,Moist,Eastern Asia,Millet,4.7,4.7,1.175,8.225,,,,
,Cool Temperate | Moist | Eastern Asia | Sorghum,Cool Temperate,Moist,Eastern Asia,Sorghum,4.7,4.7,1.175,8.225,,,,
,Cool Temperate | Moist | Eastern Asia | Rye,Cool Temperate,Moist,Eastern Asia,Rye,4.7,4.7,1.175,8.225,,,,
,Cool Temperate | Moist | Eastern Asia | Soybeans,Cool Temperate,Moist,Eastern Asia,Soybeans,4.7,4.7,1.175,8.225,,,,
,Cool Temperate | Moist | Eastern Asia | Dry Bean,Cool Temperate,Moist,Eastern Asia,Dry Bean,4.7,4.7,1.175,8.225,,,,
,Cool Temperate | Moist | Eastern Asia | Potatoes,Cool Temperate,Moist,Eastern Asia,Potatoes,4.7,4.7,1.175,8.225,,,,
,Cool Temperate | Moist | Eastern Asia | Peanuts,Cool Temperate,Moist,Eastern Asia,Peanuts,4.7,4.7,1.175,8.225,,,,
,Cool Temperate | Moist | Eastern Asia | Vegetables,Cool Temperate,Moist,Eastern Asia,Vegetables,4.7,4.7,1.175,8.225,,,,
,Cool Temperate | Moist | Eastern Asia | Oilseeds,Cool Temperate,Moist,Eastern Asia,Oilseeds,4.7,4.7,1.175,8.225,,,,
,Cool Temperate | Moist | Eastern Asia | Groundnuts,Cool Temperate,Moist,Eastern Asia,Groundnuts,4.7,4.7,1.175,8.225,,,,
,Cool Temperate | Moist | Eastern Asia | Annual Cropland,Cool Temperate,Moist,Eastern Asia,Annual Cropland,4.7,4.7,1.175,8.225,,,,
,Cool Temperate | Moist | Eastern Asia | Set Aside,Cool Temperate,Moist,Eastern Asia,Set Aside,4.7,4.7,1.175,8.225,,,,
,Cool Temperate | Moist | Eastern Asia | Flooded Rice,Cool Temperate,Moist,Eastern Asia,Flooded Rice,4.7,4.7,1.175,8.225,,,,
,Cool Temperate | Moist | Eastern Asia | Grassland,Cool Temperate,Moist,Eastern Asia,Grassland,6.392,6.392,1.598,11.186,,,,
,Cool Temperate | Moist | Eastern Asia | Other Land (Non-Vegetated),Cool Temperate,Moist,Eastern Asia,Other Land (Non-Vegetated),0,0,#N/A,#N/A,,,,
,Cool Temperate | Moist | Eastern Asia | Settlement,Cool Temperate,Moist,Eastern Asia,Settlement,0,0,#N/A,#N/A,,,,
,Cool Temperate | Moist | Eastern Asia | Agroforestry - Default,Cool Temperate,Moist,Eastern Asia,Agroforestry - Default,2.376666667,2.376666666,0.964166666,3.789166666,,,,
,Cool Temperate | Moist | Eastern Asia | Hedgerow,Cool Temperate,Moist,Eastern Asia,Hedgerow,1.1,1.1,0.6737,1.5263,,,,
,Cool Temperate | Moist | Eastern Asia | Silvoarable,Cool Temperate,Moist,Eastern Asia,Silvoarable,3.74,3.74,1.5125,5.9675,,,,
,Cool Temperate | Moist | Eastern Asia | Silvopasture,Cool Temperate,Moist,Eastern Asia,Silvopasture,2.29,2.29,1.4936,3.0864,,,,
,Cool Temperate | Moist | Eastern Asia | Other Land,Cool Temperate,Moist,Eastern Asia,Other Land,0,0,#N/A,#N/A,,,,
,Cool Temperate | Moist | Eastern Asia | Olive,Cool Temperate,Moist,Eastern Asia,Olive,0.46,0.46,0.3358,0.5842,,,,
,Cool Temperate | Moist | Eastern Asia | Orchard,Cool Temperate,Moist,Eastern Asia,Orchard,0.43,0.43,0.2322,0.6278,,,,
,Cool Temperate | Moist | Eastern Asia | Short Rotation Coppice,Cool Temperate,Moist,Eastern Asia,Short Rotation Coppice,3.2,3.2,1.92,4.48,,,,
,Cool Temperate | Moist | Eastern Asia | Tea,Cool Temperate,Moist,Eastern Asia,Tea,0.7,0.7,0.525,0.875,,,,
,Cool Temperate | Moist | Eastern Asia | Vine,Cool Temperate,Moist,Eastern Asia,Vine,0.28,0.28,0.2072,0.3528,,,,
,Cool Temperate | Moist | Eastern Asia | Oil Palm,Cool Temperate,Moist,Eastern Asia,Oil Palm,0,0,#N/A,#N/A,,,,
,Cool Temperate | Moist | Eastern Asia | Rubber,Cool Temperate,Moist,Eastern Asia,Rubber,0,0,#N/A,#N/A,,,,
,Cool Temperate | Moist | South-Eastern Asia | Grains,Cool Temperate,Moist,South-Eastern Asia,Grains,4.7,4.7,1.175,8.225,,,,
,Cool Temperate | Moist | South-Eastern Asia | Maize,Cool Temperate,Moist,South-Eastern Asia,Maize,4.7,4.7,1.175,8.225,,,,
,Cool Temperate | Moist | South-Eastern Asia | Sugarcane,Cool Temperate,Moist,South-Eastern Asia,Sugarcane,4.7,4.7,1.175,8.225,,,,
,Cool Temperate | Moist | South-Eastern Asia | Wheat,Cool Temperate,Moist,South-Eastern Asia,Wheat,4.7,4.7,1.175,8.225,,,,
,Cool Temperate | Moist | South-Eastern Asia | Beans & Pulses,Cool Temperate,Moist,South-Eastern Asia,Beans & Pulses,4.7,4.7,1.175,8.225,,,,
,Cool Temperate | Moist | South-Eastern Asia | Tubers,Cool Temperate,Moist,South-Eastern Asia,Tubers,4.7,4.7,1.175,8.225,,,,
,Cool Temperate | Moist | South-Eastern Asia | Root Crops,Cool Temperate,Moist,South-Eastern Asia,Root Crops,4.7,4.7,1.175,8.225,,,,
,Cool Temperate | Moist | South-Eastern Asia | Barley,Cool Temperate,Moist,South-Eastern Asia,Barley,4.7,4.7,1.175,8.225,,,,
,Cool Temperate | Moist | South-Eastern Asia | Oats,Cool Temperate,Moist,South-Eastern Asia,Oats,4.7,4.7,1.175,8.225,,,,
,Cool Temperate | Moist | South-Eastern Asia | Millet,Cool Temperate,Moist,South-Eastern Asia,Millet,4.7,4.7,1.175,8.225,,,,
,Cool Temperate | Moist | South-Eastern Asia | Sorghum,Cool Temperate,Moist,South-Eastern Asia,Sorghum,4.7,4.7,1.175,8.225,,,,
,Cool Temperate | Moist | South-Eastern Asia | Rye,Cool Temperate,Moist,South-Eastern Asia,Rye,4.7,4.7,1.175,8.225,,,,
,Cool Temperate | Moist | South-Eastern Asia | Soybeans,Cool Temperate,Moist,South-Eastern Asia,Soybeans,4.7,4.7,1.175,8.225,,,,
,Cool Temperate | Moist | South-Eastern Asia | Dry Bean,Cool Temperate,Moist,South-Eastern Asia,Dry Bean,4.7,4.7,1.175,8.225,,,,
,Cool Temperate | Moist | South-Eastern Asia | Potatoes,Cool Temperate,Moist,South-Eastern Asia,Potatoes,4.7,4.7,1.175,8.225,,,,
,Cool Temperate | Moist | South-Eastern Asia | Peanuts,Cool Temperate,Moist,South-Eastern Asia,Peanuts,4.7,4.7,1.175,8.225,,,,
,Cool Temperate | Moist | South-Eastern Asia | Vegetables,Cool Temperate,Moist,South-Eastern Asia,Vegetables,4.7,4.7,1.175,8.225,,,,
,Cool Temperate | Moist | South-Eastern Asia | Oilseeds,Cool Temperate,Moist,South-Eastern Asia,Oilseeds,4.7,4.7,1.175,8.225,,,,
,Cool Temperate | Moist | South-Eastern Asia | Groundnuts,Cool Temperate,Moist,South-Eastern Asia,Groundnuts,4.7,4.7,1.175,8.225,,,,
,Cool Temperate | Moist | South-Eastern Asia | Annual Cropland,Cool Temperate,Moist,South-Eastern Asia,Annual Cropland,4.7,4.7,1.175,8.225,,,,
,Cool Temperate | Moist | South-Eastern Asia | Set Aside,Cool Temperate,Moist,South-Eastern Asia,Set Aside,4.7,4.7,1.175,8.225,,,,
,Cool Temperate | Moist | South-Eastern Asia | Flooded Rice,Cool Temperate,Moist,South-Eastern Asia,Flooded Rice,4.7,4.7,1.175,8.225,,,,
,Cool Temperate | Moist | South-Eastern Asia | Grassland,Cool Temperate,Moist,South-Eastern Asia,Grassland,6.392,6.392,1.598,11.186,,,,
,Cool Temperate | Moist | South-Eastern Asia | Other Land (Non-Vegetated),Cool Temperate,Moist,South-Eastern Asia,Other Land (Non-Vegetated),0,0,#N/A,#N/A,,,,
,Cool Temperate | Moist | South-Eastern Asia | Settlement,Cool Temperate,Moist,South-Eastern Asia,Settlement,0,0,#N/A,#N/A,,,,
,Cool Temperate | Moist | South-Eastern Asia | Agroforestry - Default,Cool Temperate,Moist,South-Eastern Asia,Agroforestry - Default,2.376666667,2.376666666,0.964166666,3.789166666,,,,
,Cool Temperate | Moist | South-Eastern Asia | Hedgerow,Cool Temperate,Moist,South-Eastern Asia,Hedgerow,1.1,1.1,0.6737,1.5263,,,,
,Cool Temperate | Moist | South-Eastern Asia | Silvoarable,Cool Temperate,Moist,South-Eastern Asia,Silvoarable,3.74,3.74,1.5125,5.9675,,,,
,Cool Temperate | Moist | South-Eastern Asia | Silvopasture,Cool Temperate,Moist,South-Eastern Asia,Silvopasture,2.29,2.29,1.4936,3.0864,,,,
,Cool Temperate | Moist | South-Eastern Asia | Other Land,Cool Temperate,Moist,South-Eastern Asia,Other Land,0,0,#N/A,#N/A,,,,
,Cool Temperate | Moist | South-Eastern Asia | Olive,Cool Temperate,Moist,South-Eastern Asia,Olive,0.46,0.46,0.3358,0.5842,,,,
,Cool Temperate | Moist | South-Eastern Asia | Orchard,Cool Temperate,Moist,South-Eastern Asia,Orchard,0.43,0.43,0.2322,0.6278,,,,
,Cool Temperate | Moist | South-Eastern Asia | Short Rotation Coppice,Cool Temperate,Moist,South-Eastern Asia,Short Rotation Coppice,3.2,3.2,1.92,4.48,,,,
,Cool Temperate | Moist | South-Eastern Asia | Tea,Cool Temperate,Moist,South-Eastern Asia,Tea,0.7,0.7,0.525,0.875,,,,
,Cool Temperate | Moist | South-Eastern Asia | Vine,Cool Temperate,Moist,South-Eastern Asia,Vine,0.28,0.28,0.2072,0.3528,,,,
,Cool Temperate | Moist | South-Eastern Asia | Oil Palm,Cool Temperate,Moist,South-Eastern Asia,Oil Palm,0,0,#N/A,#N/A,,,,
,Cool Temperate | Moist | South-Eastern Asia | Rubber,Cool Temperate,Moist,South-Eastern Asia,Rubber,0,0,#N/A,#N/A,,,,
,Cool Temperate | Moist | Southern Asia | Grains,Cool Temperate,Moist,Southern Asia,Grains,4.7,4.7,1.175,8.225,,,,
,Cool Temperate | Moist | Southern Asia | Maize,Cool Temperate,Moist,Southern Asia,Maize,4.7,4.7,1.175,8.225,,,,
,Cool Temperate | Moist | Southern Asia | Sugarcane,Cool Temperate,Moist,Southern Asia,Sugarcane,4.7,4.7,1.175,8.225,,,,
,Cool Temperate | Moist | Southern Asia | Wheat,Cool Temperate,Moist,Southern Asia,Wheat,4.7,4.7,1.175,8.225,,,,
,Cool Temperate | Moist | Southern Asia | Beans & Pulses,Cool Temperate,Moist,Southern Asia,Beans & Pulses,4.7,4.7,1.175,8.225,,,,
,Cool Temperate | Moist | Southern Asia | Tubers,Cool Temperate,Moist,Southern Asia,Tubers,4.7,4.7,1.175,8.225,,,,
,Cool Temperate | Moist | Southern Asia | Root Crops,Cool Temperate,Moist,Southern Asia,Root Crops,4.7,4.7,1.175,8.225,,,,
,Cool Temperate | Moist | Southern Asia | Barley,Cool Temperate,Moist,Southern Asia,Barley,4.7,4.7,1.175,8.225,,,,
,Cool Temperate | Moist | Southern Asia | Oats,Cool Temperate,Moist,Southern Asia,Oats,4.7,4.7,1.175,8.225,,,,
,Cool Temperate | Moist | Southern Asia | Millet,Cool Temperate,Moist,Southern Asia,Millet,4.7,4.7,1.175,8.225,,,,
,Cool Temperate | Moist | Southern Asia | Sorghum,Cool Temperate,Moist,Southern Asia,Sorghum,4.7,4.7,1.175,8.225,,,,
,Cool Temperate | Moist | Southern Asia | Rye,Cool Temperate,Moist,Southern Asia,Rye,4.7,4.7,1.175,8.225,,,,
,Cool Temperate | Moist | Southern Asia | Soybeans,Cool Temperate,Moist,Southern Asia,Soybeans,4.7,4.7,1.175,8.225,,,,
,Cool Temperate | Moist | Southern Asia | Dry Bean,Cool Temperate,Moist,Southern Asia,Dry Bean,4.7,4.7,1.175,8.225,,,,
,Cool Temperate | Moist | Southern Asia | Potatoes,Cool Temperate,Moist,Southern Asia,Potatoes,4.7,4.7,1.175,8.225,,,,
,Cool Temperate | Moist | Southern Asia | Peanuts,Cool Temperate,Moist,Southern Asia,Peanuts,4.7,4.7,1.175,8.225,,,,
,Cool Temperate | Moist | Southern Asia | Vegetables,Cool Temperate,Moist,Southern Asia,Vegetables,4.7,4.7,1.175,8.225,,,,
,Cool Temperate | Moist | Southern Asia | Oilseeds,Cool Temperate,Moist,Southern Asia,Oilseeds,4.7,4.7,1.175,8.225,,,,
,Cool Temperate | Moist | Southern Asia | Groundnuts,Cool Temperate,Moist,Southern Asia,Groundnuts,4.7,4.7,1.175,8.225,,,,
,Cool Temperate | Moist | Southern Asia | Annual Cropland,Cool Temperate,Moist,Southern Asia,Annual Cropland,4.7,4.7,1.175,8.225,,,,
,Cool Temperate | Moist | Southern Asia | Set Aside,Cool Temperate,Moist,Southern Asia,Set Aside,4.7,4.7,1.175,8.225,,,,
,Cool Temperate | Moist | Southern Asia | Flooded Rice,Cool Temperate,Moist,Southern Asia,Flooded Rice,4.7,4.7,1.175,8.225,,,,
,Cool Temperate | Moist | Southern Asia | Grassland,Cool Temperate,Moist,Southern Asia,Grassland,6.392,6.392,1.598,11.186,,,,
,Cool Temperate | Moist | Southern Asia | Other Land (Non-Vegetated),Cool Temperate,Moist,Southern Asia,Other Land (Non-Vegetated),0,0,#N/A,#N/A,,,,
,Cool Temperate | Moist | Southern Asia | Settlement,Cool Temperate,Moist,Southern Asia,Settlement,0,0,#N/A,#N/A,,,,
,Cool Temperate | Moist | Southern Asia | Agroforestry - Default,Cool Temperate,Moist,Southern Asia,Agroforestry - Default,2.376666667,2.376666666,0.964166666,3.789166666,,,,
,Cool Temperate | Moist | Southern Asia | Hedgerow,Cool Temperate,Moist,Southern Asia,Hedgerow,1.1,1.1,0.6737,1.5263,,,,
,Cool Temperate | Moist | Southern Asia | Silvoarable,Cool Temperate,Moist,Southern Asia,Silvoarable,3.74,3.74,1.5125,5.9675,,,,
,Cool Temperate | Moist | Southern Asia | Silvopasture,Cool Temperate,Moist,Southern Asia,Silvopasture,2.29,2.29,1.4936,3.0864,,,,
,Cool Temperate | Moist | Southern Asia | Other Land,Cool Temperate,Moist,Southern Asia,Other Land,0,0,#N/A,#N/A,,,,
,Cool Temperate | Moist | Southern Asia | Olive,Cool Temperate,Moist,Southern Asia,Olive,0.46,0.46,0.3358,0.5842,,,,
,Cool Temperate | Moist | Southern Asia | Orchard,Cool Temperate,Moist,Southern Asia,Orchard,0.43,0.43,0.2322,0.6278,,,,
,Cool Temperate | Moist | Southern Asia | Short Rotation Coppice,Cool Temperate,Moist,Southern Asia,Short Rotation Coppice,3.2,3.2,1.92,4.48,,,,
,Cool Temperate | Moist | Southern Asia | Tea,Cool Temperate,Moist,Southern Asia,Tea,0.7,0.7,0.525,0.875,,,,
,Cool Temperate | Moist | Southern Asia | Vine,Cool Temperate,Moist,Southern Asia,Vine,0.28,0.28,0.2072,0.3528,,,,
,Cool Temperate | Moist | Southern Asia | Oil Palm,Cool Temperate,Moist,Southern Asia,Oil Palm,0,0,#N/A,#N/A,,,,
,Cool Temperate | Moist | Southern Asia | Rubber,Cool Temperate,Moist,Southern Asia,Rubber,0,0,#N/A,#N/A,,,,
,Cool Temperate | Moist | Western Asia | Grains,Cool Temperate,Moist,Western Asia,Grains,4.7,4.7,1.175,8.225,,,,
,Cool Temperate | Moist | Western Asia | Maize,Cool Temperate,Moist,Western Asia,Maize,4.7,4.7,1.175,8.225,,,,
,Cool Temperate | Moist | Western Asia | Sugarcane,Cool Temperate,Moist,Western Asia,Sugarcane,4.7,4.7,1.175,8.225,,,,
,Cool Temperate | Moist | Western Asia | Wheat,Cool Temperate,Moist,Western Asia,Wheat,4.7,4.7,1.175,8.225,,,,
,Cool Temperate | Moist | Western Asia | Beans & Pulses,Cool Temperate,Moist,Western Asia,Beans & Pulses,4.7,4.7,1.175,8.225,,,,
,Cool Temperate | Moist | Western Asia | Tubers,Cool Temperate,Moist,Western Asia,Tubers,4.7,4.7,1.175,8.225,,,,
,Cool Temperate | Moist | Western Asia | Root Crops,Cool Temperate,Moist,Western Asia,Root Crops,4.7,4.7,1.175,8.225,,,,
,Cool Temperate | Moist | Western Asia | Barley,Cool Temperate,Moist,Western Asia,Barley,4.7,4.7,1.175,8.225,,,,
,Cool Temperate | Moist | Western Asia | Oats,Cool Temperate,Moist,Western Asia,Oats,4.7,4.7,1.175,8.225,,,,
,Cool Temperate | Moist | Western Asia | Millet,Cool Temperate,Moist,Western Asia,Millet,4.7,4.7,1.175,8.225,,,,
,Cool Temperate | Moist | Western Asia | Sorghum,Cool Temperate,Moist,Western Asia,Sorghum,4.7,4.7,1.175,8.225,,,,
,Cool Temperate | Moist | Western Asia | Rye,Cool Temperate,Moist,Western Asia,Rye,4.7,4.7,1.175,8.225,,,,
,Cool Temperate | Moist | Western Asia | Soybeans,Cool Temperate,Moist,Western Asia,Soybeans,4.7,4.7,1.175,8.225,,,,
,Cool Temperate | Moist | Western Asia | Dry Bean,Cool Temperate,Moist,Western Asia,Dry Bean,4.7,4.7,1.175,8.225,,,,
,Cool Temperate | Moist | Western Asia | Potatoes,Cool Temperate,Moist,Western Asia,Potatoes,4.7,4.7,1.175,8.225,,,,
,Cool Temperate | Moist | Western Asia | Peanuts,Cool Temperate,Moist,Western Asia,Peanuts,4.7,4.7,1.175,8.225,,,,
,Cool Temperate | Moist | Western Asia | Vegetables,Cool Temperate,Moist,Western Asia,Vegetables,4.7,4.7,1.175,8.225,,,,
,Cool Temperate | Moist | Western Asia | Oilseeds,Cool Temperate,Moist,Western Asia,Oilseeds,4.7,4.7,1.175,8.225,,,,
,Cool Temperate | Moist | Western Asia | Groundnuts,Cool Temperate,Moist,Western Asia,Groundnuts,4.7,4.7,1.175,8.225,,,,
,Cool Temperate | Moist | Western Asia | Annual Cropland,Cool Temperate,Moist,Western Asia,Annual Cropland,4.7,4.7,1.175,8.225,,,,
,Cool Temperate | Moist | Western Asia | Set Aside,Cool Temperate,Moist,Western Asia,Set Aside,4.7,4.7,1.175,8.225,,,,
,Cool Temperate | Moist | Western Asia | Flooded Rice,Cool Temperate,Moist,Western Asia,Flooded Rice,4.7,4.7,1.175,8.225,,,,
,Cool Temperate | Moist | Western Asia | Grassland,Cool Temperate,Moist,Western Asia,Grassland,6.392,6.392,1.598,11.186,,,,
,Cool Temperate | Moist | Western Asia | Other Land (Non-Vegetated),Cool Temperate,Moist,Western Asia,Other Land (Non-Vegetated),0,0,#N/A,#N/A,,,,
,Cool Temperate | Moist | Western Asia | Settlement,Cool Temperate,Moist,Western Asia,Settlement,0,0,#N/A,#N/A,,,,
,Cool Temperate | Moist | Western Asia | Agroforestry - Default,Cool Temperate,Moist,Western Asia,Agroforestry - Default,2.376666667,2.376666666,0.964166666,3.789166666,,,,
,Cool Temperate | Moist | Western Asia | Hedgerow,Cool Temperate,Moist,Western Asia,Hedgerow,1.1,1.1,0.6737,1.5263,,,,
,Cool Temperate | Moist | Western Asia | Silvoarable,Cool Temperate,Moist,Western Asia,Silvoarable,3.74,3.74,1.5125,5.9675,,,,
,Cool Temperate | Moist | Western Asia | Silvopasture,Cool Temperate,Moist,Western Asia,Silvopasture,2.29,2.29,1.4936,3.0864,,,,
,Cool Temperate | Moist | Western Asia | Other Land,Cool Temperate,Moist,Western Asia,Other Land,0,0,#N/A,#N/A,,,,
,Cool Temperate | Moist | Western Asia | Olive,Cool Temperate,Moist,Western Asia,Olive,0.46,0.46,0.3358,0.5842,,,,
,Cool Temperate | Moist | Western Asia | Orchard,Cool Temperate,Moist,Western Asia,Orchard,0.43,0.43,0.2322,0.6278,,,,
,Cool Temperate | Moist | Western Asia | Short Rotation Coppice,Cool Temperate,Moist,Western Asia,Short Rotation Coppice,3.2,3.2,1.92,4.48,,,,
,Cool Temperate | Moist | Western Asia | Tea,Cool Temperate,Moist,Western Asia,Tea,0.7,0.7,0.525,0.875,,,,
,Cool Temperate | Moist | Western Asia | Vine,Cool Temperate,Moist,Western Asia,Vine,0.28,0.28,0.2072,0.3528,,,,
,Cool Temperate | Moist | Western Asia | Oil Palm,Cool Temperate,Moist,Western Asia,Oil Palm,0,0,#N/A,#N/A,,,,
,Cool Temperate | Moist | Western Asia | Rubber,Cool Temperate,Moist,Western Asia,Rubber,0,0,#N/A,#N/A,,,,
,Cool Temperate | Moist | Europe | Grains,Cool Temperate,Moist,Europe,Grains,4.7,4.7,1.175,8.225,,,,
,Cool Temperate | Moist | Europe | Maize,Cool Temperate,Moist,Europe,Maize,4.7,4.7,1.175,8.225,,,,
,Cool Temperate | Moist | Europe | Sugarcane,Cool Temperate,Moist,Europe,Sugarcane,4.7,4.7,1.175,8.225,,,,
,Cool Temperate | Moist | Europe | Wheat,Cool Temperate,Moist,Europe,Wheat,4.7,4.7,1.175,8.225,,,,
,Cool Temperate | Moist | Europe | Beans & Pulses,Cool Temperate,Moist,Europe,Beans & Pulses,4.7,4.7,1.175,8.225,,,,
,Cool Temperate | Moist | Europe | Tubers,Cool Temperate,Moist,Europe,Tubers,4.7,4.7,1.175,8.225,,,,
,Cool Temperate | Moist | Europe | Root Crops,Cool Temperate,Moist,Europe,Root Crops,4.7,4.7,1.175,8.225,,,,
,Cool Temperate | Moist | Europe | Barley,Cool Temperate,Moist,Europe,Barley,4.7,4.7,1.175,8.225,,,,
,Cool Temperate | Moist | Europe | Oats,Cool Temperate,Moist,Europe,Oats,4.7,4.7,1.175,8.225,,,,
,Cool Temperate | Moist | Europe | Millet,Cool Temperate,Moist,Europe,Millet,4.7,4.7,1.175,8.225,,,,
,Cool Temperate | Moist | Europe | Sorghum,Cool Temperate,Moist,Europe,Sorghum,4.7,4.7,1.175,8.225,,,,
,Cool Temperate | Moist | Europe | Rye,Cool Temperate,Moist,Europe,Rye,4.7,4.7,1.175,8.225,,,,
,Cool Temperate | Moist | Europe | Soybeans,Cool Temperate,Moist,Europe,Soybeans,4.7,4.7,1.175,8.225,,,,
,Cool Temperate | Moist | Europe | Dry Bean,Cool Temperate,Moist,Europe,Dry Bean,4.7,4.7,1.175,8.225,,,,
,Cool Temperate | Moist | Europe | Potatoes,Cool Temperate,Moist,Europe,Potatoes,4.7,4.7,1.175,8.225,,,,
,Cool Temperate | Moist | Europe | Peanuts,Cool Temperate,Moist,Europe,Peanuts,4.7,4.7,1.175,8.225,,,,
,Cool Temperate | Moist | Europe | Vegetables,Cool Temperate,Moist,Europe,Vegetables,4.7,4.7,1.175,8.225,,,,
,Cool Temperate | Moist | Europe | Oilseeds,Cool Temperate,Moist,Europe,Oilseeds,4.7,4.7,1.175,8.225,,,,
,Cool Temperate | Moist | Europe | Groundnuts,Cool Temperate,Moist,Europe,Groundnuts,4.7,4.7,1.175,8.225,,,,
,Cool Temperate | Moist | Europe | Annual Cropland,Cool Temperate,Moist,Europe,Annual Cropland,4.7,4.7,1.175,8.225,,,,
,Cool Temperate | Moist | Europe | Set Aside,Cool Temperate,Moist,Europe,Set Aside,4.7,4.7,1.175,8.225,,,,
,Cool Temperate | Moist | Europe | Flooded Rice,Cool Temperate,Moist,Europe,Flooded Rice,4.7,4.7,1.175,8.225,,,,
,Cool Temperate | Moist | Europe | Grassland,Cool Temperate,Moist,Europe,Grassland,6.392,6.392,1.598,11.186,,,,
,Cool Temperate | Moist | Europe | Other Land (Non-Vegetated),Cool Temperate,Moist,Europe,Other Land (Non-Vegetated),0,0,#N/A,#N/A,,,,
,Cool Temperate | Moist | Europe | Settlement,Cool Temperate,Moist,Europe,Settlement,0,0,#N/A,#N/A,,,,
,Cool Temperate | Moist | Europe | Agroforestry - Default,Cool Temperate,Moist,Europe,Agroforestry - Default,1.743333333,1.743333334,0.8836,2.603066668,,,,
,Cool Temperate | Moist | Europe | Hedgerow,Cool Temperate,Moist,Europe,Hedgerow,1.1,1.1,0.6737,1.5263,,,,
,Cool Temperate | Moist | Europe | Silvoarable,Cool Temperate,Moist,Europe,Silvoarable,1.4,1.4,0.7056,2.0944,,,,
,Cool Temperate | Moist | Europe | Silvopasture,Cool Temperate,Moist,Europe,Silvopasture,2.73,2.73,1.7101,3.7499,,,,
,Cool Temperate | Moist | Europe | Other Land,Cool Temperate,Moist,Europe,Other Land,0,0,#N/A,#N/A,,,,
,Cool Temperate | Moist | Europe | Olive,Cool Temperate,Moist,Europe,Olive,0.46,0.46,0.3358,0.5842,,,,
,Cool Temperate | Moist | Europe | Orchard,Cool Temperate,Moist,Europe,Orchard,0.43,0.43,0.2322,0.6278,,,,
,Cool Temperate | Moist | Europe | Short Rotation Coppice,Cool Temperate,Moist,Europe,Short Rotation Coppice,3.2,3.2,1.92,4.48,,,,
,Cool Temperate | Moist | Europe | Tea,Cool Temperate,Moist,Europe,Tea,0.7,0.7,0.525,0.875,,,,
,Cool Temperate | Moist | Europe | Vine,Cool Temperate,Moist,Europe,Vine,0.28,0.28,0.2072,0.3528,,,,
,Cool Temperate | Moist | Europe | Oil Palm,Cool Temperate,Moist,Europe,Oil Palm,0,0,#N/A,#N/A,,,,
,Cool Temperate | Moist | Europe | Rubber,Cool Temperate,Moist,Europe,Rubber,0,0,#N/A,#N/A,,,,
,Cool Temperate | Moist | Oceania | Grains,Cool Temperate,Moist,Oceania,Grains,4.7,4.7,1.175,8.225,,,,
,Cool Temperate | Moist | Oceania | Maize,Cool Temperate,Moist,Oceania,Maize,4.7,4.7,1.175,8.225,,,,
,Cool Temperate | Moist | Oceania | Sugarcane,Cool Temperate,Moist,Oceania,Sugarcane,4.7,4.7,1.175,8.225,,,,
,Cool Temperate | Moist | Oceania | Wheat,Cool Temperate,Moist,Oceania,Wheat,4.7,4.7,1.175,8.225,,,,
,Cool Temperate | Moist | Oceania | Beans & Pulses,Cool Temperate,Moist,Oceania,Beans & Pulses,4.7,4.7,1.175,8.225,,,,
,Cool Temperate | Moist | Oceania | Tubers,Cool Temperate,Moist,Oceania,Tubers,4.7,4.7,1.175,8.225,,,,
,Cool Temperate | Moist | Oceania | Root Crops,Cool Temperate,Moist,Oceania,Root Crops,4.7,4.7,1.175,8.225,,,,
,Cool Temperate | Moist | Oceania | Barley,Cool Temperate,Moist,Oceania,Barley,4.7,4.7,1.175,8.225,,,,
,Cool Temperate | Moist | Oceania | Oats,Cool Temperate,Moist,Oceania,Oats,4.7,4.7,1.175,8.225,,,,
,Cool Temperate | Moist | Oceania | Millet,Cool Temperate,Moist,Oceania,Millet,4.7,4.7,1.175,8.225,,,,
,Cool Temperate | Moist | Oceania | Sorghum,Cool Temperate,Moist,Oceania,Sorghum,4.7,4.7,1.175,8.225,,,,
,Cool Temperate | Moist | Oceania | Rye,Cool Temperate,Moist,Oceania,Rye,4.7,4.7,1.175,8.225,,,,
,Cool Temperate | Moist | Oceania | Soybeans,Cool Temperate,Moist,Oceania,Soybeans,4.7,4.7,1.175,8.225,,,,
,Cool Temperate | Moist | Oceania | Dry Bean,Cool Temperate,Moist,Oceania,Dry Bean,4.7,4.7,1.175,8.225,,,,
,Cool Temperate | Moist | Oceania | Potatoes,Cool Temperate,Moist,Oceania,Potatoes,4.7,4.7,1.175,8.225,,,,
,Cool Temperate | Moist | Oceania | Peanuts,Cool Temperate,Moist,Oceania,Peanuts,4.7,4.7,1.175,8.225,,,,
,Cool Temperate | Moist | Oceania | Vegetables,Cool Temperate,Moist,Oceania,Vegetables,4.7,4.7,1.175,8.225,,,,
,Cool Temperate | Moist | Oceania | Oilseeds,Cool Temperate,Moist,Oceania,Oilseeds,4.7,4.7,1.175,8.225,,,,
,Cool Temperate | Moist | Oceania | Groundnuts,Cool Temperate,Moist,Oceania,Groundnuts,4.7,4.7,1.175,8.225,,,,
,Cool Temperate | Moist | Oceania | Annual Cropland,Cool Temperate,Moist,Oceania,Annual Cropland,4.7,4.7,1.175,8.225,,,,
,Cool Temperate | Moist | Oceania | Set Aside,Cool Temperate,Moist,Oceania,Set Aside,4.7,4.7,1.175,8.225,,,,
,Cool Temperate | Moist | Oceania | Flooded Rice,Cool Temperate,Moist,Oceania,Flooded Rice,4.7,4.7,1.175,8.225,,,,
,Cool Temperate | Moist | Oceania | Grassland,Cool Temperate,Moist,Oceania,Grassland,6.392,6.392,1.598,11.186,,,,
,Cool Temperate | Moist | Oceania | Other Land (Non-Vegetated),Cool Temperate,Moist,Oceania,Other Land (Non-Vegetated),0,0,#N/A,#N/A,,,,
,Cool Temperate | Moist | Oceania | Settlement,Cool Temperate,Moist,Oceania,Settlement,0,0,#N/A,#N/A,,,,
,Cool Temperate | Moist | Oceania | Agroforestry - Default,Cool Temperate,Moist,Oceania,Agroforestry - Default,1.596666667,1.596666667,0.811333333,2.382000001,,,,
,Cool Temperate | Moist | Oceania | Hedgerow,Cool Temperate,Moist,Oceania,Hedgerow,1.1,1.1,0.6737,1.5263,,,,
,Cool Temperate | Moist | Oceania | Silvoarable,Cool Temperate,Moist,Oceania,Silvoarable,1.4,1.4,0.7056,2.0944,,,,
,Cool Temperate | Moist | Oceania | Silvopasture,Cool Temperate,Moist,Oceania,Silvopasture,2.29,2.29,1.4936,3.0864,,,,
,Cool Temperate | Moist | Oceania | Other Land,Cool Temperate,Moist,Oceania,Other Land,0,0,#N/A,#N/A,,,,
,Cool Temperate | Moist | Oceania | Olive,Cool Temperate,Moist,Oceania,Olive,0.46,0.46,0.3358,0.5842,,,,
,Cool Temperate | Moist | Oceania | Orchard,Cool Temperate,Moist,Oceania,Orchard,0.43,0.43,0.2322,0.6278,,,,
,Cool Temperate | Moist | Oceania | Short Rotation Coppice,Cool Temperate,Moist,Oceania,Short Rotation Coppice,3.2,3.2,1.92,4.48,,,,
,Cool Temperate | Moist | Oceania | Tea,Cool Temperate,Moist,Oceania,Tea,0.7,0.7,0.525,0.875,,,,
,Cool Temperate | Moist | Oceania | Vine,Cool Temperate,Moist,Oceania,Vine,0.28,0.28,0.2072,0.3528,,,,
,Cool Temperate | Moist | Oceania | Oil Palm,Cool Temperate,Moist,Oceania,Oil Palm,0,0,#N/A,#N/A,,,,
,Cool Temperate | Moist | Oceania | Rubber,Cool Temperate,Moist,Oceania,Rubber,0,0,#N/A,#N/A,,,,
,Cool Temperate | Moist | North America | Grains,Cool Temperate,Moist,North America,Grains,4.7,4.7,1.175,8.225,,,,
,Cool Temperate | Moist | North America | Maize,Cool Temperate,Moist,North America,Maize,4.7,4.7,1.175,8.225,,,,
,Cool Temperate | Moist | North America | Sugarcane,Cool Temperate,Moist,North America,Sugarcane,4.7,4.7,1.175,8.225,,,,
,Cool Temperate | Moist | North America | Wheat,Cool Temperate,Moist,North America,Wheat,4.7,4.7,1.175,8.225,,,,
,Cool Temperate | Moist | North America | Beans & Pulses,Cool Temperate,Moist,North America,Beans & Pulses,4.7,4.7,1.175,8.225,,,,
,Cool Temperate | Moist | North America | Tubers,Cool Temperate,Moist,North America,Tubers,4.7,4.7,1.175,8.225,,,,
,Cool Temperate | Moist | North America | Root Crops,Cool Temperate,Moist,North America,Root Crops,4.7,4.7,1.175,8.225,,,,
,Cool Temperate | Moist | North America | Barley,Cool Temperate,Moist,North America,Barley,4.7,4.7,1.175,8.225,,,,
,Cool Temperate | Moist | North America | Oats,Cool Temperate,Moist,North America,Oats,4.7,4.7,1.175,8.225,,,,
,Cool Temperate | Moist | North America | Millet,Cool Temperate,Moist,North America,Millet,4.7,4.7,1.175,8.225,,,,
,Cool Temperate | Moist | North America | Sorghum,Cool Temperate,Moist,North America,Sorghum,4.7,4.7,1.175,8.225,,,,
,Cool Temperate | Moist | North America | Rye,Cool Temperate,Moist,North America,Rye,4.7,4.7,1.175,8.225,,,,
,Cool Temperate | Moist | North America | Soybeans,Cool Temperate,Moist,North America,Soybeans,4.7,4.7,1.175,8.225,,,,
,Cool Temperate | Moist | North America | Dry Bean,Cool Temperate,Moist,North America,Dry Bean,4.7,4.7,1.175,8.225,,,,
,Cool Temperate | Moist | North America | Potatoes,Cool Temperate,Moist,North America,Potatoes,4.7,4.7,1.175,8.225,,,,
,Cool Temperate | Moist | North America | Peanuts,Cool Temperate,Moist,North America,Peanuts,4.7,4.7,1.175,8.225,,,,
,Cool Temperate | Moist | North America | Vegetables,Cool Temperate,Moist,North America,Vegetables,4.7,4.7,1.175,8.225,,,,
,Cool Temperate | Moist | North America | Oilseeds,Cool Temperate,Moist,North America,Oilseeds,4.7,4.7,1.175,8.225,,,,
,Cool Temperate | Moist | North America | Groundnuts,Cool Temperate,Moist,North America,Groundnuts,4.7,4.7,1.175,8.225,,,,
,Cool Temperate | Moist | North America | Annual Cropland,Cool Temperate,Moist,North America,Annual Cropland,4.7,4.7,1.175,8.225,,,,
,Cool Temperate | Moist | North America | Set Aside,Cool Temperate,Moist,North America,Set Aside,4.7,4.7,1.175,8.225,,,,
,Cool Temperate | Moist | North America | Flooded Rice,Cool Temperate,Moist,North America,Flooded Rice,4.7,4.7,1.175,8.225,,,,
,Cool Temperate | Moist | North America | Grassland,Cool Temperate,Moist,North America,Grassland,6.392,6.392,1.598,11.186,,,,
,Cool Temperate | Moist | North America | Other Land (Non-Vegetated),Cool Temperate,Moist,North America,Other Land (Non-Vegetated),0,0,#N/A,#N/A,,,,
,Cool Temperate | Moist | North America | Settlement,Cool Temperate,Moist,North America,Settlement,0,0,#N/A,#N/A,,,,
,Cool Temperate | Moist | North America | Agroforestry - Default,Cool Temperate,Moist,North America,Agroforestry - Default,0.97,0.97,0.3625,1.5775,,,,
,Cool Temperate | Moist | North America | Hedgerow,Cool Temperate,Moist,North America,Hedgerow,1.1,1.1,0.6737,1.5263,,,,
,Cool Temperate | Moist | North America | Silvoarable,Cool Temperate,Moist,North America,Silvoarable,0.73,0.73,0.5589,0.9011,,,,
,Cool Temperate | Moist | North America | Silvopasture,Cool Temperate,Moist,North America,Silvopasture,1.08,1.08,0.3525,1.8075,,,,
,Cool Temperate | Moist | North America | Other Land,Cool Temperate,Moist,North America,Other Land,0,0,#N/A,#N/A,,,,
,Cool Temperate | Moist | North America | Olive,Cool Temperate,Moist,North America,Olive,0.46,0.46,0.3358,0.5842,,,,
,Cool Temperate | Moist | North America | Orchard,Cool Temperate,Moist,North America,Orchard,0.43,0.43,0.2322,0.6278,,,,
,Cool Temperate | Moist | North America | Short Rotation Coppice,Cool Temperate,Moist,North America,Short Rotation Coppice,3.2,3.2,1.92,4.48,,,,
,Cool Temperate | Moist | North America | Tea,Cool Temperate,Moist,North America,Tea,0.7,0.7,0.525,0.875,,,,
,Cool Temperate | Moist | North America | Vine,Cool Temperate,Moist,North America,Vine,0.28,0.28,0.2072,0.3528,,,,
,Cool Temperate | Moist | North America | Oil Palm,Cool Temperate,Moist,North America,Oil Palm,0,0,#N/A,#N/A,,,,
,Cool Temperate | Moist | North America | Rubber,Cool Temperate,Moist,North America,Rubber,0,0,#N/A,#N/A,,,,
,Cool Temperate | Moist | South America | Grains,Cool Temperate,Moist,South America,Grains,4.7,4.7,1.175,8.225,,,,
,Cool Temperate | Moist | South America | Maize,Cool Temperate,Moist,South America,Maize,4.7,4.7,1.175,8.225,,,,
,Cool Temperate | Moist | South America | Sugarcane,Cool Temperate,Moist,South America,Sugarcane,4.7,4.7,1.175,8.225,,,,
,Cool Temperate | Moist | South America | Wheat,Cool Temperate,Moist,South America,Wheat,4.7,4.7,1.175,8.225,,,,
,Cool Temperate | Moist | South America | Beans & Pulses,Cool Temperate,Moist,South America,Beans & Pulses,4.7,4.7,1.175,8.225,,,,
,Cool Temperate | Moist | South America | Tubers,Cool Temperate,Moist,South America,Tubers,4.7,4.7,1.175,8.225,,,,
,Cool Temperate | Moist | South America | Root Crops,Cool Temperate,Moist,South America,Root Crops,4.7,4.7,1.175,8.225,,,,
,Cool Temperate | Moist | South America | Barley,Cool Temperate,Moist,South America,Barley,4.7,4.7,1.175,8.225,,,,
,Cool Temperate | Moist | South America | Oats,Cool Temperate,Moist,South America,Oats,4.7,4.7,1.175,8.225,,,,
,Cool Temperate | Moist | South America | Millet,Cool Temperate,Moist,South America,Millet,4.7,4.7,1.175,8.225,,,,
,Cool Temperate | Moist | South America | Sorghum,Cool Temperate,Moist,South America,Sorghum,4.7,4.7,1.175,8.225,,,,
,Cool Temperate | Moist | South America | Rye,Cool Temperate,Moist,South America,Rye,4.7,4.7,1.175,8.225,,,,
,Cool Temperate | Moist | South America | Soybeans,Cool Temperate,Moist,South America,Soybeans,4.7,4.7,1.175,8.225,,,,
,Cool Temperate | Moist | South America | Dry Bean,Cool Temperate,Moist,South America,Dry Bean,4.7,4.7,1.175,8.225,,,,
,Cool Temperate | Moist | South America | Potatoes,Cool Temperate,Moist,South America,Potatoes,4.7,4.7,1.175,8.225,,,,
,Cool Temperate | Moist | South America | Peanuts,Cool Temperate,Moist,South America,Peanuts,4.7,4.7,1.175,8.225,,,,
,Cool Temperate | Moist | South America | Vegetables,Cool Temperate,Moist,South America,Vegetables,4.7,4.7,1.175,8.225,,,,
,Cool Temperate | Moist | South America | Oilseeds,Cool Temperate,Moist,South America,Oilseeds,4.7,4.7,1.175,8.225,,,,
,Cool Temperate | Moist | South America | Groundnuts,Cool Temperate,Moist,South America,Groundnuts,4.7,4.7,1.175,8.225,,,,
,Cool Temperate | Moist | South America | Annual Cropland,Cool Temperate,Moist,South America,Annual Cropland,4.7,4.7,1.175,8.225,,,,
,Cool Temperate | Moist | South America | Set Aside,Cool Temperate,Moist,South America,Set Aside,4.7,4.7,1.175,8.225,,,,
,Cool Temperate | Moist | South America | Flooded Rice,Cool Temperate,Moist,South America,Flooded Rice,4.7,4.7,1.175,8.225,,,,
,Cool Temperate | Moist | South America | Grassland,Cool Temperate,Moist,South America,Grassland,6.392,6.392,1.598,11.186,,,,
,Cool Temperate | Moist | South America | Other Land (Non-Vegetated),Cool Temperate,Moist,South America,Other Land (Non-Vegetated),0,0,#N/A,#N/A,,,,
,Cool Temperate | Moist | South America | Settlement,Cool Temperate,Moist,South America,Settlement,0,0,#N/A,#N/A,,,,
,Cool Temperate | Moist | South America | Agroforestry - Default,Cool Temperate,Moist,South America,Agroforestry - Default,1.4,1.4,0.6075,2.1925,,,,
,Cool Temperate | Moist | South America | Hedgerow,Cool Temperate,Moist,South America,Hedgerow,1.1,1.1,0.6737,1.5263,,,,
,Cool Temperate | Moist | South America | Silvoarable,Cool Temperate,Moist,South America,Silvoarable,1.4,1.4,0.7056,2.0944,,,,
,Cool Temperate | Moist | South America | Silvopasture,Cool Temperate,Moist,South America,Silvopasture,1.7,1.7,0.815,2.585,,,,
,Cool Temperate | Moist | South America | Other Land,Cool Temperate,Moist,South America,Other Land,0,0,#N/A,#N/A,,,,
,Cool Temperate | Moist | South America | Olive,Cool Temperate,Moist,South America,Olive,0.46,0.46,0.3358,0.5842,,,,
,Cool Temperate | Moist | South America | Orchard,Cool Temperate,Moist,South America,Orchard,0.43,0.43,0.2322,0.6278,,,,
,Cool Temperate | Moist | South America | Short Rotation Coppice,Cool Temperate,Moist,South America,Short Rotation Coppice,3.2,3.2,1.92,4.48,,,,
,Cool Temperate | Moist | South America | Tea,Cool Temperate,Moist,South America,Tea,0.7,0.7,0.525,0.875,,,,
,Cool Temperate | Moist | South America | Vine,Cool Temperate,Moist,South America,Vine,0.28,0.28,0.2072,0.3528,,,,
,Cool Temperate | Moist | South America | Oil Palm,Cool Temperate,Moist,South America,Oil Palm,0,0,#N/A,#N/A,,,,
,Cool Temperate | Moist | South America | Rubber,Cool Temperate,Moist,South America,Rubber,0,0,#N/A,#N/A,,,,
,Cool Temperate | Moist | Central America | Grains,Cool Temperate,Moist,Central America,Grains,4.7,4.7,1.175,8.225,,,,
,Cool Temperate | Moist | Central America | Maize,Cool Temperate,Moist,Central America,Maize,4.7,4.7,1.175,8.225,,,,
,Cool Temperate | Moist | Central America | Sugarcane,Cool Temperate,Moist,Central America,Sugarcane,4.7,4.7,1.175,8.225,,,,
,Cool Temperate | Moist | Central America | Wheat,Cool Temperate,Moist,Central America,Wheat,4.7,4.7,1.175,8.225,,,,
,Cool Temperate | Moist | Central America | Beans & Pulses,Cool Temperate,Moist,Central America,Beans & Pulses,4.7,4.7,1.175,8.225,,,,
,Cool Temperate | Moist | Central America | Tubers,Cool Temperate,Moist,Central America,Tubers,4.7,4.7,1.175,8.225,,,,
,Cool Temperate | Moist | Central America | Root Crops,Cool Temperate,Moist,Central America,Root Crops,4.7,4.7,1.175,8.225,,,,
,Cool Temperate | Moist | Central America | Barley,Cool Temperate,Moist,Central America,Barley,4.7,4.7,1.175,8.225,,,,
,Cool Temperate | Moist | Central America | Oats,Cool Temperate,Moist,Central America,Oats,4.7,4.7,1.175,8.225,,,,
,Cool Temperate | Moist | Central America | Millet,Cool Temperate,Moist,Central America,Millet,4.7,4.7,1.175,8.225,,,,
,Cool Temperate | Moist | Central America | Sorghum,Cool Temperate,Moist,Central America,Sorghum,4.7,4.7,1.175,8.225,,,,
,Cool Temperate | Moist | Central America | Rye,Cool Temperate,Moist,Central America,Rye,4.7,4.7,1.175,8.225,,,,
,Cool Temperate | Moist | Central America | Soybeans,Cool Temperate,Moist,Central America,Soybeans,4.7,4.7,1.175,8.225,,,,
,Cool Temperate | Moist | Central America | Dry Bean,Cool Temperate,Moist,Central America,Dry Bean,4.7,4.7,1.175,8.225,,,,
,Cool Temperate | Moist | Central America | Potatoes,Cool Temperate,Moist,Central America,Potatoes,4.7,4.7,1.175,8.225,,,,
,Cool Temperate | Moist | Central America | Peanuts,Cool Temperate,Moist,Central America,Peanuts,4.7,4.7,1.175,8.225,,,,
,Cool Temperate | Moist | Central America | Vegetables,Cool Temperate,Moist,Central America,Vegetables,4.7,4.7,1.175,8.225,,,,
,Cool Temperate | Moist | Central America | Oilseeds,Cool Temperate,Moist,Central America,Oilseeds,4.7,4.7,1.175,8.225,,,,
,Cool Temperate | Moist | Central America | Groundnuts,Cool Temperate,Moist,Central America,Groundnuts,4.7,4.7,1.175,8.225,,,,
,Cool Temperate | Moist | Central America | Annual Cropland,Cool Temperate,Moist,Central America,Annual Cropland,4.7,4.7,1.175,8.225,,,,
,Cool Temperate | Moist | Central America | Set Aside,Cool Temperate,Moist,Central America,Set Aside,4.7,4.7,1.175,8.225,,,,
,Cool Temperate | Moist | Central America | Flooded Rice,Cool Temperate,Moist,Central America,Flooded Rice,4.7,4.7,1.175,8.225,,,,
,Cool Temperate | Moist | Central America | Grassland,Cool Temperate,Moist,Central America,Grassland,6.392,6.392,1.598,11.186,,,,
,Cool Temperate | Moist | Central America | Other Land (Non-Vegetated),Cool Temperate,Moist,Central America,Other Land (Non-Vegetated),0,0,#N/A,#N/A,,,,
,Cool Temperate | Moist | Central America | Settlement,Cool Temperate,Moist,Central America,Settlement,0,0,#N/A,#N/A,,,,
,Cool Temperate | Moist | Central America | Agroforestry - Default,Cool Temperate,Moist,Central America,Agroforestry - Default,1.4,1.4,0.6075,2.1925,,,,
,Cool Temperate | Moist | Central America | Hedgerow,Cool Temperate,Moist,Central America,Hedgerow,1.1,1.1,0.6737,1.5263,,,,
,Cool Temperate | Moist | Central America | Silvoarable,Cool Temperate,Moist,Central America,Silvoarable,1.4,1.4,0.7056,2.0944,,,,
,Cool Temperate | Moist | Central America | Silvopasture,Cool Temperate,Moist,Central America,Silvopasture,1.7,1.7,0.815,2.585,,,,
,Cool Temperate | Moist | Central America | Other Land,Cool Temperate,Moist,Central America,Other Land,0,0,#N/A,#N/A,,,,
,Cool Temperate | Moist | Central America | Olive,Cool Temperate,Moist,Central America,Olive,0.46,0.46,0.3358,0.5842,,,,
,Cool Temperate | Moist | Central America | Orchard,Cool Temperate,Moist,Central America,Orchard,0.43,0.43,0.2322,0.6278,,,,
,Cool Temperate | Moist | Central America | Short Rotation Coppice,Cool Temperate,Moist,Central America,Short Rotation Coppice,3.2,3.2,1.92,4.48,,,,
,Cool Temperate | Moist | Central America | Tea,Cool Temperate,Moist,Central America,Tea,0.7,0.7,0.525,0.875,,,,
,Cool Temperate | Moist | Central America | Vine,Cool Temperate,Moist,Central America,Vine,0.28,0.28,0.2072,0.3528,,,,
,Cool Temperate | Moist | Central America | Oil Palm,Cool Temperate,Moist,Central America,Oil Palm,0,0,#N/A,#N/A,,,,
,Cool Temperate | Moist | Central America | Rubber,Cool Temperate,Moist,Central America,Rubber,0,0,#N/A,#N/A,,,,
,Cool Temperate | Moist | Caribbean | Grains,Cool Temperate,Moist,Caribbean,Grains,4.7,4.7,1.175,8.225,,,,
,Cool Temperate | Moist | Caribbean | Maize,Cool Temperate,Moist,Caribbean,Maize,4.7,4.7,1.175,8.225,,,,
,Cool Temperate | Moist | Caribbean | Sugarcane,Cool Temperate,Moist,Caribbean,Sugarcane,4.7,4.7,1.175,8.225,,,,
,Cool Temperate | Moist | Caribbean | Wheat,Cool Temperate,Moist,Caribbean,Wheat,4.7,4.7,1.175,8.225,,,,
,Cool Temperate | Moist | Caribbean | Beans & Pulses,Cool Temperate,Moist,Caribbean,Beans & Pulses,4.7,4.7,1.175,8.225,,,,
,Cool Temperate | Moist | Caribbean | Tubers,Cool Temperate,Moist,Caribbean,Tubers,4.7,4.7,1.175,8.225,,,,
,Cool Temperate | Moist | Caribbean | Root Crops,Cool Temperate,Moist,Caribbean,Root Crops,4.7,4.7,1.175,8.225,,,,
,Cool Temperate | Moist | Caribbean | Barley,Cool Temperate,Moist,Caribbean,Barley,4.7,4.7,1.175,8.225,,,,
,Cool Temperate | Moist | Caribbean | Oats,Cool Temperate,Moist,Caribbean,Oats,4.7,4.7,1.175,8.225,,,,
,Cool Temperate | Moist | Caribbean | Millet,Cool Temperate,Moist,Caribbean,Millet,4.7,4.7,1.175,8.225,,,,
,Cool Temperate | Moist | Caribbean | Sorghum,Cool Temperate,Moist,Caribbean,Sorghum,4.7,4.7,1.175,8.225,,,,
,Cool Temperate | Moist | Caribbean | Rye,Cool Temperate,Moist,Caribbean,Rye,4.7,4.7,1.175,8.225,,,,
,Cool Temperate | Moist | Caribbean | Soybeans,Cool Temperate,Moist,Caribbean,Soybeans,4.7,4.7,1.175,8.225,,,,
,Cool Temperate | Moist | Caribbean | Dry Bean,Cool Temperate,Moist,Caribbean,Dry Bean,4.7,4.7,1.175,8.225,,,,
,Cool Temperate | Moist | Caribbean | Potatoes,Cool Temperate,Moist,Caribbean,Potatoes,4.7,4.7,1.175,8.225,,,,
,Cool Temperate | Moist | Caribbean | Peanuts,Cool Temperate,Moist,Caribbean,Peanuts,4.7,4.7,1.175,8.225,,,,
,Cool Temperate | Moist | Caribbean | Vegetables,Cool Temperate,Moist,Caribbean,Vegetables,4.7,4.7,1.175,8.225,,,,
,Cool Temperate | Moist | Caribbean | Oilseeds,Cool Temperate,Moist,Caribbean,Oilseeds,4.7,4.7,1.175,8.225,,,,
,Cool Temperate | Moist | Caribbean | Groundnuts,Cool Temperate,Moist,Caribbean,Groundnuts,4.7,4.7,1.175,8.225,,,,
,Cool Temperate | Moist | Caribbean | Annual Cropland,Cool Temperate,Moist,Caribbean,Annual Cropland,4.7,4.7,1.175,8.225,,,,
,Cool Temperate | Moist | Caribbean | Set Aside,Cool Temperate,Moist,Caribbean,Set Aside,4.7,4.7,1.175,8.225,,,,
,Cool Temperate | Moist | Caribbean | Flooded Rice,Cool Temperate,Moist,Caribbean,Flooded Rice,4.7,4.7,1.175,8.225,,,,
,Cool Temperate | Moist | Caribbean | Grassland,Cool Temperate,Moist,Caribbean,Grassland,6.392,6.392,1.598,11.186,,,,
,Cool Temperate | Moist | Caribbean | Other Land (Non-Vegetated),Cool Temperate,Moist,Caribbean,Other Land (Non-Vegetated),0,0,#N/A,#N/A,,,,
,Cool Temperate | Moist | Caribbean | Settlement,Cool Temperate,Moist,Caribbean,Settlement,0,0,#N/A,#N/A,,,,
,Cool Temperate | Moist | Caribbean | Agroforestry - Default,Cool Temperate,Moist,Caribbean,Agroforestry - Default,1.4,1.4,0.6075,2.1925,,,,
,Cool Temperate | Moist | Caribbean | Hedgerow,Cool Temperate,Moist,Caribbean,Hedgerow,1.1,1.1,0.6737,1.5263,,,,
,Cool Temperate | Moist | Caribbean | Silvoarable,Cool Temperate,Moist,Caribbean,Silvoarable,1.4,1.4,0.7056,2.0944,,,,
,Cool Temperate | Moist | Caribbean | Silvopasture,Cool Temperate,Moist,Caribbean,Silvopasture,1.7,1.7,0.815,2.585,,,,
,Cool Temperate | Moist | Caribbean | Other Land,Cool Temperate,Moist,Caribbean,Other Land,0,0,#N/A,#N/A,,,,
,Cool Temperate | Moist | Caribbean | Olive,Cool Temperate,Moist,Caribbean,Olive,0.46,0.46,0.3358,0.5842,,,,
,Cool Temperate | Moist | Caribbean | Orchard,Cool Temperate,Moist,Caribbean,Orchard,0.43,0.43,0.2322,0.6278,,,,
,Cool Temperate | Moist | Caribbean | Short Rotation Coppice,Cool Temperate,Moist,Caribbean,Short Rotation Coppice,3.2,3.2,1.92,4.48,,,,
,Cool Temperate | Moist | Caribbean | Tea,Cool Temperate,Moist,Caribbean,Tea,0.7,0.7,0.525,0.875,,,,
,Cool Temperate | Moist | Caribbean | Vine,Cool Temperate,Moist,Caribbean,Vine,0.28,0.28,0.2072,0.3528,,,,
,Cool Temperate | Moist | Caribbean | Oil Palm,Cool Temperate,Moist,Caribbean,Oil Palm,0,0,#N/A,#N/A,,,,
,Cool Temperate | Moist | Caribbean | Rubber,Cool Temperate,Moist,Caribbean,Rubber,0,0,#N/A,#N/A,,,,
,Warm Temperate | Dry | Eastern Africa | Grains,Warm Temperate,Dry,Eastern Africa,Grains,4.7,4.7,1.175,8.225,,,,
,Warm Temperate | Dry | Eastern Africa | Maize,Warm Temperate,Dry,Eastern Africa,Maize,4.7,4.7,1.175,8.225,,,,
,Warm Temperate | Dry | Eastern Africa | Sugarcane,Warm Temperate,Dry,Eastern Africa,Sugarcane,4.7,4.7,1.175,8.225,,,,
,Warm Temperate | Dry | Eastern Africa | Wheat,Warm Temperate,Dry,Eastern Africa,Wheat,4.7,4.7,1.175,8.225,,,,
,Warm Temperate | Dry | Eastern Africa | Beans & Pulses,Warm Temperate,Dry,Eastern Africa,Beans & Pulses,4.7,4.7,1.175,8.225,,,,
,Warm Temperate | Dry | Eastern Africa | Tubers,Warm Temperate,Dry,Eastern Africa,Tubers,4.7,4.7,1.175,8.225,,,,
,Warm Temperate | Dry | Eastern Africa | Root Crops,Warm Temperate,Dry,Eastern Africa,Root Crops,4.7,4.7,1.175,8.225,,,,
,Warm Temperate | Dry | Eastern Africa | Barley,Warm Temperate,Dry,Eastern Africa,Barley,4.7,4.7,1.175,8.225,,,,
,Warm Temperate | Dry | Eastern Africa | Oats,Warm Temperate,Dry,Eastern Africa,Oats,4.7,4.7,1.175,8.225,,,,
,Warm Temperate | Dry | Eastern Africa | Millet,Warm Temperate,Dry,Eastern Africa,Millet,4.7,4.7,1.175,8.225,,,,
,Warm Temperate | Dry | Eastern Africa | Sorghum,Warm Temperate,Dry,Eastern Africa,Sorghum,4.7,4.7,1.175,8.225,,,,
,Warm Temperate | Dry | Eastern Africa | Rye,Warm Temperate,Dry,Eastern Africa,Rye,4.7,4.7,1.175,8.225,,,,
,Warm Temperate | Dry | Eastern Africa | Soybeans,Warm Temperate,Dry,Eastern Africa,Soybeans,4.7,4.7,1.175,8.225,,,,
,Warm Temperate | Dry | Eastern Africa | Dry Bean,Warm Temperate,Dry,Eastern Africa,Dry Bean,4.7,4.7,1.175,8.225,,,,
,Warm Temperate | Dry | Eastern Africa | Potatoes,Warm Temperate,Dry,Eastern Africa,Potatoes,4.7,4.7,1.175,8.225,,,,
,Warm Temperate | Dry | Eastern Africa | Peanuts,Warm Temperate,Dry,Eastern Africa,Peanuts,4.7,4.7,1.175,8.225,,,,
,Warm Temperate | Dry | Eastern Africa | Vegetables,Warm Temperate,Dry,Eastern Africa,Vegetables,4.7,4.7,1.175,8.225,,,,
,Warm Temperate | Dry | Eastern Africa | Oilseeds,Warm Temperate,Dry,Eastern Africa,Oilseeds,4.7,4.7,1.175,8.225,,,,
,Warm Temperate | Dry | Eastern Africa | Groundnuts,Warm Temperate,Dry,Eastern Africa,Groundnuts,4.7,4.7,1.175,8.225,,,,
,Warm Temperate | Dry | Eastern Africa | Annual Cropland,Warm Temperate,Dry,Eastern Africa,Annual Cropland,4.7,4.7,1.175,8.225,,,,
,Warm Temperate | Dry | Eastern Africa | Set Aside,Warm Temperate,Dry,Eastern Africa,Set Aside,4.7,4.7,1.175,8.225,,,,
,Warm Temperate | Dry | Eastern Africa | Flooded Rice,Warm Temperate,Dry,Eastern Africa,Flooded Rice,4.7,4.7,1.175,8.225,,,,
,Warm Temperate | Dry | Eastern Africa | Grassland,Warm Temperate,Dry,Eastern Africa,Grassland,2.867,2.867,0.71675,5.01725,,,,
,Warm Temperate | Dry | Eastern Africa | Other Land (Non-Vegetated),Warm Temperate,Dry,Eastern Africa,Other Land (Non-Vegetated),0,0,#N/A,#N/A,,,,
,Warm Temperate | Dry | Eastern Africa | Settlement,Warm Temperate,Dry,Eastern Africa,Settlement,0,0,#N/A,#N/A,,,,
,Warm Temperate | Dry | Eastern Africa | Agroforestry - Default,Warm Temperate,Dry,Eastern Africa,Agroforestry - Default,1.756666667,1.756666667,1.016866667,2.496466667,,,,
,Warm Temperate | Dry | Eastern Africa | Hedgerow,Warm Temperate,Dry,Eastern Africa,Hedgerow,1.1,1.1,0.6737,1.5263,,,,
,Warm Temperate | Dry | Eastern Africa | Silvoarable,Warm Temperate,Dry,Eastern Africa,Silvoarable,1.14,1.14,0.6486,1.6314,,,,
,Warm Temperate | Dry | Eastern Africa | Silvopasture,Warm Temperate,Dry,Eastern Africa,Silvopasture,3.03,3.03,1.8184,4.2416,,,,
,Warm Temperate | Dry | Eastern Africa | Other Land,Warm Temperate,Dry,Eastern Africa,Other Land,0,0,#N/A,#N/A,,,,
,Warm Temperate | Dry | Eastern Africa | Olive,Warm Temperate,Dry,Eastern Africa,Olive,0.46,0.46,0.3358,0.5842,,,,
,Warm Temperate | Dry | Eastern Africa | Orchard,Warm Temperate,Dry,Eastern Africa,Orchard,0.43,0.43,0.2322,0.6278,,,,
,Warm Temperate | Dry | Eastern Africa | Short Rotation Coppice,Warm Temperate,Dry,Eastern Africa,Short Rotation Coppice,3.2,3.2,1.92,4.48,,,,
,Warm Temperate | Dry | Eastern Africa | Tea,Warm Temperate,Dry,Eastern Africa,Tea,0.7,0.7,0.525,0.875,,,,
,Warm Temperate | Dry | Eastern Africa | Vine,Warm Temperate,Dry,Eastern Africa,Vine,0.28,0.28,0.2072,0.3528,,,,
,Warm Temperate | Dry | Eastern Africa | Oil Palm,Warm Temperate,Dry,Eastern Africa,Oil Palm,0,0,#N/A,#N/A,,,,
,Warm Temperate | Dry | Eastern Africa | Rubber,Warm Temperate,Dry,Eastern Africa,Rubber,0,0,#N/A,#N/A,,,,
,Warm Temperate | Dry | Central Africa | Grains,Warm Temperate,Dry,Central Africa,Grains,4.7,4.7,1.175,8.225,,,,
,Warm Temperate | Dry | Central Africa | Maize,Warm Temperate,Dry,Central Africa,Maize,4.7,4.7,1.175,8.225,,,,
,Warm Temperate | Dry | Central Africa | Sugarcane,Warm Temperate,Dry,Central Africa,Sugarcane,4.7,4.7,1.175,8.225,,,,
,Warm Temperate | Dry | Central Africa | Wheat,Warm Temperate,Dry,Central Africa,Wheat,4.7,4.7,1.175,8.225,,,,
,Warm Temperate | Dry | Central Africa | Beans & Pulses,Warm Temperate,Dry,Central Africa,Beans & Pulses,4.7,4.7,1.175,8.225,,,,
,Warm Temperate | Dry | Central Africa | Tubers,Warm Temperate,Dry,Central Africa,Tubers,4.7,4.7,1.175,8.225,,,,
,Warm Temperate | Dry | Central Africa | Root Crops,Warm Temperate,Dry,Central Africa,Root Crops,4.7,4.7,1.175,8.225,,,,
,Warm Temperate | Dry | Central Africa | Barley,Warm Temperate,Dry,Central Africa,Barley,4.7,4.7,1.175,8.225,,,,
,Warm Temperate | Dry | Central Africa | Oats,Warm Temperate,Dry,Central Africa,Oats,4.7,4.7,1.175,8.225,,,,
,Warm Temperate | Dry | Central Africa | Millet,Warm Temperate,Dry,Central Africa,Millet,4.7,4.7,1.175,8.225,,,,
,Warm Temperate | Dry | Central Africa | Sorghum,Warm Temperate,Dry,Central Africa,Sorghum,4.7,4.7,1.175,8.225,,,,
,Warm Temperate | Dry | Central Africa | Rye,Warm Temperate,Dry,Central Africa,Rye,4.7,4.7,1.175,8.225,,,,
,Warm Temperate | Dry | Central Africa | Soybeans,Warm Temperate,Dry,Central Africa,Soybeans,4.7,4.7,1.175,8.225,,,,
,Warm Temperate | Dry | Central Africa | Dry Bean,Warm Temperate,Dry,Central Africa,Dry Bean,4.7,4.7,1.175,8.225,,,,
,Warm Temperate | Dry | Central Africa | Potatoes,Warm Temperate,Dry,Central Africa,Potatoes,4.7,4.7,1.175,8.225,,,,
,Warm Temperate | Dry | Central Africa | Peanuts,Warm Temperate,Dry,Central Africa,Peanuts,4.7,4.7,1.175,8.225,,,,
,Warm Temperate | Dry | Central Africa | Vegetables,Warm Temperate,Dry,Central Africa,Vegetables,4.7,4.7,1.175,8.225,,,,
,Warm Temperate | Dry | Central Africa | Oilseeds,Warm Temperate,Dry,Central Africa,Oilseeds,4.7,4.7,1.175,8.225,,,,
,Warm Temperate | Dry | Central Africa | Groundnuts,Warm Temperate,Dry,Central Africa,Groundnuts,4.7,4.7,1.175,8.225,,,,
,Warm Temperate | Dry | Central Africa | Annual Cropland,Warm Temperate,Dry,Central Africa,Annual Cropland,4.7,4.7,1.175,8.225,,,,
,Warm Temperate | Dry | Central Africa | Set Aside,Warm Temperate,Dry,Central Africa,Set Aside,4.7,4.7,1.175,8.225,,,,
,Warm Temperate | Dry | Central Africa | Flooded Rice,Warm Temperate,Dry,Central Africa,Flooded Rice,4.7,4.7,1.175,8.225,,,,
,Warm Temperate | Dry | Central Africa | Grassland,Warm Temperate,Dry,Central Africa,Grassland,2.867,2.867,0.71675,5.01725,,,,
,Warm Temperate | Dry | Central Africa | Other Land (Non-Vegetated),Warm Temperate,Dry,Central Africa,Other Land (Non-Vegetated),0,0,#N/A,#N/A,,,,
,Warm Temperate | Dry | Central Africa | Settlement,Warm Temperate,Dry,Central Africa,Settlement,0,0,#N/A,#N/A,,,,
,Warm Temperate | Dry | Central Africa | Agroforestry - Default,Warm Temperate,Dry,Central Africa,Agroforestry - Default,1.756666667,1.756666667,1.016866667,2.496466667,,,,
,Warm Temperate | Dry | Central Africa | Hedgerow,Warm Temperate,Dry,Central Africa,Hedgerow,1.1,1.1,0.6737,1.5263,,,,
,Warm Temperate | Dry | Central Africa | Silvoarable,Warm Temperate,Dry,Central Africa,Silvoarable,1.14,1.14,0.6486,1.6314,,,,
,Warm Temperate | Dry | Central Africa | Silvopasture,Warm Temperate,Dry,Central Africa,Silvopasture,3.03,3.03,1.8184,4.2416,,,,
,Warm Temperate | Dry | Central Africa | Other Land,Warm Temperate,Dry,Central Africa,Other Land,0,0,#N/A,#N/A,,,,
,Warm Temperate | Dry | Central Africa | Olive,Warm Temperate,Dry,Central Africa,Olive,0.46,0.46,0.3358,0.5842,,,,
,Warm Temperate | Dry | Central Africa | Orchard,Warm Temperate,Dry,Central Africa,Orchard,0.43,0.43,0.2322,0.6278,,,,
,Warm Temperate | Dry | Central Africa | Short Rotation Coppice,Warm Temperate,Dry,Central Africa,Short Rotation Coppice,3.2,3.2,1.92,4.48,,,,
,Warm Temperate | Dry | Central Africa | Tea,Warm Temperate,Dry,Central Africa,Tea,0.7,0.7,0.525,0.875,,,,
,Warm Temperate | Dry | Central Africa | Vine,Warm Temperate,Dry,Central Africa,Vine,0.28,0.28,0.2072,0.3528,,,,
,Warm Temperate | Dry | Central Africa | Oil Palm,Warm Temperate,Dry,Central Africa,Oil Palm,0,0,#N/A,#N/A,,,,
,Warm Temperate | Dry | Central Africa | Rubber,Warm Temperate,Dry,Central Africa,Rubber,0,0,#N/A,#N/A,,,,
,Warm Temperate | Dry | Northern Africa | Grains,Warm Temperate,Dry,Northern Africa,Grains,4.7,4.7,1.175,8.225,,,,
,Warm Temperate | Dry | Northern Africa | Maize,Warm Temperate,Dry,Northern Africa,Maize,4.7,4.7,1.175,8.225,,,,
,Warm Temperate | Dry | Northern Africa | Sugarcane,Warm Temperate,Dry,Northern Africa,Sugarcane,4.7,4.7,1.175,8.225,,,,
,Warm Temperate | Dry | Northern Africa | Wheat,Warm Temperate,Dry,Northern Africa,Wheat,4.7,4.7,1.175,8.225,,,,
,Warm Temperate | Dry | Northern Africa | Beans & Pulses,Warm Temperate,Dry,Northern Africa,Beans & Pulses,4.7,4.7,1.175,8.225,,,,
,Warm Temperate | Dry | Northern Africa | Tubers,Warm Temperate,Dry,Northern Africa,Tubers,4.7,4.7,1.175,8.225,,,,
,Warm Temperate | Dry | Northern Africa | Root Crops,Warm Temperate,Dry,Northern Africa,Root Crops,4.7,4.7,1.175,8.225,,,,
,Warm Temperate | Dry | Northern Africa | Barley,Warm Temperate,Dry,Northern Africa,Barley,4.7,4.7,1.175,8.225,,,,
,Warm Temperate | Dry | Northern Africa | Oats,Warm Temperate,Dry,Northern Africa,Oats,4.7,4.7,1.175,8.225,,,,
,Warm Temperate | Dry | Northern Africa | Millet,Warm Temperate,Dry,Northern Africa,Millet,4.7,4.7,1.175,8.225,,,,
,Warm Temperate | Dry | Northern Africa | Sorghum,Warm Temperate,Dry,Northern Africa,Sorghum,4.7,4.7,1.175,8.225,,,,
,Warm Temperate | Dry | Northern Africa | Rye,Warm Temperate,Dry,Northern Africa,Rye,4.7,4.7,1.175,8.225,,,,
,Warm Temperate | Dry | Northern Africa | Soybeans,Warm Temperate,Dry,Northern Africa,Soybeans,4.7,4.7,1.175,8.225,,,,
,Warm Temperate | Dry | Northern Africa | Dry Bean,Warm Temperate,Dry,Northern Africa,Dry Bean,4.7,4.7,1.175,8.225,,,,
,Warm Temperate | Dry | Northern Africa | Potatoes,Warm Temperate,Dry,Northern Africa,Potatoes,4.7,4.7,1.175,8.225,,,,
,Warm Temperate | Dry | Northern Africa | Peanuts,Warm Temperate,Dry,Northern Africa,Peanuts,4.7,4.7,1.175,8.225,,,,
,Warm Temperate | Dry | Northern Africa | Vegetables,Warm Temperate,Dry,Northern Africa,Vegetables,4.7,4.7,1.175,8.225,,,,
,Warm Temperate | Dry | Northern Africa | Oilseeds,Warm Temperate,Dry,Northern Africa,Oilseeds,4.7,4.7,1.175,8.225,,,,
,Warm Temperate | Dry | Northern Africa | Groundnuts,Warm Temperate,Dry,Northern Africa,Groundnuts,4.7,4.7,1.175,8.225,,,,
,Warm Temperate | Dry | Northern Africa | Annual Cropland,Warm Temperate,Dry,Northern Africa,Annual Cropland,4.7,4.7,1.175,8.225,,,,
,Warm Temperate | Dry | Northern Africa | Set Aside,Warm Temperate,Dry,Northern Africa,Set Aside,4.7,4.7,1.175,8.225,,,,
,Warm Temperate | Dry | Northern Africa | Flooded Rice,Warm Temperate,Dry,Northern Africa,Flooded Rice,4.7,4.7,1.175,8.225,,,,
,Warm Temperate | Dry | Northern Africa | Grassland,Warm Temperate,Dry,Northern Africa,Grassland,2.867,2.867,0.71675,5.01725,,,,
,Warm Temperate | Dry | Northern Africa | Other Land (Non-Vegetated),Warm Temperate,Dry,Northern Africa,Other Land (Non-Vegetated),0,0,#N/A,#N/A,,,,
,Warm Temperate | Dry | Northern Africa | Settlement,Warm Temperate,Dry,Northern Africa,Settlement,0,0,#N/A,#N/A,,,,
,Warm Temperate | Dry | Northern Africa | Agroforestry - Default,Warm Temperate,Dry,Northern Africa,Agroforestry - Default,1.756666667,1.756666667,1.016866667,2.496466667,,,,
,Warm Temperate | Dry | Northern Africa | Hedgerow,Warm Temperate,Dry,Northern Africa,Hedgerow,1.1,1.1,0.6737,1.5263,,,,
,Warm Temperate | Dry | Northern Africa | Silvoarable,Warm Temperate,Dry,Northern Africa,Silvoarable,1.14,1.14,0.6486,1.6314,,,,
,Warm Temperate | Dry | Northern Africa | Silvopasture,Warm Temperate,Dry,Northern Africa,Silvopasture,3.03,3.03,1.8184,4.2416,,,,
,Warm Temperate | Dry | Northern Africa | Other Land,Warm Temperate,Dry,Northern Africa,Other Land,0,0,#N/A,#N/A,,,,
,Warm Temperate | Dry | Northern Africa | Olive,Warm Temperate,Dry,Northern Africa,Olive,0.46,0.46,0.3358,0.5842,,,,
,Warm Temperate | Dry | Northern Africa | Orchard,Warm Temperate,Dry,Northern Africa,Orchard,0.43,0.43,0.2322,0.6278,,,,
,Warm Temperate | Dry | Northern Africa | Short Rotation Coppice,Warm Temperate,Dry,Northern Africa,Short Rotation Coppice,3.2,3.2,1.92,4.48,,,,
,Warm Temperate | Dry | Northern Africa | Tea,Warm Temperate,Dry,Northern Africa,Tea,0.7,0.7,0.525,0.875,,,,
,Warm Temperate | Dry | Northern Africa | Vine,Warm Temperate,Dry,Northern Africa,Vine,0.28,0.28,0.2072,0.3528,,,,
,Warm Temperate | Dry | Northern Africa | Oil Palm,Warm Temperate,Dry,Northern Africa,Oil Palm,0,0,#N/A,#N/A,,,,
,Warm Temperate | Dry | Northern Africa | Rubber,Warm Temperate,Dry,Northern Africa,Rubber,0,0,#N/A,#N/A,,,,
,Warm Temperate | Dry | Southern Africa | Grains,Warm Temperate,Dry,Southern Africa,Grains,4.7,4.7,1.175,8.225,,,,
,Warm Temperate | Dry | Southern Africa | Maize,Warm Temperate,Dry,Southern Africa,Maize,4.7,4.7,1.175,8.225,,,,
,Warm Temperate | Dry | Southern Africa | Sugarcane,Warm Temperate,Dry,Southern Africa,Sugarcane,4.7,4.7,1.175,8.225,,,,
,Warm Temperate | Dry | Southern Africa | Wheat,Warm Temperate,Dry,Southern Africa,Wheat,4.7,4.7,1.175,8.225,,,,
,Warm Temperate | Dry | Southern Africa | Beans & Pulses,Warm Temperate,Dry,Southern Africa,Beans & Pulses,4.7,4.7,1.175,8.225,,,,
,Warm Temperate | Dry | Southern Africa | Tubers,Warm Temperate,Dry,Southern Africa,Tubers,4.7,4.7,1.175,8.225,,,,
,Warm Temperate | Dry | Southern Africa | Root Crops,Warm Temperate,Dry,Southern Africa,Root Crops,4.7,4.7,1.175,8.225,,,,
,Warm Temperate | Dry | Southern Africa | Barley,Warm Temperate,Dry,Southern Africa,Barley,4.7,4.7,1.175,8.225,,,,
,Warm Temperate | Dry | Southern Africa | Oats,Warm Temperate,Dry,Southern Africa,Oats,4.7,4.7,1.175,8.225,,,,
,Warm Temperate | Dry | Southern Africa | Millet,Warm Temperate,Dry,Southern Africa,Millet,4.7,4.7,1.175,8.225,,,,
,Warm Temperate | Dry | Southern Africa | Sorghum,Warm Temperate,Dry,Southern Africa,Sorghum,4.7,4.7,1.175,8.225,,,,
,Warm Temperate | Dry | Southern Africa | Rye,Warm Temperate,Dry,Southern Africa,Rye,4.7,4.7,1.175,8.225,,,,
,Warm Temperate | Dry | Southern Africa | Soybeans,Warm Temperate,Dry,Southern Africa,Soybeans,4.7,4.7,1.175,8.225,,,,
,Warm Temperate | Dry | Southern Africa | Dry Bean,Warm Temperate,Dry,Southern Africa,Dry Bean,4.7,4.7,1.175,8.225,,,,
,Warm Temperate | Dry | Southern Africa | Potatoes,Warm Temperate,Dry,Southern Africa,Potatoes,4.7,4.7,1.175,8.225,,,,
,Warm Temperate | Dry | Southern Africa | Peanuts,Warm Temperate,Dry,Southern Africa,Peanuts,4.7,4.7,1.175,8.225,,,,
,Warm Temperate | Dry | Southern Africa | Vegetables,Warm Temperate,Dry,Southern Africa,Vegetables,4.7,4.7,1.175,8.225,,,,
,Warm Temperate | Dry | Southern Africa | Oilseeds,Warm Temperate,Dry,Southern Africa,Oilseeds,4.7,4.7,1.175,8.225,,,,
,Warm Temperate | Dry | Southern Africa | Groundnuts,Warm Temperate,Dry,Southern Africa,Groundnuts,4.7,4.7,1.175,8.225,,,,
,Warm Temperate | Dry | Southern Africa | Annual Cropland,Warm Temperate,Dry,Southern Africa,Annual Cropland,4.7,4.7,1.175,8.225,,,,
,Warm Temperate | Dry | Southern Africa | Set Aside,Warm Temperate,Dry,Southern Africa,Set Aside,4.7,4.7,1.175,8.225,,,,
,Warm Temperate | Dry | Southern Africa | Flooded Rice,Warm Temperate,Dry,Southern Africa,Flooded Rice,4.7,4.7,1.175,8.225,,,,
,Warm Temperate | Dry | Southern Africa | Grassland,Warm Temperate,Dry,Southern Africa,Grassland,2.867,2.867,0.71675,5.01725,,,,
,Warm Temperate | Dry | Southern Africa | Other Land (Non-Vegetated),Warm Temperate,Dry,Southern Africa,Other Land (Non-Vegetated),0,0,#N/A,#N/A,,,,
,Warm Temperate | Dry | Southern Africa | Settlement,Warm Temperate,Dry,Southern Africa,Settlement,0,0,#N/A,#N/A,,,,
,Warm Temperate | Dry | Southern Africa | Agroforestry - Default,Warm Temperate,Dry,Southern Africa,Agroforestry - Default,1.756666667,1.756666667,1.016866667,2.496466667,,,,
,Warm Temperate | Dry | Southern Africa | Hedgerow,Warm Temperate,Dry,Southern Africa,Hedgerow,1.1,1.1,0.6737,1.5263,,,,
,Warm Temperate | Dry | Southern Africa | Silvoarable,Warm Temperate,Dry,Southern Africa,Silvoarable,1.14,1.14,0.6486,1.6314,,,,
,Warm Temperate | Dry | Southern Africa | Silvopasture,Warm Temperate,Dry,Southern Africa,Silvopasture,3.03,3.03,1.8184,4.2416,,,,
,Warm Temperate | Dry | Southern Africa | Other Land,Warm Temperate,Dry,Southern Africa,Other Land,0,0,#N/A,#N/A,,,,
,Warm Temperate | Dry | Southern Africa | Olive,Warm Temperate,Dry,Southern Africa,Olive,0.46,0.46,0.3358,0.5842,,,,
,Warm Temperate | Dry | Southern Africa | Orchard,Warm Temperate,Dry,Southern Africa,Orchard,0.43,0.43,0.2322,0.6278,,,,
,Warm Temperate | Dry | Southern Africa | Short Rotation Coppice,Warm Temperate,Dry,Southern Africa,Short Rotation Coppice,3.2,3.2,1.92,4.48,,,,
,Warm Temperate | Dry | Southern Africa | Tea,Warm Temperate,Dry,Southern Africa,Tea,0.7,0.7,0.525,0.875,,,,
,Warm Temperate | Dry | Southern Africa | Vine,Warm Temperate,Dry,Southern Africa,Vine,0.28,0.28,0.2072,0.3528,,,,
,Warm Temperate | Dry | Southern Africa | Oil Palm,Warm Temperate,Dry,Southern Africa,Oil Palm,0,0,#N/A,#N/A,,,,
,Warm Temperate | Dry | Southern Africa | Rubber,Warm Temperate,Dry,Southern Africa,Rubber,0,0,#N/A,#N/A,,,,
,Warm Temperate | Dry | Western Africa | Grains,Warm Temperate,Dry,Western Africa,Grains,4.7,4.7,1.175,8.225,,,,
,Warm Temperate | Dry | Western Africa | Maize,Warm Temperate,Dry,Western Africa,Maize,4.7,4.7,1.175,8.225,,,,
,Warm Temperate | Dry | Western Africa | Sugarcane,Warm Temperate,Dry,Western Africa,Sugarcane,4.7,4.7,1.175,8.225,,,,
,Warm Temperate | Dry | Western Africa | Wheat,Warm Temperate,Dry,Western Africa,Wheat,4.7,4.7,1.175,8.225,,,,
,Warm Temperate | Dry | Western Africa | Beans & Pulses,Warm Temperate,Dry,Western Africa,Beans & Pulses,4.7,4.7,1.175,8.225,,,,
,Warm Temperate | Dry | Western Africa | Tubers,Warm Temperate,Dry,Western Africa,Tubers,4.7,4.7,1.175,8.225,,,,
,Warm Temperate | Dry | Western Africa | Root Crops,Warm Temperate,Dry,Western Africa,Root Crops,4.7,4.7,1.175,8.225,,,,
,Warm Temperate | Dry | Western Africa | Barley,Warm Temperate,Dry,Western Africa,Barley,4.7,4.7,1.175,8.225,,,,
,Warm Temperate | Dry | Western Africa | Oats,Warm Temperate,Dry,Western Africa,Oats,4.7,4.7,1.175,8.225,,,,
,Warm Temperate | Dry | Western Africa | Millet,Warm Temperate,Dry,Western Africa,Millet,4.7,4.7,1.175,8.225,,,,
,Warm Temperate | Dry | Western Africa | Sorghum,Warm Temperate,Dry,Western Africa,Sorghum,4.7,4.7,1.175,8.225,,,,
,Warm Temperate | Dry | Western Africa | Rye,Warm Temperate,Dry,Western Africa,Rye,4.7,4.7,1.175,8.225,,,,
,Warm Temperate | Dry | Western Africa | Soybeans,Warm Temperate,Dry,Western Africa,Soybeans,4.7,4.7,1.175,8.225,,,,
,Warm Temperate | Dry | Western Africa | Dry Bean,Warm Temperate,Dry,Western Africa,Dry Bean,4.7,4.7,1.175,8.225,,,,
,Warm Temperate | Dry | Western Africa | Potatoes,Warm Temperate,Dry,Western Africa,Potatoes,4.7,4.7,1.175,8.225,,,,
,Warm Temperate | Dry | Western Africa | Peanuts,Warm Temperate,Dry,Western Africa,Peanuts,4.7,4.7,1.175,8.225,,,,
,Warm Temperate | Dry | Western Africa | Vegetables,Warm Temperate,Dry,Western Africa,Vegetables,4.7,4.7,1.175,8.225,,,,
,Warm Temperate | Dry | Western Africa | Oilseeds,Warm Temperate,Dry,Western Africa,Oilseeds,4.7,4.7,1.175,8.225,,,,
,Warm Temperate | Dry | Western Africa | Groundnuts,Warm Temperate,Dry,Western Africa,Groundnuts,4.7,4.7,1.175,8.225,,,,
,Warm Temperate | Dry | Western Africa | Annual Cropland,Warm Temperate,Dry,Western Africa,Annual Cropland,4.7,4.7,1.175,8.225,,,,
,Warm Temperate | Dry | Western Africa | Set Aside,Warm Temperate,Dry,Western Africa,Set Aside,4.7,4.7,1.175,8.225,,,,
,Warm Temperate | Dry | Western Africa | Flooded Rice,Warm Temperate,Dry,Western Africa,Flooded Rice,4.7,4.7,1.175,8.225,,,,
,Warm Temperate | Dry | Western Africa | Grassland,Warm Temperate,Dry,Western Africa,Grassland,2.867,2.867,0.71675,5.01725,,,,
,Warm Temperate | Dry | Western Africa | Other Land (Non-Vegetated),Warm Temperate,Dry,Western Africa,Other Land (Non-Vegetated),0,0,#N/A,#N/A,,,,
,Warm Temperate | Dry | Western Africa | Settlement,Warm Temperate,Dry,Western Africa,Settlement,0,0,#N/A,#N/A,,,,
,Warm Temperate | Dry | Western Africa | Agroforestry - Default,Warm Temperate,Dry,Western Africa,Agroforestry - Default,1.756666667,1.756666667,1.016866667,2.496466667,,,,
,Warm Temperate | Dry | Western Africa | Hedgerow,Warm Temperate,Dry,Western Africa,Hedgerow,1.1,1.1,0.6737,1.5263,,,,
,Warm Temperate | Dry | Western Africa | Silvoarable,Warm Temperate,Dry,Western Africa,Silvoarable,1.14,1.14,0.6486,1.6314,,,,
,Warm Temperate | Dry | Western Africa | Silvopasture,Warm Temperate,Dry,Western Africa,Silvopasture,3.03,3.03,1.8184,4.2416,,,,
,Warm Temperate | Dry | Western Africa | Other Land,Warm Temperate,Dry,Western Africa,Other Land,0,0,#N/A,#N/A,,,,
,Warm Temperate | Dry | Western Africa | Olive,Warm Temperate,Dry,Western Africa,Olive,0.46,0.46,0.3358,0.5842,,,,
,Warm Temperate | Dry | Western Africa | Orchard,Warm Temperate,Dry,Western Africa,Orchard,0.43,0.43,0.2322,0.6278,,,,
,Warm Temperate | Dry | Western Africa | Short Rotation Coppice,Warm Temperate,Dry,Western Africa,Short Rotation Coppice,3.2,3.2,1.92,4.48,,,,
,Warm Temperate | Dry | Western Africa | Tea,Warm Temperate,Dry,Western Africa,Tea,0.7,0.7,0.525,0.875,,,,
,Warm Temperate | Dry | Western Africa | Vine,Warm Temperate,Dry,Western Africa,Vine,0.28,0.28,0.2072,0.3528,,,,
,Warm Temperate | Dry | Western Africa | Oil Palm,Warm Temperate,Dry,Western Africa,Oil Palm,0,0,#N/A,#N/A,,,,
,Warm Temperate | Dry | Western Africa | Rubber,Warm Temperate,Dry,Western Africa,Rubber,0,0,#N/A,#N/A,,,,
,Warm Temperate | Dry | Central Asia | Grains,Warm Temperate,Dry,Central Asia,Grains,4.7,4.7,1.175,8.225,,,,
,Warm Temperate | Dry | Central Asia | Maize,Warm Temperate,Dry,Central Asia,Maize,4.7,4.7,1.175,8.225,,,,
,Warm Temperate | Dry | Central Asia | Sugarcane,Warm Temperate,Dry,Central Asia,Sugarcane,4.7,4.7,1.175,8.225,,,,
,Warm Temperate | Dry | Central Asia | Wheat,Warm Temperate,Dry,Central Asia,Wheat,4.7,4.7,1.175,8.225,,,,
,Warm Temperate | Dry | Central Asia | Beans & Pulses,Warm Temperate,Dry,Central Asia,Beans & Pulses,4.7,4.7,1.175,8.225,,,,
,Warm Temperate | Dry | Central Asia | Tubers,Warm Temperate,Dry,Central Asia,Tubers,4.7,4.7,1.175,8.225,,,,
,Warm Temperate | Dry | Central Asia | Root Crops,Warm Temperate,Dry,Central Asia,Root Crops,4.7,4.7,1.175,8.225,,,,
,Warm Temperate | Dry | Central Asia | Barley,Warm Temperate,Dry,Central Asia,Barley,4.7,4.7,1.175,8.225,,,,
,Warm Temperate | Dry | Central Asia | Oats,Warm Temperate,Dry,Central Asia,Oats,4.7,4.7,1.175,8.225,,,,
,Warm Temperate | Dry | Central Asia | Millet,Warm Temperate,Dry,Central Asia,Millet,4.7,4.7,1.175,8.225,,,,
,Warm Temperate | Dry | Central Asia | Sorghum,Warm Temperate,Dry,Central Asia,Sorghum,4.7,4.7,1.175,8.225,,,,
,Warm Temperate | Dry | Central Asia | Rye,Warm Temperate,Dry,Central Asia,Rye,4.7,4.7,1.175,8.225,,,,
,Warm Temperate | Dry | Central Asia | Soybeans,Warm Temperate,Dry,Central Asia,Soybeans,4.7,4.7,1.175,8.225,,,,
,Warm Temperate | Dry | Central Asia | Dry Bean,Warm Temperate,Dry,Central Asia,Dry Bean,4.7,4.7,1.175,8.225,,,,
,Warm Temperate | Dry | Central Asia | Potatoes,Warm Temperate,Dry,Central Asia,Potatoes,4.7,4.7,1.175,8.225,,,,
,Warm Temperate | Dry | Central Asia | Peanuts,Warm Temperate,Dry,Central Asia,Peanuts,4.7,4.7,1.175,8.225,,,,
,Warm Temperate | Dry | Central Asia | Vegetables,Warm Temperate,Dry,Central Asia,Vegetables,4.7,4.7,1.175,8.225,,,,
,Warm Temperate | Dry | Central Asia | Oilseeds,Warm Temperate,Dry,Central Asia,Oilseeds,4.7,4.7,1.175,8.225,,,,
,Warm Temperate | Dry | Central Asia | Groundnuts,Warm Temperate,Dry,Central Asia,Groundnuts,4.7,4.7,1.175,8.225,,,,
,Warm Temperate | Dry | Central Asia | Annual Cropland,Warm Temperate,Dry,Central Asia,Annual Cropland,4.7,4.7,1.175,8.225,,,,
,Warm Temperate | Dry | Central Asia | Set Aside,Warm Temperate,Dry,Central Asia,Set Aside,4.7,4.7,1.175,8.225,,,,
,Warm Temperate | Dry | Central Asia | Flooded Rice,Warm Temperate,Dry,Central Asia,Flooded Rice,4.7,4.7,1.175,8.225,,,,
,Warm Temperate | Dry | Central Asia | Grassland,Warm Temperate,Dry,Central Asia,Grassland,2.867,2.867,0.71675,5.01725,,,,
,Warm Temperate | Dry | Central Asia | Other Land (Non-Vegetated),Warm Temperate,Dry,Central Asia,Other Land (Non-Vegetated),0,0,#N/A,#N/A,,,,
,Warm Temperate | Dry | Central Asia | Settlement,Warm Temperate,Dry,Central Asia,Settlement,0,0,#N/A,#N/A,,,,
,Warm Temperate | Dry | Central Asia | Agroforestry - Default,Warm Temperate,Dry,Central Asia,Agroforestry - Default,1.756666667,1.756666667,1.016866667,2.496466667,,,,
,Warm Temperate | Dry | Central Asia | Hedgerow,Warm Temperate,Dry,Central Asia,Hedgerow,1.1,1.1,0.6737,1.5263,,,,
,Warm Temperate | Dry | Central Asia | Silvoarable,Warm Temperate,Dry,Central Asia,Silvoarable,1.14,1.14,0.6486,1.6314,,,,
,Warm Temperate | Dry | Central Asia | Silvopasture,Warm Temperate,Dry,Central Asia,Silvopasture,3.03,3.03,1.8184,4.2416,,,,
,Warm Temperate | Dry | Central Asia | Other Land,Warm Temperate,Dry,Central Asia,Other Land,0,0,#N/A,#N/A,,,,
,Warm Temperate | Dry | Central Asia | Olive,Warm Temperate,Dry,Central Asia,Olive,0.46,0.46,0.3358,0.5842,,,,
,Warm Temperate | Dry | Central Asia | Orchard,Warm Temperate,Dry,Central Asia,Orchard,0.43,0.43,0.2322,0.6278,,,,
,Warm Temperate | Dry | Central Asia | Short Rotation Coppice,Warm Temperate,Dry,Central Asia,Short Rotation Coppice,3.2,3.2,1.92,4.48,,,,
,Warm Temperate | Dry | Central Asia | Tea,Warm Temperate,Dry,Central Asia,Tea,0.7,0.7,0.525,0.875,,,,
,Warm Temperate | Dry | Central Asia | Vine,Warm Temperate,Dry,Central Asia,Vine,0.28,0.28,0.2072,0.3528,,,,
,Warm Temperate | Dry | Central Asia | Oil Palm,Warm Temperate,Dry,Central Asia,Oil Palm,0,0,#N/A,#N/A,,,,
,Warm Temperate | Dry | Central Asia | Rubber,Warm Temperate,Dry,Central Asia,Rubber,0,0,#N/A,#N/A,,,,
,Warm Temperate | Dry | Eastern Asia | Grains,Warm Temperate,Dry,Eastern Asia,Grains,4.7,4.7,1.175,8.225,,,,
,Warm Temperate | Dry | Eastern Asia | Maize,Warm Temperate,Dry,Eastern Asia,Maize,4.7,4.7,1.175,8.225,,,,
,Warm Temperate | Dry | Eastern Asia | Sugarcane,Warm Temperate,Dry,Eastern Asia,Sugarcane,4.7,4.7,1.175,8.225,,,,
,Warm Temperate | Dry | Eastern Asia | Wheat,Warm Temperate,Dry,Eastern Asia,Wheat,4.7,4.7,1.175,8.225,,,,
,Warm Temperate | Dry | Eastern Asia | Beans & Pulses,Warm Temperate,Dry,Eastern Asia,Beans & Pulses,4.7,4.7,1.175,8.225,,,,
,Warm Temperate | Dry | Eastern Asia | Tubers,Warm Temperate,Dry,Eastern Asia,Tubers,4.7,4.7,1.175,8.225,,,,
,Warm Temperate | Dry | Eastern Asia | Root Crops,Warm Temperate,Dry,Eastern Asia,Root Crops,4.7,4.7,1.175,8.225,,,,
,Warm Temperate | Dry | Eastern Asia | Barley,Warm Temperate,Dry,Eastern Asia,Barley,4.7,4.7,1.175,8.225,,,,
,Warm Temperate | Dry | Eastern Asia | Oats,Warm Temperate,Dry,Eastern Asia,Oats,4.7,4.7,1.175,8.225,,,,
,Warm Temperate | Dry | Eastern Asia | Millet,Warm Temperate,Dry,Eastern Asia,Millet,4.7,4.7,1.175,8.225,,,,
,Warm Temperate | Dry | Eastern Asia | Sorghum,Warm Temperate,Dry,Eastern Asia,Sorghum,4.7,4.7,1.175,8.225,,,,
,Warm Temperate | Dry | Eastern Asia | Rye,Warm Temperate,Dry,Eastern Asia,Rye,4.7,4.7,1.175,8.225,,,,
,Warm Temperate | Dry | Eastern Asia | Soybeans,Warm Temperate,Dry,Eastern Asia,Soybeans,4.7,4.7,1.175,8.225,,,,
,Warm Temperate | Dry | Eastern Asia | Dry Bean,Warm Temperate,Dry,Eastern Asia,Dry Bean,4.7,4.7,1.175,8.225,,,,
,Warm Temperate | Dry | Eastern Asia | Potatoes,Warm Temperate,Dry,Eastern Asia,Potatoes,4.7,4.7,1.175,8.225,,,,
,Warm Temperate | Dry | Eastern Asia | Peanuts,Warm Temperate,Dry,Eastern Asia,Peanuts,4.7,4.7,1.175,8.225,,,,
,Warm Temperate | Dry | Eastern Asia | Vegetables,Warm Temperate,Dry,Eastern Asia,Vegetables,4.7,4.7,1.175,8.225,,,,
,Warm Temperate | Dry | Eastern Asia | Oilseeds,Warm Temperate,Dry,Eastern Asia,Oilseeds,4.7,4.7,1.175,8.225,,,,
,Warm Temperate | Dry | Eastern Asia | Groundnuts,Warm Temperate,Dry,Eastern Asia,Groundnuts,4.7,4.7,1.175,8.225,,,,
,Warm Temperate | Dry | Eastern Asia | Annual Cropland,Warm Temperate,Dry,Eastern Asia,Annual Cropland,4.7,4.7,1.175,8.225,,,,
,Warm Temperate | Dry | Eastern Asia | Set Aside,Warm Temperate,Dry,Eastern Asia,Set Aside,4.7,4.7,1.175,8.225,,,,
,Warm Temperate | Dry | Eastern Asia | Flooded Rice,Warm Temperate,Dry,Eastern Asia,Flooded Rice,4.7,4.7,1.175,8.225,,,,
,Warm Temperate | Dry | Eastern Asia | Grassland,Warm Temperate,Dry,Eastern Asia,Grassland,2.867,2.867,0.71675,5.01725,,,,
,Warm Temperate | Dry | Eastern Asia | Other Land (Non-Vegetated),Warm Temperate,Dry,Eastern Asia,Other Land (Non-Vegetated),0,0,#N/A,#N/A,,,,
,Warm Temperate | Dry | Eastern Asia | Settlement,Warm Temperate,Dry,Eastern Asia,Settlement,0,0,#N/A,#N/A,,,,
,Warm Temperate | Dry | Eastern Asia | Agroforestry - Default,Warm Temperate,Dry,Eastern Asia,Agroforestry - Default,1.756666667,1.756666667,1.016866667,2.496466667,,,,
,Warm Temperate | Dry | Eastern Asia | Hedgerow,Warm Temperate,Dry,Eastern Asia,Hedgerow,1.1,1.1,0.6737,1.5263,,,,
,Warm Temperate | Dry | Eastern Asia | Silvoarable,Warm Temperate,Dry,Eastern Asia,Silvoarable,1.14,1.14,0.6486,1.6314,,,,
,Warm Temperate | Dry | Eastern Asia | Silvopasture,Warm Temperate,Dry,Eastern Asia,Silvopasture,3.03,3.03,1.8184,4.2416,,,,
,Warm Temperate | Dry | Eastern Asia | Other Land,Warm Temperate,Dry,Eastern Asia,Other Land,0,0,#N/A,#N/A,,,,
,Warm Temperate | Dry | Eastern Asia | Olive,Warm Temperate,Dry,Eastern Asia,Olive,0.46,0.46,0.3358,0.5842,,,,
,Warm Temperate | Dry | Eastern Asia | Orchard,Warm Temperate,Dry,Eastern Asia,Orchard,0.43,0.43,0.2322,0.6278,,,,
,Warm Temperate | Dry | Eastern Asia | Short Rotation Coppice,Warm Temperate,Dry,Eastern Asia,Short Rotation Coppice,3.2,3.2,1.92,4.48,,,,
,Warm Temperate | Dry | Eastern Asia | Tea,Warm Temperate,Dry,Eastern Asia,Tea,0.7,0.7,0.525,0.875,,,,
,Warm Temperate | Dry | Eastern Asia | Vine,Warm Temperate,Dry,Eastern Asia,Vine,0.28,0.28,0.2072,0.3528,,,,
,Warm Temperate | Dry | Eastern Asia | Oil Palm,Warm Temperate,Dry,Eastern Asia,Oil Palm,0,0,#N/A,#N/A,,,,
,Warm Temperate | Dry | Eastern Asia | Rubber,Warm Temperate,Dry,Eastern Asia,Rubber,0,0,#N/A,#N/A,,,,
,Warm Temperate | Dry | South-Eastern Asia | Grains,Warm Temperate,Dry,South-Eastern Asia,Grains,4.7,4.7,1.175,8.225,,,,
,Warm Temperate | Dry | South-Eastern Asia | Maize,Warm Temperate,Dry,South-Eastern Asia,Maize,4.7,4.7,1.175,8.225,,,,
,Warm Temperate | Dry | South-Eastern Asia | Sugarcane,Warm Temperate,Dry,South-Eastern Asia,Sugarcane,4.7,4.7,1.175,8.225,,,,
,Warm Temperate | Dry | South-Eastern Asia | Wheat,Warm Temperate,Dry,South-Eastern Asia,Wheat,4.7,4.7,1.175,8.225,,,,
,Warm Temperate | Dry | South-Eastern Asia | Beans & Pulses,Warm Temperate,Dry,South-Eastern Asia,Beans & Pulses,4.7,4.7,1.175,8.225,,,,
,Warm Temperate | Dry | South-Eastern Asia | Tubers,Warm Temperate,Dry,South-Eastern Asia,Tubers,4.7,4.7,1.175,8.225,,,,
,Warm Temperate | Dry | South-Eastern Asia | Root Crops,Warm Temperate,Dry,South-Eastern Asia,Root Crops,4.7,4.7,1.175,8.225,,,,
,Warm Temperate | Dry | South-Eastern Asia | Barley,Warm Temperate,Dry,South-Eastern Asia,Barley,4.7,4.7,1.175,8.225,,,,
,Warm Temperate | Dry | South-Eastern Asia | Oats,Warm Temperate,Dry,South-Eastern Asia,Oats,4.7,4.7,1.175,8.225,,,,
,Warm Temperate | Dry | South-Eastern Asia | Millet,Warm Temperate,Dry,South-Eastern Asia,Millet,4.7,4.7,1.175,8.225,,,,
,Warm Temperate | Dry | South-Eastern Asia | Sorghum,Warm Temperate,Dry,South-Eastern Asia,Sorghum,4.7,4.7,1.175,8.225,,,,
,Warm Temperate | Dry | South-Eastern Asia | Rye,Warm Temperate,Dry,South-Eastern Asia,Rye,4.7,4.7,1.175,8.225,,,,
,Warm Temperate | Dry | South-Eastern Asia | Soybeans,Warm Temperate,Dry,South-Eastern Asia,Soybeans,4.7,4.7,1.175,8.225,,,,
,Warm Temperate | Dry | South-Eastern Asia | Dry Bean,Warm Temperate,Dry,South-Eastern Asia,Dry Bean,4.7,4.7,1.175,8.225,,,,
,Warm Temperate | Dry | South-Eastern Asia | Potatoes,Warm Temperate,Dry,South-Eastern Asia,Potatoes,4.7,4.7,1.175,8.225,,,,
,Warm Temperate | Dry | South-Eastern Asia | Peanuts,Warm Temperate,Dry,South-Eastern Asia,Peanuts,4.7,4.7,1.175,8.225,,,,
,Warm Temperate | Dry | South-Eastern Asia | Vegetables,Warm Temperate,Dry,South-Eastern Asia,Vegetables,4.7,4.7,1.175,8.225,,,,
,Warm Temperate | Dry | South-Eastern Asia | Oilseeds,Warm Temperate,Dry,South-Eastern Asia,Oilseeds,4.7,4.7,1.175,8.225,,,,
,Warm Temperate | Dry | South-Eastern Asia | Groundnuts,Warm Temperate,Dry,South-Eastern Asia,Groundnuts,4.7,4.7,1.175,8.225,,,,
,Warm Temperate | Dry | South-Eastern Asia | Annual Cropland,Warm Temperate,Dry,South-Eastern Asia,Annual Cropland,4.7,4.7,1.175,8.225,,,,
,Warm Temperate | Dry | South-Eastern Asia | Set Aside,Warm Temperate,Dry,South-Eastern Asia,Set Aside,4.7,4.7,1.175,8.225,,,,
,Warm Temperate | Dry | South-Eastern Asia | Flooded Rice,Warm Temperate,Dry,South-Eastern Asia,Flooded Rice,4.7,4.7,1.175,8.225,,,,
,Warm Temperate | Dry | South-Eastern Asia | Grassland,Warm Temperate,Dry,South-Eastern Asia,Grassland,2.867,2.867,0.71675,5.01725,,,,
,Warm Temperate | Dry | South-Eastern Asia | Other Land (Non-Vegetated),Warm Temperate,Dry,South-Eastern Asia,Other Land (Non-Vegetated),0,0,#N/A,#N/A,,,,
,Warm Temperate | Dry | South-Eastern Asia | Settlement,Warm Temperate,Dry,South-Eastern Asia,Settlement,0,0,#N/A,#N/A,,,,
,Warm Temperate | Dry | South-Eastern Asia | Agroforestry - Default,Warm Temperate,Dry,South-Eastern Asia,Agroforestry - Default,1.756666667,1.756666667,1.016866667,2.496466667,,,,
,Warm Temperate | Dry | South-Eastern Asia | Hedgerow,Warm Temperate,Dry,South-Eastern Asia,Hedgerow,1.1,1.1,0.6737,1.5263,,,,
,Warm Temperate | Dry | South-Eastern Asia | Silvoarable,Warm Temperate,Dry,South-Eastern Asia,Silvoarable,1.14,1.14,0.6486,1.6314,,,,
,Warm Temperate | Dry | South-Eastern Asia | Silvopasture,Warm Temperate,Dry,South-Eastern Asia,Silvopasture,3.03,3.03,1.8184,4.2416,,,,
,Warm Temperate | Dry | South-Eastern Asia | Other Land,Warm Temperate,Dry,South-Eastern Asia,Other Land,0,0,#N/A,#N/A,,,,
,Warm Temperate | Dry | South-Eastern Asia | Olive,Warm Temperate,Dry,South-Eastern Asia,Olive,0.46,0.46,0.3358,0.5842,,,,
,Warm Temperate | Dry | South-Eastern Asia | Orchard,Warm Temperate,Dry,South-Eastern Asia,Orchard,0.43,0.43,0.2322,0.6278,,,,
,Warm Temperate | Dry | South-Eastern Asia | Short Rotation Coppice,Warm Temperate,Dry,South-Eastern Asia,Short Rotation Coppice,3.2,3.2,1.92,4.48,,,,
,Warm Temperate | Dry | South-Eastern Asia | Tea,Warm Temperate,Dry,South-Eastern Asia,Tea,0.7,0.7,0.525,0.875,,,,
,Warm Temperate | Dry | South-Eastern Asia | Vine,Warm Temperate,Dry,South-Eastern Asia,Vine,0.28,0.28,0.2072,0.3528,,,,
,Warm Temperate | Dry | South-Eastern Asia | Oil Palm,Warm Temperate,Dry,South-Eastern Asia,Oil Palm,0,0,#N/A,#N/A,,,,
,Warm Temperate | Dry | South-Eastern Asia | Rubber,Warm Temperate,Dry,South-Eastern Asia,Rubber,0,0,#N/A,#N/A,,,,
,Warm Temperate | Dry | Southern Asia | Grains,Warm Temperate,Dry,Southern Asia,Grains,4.7,4.7,1.175,8.225,,,,
,Warm Temperate | Dry | Southern Asia | Maize,Warm Temperate,Dry,Southern Asia,Maize,4.7,4.7,1.175,8.225,,,,
,Warm Temperate | Dry | Southern Asia | Sugarcane,Warm Temperate,Dry,Southern Asia,Sugarcane,4.7,4.7,1.175,8.225,,,,
,Warm Temperate | Dry | Southern Asia | Wheat,Warm Temperate,Dry,Southern Asia,Wheat,4.7,4.7,1.175,8.225,,,,
,Warm Temperate | Dry | Southern Asia | Beans & Pulses,Warm Temperate,Dry,Southern Asia,Beans & Pulses,4.7,4.7,1.175,8.225,,,,
,Warm Temperate | Dry | Southern Asia | Tubers,Warm Temperate,Dry,Southern Asia,Tubers,4.7,4.7,1.175,8.225,,,,
,Warm Temperate | Dry | Southern Asia | Root Crops,Warm Temperate,Dry,Southern Asia,Root Crops,4.7,4.7,1.175,8.225,,,,
,Warm Temperate | Dry | Southern Asia | Barley,Warm Temperate,Dry,Southern Asia,Barley,4.7,4.7,1.175,8.225,,,,
,Warm Temperate | Dry | Southern Asia | Oats,Warm Temperate,Dry,Southern Asia,Oats,4.7,4.7,1.175,8.225,,,,
,Warm Temperate | Dry | Southern Asia | Millet,Warm Temperate,Dry,Southern Asia,Millet,4.7,4.7,1.175,8.225,,,,
,Warm Temperate | Dry | Southern Asia | Sorghum,Warm Temperate,Dry,Southern Asia,Sorghum,4.7,4.7,1.175,8.225,,,,
,Warm Temperate | Dry | Southern Asia | Rye,Warm Temperate,Dry,Southern Asia,Rye,4.7,4.7,1.175,8.225,,,,
,Warm Temperate | Dry | Southern Asia | Soybeans,Warm Temperate,Dry,Southern Asia,Soybeans,4.7,4.7,1.175,8.225,,,,
,Warm Temperate | Dry | Southern Asia | Dry Bean,Warm Temperate,Dry,Southern Asia,Dry Bean,4.7,4.7,1.175,8.225,,,,
,Warm Temperate | Dry | Southern Asia | Potatoes,Warm Temperate,Dry,Southern Asia,Potatoes,4.7,4.7,1.175,8.225,,,,
,Warm Temperate | Dry | Southern Asia | Peanuts,Warm Temperate,Dry,Southern Asia,Peanuts,4.7,4.7,1.175,8.225,,,,
,Warm Temperate | Dry | Southern Asia | Vegetables,Warm Temperate,Dry,Southern Asia,Vegetables,4.7,4.7,1.175,8.225,,,,
,Warm Temperate | Dry | Southern Asia | Oilseeds,Warm Temperate,Dry,Southern Asia,Oilseeds,4.7,4.7,1.175,8.225,,,,
,Warm Temperate | Dry | Southern Asia | Groundnuts,Warm Temperate,Dry,Southern Asia,Groundnuts,4.7,4.7,1.175,8.225,,,,
,Warm Temperate | Dry | Southern Asia | Annual Cropland,Warm Temperate,Dry,Southern Asia,Annual Cropland,4.7,4.7,1.175,8.225,,,,
,Warm Temperate | Dry | Southern Asia | Set Aside,Warm Temperate,Dry,Southern Asia,Set Aside,4.7,4.7,1.175,8.225,,,,
,Warm Temperate | Dry | Southern Asia | Flooded Rice,Warm Temperate,Dry,Southern Asia,Flooded Rice,4.7,4.7,1.175,8.225,,,,
,Warm Temperate | Dry | Southern Asia | Grassland,Warm Temperate,Dry,Southern Asia,Grassland,2.867,2.867,0.71675,5.01725,,,,
,Warm Temperate | Dry | Southern Asia | Other Land (Non-Vegetated),Warm Temperate,Dry,Southern Asia,Other Land (Non-Vegetated),0,0,#N/A,#N/A,,,,
,Warm Temperate | Dry | Southern Asia | Settlement,Warm Temperate,Dry,Southern Asia,Settlement,0,0,#N/A,#N/A,,,,
,Warm Temperate | Dry | Southern Asia | Agroforestry - Default,Warm Temperate,Dry,Southern Asia,Agroforestry - Default,1.756666667,1.756666667,1.016866667,2.496466667,,,,
,Warm Temperate | Dry | Southern Asia | Hedgerow,Warm Temperate,Dry,Southern Asia,Hedgerow,1.1,1.1,0.6737,1.5263,,,,
,Warm Temperate | Dry | Southern Asia | Silvoarable,Warm Temperate,Dry,Southern Asia,Silvoarable,1.14,1.14,0.6486,1.6314,,,,
,Warm Temperate | Dry | Southern Asia | Silvopasture,Warm Temperate,Dry,Southern Asia,Silvopasture,3.03,3.03,1.8184,4.2416,,,,
,Warm Temperate | Dry | Southern Asia | Other Land,Warm Temperate,Dry,Southern Asia,Other Land,0,0,#N/A,#N/A,,,,
,Warm Temperate | Dry | Southern Asia | Olive,Warm Temperate,Dry,Southern Asia,Olive,0.46,0.46,0.3358,0.5842,,,,
,Warm Temperate | Dry | Southern Asia | Orchard,Warm Temperate,Dry,Southern Asia,Orchard,0.43,0.43,0.2322,0.6278,,,,
,Warm Temperate | Dry | Southern Asia | Short Rotation Coppice,Warm Temperate,Dry,Southern Asia,Short Rotation Coppice,3.2,3.2,1.92,4.48,,,,
,Warm Temperate | Dry | Southern Asia | Tea,Warm Temperate,Dry,Southern Asia,Tea,0.7,0.7,0.525,0.875,,,,
,Warm Temperate | Dry | Southern Asia | Vine,Warm Temperate,Dry,Southern Asia,Vine,0.28,0.28,0.2072,0.3528,,,,
,Warm Temperate | Dry | Southern Asia | Oil Palm,Warm Temperate,Dry,Southern Asia,Oil Palm,0,0,#N/A,#N/A,,,,
,Warm Temperate | Dry | Southern Asia | Rubber,Warm Temperate,Dry,Southern Asia,Rubber,0,0,#N/A,#N/A,,,,
,Warm Temperate | Dry | Western Asia | Grains,Warm Temperate,Dry,Western Asia,Grains,4.7,4.7,1.175,8.225,,,,
,Warm Temperate | Dry | Western Asia | Maize,Warm Temperate,Dry,Western Asia,Maize,4.7,4.7,1.175,8.225,,,,
,Warm Temperate | Dry | Western Asia | Sugarcane,Warm Temperate,Dry,Western Asia,Sugarcane,4.7,4.7,1.175,8.225,,,,
,Warm Temperate | Dry | Western Asia | Wheat,Warm Temperate,Dry,Western Asia,Wheat,4.7,4.7,1.175,8.225,,,,
,Warm Temperate | Dry | Western Asia | Beans & Pulses,Warm Temperate,Dry,Western Asia,Beans & Pulses,4.7,4.7,1.175,8.225,,,,
,Warm Temperate | Dry | Western Asia | Tubers,Warm Temperate,Dry,Western Asia,Tubers,4.7,4.7,1.175,8.225,,,,
,Warm Temperate | Dry | Western Asia | Root Crops,Warm Temperate,Dry,Western Asia,Root Crops,4.7,4.7,1.175,8.225,,,,
,Warm Temperate | Dry | Western Asia | Barley,Warm Temperate,Dry,Western Asia,Barley,4.7,4.7,1.175,8.225,,,,
,Warm Temperate | Dry | Western Asia | Oats,Warm Temperate,Dry,Western Asia,Oats,4.7,4.7,1.175,8.225,,,,
,Warm Temperate | Dry | Western Asia | Millet,Warm Temperate,Dry,Western Asia,Millet,4.7,4.7,1.175,8.225,,,,
,Warm Temperate | Dry | Western Asia | Sorghum,Warm Temperate,Dry,Western Asia,Sorghum,4.7,4.7,1.175,8.225,,,,
,Warm Temperate | Dry | Western Asia | Rye,Warm Temperate,Dry,Western Asia,Rye,4.7,4.7,1.175,8.225,,,,
,Warm Temperate | Dry | Western Asia | Soybeans,Warm Temperate,Dry,Western Asia,Soybeans,4.7,4.7,1.175,8.225,,,,
,Warm Temperate | Dry | Western Asia | Dry Bean,Warm Temperate,Dry,Western Asia,Dry Bean,4.7,4.7,1.175,8.225,,,,
,Warm Temperate | Dry | Western Asia | Potatoes,Warm Temperate,Dry,Western Asia,Potatoes,4.7,4.7,1.175,8.225,,,,
,Warm Temperate | Dry | Western Asia | Peanuts,Warm Temperate,Dry,Western Asia,Peanuts,4.7,4.7,1.175,8.225,,,,
,Warm Temperate | Dry | Western Asia | Vegetables,Warm Temperate,Dry,Western Asia,Vegetables,4.7,4.7,1.175,8.225,,,,
,Warm Temperate | Dry | Western Asia | Oilseeds,Warm Temperate,Dry,Western Asia,Oilseeds,4.7,4.7,1.175,8.225,,,,
,Warm Temperate | Dry | Western Asia | Groundnuts,Warm Temperate,Dry,Western Asia,Groundnuts,4.7,4.7,1.175,8.225,,,,
,Warm Temperate | Dry | Western Asia | Annual Cropland,Warm Temperate,Dry,Western Asia,Annual Cropland,4.7,4.7,1.175,8.225,,,,
,Warm Temperate | Dry | Western Asia | Set Aside,Warm Temperate,Dry,Western Asia,Set Aside,4.7,4.7,1.175,8.225,,,,
,Warm Temperate | Dry | Western Asia | Flooded Rice,Warm Temperate,Dry,Western Asia,Flooded Rice,4.7,4.7,1.175,8.225,,,,
,Warm Temperate | Dry | Western Asia | Grassland,Warm Temperate,Dry,Western Asia,Grassland,2.867,2.867,0.71675,5.01725,,,,
,Warm Temperate | Dry | Western Asia | Other Land (Non-Vegetated),Warm Temperate,Dry,Western Asia,Other Land (Non-Vegetated),0,0,#N/A,#N/A,,,,
,Warm Temperate | Dry | Western Asia | Settlement,Warm Temperate,Dry,Western Asia,Settlement,0,0,#N/A,#N/A,,,,
,Warm Temperate | Dry | Western Asia | Agroforestry - Default,Warm Temperate,Dry,Western Asia,Agroforestry - Default,1.756666667,1.756666667,1.016866667,2.496466667,,,,
,Warm Temperate | Dry | Western Asia | Hedgerow,Warm Temperate,Dry,Western Asia,Hedgerow,1.1,1.1,0.6737,1.5263,,,,
,Warm Temperate | Dry | Western Asia | Silvoarable,Warm Temperate,Dry,Western Asia,Silvoarable,1.14,1.14,0.6486,1.6314,,,,
,Warm Temperate | Dry | Western Asia | Silvopasture,Warm Temperate,Dry,Western Asia,Silvopasture,3.03,3.03,1.8184,4.2416,,,,
,Warm Temperate | Dry | Western Asia | Other Land,Warm Temperate,Dry,Western Asia,Other Land,0,0,#N/A,#N/A,,,,
,Warm Temperate | Dry | Western Asia | Olive,Warm Temperate,Dry,Western Asia,Olive,0.46,0.46,0.3358,0.5842,,,,
,Warm Temperate | Dry | Western Asia | Orchard,Warm Temperate,Dry,Western Asia,Orchard,0.43,0.43,0.2322,0.6278,,,,
,Warm Temperate | Dry | Western Asia | Short Rotation Coppice,Warm Temperate,Dry,Western Asia,Short Rotation Coppice,3.2,3.2,1.92,4.48,,,,
,Warm Temperate | Dry | Western Asia | Tea,Warm Temperate,Dry,Western Asia,Tea,0.7,0.7,0.525,0.875,,,,
,Warm Temperate | Dry | Western Asia | Vine,Warm Temperate,Dry,Western Asia,Vine,0.28,0.28,0.2072,0.3528,,,,
,Warm Temperate | Dry | Western Asia | Oil Palm,Warm Temperate,Dry,Western Asia,Oil Palm,0,0,#N/A,#N/A,,,,
,Warm Temperate | Dry | Western Asia | Rubber,Warm Temperate,Dry,Western Asia,Rubber,0,0,#N/A,#N/A,,,,
,Warm Temperate | Dry | Europe | Grains,Warm Temperate,Dry,Europe,Grains,4.7,4.7,1.175,8.225,,,,
,Warm Temperate | Dry | Europe | Maize,Warm Temperate,Dry,Europe,Maize,4.7,4.7,1.175,8.225,,,,
,Warm Temperate | Dry | Europe | Sugarcane,Warm Temperate,Dry,Europe,Sugarcane,4.7,4.7,1.175,8.225,,,,
,Warm Temperate | Dry | Europe | Wheat,Warm Temperate,Dry,Europe,Wheat,4.7,4.7,1.175,8.225,,,,
,Warm Temperate | Dry | Europe | Beans & Pulses,Warm Temperate,Dry,Europe,Beans & Pulses,4.7,4.7,1.175,8.225,,,,
,Warm Temperate | Dry | Europe | Tubers,Warm Temperate,Dry,Europe,Tubers,4.7,4.7,1.175,8.225,,,,
,Warm Temperate | Dry | Europe | Root Crops,Warm Temperate,Dry,Europe,Root Crops,4.7,4.7,1.175,8.225,,,,
,Warm Temperate | Dry | Europe | Barley,Warm Temperate,Dry,Europe,Barley,4.7,4.7,1.175,8.225,,,,
,Warm Temperate | Dry | Europe | Oats,Warm Temperate,Dry,Europe,Oats,4.7,4.7,1.175,8.225,,,,
,Warm Temperate | Dry | Europe | Millet,Warm Temperate,Dry,Europe,Millet,4.7,4.7,1.175,8.225,,,,
,Warm Temperate | Dry | Europe | Sorghum,Warm Temperate,Dry,Europe,Sorghum,4.7,4.7,1.175,8.225,,,,
,Warm Temperate | Dry | Europe | Rye,Warm Temperate,Dry,Europe,Rye,4.7,4.7,1.175,8.225,,,,
,Warm Temperate | Dry | Europe | Soybeans,Warm Temperate,Dry,Europe,Soybeans,4.7,4.7,1.175,8.225,,,,
,Warm Temperate | Dry | Europe | Dry Bean,Warm Temperate,Dry,Europe,Dry Bean,4.7,4.7,1.175,8.225,,,,
,Warm Temperate | Dry | Europe | Potatoes,Warm Temperate,Dry,Europe,Potatoes,4.7,4.7,1.175,8.225,,,,
,Warm Temperate | Dry | Europe | Peanuts,Warm Temperate,Dry,Europe,Peanuts,4.7,4.7,1.175,8.225,,,,
,Warm Temperate | Dry | Europe | Vegetables,Warm Temperate,Dry,Europe,Vegetables,4.7,4.7,1.175,8.225,,,,
,Warm Temperate | Dry | Europe | Oilseeds,Warm Temperate,Dry,Europe,Oilseeds,4.7,4.7,1.175,8.225,,,,
,Warm Temperate | Dry | Europe | Groundnuts,Warm Temperate,Dry,Europe,Groundnuts,4.7,4.7,1.175,8.225,,,,
,Warm Temperate | Dry | Europe | Annual Cropland,Warm Temperate,Dry,Europe,Annual Cropland,4.7,4.7,1.175,8.225,,,,
,Warm Temperate | Dry | Europe | Set Aside,Warm Temperate,Dry,Europe,Set Aside,4.7,4.7,1.175,8.225,,,,
,Warm Temperate | Dry | Europe | Flooded Rice,Warm Temperate,Dry,Europe,Flooded Rice,4.7,4.7,1.175,8.225,,,,
,Warm Temperate | Dry | Europe | Grassland,Warm Temperate,Dry,Europe,Grassland,2.867,2.867,0.71675,5.01725,,,,
,Warm Temperate | Dry | Europe | Other Land (Non-Vegetated),Warm Temperate,Dry,Europe,Other Land (Non-Vegetated),0,0,#N/A,#N/A,,,,
,Warm Temperate | Dry | Europe | Settlement,Warm Temperate,Dry,Europe,Settlement,0,0,#N/A,#N/A,,,,
,Warm Temperate | Dry | Europe | Agroforestry - Default,Warm Temperate,Dry,Europe,Agroforestry - Default,1.966666667,1.966666667,0.436666667,3.496666667,,,,
,Warm Temperate | Dry | Europe | Hedgerow,Warm Temperate,Dry,Europe,Hedgerow,1.1,1.1,0.6737,1.5263,,,,
,Warm Temperate | Dry | Europe | Silvoarable,Warm Temperate,Dry,Europe,Silvoarable,0.66,0.66,0.1296,1.1904,,,,
,Warm Temperate | Dry | Europe | Silvopasture,Warm Temperate,Dry,Europe,Silvopasture,4.14,4.14,1.3099,6.9701,,,,
,Warm Temperate | Dry | Europe | Other Land,Warm Temperate,Dry,Europe,Other Land,0,0,#N/A,#N/A,,,,
,Warm Temperate | Dry | Europe | Olive,Warm Temperate,Dry,Europe,Olive,0.46,0.46,0.3358,0.5842,,,,
,Warm Temperate | Dry | Europe | Orchard,Warm Temperate,Dry,Europe,Orchard,0.43,0.43,0.2322,0.6278,,,,
,Warm Temperate | Dry | Europe | Short Rotation Coppice,Warm Temperate,Dry,Europe,Short Rotation Coppice,3.2,3.2,1.92,4.48,,,,
,Warm Temperate | Dry | Europe | Tea,Warm Temperate,Dry,Europe,Tea,0.7,0.7,0.525,0.875,,,,
,Warm Temperate | Dry | Europe | Vine,Warm Temperate,Dry,Europe,Vine,0.28,0.28,0.2072,0.3528,,,,
,Warm Temperate | Dry | Europe | Oil Palm,Warm Temperate,Dry,Europe,Oil Palm,0,0,#N/A,#N/A,,,,
,Warm Temperate | Dry | Europe | Rubber,Warm Temperate,Dry,Europe,Rubber,0,0,#N/A,#N/A,,,,
,Warm Temperate | Dry | Oceania | Grains,Warm Temperate,Dry,Oceania,Grains,4.7,4.7,1.175,8.225,,,,
,Warm Temperate | Dry | Oceania | Maize,Warm Temperate,Dry,Oceania,Maize,4.7,4.7,1.175,8.225,,,,
,Warm Temperate | Dry | Oceania | Sugarcane,Warm Temperate,Dry,Oceania,Sugarcane,4.7,4.7,1.175,8.225,,,,
,Warm Temperate | Dry | Oceania | Wheat,Warm Temperate,Dry,Oceania,Wheat,4.7,4.7,1.175,8.225,,,,
,Warm Temperate | Dry | Oceania | Beans & Pulses,Warm Temperate,Dry,Oceania,Beans & Pulses,4.7,4.7,1.175,8.225,,,,
,Warm Temperate | Dry | Oceania | Tubers,Warm Temperate,Dry,Oceania,Tubers,4.7,4.7,1.175,8.225,,,,
,Warm Temperate | Dry | Oceania | Root Crops,Warm Temperate,Dry,Oceania,Root Crops,4.7,4.7,1.175,8.225,,,,
,Warm Temperate | Dry | Oceania | Barley,Warm Temperate,Dry,Oceania,Barley,4.7,4.7,1.175,8.225,,,,
,Warm Temperate | Dry | Oceania | Oats,Warm Temperate,Dry,Oceania,Oats,4.7,4.7,1.175,8.225,,,,
,Warm Temperate | Dry | Oceania | Millet,Warm Temperate,Dry,Oceania,Millet,4.7,4.7,1.175,8.225,,,,
,Warm Temperate | Dry | Oceania | Sorghum,Warm Temperate,Dry,Oceania,Sorghum,4.7,4.7,1.175,8.225,,,,
,Warm Temperate | Dry | Oceania | Rye,Warm Temperate,Dry,Oceania,Rye,4.7,4.7,1.175,8.225,,,,
,Warm Temperate | Dry | Oceania | Soybeans,Warm Temperate,Dry,Oceania,Soybeans,4.7,4.7,1.175,8.225,,,,
,Warm Temperate | Dry | Oceania | Dry Bean,Warm Temperate,Dry,Oceania,Dry Bean,4.7,4.7,1.175,8.225,,,,
,Warm Temperate | Dry | Oceania | Potatoes,Warm Temperate,Dry,Oceania,Potatoes,4.7,4.7,1.175,8.225,,,,
,Warm Temperate | Dry | Oceania | Peanuts,Warm Temperate,Dry,Oceania,Peanuts,4.7,4.7,1.175,8.225,,,,
,Warm Temperate | Dry | Oceania | Vegetables,Warm Temperate,Dry,Oceania,Vegetables,4.7,4.7,1.175,8.225,,,,
,Warm Temperate | Dry | Oceania | Oilseeds,Warm Temperate,Dry,Oceania,Oilseeds,4.7,4.7,1.175,8.225,,,,
,Warm Temperate | Dry | Oceania | Groundnuts,Warm Temperate,Dry,Oceania,Groundnuts,4.7,4.7,1.175,8.225,,,,
,Warm Temperate | Dry | Oceania | Annual Cropland,Warm Temperate,Dry,Oceania,Annual Cropland,4.7,4.7,1.175,8.225,,,,
,Warm Temperate | Dry | Oceania | Set Aside,Warm Temperate,Dry,Oceania,Set Aside,4.7,4.7,1.175,8.225,,,,
,Warm Temperate | Dry | Oceania | Flooded Rice,Warm Temperate,Dry,Oceania,Flooded Rice,4.7,4.7,1.175,8.225,,,,
,Warm Temperate | Dry | Oceania | Grassland,Warm Temperate,Dry,Oceania,Grassland,2.867,2.867,0.71675,5.01725,,,,
,Warm Temperate | Dry | Oceania | Other Land (Non-Vegetated),Warm Temperate,Dry,Oceania,Other Land (Non-Vegetated),0,0,#N/A,#N/A,,,,
,Warm Temperate | Dry | Oceania | Settlement,Warm Temperate,Dry,Oceania,Settlement,0,0,#N/A,#N/A,,,,
,Warm Temperate | Dry | Oceania | Agroforestry - Default,Warm Temperate,Dry,Oceania,Agroforestry - Default,1.756666667,1.756666667,1.016866667,2.496466667,,,,
,Warm Temperate | Dry | Oceania | Hedgerow,Warm Temperate,Dry,Oceania,Hedgerow,1.1,1.1,0.6737,1.5263,,,,
,Warm Temperate | Dry | Oceania | Silvoarable,Warm Temperate,Dry,Oceania,Silvoarable,1.14,1.14,0.6486,1.6314,,,,
,Warm Temperate | Dry | Oceania | Silvopasture,Warm Temperate,Dry,Oceania,Silvopasture,3.03,3.03,1.8184,4.2416,,,,
,Warm Temperate | Dry | Oceania | Other Land,Warm Temperate,Dry,Oceania,Other Land,0,0,#N/A,#N/A,,,,
,Warm Temperate | Dry | Oceania | Olive,Warm Temperate,Dry,Oceania,Olive,0.46,0.46,0.3358,0.5842,,,,
,Warm Temperate | Dry | Oceania | Orchard,Warm Temperate,Dry,Oceania,Orchard,0.43,0.43,0.2322,0.6278,,,,
,Warm Temperate | Dry | Oceania | Short Rotation Coppice,Warm Temperate,Dry,Oceania,Short Rotation Coppice,3.2,3.2,1.92,4.48,,,,
,Warm Temperate | Dry | Oceania | Tea,Warm Temperate,Dry,Oceania,Tea,0.7,0.7,0.525,0.875,,,,
,Warm Temperate | Dry | Oceania | Vine,Warm Temperate,Dry,Oceania,Vine,0.28,0.28,0.2072,0.3528,,,,
,Warm Temperate | Dry | Oceania | Oil Palm,Warm Temperate,Dry,Oceania,Oil Palm,0,0,#N/A,#N/A,,,,
,Warm Temperate | Dry | Oceania | Rubber,Warm Temperate,Dry,Oceania,Rubber,0,0,#N/A,#N/A,,,,
,Warm Temperate | Dry | North America | Grains,Warm Temperate,Dry,North America,Grains,4.7,4.7,1.175,8.225,,,,
,Warm Temperate | Dry | North America | Maize,Warm Temperate,Dry,North America,Maize,4.7,4.7,1.175,8.225,,,,
,Warm Temperate | Dry | North America | Sugarcane,Warm Temperate,Dry,North America,Sugarcane,4.7,4.7,1.175,8.225,,,,
,Warm Temperate | Dry | North America | Wheat,Warm Temperate,Dry,North America,Wheat,4.7,4.7,1.175,8.225,,,,
,Warm Temperate | Dry | North America | Beans & Pulses,Warm Temperate,Dry,North America,Beans & Pulses,4.7,4.7,1.175,8.225,,,,
,Warm Temperate | Dry | North America | Tubers,Warm Temperate,Dry,North America,Tubers,4.7,4.7,1.175,8.225,,,,
,Warm Temperate | Dry | North America | Root Crops,Warm Temperate,Dry,North America,Root Crops,4.7,4.7,1.175,8.225,,,,
,Warm Temperate | Dry | North America | Barley,Warm Temperate,Dry,North America,Barley,4.7,4.7,1.175,8.225,,,,
,Warm Temperate | Dry | North America | Oats,Warm Temperate,Dry,North America,Oats,4.7,4.7,1.175,8.225,,,,
,Warm Temperate | Dry | North America | Millet,Warm Temperate,Dry,North America,Millet,4.7,4.7,1.175,8.225,,,,
,Warm Temperate | Dry | North America | Sorghum,Warm Temperate,Dry,North America,Sorghum,4.7,4.7,1.175,8.225,,,,
,Warm Temperate | Dry | North America | Rye,Warm Temperate,Dry,North America,Rye,4.7,4.7,1.175,8.225,,,,
,Warm Temperate | Dry | North America | Soybeans,Warm Temperate,Dry,North America,Soybeans,4.7,4.7,1.175,8.225,,,,
,Warm Temperate | Dry | North America | Dry Bean,Warm Temperate,Dry,North America,Dry Bean,4.7,4.7,1.175,8.225,,,,
,Warm Temperate | Dry | North America | Potatoes,Warm Temperate,Dry,North America,Potatoes,4.7,4.7,1.175,8.225,,,,
,Warm Temperate | Dry | North America | Peanuts,Warm Temperate,Dry,North America,Peanuts,4.7,4.7,1.175,8.225,,,,
,Warm Temperate | Dry | North America | Vegetables,Warm Temperate,Dry,North America,Vegetables,4.7,4.7,1.175,8.225,,,,
,Warm Temperate | Dry | North America | Oilseeds,Warm Temperate,Dry,North America,Oilseeds,4.7,4.7,1.175,8.225,,,,
,Warm Temperate | Dry | North America | Groundnuts,Warm Temperate,Dry,North America,Groundnuts,4.7,4.7,1.175,8.225,,,,
,Warm Temperate | Dry | North America | Annual Cropland,Warm Temperate,Dry,North America,Annual Cropland,4.7,4.7,1.175,8.225,,,,
,Warm Temperate | Dry | North America | Set Aside,Warm Temperate,Dry,North America,Set Aside,4.7,4.7,1.175,8.225,,,,
,Warm Temperate | Dry | North America | Flooded Rice,Warm Temperate,Dry,North America,Flooded Rice,4.7,4.7,1.175,8.225,,,,
,Warm Temperate | Dry | North America | Grassland,Warm Temperate,Dry,North America,Grassland,2.867,2.867,0.71675,5.01725,,,,
,Warm Temperate | Dry | North America | Other Land (Non-Vegetated),Warm Temperate,Dry,North America,Other Land (Non-Vegetated),0,0,#N/A,#N/A,,,,
,Warm Temperate | Dry | North America | Settlement,Warm Temperate,Dry,North America,Settlement,0,0,#N/A,#N/A,,,,
,Warm Temperate | Dry | North America | Agroforestry - Default,Warm Temperate,Dry,North America,Agroforestry - Default,1.756666667,1.756666667,1.016866667,2.496466667,,,,
,Warm Temperate | Dry | North America | Hedgerow,Warm Temperate,Dry,North America,Hedgerow,1.1,1.1,0.6737,1.5263,,,,
,Warm Temperate | Dry | North America | Silvoarable,Warm Temperate,Dry,North America,Silvoarable,1.14,1.14,0.6486,1.6314,,,,
,Warm Temperate | Dry | North America | Silvopasture,Warm Temperate,Dry,North America,Silvopasture,3.03,3.03,1.8184,4.2416,,,,
,Warm Temperate | Dry | North America | Other Land,Warm Temperate,Dry,North America,Other Land,0,0,#N/A,#N/A,,,,
,Warm Temperate | Dry | North America | Olive,Warm Temperate,Dry,North America,Olive,0.46,0.46,0.3358,0.5842,,,,
,Warm Temperate | Dry | North America | Orchard,Warm Temperate,Dry,North America,Orchard,0.43,0.43,0.2322,0.6278,,,,
,Warm Temperate | Dry | North America | Short Rotation Coppice,Warm Temperate,Dry,North America,Short Rotation Coppice,3.2,3.2,1.92,4.48,,,,
,Warm Temperate | Dry | North America | Tea,Warm Temperate,Dry,North America,Tea,0.7,0.7,0.525,0.875,,,,
,Warm Temperate | Dry | North America | Vine,Warm Temperate,Dry,North America,Vine,0.28,0.28,0.2072,0.3528,,,,
,Warm Temperate | Dry | North America | Oil Palm,Warm Temperate,Dry,North America,Oil Palm,0,0,#N/A,#N/A,,,,
,Warm Temperate | Dry | North America | Rubber,Warm Temperate,Dry,North America,Rubber,0,0,#N/A,#N/A,,,,
,Warm Temperate | Dry | South America | Grains,Warm Temperate,Dry,South America,Grains,4.7,4.7,1.175,8.225,,,,
,Warm Temperate | Dry | South America | Maize,Warm Temperate,Dry,South America,Maize,4.7,4.7,1.175,8.225,,,,
,Warm Temperate | Dry | South America | Sugarcane,Warm Temperate,Dry,South America,Sugarcane,4.7,4.7,1.175,8.225,,,,
,Warm Temperate | Dry | South America | Wheat,Warm Temperate,Dry,South America,Wheat,4.7,4.7,1.175,8.225,,,,
,Warm Temperate | Dry | South America | Beans & Pulses,Warm Temperate,Dry,South America,Beans & Pulses,4.7,4.7,1.175,8.225,,,,
,Warm Temperate | Dry | South America | Tubers,Warm Temperate,Dry,South America,Tubers,4.7,4.7,1.175,8.225,,,,
,Warm Temperate | Dry | South America | Root Crops,Warm Temperate,Dry,South America,Root Crops,4.7,4.7,1.175,8.225,,,,
,Warm Temperate | Dry | South America | Barley,Warm Temperate,Dry,South America,Barley,4.7,4.7,1.175,8.225,,,,
,Warm Temperate | Dry | South America | Oats,Warm Temperate,Dry,South America,Oats,4.7,4.7,1.175,8.225,,,,
,Warm Temperate | Dry | South America | Millet,Warm Temperate,Dry,South America,Millet,4.7,4.7,1.175,8.225,,,,
,Warm Temperate | Dry | South America | Sorghum,Warm Temperate,Dry,South America,Sorghum,4.7,4.7,1.175,8.225,,,,
,Warm Temperate | Dry | South America | Rye,Warm Temperate,Dry,South America,Rye,4.7,4.7,1.175,8.225,,,,
,Warm Temperate | Dry | South America | Soybeans,Warm Temperate,Dry,South America,Soybeans,4.7,4.7,1.175,8.225,,,,
,Warm Temperate | Dry | South America | Dry Bean,Warm Temperate,Dry,South America,Dry Bean,4.7,4.7,1.175,8.225,,,,
,Warm Temperate | Dry | South America | Potatoes,Warm Temperate,Dry,South America,Potatoes,4.7,4.7,1.175,8.225,,,,
,Warm Temperate | Dry | South America | Peanuts,Warm Temperate,Dry,South America,Peanuts,4.7,4.7,1.175,8.225,,,,
,Warm Temperate | Dry | South America | Vegetables,Warm Temperate,Dry,South America,Vegetables,4.7,4.7,1.175,8.225,,,,
,Warm Temperate | Dry | South America | Oilseeds,Warm Temperate,Dry,South America,Oilseeds,4.7,4.7,1.175,8.225,,,,
,Warm Temperate | Dry | South America | Groundnuts,Warm Temperate,Dry,South America,Groundnuts,4.7,4.7,1.175,8.225,,,,
,Warm Temperate | Dry | South America | Annual Cropland,Warm Temperate,Dry,South America,Annual Cropland,4.7,4.7,1.175,8.225,,,,
,Warm Temperate | Dry | South America | Set Aside,Warm Temperate,Dry,South America,Set Aside,4.7,4.7,1.175,8.225,,,,
,Warm Temperate | Dry | South America | Flooded Rice,Warm Temperate,Dry,South America,Flooded Rice,4.7,4.7,1.175,8.225,,,,
,Warm Temperate | Dry | South America | Grassland,Warm Temperate,Dry,South America,Grassland,2.867,2.867,0.71675,5.01725,,,,
,Warm Temperate | Dry | South America | Other Land (Non-Vegetated),Warm Temperate,Dry,South America,Other Land (Non-Vegetated),0,0,#N/A,#N/A,,,,
,Warm Temperate | Dry | South America | Settlement,Warm Temperate,Dry,South America,Settlement,0,0,#N/A,#N/A,,,,
,Warm Temperate | Dry | South America | Agroforestry - Default,Warm Temperate,Dry,South America,Agroforestry - Default,1.756666667,1.756666667,1.016866667,2.496466667,,,,
,Warm Temperate | Dry | South America | Hedgerow,Warm Temperate,Dry,South America,Hedgerow,1.1,1.1,0.6737,1.5263,,,,
,Warm Temperate | Dry | South America | Silvoarable,Warm Temperate,Dry,South America,Silvoarable,1.14,1.14,0.6486,1.6314,,,,
,Warm Temperate | Dry | South America | Silvopasture,Warm Temperate,Dry,South America,Silvopasture,3.03,3.03,1.8184,4.2416,,,,
,Warm Temperate | Dry | South America | Other Land,Warm Temperate,Dry,South America,Other Land,0,0,#N/A,#N/A,,,,
,Warm Temperate | Dry | South America | Olive,Warm Temperate,Dry,South America,Olive,0.46,0.46,0.3358,0.5842,,,,
,Warm Temperate | Dry | South America | Orchard,Warm Temperate,Dry,South America,Orchard,0.43,0.43,0.2322,0.6278,,,,
,Warm Temperate | Dry | South America | Short Rotation Coppice,Warm Temperate,Dry,South America,Short Rotation Coppice,3.2,3.2,1.92,4.48,,,,
,Warm Temperate | Dry | South America | Tea,Warm Temperate,Dry,South America,Tea,0.7,0.7,0.525,0.875,,,,
,Warm Temperate | Dry | South America | Vine,Warm Temperate,Dry,South America,Vine,0.28,0.28,0.2072,0.3528,,,,
,Warm Temperate | Dry | South America | Oil Palm,Warm Temperate,Dry,South America,Oil Palm,0,0,#N/A,#N/A,,,,
,Warm Temperate | Dry | South America | Rubber,Warm Temperate,Dry,South America,Rubber,0,0,#N/A,#N/A,,,,
,Warm Temperate | Dry | Central America | Grains,Warm Temperate,Dry,Central America,Grains,4.7,4.7,1.175,8.225,,,,
,Warm Temperate | Dry | Central America | Maize,Warm Temperate,Dry,Central America,Maize,4.7,4.7,1.175,8.225,,,,
,Warm Temperate | Dry | Central America | Sugarcane,Warm Temperate,Dry,Central America,Sugarcane,4.7,4.7,1.175,8.225,,,,
,Warm Temperate | Dry | Central America | Wheat,Warm Temperate,Dry,Central America,Wheat,4.7,4.7,1.175,8.225,,,,
,Warm Temperate | Dry | Central America | Beans & Pulses,Warm Temperate,Dry,Central America,Beans & Pulses,4.7,4.7,1.175,8.225,,,,
,Warm Temperate | Dry | Central America | Tubers,Warm Temperate,Dry,Central America,Tubers,4.7,4.7,1.175,8.225,,,,
,Warm Temperate | Dry | Central America | Root Crops,Warm Temperate,Dry,Central America,Root Crops,4.7,4.7,1.175,8.225,,,,
,Warm Temperate | Dry | Central America | Barley,Warm Temperate,Dry,Central America,Barley,4.7,4.7,1.175,8.225,,,,
,Warm Temperate | Dry | Central America | Oats,Warm Temperate,Dry,Central America,Oats,4.7,4.7,1.175,8.225,,,,
,Warm Temperate | Dry | Central America | Millet,Warm Temperate,Dry,Central America,Millet,4.7,4.7,1.175,8.225,,,,
,Warm Temperate | Dry | Central America | Sorghum,Warm Temperate,Dry,Central America,Sorghum,4.7,4.7,1.175,8.225,,,,
,Warm Temperate | Dry | Central America | Rye,Warm Temperate,Dry,Central America,Rye,4.7,4.7,1.175,8.225,,,,
,Warm Temperate | Dry | Central America | Soybeans,Warm Temperate,Dry,Central America,Soybeans,4.7,4.7,1.175,8.225,,,,
,Warm Temperate | Dry | Central America | Dry Bean,Warm Temperate,Dry,Central America,Dry Bean,4.7,4.7,1.175,8.225,,,,
,Warm Temperate | Dry | Central America | Potatoes,Warm Temperate,Dry,Central America,Potatoes,4.7,4.7,1.175,8.225,,,,
,Warm Temperate | Dry | Central America | Peanuts,Warm Temperate,Dry,Central America,Peanuts,4.7,4.7,1.175,8.225,,,,
,Warm Temperate | Dry | Central America | Vegetables,Warm Temperate,Dry,Central America,Vegetables,4.7,4.7,1.175,8.225,,,,
,Warm Temperate | Dry | Central America | Oilseeds,Warm Temperate,Dry,Central America,Oilseeds,4.7,4.7,1.175,8.225,,,,
,Warm Temperate | Dry | Central America | Groundnuts,Warm Temperate,Dry,Central America,Groundnuts,4.7,4.7,1.175,8.225,,,,
,Warm Temperate | Dry | Central America | Annual Cropland,Warm Temperate,Dry,Central America,Annual Cropland,4.7,4.7,1.175,8.225,,,,
,Warm Temperate | Dry | Central America | Set Aside,Warm Temperate,Dry,Central America,Set Aside,4.7,4.7,1.175,8.225,,,,
,Warm Temperate | Dry | Central America | Flooded Rice,Warm Temperate,Dry,Central America,Flooded Rice,4.7,4.7,1.175,8.225,,,,
,Warm Temperate | Dry | Central America | Grassland,Warm Temperate,Dry,Central America,Grassland,2.867,2.867,0.71675,5.01725,,,,
,Warm Temperate | Dry | Central America | Other Land (Non-Vegetated),Warm Temperate,Dry,Central America,Other Land (Non-Vegetated),0,0,#N/A,#N/A,,,,
,Warm Temperate | Dry | Central America | Settlement,Warm Temperate,Dry,Central America,Settlement,0,0,#N/A,#N/A,,,,
,Warm Temperate | Dry | Central America | Agroforestry - Default,Warm Temperate,Dry,Central America,Agroforestry - Default,1.756666667,1.756666667,1.016866667,2.496466667,,,,
,Warm Temperate | Dry | Central America | Hedgerow,Warm Temperate,Dry,Central America,Hedgerow,1.1,1.1,0.6737,1.5263,,,,
,Warm Temperate | Dry | Central America | Silvoarable,Warm Temperate,Dry,Central America,Silvoarable,1.14,1.14,0.6486,1.6314,,,,
,Warm Temperate | Dry | Central America | Silvopasture,Warm Temperate,Dry,Central America,Silvopasture,3.03,3.03,1.8184,4.2416,,,,
,Warm Temperate | Dry | Central America | Other Land,Warm Temperate,Dry,Central America,Other Land,0,0,#N/A,#N/A,,,,
,Warm Temperate | Dry | Central America | Olive,Warm Temperate,Dry,Central America,Olive,0.46,0.46,0.3358,0.5842,,,,
,Warm Temperate | Dry | Central America | Orchard,Warm Temperate,Dry,Central America,Orchard,0.43,0.43,0.2322,0.6278,,,,
,Warm Temperate | Dry | Central America | Short Rotation Coppice,Warm Temperate,Dry,Central America,Short Rotation Coppice,3.2,3.2,1.92,4.48,,,,
,Warm Temperate | Dry | Central America | Tea,Warm Temperate,Dry,Central America,Tea,0.7,0.7,0.525,0.875,,,,
,Warm Temperate | Dry | Central America | Vine,Warm Temperate,Dry,Central America,Vine,0.28,0.28,0.2072,0.3528,,,,
,Warm Temperate | Dry | Central America | Oil Palm,Warm Temperate,Dry,Central America,Oil Palm,0,0,#N/A,#N/A,,,,
,Warm Temperate | Dry | Central America | Rubber,Warm Temperate,Dry,Central America,Rubber,0,0,#N/A,#N/A,,,,
,Warm Temperate | Dry | Caribbean | Grains,Warm Temperate,Dry,Caribbean,Grains,4.7,4.7,1.175,8.225,,,,
,Warm Temperate | Dry | Caribbean | Maize,Warm Temperate,Dry,Caribbean,Maize,4.7,4.7,1.175,8.225,,,,
,Warm Temperate | Dry | Caribbean | Sugarcane,Warm Temperate,Dry,Caribbean,Sugarcane,4.7,4.7,1.175,8.225,,,,
,Warm Temperate | Dry | Caribbean | Wheat,Warm Temperate,Dry,Caribbean,Wheat,4.7,4.7,1.175,8.225,,,,
,Warm Temperate | Dry | Caribbean | Beans & Pulses,Warm Temperate,Dry,Caribbean,Beans & Pulses,4.7,4.7,1.175,8.225,,,,
,Warm Temperate | Dry | Caribbean | Tubers,Warm Temperate,Dry,Caribbean,Tubers,4.7,4.7,1.175,8.225,,,,
,Warm Temperate | Dry | Caribbean | Root Crops,Warm Temperate,Dry,Caribbean,Root Crops,4.7,4.7,1.175,8.225,,,,
,Warm Temperate | Dry | Caribbean | Barley,Warm Temperate,Dry,Caribbean,Barley,4.7,4.7,1.175,8.225,,,,
,Warm Temperate | Dry | Caribbean | Oats,Warm Temperate,Dry,Caribbean,Oats,4.7,4.7,1.175,8.225,,,,
,Warm Temperate | Dry | Caribbean | Millet,Warm Temperate,Dry,Caribbean,Millet,4.7,4.7,1.175,8.225,,,,
,Warm Temperate | Dry | Caribbean | Sorghum,Warm Temperate,Dry,Caribbean,Sorghum,4.7,4.7,1.175,8.225,,,,
,Warm Temperate | Dry | Caribbean | Rye,Warm Temperate,Dry,Caribbean,Rye,4.7,4.7,1.175,8.225,,,,
,Warm Temperate | Dry | Caribbean | Soybeans,Warm Temperate,Dry,Caribbean,Soybeans,4.7,4.7,1.175,8.225,,,,
,Warm Temperate | Dry | Caribbean | Dry Bean,Warm Temperate,Dry,Caribbean,Dry Bean,4.7,4.7,1.175,8.225,,,,
,Warm Temperate | Dry | Caribbean | Potatoes,Warm Temperate,Dry,Caribbean,Potatoes,4.7,4.7,1.175,8.225,,,,
,Warm Temperate | Dry | Caribbean | Peanuts,Warm Temperate,Dry,Caribbean,Peanuts,4.7,4.7,1.175,8.225,,,,
,Warm Temperate | Dry | Caribbean | Vegetables,Warm Temperate,Dry,Caribbean,Vegetables,4.7,4.7,1.175,8.225,,,,
,Warm Temperate | Dry | Caribbean | Oilseeds,Warm Temperate,Dry,Caribbean,Oilseeds,4.7,4.7,1.175,8.225,,,,
,Warm Temperate | Dry | Caribbean | Groundnuts,Warm Temperate,Dry,Caribbean,Groundnuts,4.7,4.7,1.175,8.225,,,,
,Warm Temperate | Dry | Caribbean | Annual Cropland,Warm Temperate,Dry,Caribbean,Annual Cropland,4.7,4.7,1.175,8.225,,,,
,Warm Temperate | Dry | Caribbean | Set Aside,Warm Temperate,Dry,Caribbean,Set Aside,4.7,4.7,1.175,8.225,,,,
,Warm Temperate | Dry | Caribbean | Flooded Rice,Warm Temperate,Dry,Caribbean,Flooded Rice,4.7,4.7,1.175,8.225,,,,
,Warm Temperate | Dry | Caribbean | Grassland,Warm Temperate,Dry,Caribbean,Grassland,2.867,2.867,0.71675,5.01725,,,,
,Warm Temperate | Dry | Caribbean | Other Land (Non-Vegetated),Warm Temperate,Dry,Caribbean,Other Land (Non-Vegetated),0,0,#N/A,#N/A,,,,
,Warm Temperate | Dry | Caribbean | Settlement,Warm Temperate,Dry,Caribbean,Settlement,0,0,#N/A,#N/A,,,,
,Warm Temperate | Dry | Caribbean | Agroforestry - Default,Warm Temperate,Dry,Caribbean,Agroforestry - Default,1.756666667,1.756666667,1.016866667,2.496466667,,,,
,Warm Temperate | Dry | Caribbean | Hedgerow,Warm Temperate,Dry,Caribbean,Hedgerow,1.1,1.1,0.6737,1.5263,,,,
,Warm Temperate | Dry | Caribbean | Silvoarable,Warm Temperate,Dry,Caribbean,Silvoarable,1.14,1.14,0.6486,1.6314,,,,
,Warm Temperate | Dry | Caribbean | Silvopasture,Warm Temperate,Dry,Caribbean,Silvopasture,3.03,3.03,1.8184,4.2416,,,,
,Warm Temperate | Dry | Caribbean | Other Land,Warm Temperate,Dry,Caribbean,Other Land,0,0,#N/A,#N/A,,,,
,Warm Temperate | Dry | Caribbean | Olive,Warm Temperate,Dry,Caribbean,Olive,0.46,0.46,0.3358,0.5842,,,,
,Warm Temperate | Dry | Caribbean | Orchard,Warm Temperate,Dry,Caribbean,Orchard,0.43,0.43,0.2322,0.6278,,,,
,Warm Temperate | Dry | Caribbean | Short Rotation Coppice,Warm Temperate,Dry,Caribbean,Short Rotation Coppice,3.2,3.2,1.92,4.48,,,,
,Warm Temperate | Dry | Caribbean | Tea,Warm Temperate,Dry,Caribbean,Tea,0.7,0.7,0.525,0.875,,,,
,Warm Temperate | Dry | Caribbean | Vine,Warm Temperate,Dry,Caribbean,Vine,0.28,0.28,0.2072,0.3528,,,,
,Warm Temperate | Dry | Caribbean | Oil Palm,Warm Temperate,Dry,Caribbean,Oil Palm,0,0,#N/A,#N/A,,,,
,Warm Temperate | Dry | Caribbean | Rubber,Warm Temperate,Dry,Caribbean,Rubber,0,0,#N/A,#N/A,,,,
,Warm Temperate | Moist | Eastern Africa | Grains,Warm Temperate,Moist,Eastern Africa,Grains,4.7,4.7,1.175,8.225,,,,
,Warm Temperate | Moist | Eastern Africa | Maize,Warm Temperate,Moist,Eastern Africa,Maize,4.7,4.7,1.175,8.225,,,,
,Warm Temperate | Moist | Eastern Africa | Sugarcane,Warm Temperate,Moist,Eastern Africa,Sugarcane,4.7,4.7,1.175,8.225,,,,
,Warm Temperate | Moist | Eastern Africa | Wheat,Warm Temperate,Moist,Eastern Africa,Wheat,4.7,4.7,1.175,8.225,,,,
,Warm Temperate | Moist | Eastern Africa | Beans & Pulses,Warm Temperate,Moist,Eastern Africa,Beans & Pulses,4.7,4.7,1.175,8.225,,,,
,Warm Temperate | Moist | Eastern Africa | Tubers,Warm Temperate,Moist,Eastern Africa,Tubers,4.7,4.7,1.175,8.225,,,,
,Warm Temperate | Moist | Eastern Africa | Root Crops,Warm Temperate,Moist,Eastern Africa,Root Crops,4.7,4.7,1.175,8.225,,,,
,Warm Temperate | Moist | Eastern Africa | Barley,Warm Temperate,Moist,Eastern Africa,Barley,4.7,4.7,1.175,8.225,,,,
,Warm Temperate | Moist | Eastern Africa | Oats,Warm Temperate,Moist,Eastern Africa,Oats,4.7,4.7,1.175,8.225,,,,
,Warm Temperate | Moist | Eastern Africa | Millet,Warm Temperate,Moist,Eastern Africa,Millet,4.7,4.7,1.175,8.225,,,,
,Warm Temperate | Moist | Eastern Africa | Sorghum,Warm Temperate,Moist,Eastern Africa,Sorghum,4.7,4.7,1.175,8.225,,,,
,Warm Temperate | Moist | Eastern Africa | Rye,Warm Temperate,Moist,Eastern Africa,Rye,4.7,4.7,1.175,8.225,,,,
,Warm Temperate | Moist | Eastern Africa | Soybeans,Warm Temperate,Moist,Eastern Africa,Soybeans,4.7,4.7,1.175,8.225,,,,
,Warm Temperate | Moist | Eastern Africa | Dry Bean,Warm Temperate,Moist,Eastern Africa,Dry Bean,4.7,4.7,1.175,8.225,,,,
,Warm Temperate | Moist | Eastern Africa | Potatoes,Warm Temperate,Moist,Eastern Africa,Potatoes,4.7,4.7,1.175,8.225,,,,
,Warm Temperate | Moist | Eastern Africa | Peanuts,Warm Temperate,Moist,Eastern Africa,Peanuts,4.7,4.7,1.175,8.225,,,,
,Warm Temperate | Moist | Eastern Africa | Vegetables,Warm Temperate,Moist,Eastern Africa,Vegetables,4.7,4.7,1.175,8.225,,,,
,Warm Temperate | Moist | Eastern Africa | Oilseeds,Warm Temperate,Moist,Eastern Africa,Oilseeds,4.7,4.7,1.175,8.225,,,,
,Warm Temperate | Moist | Eastern Africa | Groundnuts,Warm Temperate,Moist,Eastern Africa,Groundnuts,4.7,4.7,1.175,8.225,,,,
,Warm Temperate | Moist | Eastern Africa | Annual Cropland,Warm Temperate,Moist,Eastern Africa,Annual Cropland,4.7,4.7,1.175,8.225,,,,
,Warm Temperate | Moist | Eastern Africa | Set Aside,Warm Temperate,Moist,Eastern Africa,Set Aside,4.7,4.7,1.175,8.225,,,,
,Warm Temperate | Moist | Eastern Africa | Flooded Rice,Warm Temperate,Moist,Eastern Africa,Flooded Rice,4.7,4.7,1.175,8.225,,,,
,Warm Temperate | Moist | Eastern Africa | Grassland,Warm Temperate,Moist,Eastern Africa,Grassland,6.345,6.345,1.58625,11.10375,,,,
,Warm Temperate | Moist | Eastern Africa | Other Land (Non-Vegetated),Warm Temperate,Moist,Eastern Africa,Other Land (Non-Vegetated),0,0,#N/A,#N/A,,,,
,Warm Temperate | Moist | Eastern Africa | Settlement,Warm Temperate,Moist,Eastern Africa,Settlement,0,0,#N/A,#N/A,,,,
,Warm Temperate | Moist | Eastern Africa | Agroforestry - Default,Warm Temperate,Moist,Eastern Africa,Agroforestry - Default,1.756666667,1.756666667,1.016866667,2.496466667,,,,
,Warm Temperate | Moist | Eastern Africa | Hedgerow,Warm Temperate,Moist,Eastern Africa,Hedgerow,1.1,1.1,0.6737,1.5263,,,,
,Warm Temperate | Moist | Eastern Africa | Silvoarable,Warm Temperate,Moist,Eastern Africa,Silvoarable,1.14,1.14,0.6486,1.6314,,,,
,Warm Temperate | Moist | Eastern Africa | Silvopasture,Warm Temperate,Moist,Eastern Africa,Silvopasture,3.03,3.03,1.8184,4.2416,,,,
,Warm Temperate | Moist | Eastern Africa | Other Land,Warm Temperate,Moist,Eastern Africa,Other Land,0,0,#N/A,#N/A,,,,
,Warm Temperate | Moist | Eastern Africa | Olive,Warm Temperate,Moist,Eastern Africa,Olive,0.46,0.46,0.3358,0.5842,,,,
,Warm Temperate | Moist | Eastern Africa | Orchard,Warm Temperate,Moist,Eastern Africa,Orchard,0.43,0.43,0.2322,0.6278,,,,
,Warm Temperate | Moist | Eastern Africa | Short Rotation Coppice,Warm Temperate,Moist,Eastern Africa,Short Rotation Coppice,3.2,3.2,1.92,4.48,,,,
,Warm Temperate | Moist | Eastern Africa | Tea,Warm Temperate,Moist,Eastern Africa,Tea,0.7,0.7,0.525,0.875,,,,
,Warm Temperate | Moist | Eastern Africa | Vine,Warm Temperate,Moist,Eastern Africa,Vine,0.28,0.28,0.2072,0.3528,,,,
,Warm Temperate | Moist | Eastern Africa | Oil Palm,Warm Temperate,Moist,Eastern Africa,Oil Palm,0,0,#N/A,#N/A,,,,
,Warm Temperate | Moist | Eastern Africa | Rubber,Warm Temperate,Moist,Eastern Africa,Rubber,0,0,#N/A,#N/A,,,,
,Warm Temperate | Moist | Central Africa | Grains,Warm Temperate,Moist,Central Africa,Grains,4.7,4.7,1.175,8.225,,,,
,Warm Temperate | Moist | Central Africa | Maize,Warm Temperate,Moist,Central Africa,Maize,4.7,4.7,1.175,8.225,,,,
,Warm Temperate | Moist | Central Africa | Sugarcane,Warm Temperate,Moist,Central Africa,Sugarcane,4.7,4.7,1.175,8.225,,,,
,Warm Temperate | Moist | Central Africa | Wheat,Warm Temperate,Moist,Central Africa,Wheat,4.7,4.7,1.175,8.225,,,,
,Warm Temperate | Moist | Central Africa | Beans & Pulses,Warm Temperate,Moist,Central Africa,Beans & Pulses,4.7,4.7,1.175,8.225,,,,
,Warm Temperate | Moist | Central Africa | Tubers,Warm Temperate,Moist,Central Africa,Tubers,4.7,4.7,1.175,8.225,,,,
,Warm Temperate | Moist | Central Africa | Root Crops,Warm Temperate,Moist,Central Africa,Root Crops,4.7,4.7,1.175,8.225,,,,
,Warm Temperate | Moist | Central Africa | Barley,Warm Temperate,Moist,Central Africa,Barley,4.7,4.7,1.175,8.225,,,,
,Warm Temperate | Moist | Central Africa | Oats,Warm Temperate,Moist,Central Africa,Oats,4.7,4.7,1.175,8.225,,,,
,Warm Temperate | Moist | Central Africa | Millet,Warm Temperate,Moist,Central Africa,Millet,4.7,4.7,1.175,8.225,,,,
,Warm Temperate | Moist | Central Africa | Sorghum,Warm Temperate,Moist,Central Africa,Sorghum,4.7,4.7,1.175,8.225,,,,
,Warm Temperate | Moist | Central Africa | Rye,Warm Temperate,Moist,Central Africa,Rye,4.7,4.7,1.175,8.225,,,,
,Warm Temperate | Moist | Central Africa | Soybeans,Warm Temperate,Moist,Central Africa,Soybeans,4.7,4.7,1.175,8.225,,,,
,Warm Temperate | Moist | Central Africa | Dry Bean,Warm Temperate,Moist,Central Africa,Dry Bean,4.7,4.7,1.175,8.225,,,,
,Warm Temperate | Moist | Central Africa | Potatoes,Warm Temperate,Moist,Central Africa,Potatoes,4.7,4.7,1.175,8.225,,,,
,Warm Temperate | Moist | Central Africa | Peanuts,Warm Temperate,Moist,Central Africa,Peanuts,4.7,4.7,1.175,8.225,,,,
,Warm Temperate | Moist | Central Africa | Vegetables,Warm Temperate,Moist,Central Africa,Vegetables,4.7,4.7,1.175,8.225,,,,
,Warm Temperate | Moist | Central Africa | Oilseeds,Warm Temperate,Moist,Central Africa,Oilseeds,4.7,4.7,1.175,8.225,,,,
,Warm Temperate | Moist | Central Africa | Groundnuts,Warm Temperate,Moist,Central Africa,Groundnuts,4.7,4.7,1.175,8.225,,,,
,Warm Temperate | Moist | Central Africa | Annual Cropland,Warm Temperate,Moist,Central Africa,Annual Cropland,4.7,4.7,1.175,8.225,,,,
,Warm Temperate | Moist | Central Africa | Set Aside,Warm Temperate,Moist,Central Africa,Set Aside,4.7,4.7,1.175,8.225,,,,
,Warm Temperate | Moist | Central Africa | Flooded Rice,Warm Temperate,Moist,Central Africa,Flooded Rice,4.7,4.7,1.175,8.225,,,,
,Warm Temperate | Moist | Central Africa | Grassland,Warm Temperate,Moist,Central Africa,Grassland,6.345,6.345,1.58625,11.10375,,,,
,Warm Temperate | Moist | Central Africa | Other Land (Non-Vegetated),Warm Temperate,Moist,Central Africa,Other Land (Non-Vegetated),0,0,#N/A,#N/A,,,,
,Warm Temperate | Moist | Central Africa | Settlement,Warm Temperate,Moist,Central Africa,Settlement,0,0,#N/A,#N/A,,,,
,Warm Temperate | Moist | Central Africa | Agroforestry - Default,Warm Temperate,Moist,Central Africa,Agroforestry - Default,1.756666667,1.756666667,1.016866667,2.496466667,,,,
,Warm Temperate | Moist | Central Africa | Hedgerow,Warm Temperate,Moist,Central Africa,Hedgerow,1.1,1.1,0.6737,1.5263,,,,
,Warm Temperate | Moist | Central Africa | Silvoarable,Warm Temperate,Moist,Central Africa,Silvoarable,1.14,1.14,0.6486,1.6314,,,,
,Warm Temperate | Moist | Central Africa | Silvopasture,Warm Temperate,Moist,Central Africa,Silvopasture,3.03,3.03,1.8184,4.2416,,,,
,Warm Temperate | Moist | Central Africa | Other Land,Warm Temperate,Moist,Central Africa,Other Land,0,0,#N/A,#N/A,,,,
,Warm Temperate | Moist | Central Africa | Olive,Warm Temperate,Moist,Central Africa,Olive,0.46,0.46,0.3358,0.5842,,,,
,Warm Temperate | Moist | Central Africa | Orchard,Warm Temperate,Moist,Central Africa,Orchard,0.43,0.43,0.2322,0.6278,,,,
,Warm Temperate | Moist | Central Africa | Short Rotation Coppice,Warm Temperate,Moist,Central Africa,Short Rotation Coppice,3.2,3.2,1.92,4.48,,,,
,Warm Temperate | Moist | Central Africa | Tea,Warm Temperate,Moist,Central Africa,Tea,0.7,0.7,0.525,0.875,,,,
,Warm Temperate | Moist | Central Africa | Vine,Warm Temperate,Moist,Central Africa,Vine,0.28,0.28,0.2072,0.3528,,,,
,Warm Temperate | Moist | Central Africa | Oil Palm,Warm Temperate,Moist,Central Africa,Oil Palm,0,0,#N/A,#N/A,,,,
,Warm Temperate | Moist | Central Africa | Rubber,Warm Temperate,Moist,Central Africa,Rubber,0,0,#N/A,#N/A,,,,
,Warm Temperate | Moist | Northern Africa | Grains,Warm Temperate,Moist,Northern Africa,Grains,4.7,4.7,1.175,8.225,,,,
,Warm Temperate | Moist | Northern Africa | Maize,Warm Temperate,Moist,Northern Africa,Maize,4.7,4.7,1.175,8.225,,,,
,Warm Temperate | Moist | Northern Africa | Sugarcane,Warm Temperate,Moist,Northern Africa,Sugarcane,4.7,4.7,1.175,8.225,,,,
,Warm Temperate | Moist | Northern Africa | Wheat,Warm Temperate,Moist,Northern Africa,Wheat,4.7,4.7,1.175,8.225,,,,
,Warm Temperate | Moist | Northern Africa | Beans & Pulses,Warm Temperate,Moist,Northern Africa,Beans & Pulses,4.7,4.7,1.175,8.225,,,,
,Warm Temperate | Moist | Northern Africa | Tubers,Warm Temperate,Moist,Northern Africa,Tubers,4.7,4.7,1.175,8.225,,,,
,Warm Temperate | Moist | Northern Africa | Root Crops,Warm Temperate,Moist,Northern Africa,Root Crops,4.7,4.7,1.175,8.225,,,,
,Warm Temperate | Moist | Northern Africa | Barley,Warm Temperate,Moist,Northern Africa,Barley,4.7,4.7,1.175,8.225,,,,
,Warm Temperate | Moist | Northern Africa | Oats,Warm Temperate,Moist,Northern Africa,Oats,4.7,4.7,1.175,8.225,,,,
,Warm Temperate | Moist | Northern Africa | Millet,Warm Temperate,Moist,Northern Africa,Millet,4.7,4.7,1.175,8.225,,,,
,Warm Temperate | Moist | Northern Africa | Sorghum,Warm Temperate,Moist,Northern Africa,Sorghum,4.7,4.7,1.175,8.225,,,,
,Warm Temperate | Moist | Northern Africa | Rye,Warm Temperate,Moist,Northern Africa,Rye,4.7,4.7,1.175,8.225,,,,
,Warm Temperate | Moist | Northern Africa | Soybeans,Warm Temperate,Moist,Northern Africa,Soybeans,4.7,4.7,1.175,8.225,,,,
,Warm Temperate | Moist | Northern Africa | Dry Bean,Warm Temperate,Moist,Northern Africa,Dry Bean,4.7,4.7,1.175,8.225,,,,
,Warm Temperate | Moist | Northern Africa | Potatoes,Warm Temperate,Moist,Northern Africa,Potatoes,4.7,4.7,1.175,8.225,,,,
,Warm Temperate | Moist | Northern Africa | Peanuts,Warm Temperate,Moist,Northern Africa,Peanuts,4.7,4.7,1.175,8.225,,,,
,Warm Temperate | Moist | Northern Africa | Vegetables,Warm Temperate,Moist,Northern Africa,Vegetables,4.7,4.7,1.175,8.225,,,,
,Warm Temperate | Moist | Northern Africa | Oilseeds,Warm Temperate,Moist,Northern Africa,Oilseeds,4.7,4.7,1.175,8.225,,,,
,Warm Temperate | Moist | Northern Africa | Groundnuts,Warm Temperate,Moist,Northern Africa,Groundnuts,4.7,4.7,1.175,8.225,,,,
,Warm Temperate | Moist | Northern Africa | Annual Cropland,Warm Temperate,Moist,Northern Africa,Annual Cropland,4.7,4.7,1.175,8.225,,,,
,Warm Temperate | Moist | Northern Africa | Set Aside,Warm Temperate,Moist,Northern Africa,Set Aside,4.7,4.7,1.175,8.225,,,,
,Warm Temperate | Moist | Northern Africa | Flooded Rice,Warm Temperate,Moist,Northern Africa,Flooded Rice,4.7,4.7,1.175,8.225,,,,
,Warm Temperate | Moist | Northern Africa | Grassland,Warm Temperate,Moist,Northern Africa,Grassland,6.345,6.345,1.58625,11.10375,,,,
,Warm Temperate | Moist | Northern Africa | Other Land (Non-Vegetated),Warm Temperate,Moist,Northern Africa,Other Land (Non-Vegetated),0,0,#N/A,#N/A,,,,
,Warm Temperate | Moist | Northern Africa | Settlement,Warm Temperate,Moist,Northern Africa,Settlement,0,0,#N/A,#N/A,,,,
,Warm Temperate | Moist | Northern Africa | Agroforestry - Default,Warm Temperate,Moist,Northern Africa,Agroforestry - Default,1.756666667,1.756666667,1.016866667,2.496466667,,,,
,Warm Temperate | Moist | Northern Africa | Hedgerow,Warm Temperate,Moist,Northern Africa,Hedgerow,1.1,1.1,0.6737,1.5263,,,,
,Warm Temperate | Moist | Northern Africa | Silvoarable,Warm Temperate,Moist,Northern Africa,Silvoarable,1.14,1.14,0.6486,1.6314,,,,
,Warm Temperate | Moist | Northern Africa | Silvopasture,Warm Temperate,Moist,Northern Africa,Silvopasture,3.03,3.03,1.8184,4.2416,,,,
,Warm Temperate | Moist | Northern Africa | Other Land,Warm Temperate,Moist,Northern Africa,Other Land,0,0,#N/A,#N/A,,,,
,Warm Temperate | Moist | Northern Africa | Olive,Warm Temperate,Moist,Northern Africa,Olive,0.46,0.46,0.3358,0.5842,,,,
,Warm Temperate | Moist | Northern Africa | Orchard,Warm Temperate,Moist,Northern Africa,Orchard,0.43,0.43,0.2322,0.6278,,,,
,Warm Temperate | Moist | Northern Africa | Short Rotation Coppice,Warm Temperate,Moist,Northern Africa,Short Rotation Coppice,3.2,3.2,1.92,4.48,,,,
,Warm Temperate | Moist | Northern Africa | Tea,Warm Temperate,Moist,Northern Africa,Tea,0.7,0.7,0.525,0.875,,,,
,Warm Temperate | Moist | Northern Africa | Vine,Warm Temperate,Moist,Northern Africa,Vine,0.28,0.28,0.2072,0.3528,,,,
,Warm Temperate | Moist | Northern Africa | Oil Palm,Warm Temperate,Moist,Northern Africa,Oil Palm,0,0,#N/A,#N/A,,,,
,Warm Temperate | Moist | Northern Africa | Rubber,Warm Temperate,Moist,Northern Africa,Rubber,0,0,#N/A,#N/A,,,,
,Warm Temperate | Moist | Southern Africa | Grains,Warm Temperate,Moist,Southern Africa,Grains,4.7,4.7,1.175,8.225,,,,
,Warm Temperate | Moist | Southern Africa | Maize,Warm Temperate,Moist,Southern Africa,Maize,4.7,4.7,1.175,8.225,,,,
,Warm Temperate | Moist | Southern Africa | Sugarcane,Warm Temperate,Moist,Southern Africa,Sugarcane,4.7,4.7,1.175,8.225,,,,
,Warm Temperate | Moist | Southern Africa | Wheat,Warm Temperate,Moist,Southern Africa,Wheat,4.7,4.7,1.175,8.225,,,,
,Warm Temperate | Moist | Southern Africa | Beans & Pulses,Warm Temperate,Moist,Southern Africa,Beans & Pulses,4.7,4.7,1.175,8.225,,,,
,Warm Temperate | Moist | Southern Africa | Tubers,Warm Temperate,Moist,Southern Africa,Tubers,4.7,4.7,1.175,8.225,,,,
,Warm Temperate | Moist | Southern Africa | Root Crops,Warm Temperate,Moist,Southern Africa,Root Crops,4.7,4.7,1.175,8.225,,,,
,Warm Temperate | Moist | Southern Africa | Barley,Warm Temperate,Moist,Southern Africa,Barley,4.7,4.7,1.175,8.225,,,,
,Warm Temperate | Moist | Southern Africa | Oats,Warm Temperate,Moist,Southern Africa,Oats,4.7,4.7,1.175,8.225,,,,
,Warm Temperate | Moist | Southern Africa | Millet,Warm Temperate,Moist,Southern Africa,Millet,4.7,4.7,1.175,8.225,,,,
,Warm Temperate | Moist | Southern Africa | Sorghum,Warm Temperate,Moist,Southern Africa,Sorghum,4.7,4.7,1.175,8.225,,,,
,Warm Temperate | Moist | Southern Africa | Rye,Warm Temperate,Moist,Southern Africa,Rye,4.7,4.7,1.175,8.225,,,,
,Warm Temperate | Moist | Southern Africa | Soybeans,Warm Temperate,Moist,Southern Africa,Soybeans,4.7,4.7,1.175,8.225,,,,
,Warm Temperate | Moist | Southern Africa | Dry Bean,Warm Temperate,Moist,Southern Africa,Dry Bean,4.7,4.7,1.175,8.225,,,,
,Warm Temperate | Moist | Southern Africa | Potatoes,Warm Temperate,Moist,Southern Africa,Potatoes,4.7,4.7,1.175,8.225,,,,
,Warm Temperate | Moist | Southern Africa | Peanuts,Warm Temperate,Moist,Southern Africa,Peanuts,4.7,4.7,1.175,8.225,,,,
,Warm Temperate | Moist | Southern Africa | Vegetables,Warm Temperate,Moist,Southern Africa,Vegetables,4.7,4.7,1.175,8.225,,,,
,Warm Temperate | Moist | Southern Africa | Oilseeds,Warm Temperate,Moist,Southern Africa,Oilseeds,4.7,4.7,1.175,8.225,,,,
,Warm Temperate | Moist | Southern Africa | Groundnuts,Warm Temperate,Moist,Southern Africa,Groundnuts,4.7,4.7,1.175,8.225,,,,
,Warm Temperate | Moist | Southern Africa | Annual Cropland,Warm Temperate,Moist,Southern Africa,Annual Cropland,4.7,4.7,1.175,8.225,,,,
,Warm Temperate | Moist | Southern Africa | Set Aside,Warm Temperate,Moist,Southern Africa,Set Aside,4.7,4.7,1.175,8.225,,,,
,Warm Temperate | Moist | Southern Africa | Flooded Rice,Warm Temperate,Moist,Southern Africa,Flooded Rice,4.7,4.7,1.175,8.225,,,,
,Warm Temperate | Moist | Southern Africa | Grassland,Warm Temperate,Moist,Southern Africa,Grassland,6.345,6.345,1.58625,11.10375,,,,
,Warm Temperate | Moist | Southern Africa | Other Land (Non-Vegetated),Warm Temperate,Moist,Southern Africa,Other Land (Non-Vegetated),0,0,#N/A,#N/A,,,,
,Warm Temperate | Moist | Southern Africa | Settlement,Warm Temperate,Moist,Southern Africa,Settlement,0,0,#N/A,#N/A,,,,
,Warm Temperate | Moist | Southern Africa | Agroforestry - Default,Warm Temperate,Moist,Southern Africa,Agroforestry - Default,1.756666667,1.756666667,1.016866667,2.496466667,,,,
,Warm Temperate | Moist | Southern Africa | Hedgerow,Warm Temperate,Moist,Southern Africa,Hedgerow,1.1,1.1,0.6737,1.5263,,,,
,Warm Temperate | Moist | Southern Africa | Silvoarable,Warm Temperate,Moist,Southern Africa,Silvoarable,1.14,1.14,0.6486,1.6314,,,,
,Warm Temperate | Moist | Southern Africa | Silvopasture,Warm Temperate,Moist,Southern Africa,Silvopasture,3.03,3.03,1.8184,4.2416,,,,
,Warm Temperate | Moist | Southern Africa | Other Land,Warm Temperate,Moist,Southern Africa,Other Land,0,0,#N/A,#N/A,,,,
,Warm Temperate | Moist | Southern Africa | Olive,Warm Temperate,Moist,Southern Africa,Olive,0.46,0.46,0.3358,0.5842,,,,
,Warm Temperate | Moist | Southern Africa | Orchard,Warm Temperate,Moist,Southern Africa,Orchard,0.43,0.43,0.2322,0.6278,,,,
,Warm Temperate | Moist | Southern Africa | Short Rotation Coppice,Warm Temperate,Moist,Southern Africa,Short Rotation Coppice,3.2,3.2,1.92,4.48,,,,
,Warm Temperate | Moist | Southern Africa | Tea,Warm Temperate,Moist,Southern Africa,Tea,0.7,0.7,0.525,0.875,,,,
,Warm Temperate | Moist | Southern Africa | Vine,Warm Temperate,Moist,Southern Africa,Vine,0.28,0.28,0.2072,0.3528,,,,
,Warm Temperate | Moist | Southern Africa | Oil Palm,Warm Temperate,Moist,Southern Africa,Oil Palm,0,0,#N/A,#N/A,,,,
,Warm Temperate | Moist | Southern Africa | Rubber,Warm Temperate,Moist,Southern Africa,Rubber,0,0,#N/A,#N/A,,,,
,Warm Temperate | Moist | Western Africa | Grains,Warm Temperate,Moist,Western Africa,Grains,4.7,4.7,1.175,8.225,,,,
,Warm Temperate | Moist | Western Africa | Maize,Warm Temperate,Moist,Western Africa,Maize,4.7,4.7,1.175,8.225,,,,
,Warm Temperate | Moist | Western Africa | Sugarcane,Warm Temperate,Moist,Western Africa,Sugarcane,4.7,4.7,1.175,8.225,,,,
,Warm Temperate | Moist | Western Africa | Wheat,Warm Temperate,Moist,Western Africa,Wheat,4.7,4.7,1.175,8.225,,,,
,Warm Temperate | Moist | Western Africa | Beans & Pulses,Warm Temperate,Moist,Western Africa,Beans & Pulses,4.7,4.7,1.175,8.225,,,,
,Warm Temperate | Moist | Western Africa | Tubers,Warm Temperate,Moist,Western Africa,Tubers,4.7,4.7,1.175,8.225,,,,
,Warm Temperate | Moist | Western Africa | Root Crops,Warm Temperate,Moist,Western Africa,Root Crops,4.7,4.7,1.175,8.225,,,,
,Warm Temperate | Moist | Western Africa | Barley,Warm Temperate,Moist,Western Africa,Barley,4.7,4.7,1.175,8.225,,,,
,Warm Temperate | Moist | Western Africa | Oats,Warm Temperate,Moist,Western Africa,Oats,4.7,4.7,1.175,8.225,,,,
,Warm Temperate | Moist | Western Africa | Millet,Warm Temperate,Moist,Western Africa,Millet,4.7,4.7,1.175,8.225,,,,
,Warm Temperate | Moist | Western Africa | Sorghum,Warm Temperate,Moist,Western Africa,Sorghum,4.7,4.7,1.175,8.225,,,,
,Warm Temperate | Moist | Western Africa | Rye,Warm Temperate,Moist,Western Africa,Rye,4.7,4.7,1.175,8.225,,,,
,Warm Temperate | Moist | Western Africa | Soybeans,Warm Temperate,Moist,Western Africa,Soybeans,4.7,4.7,1.175,8.225,,,,
,Warm Temperate | Moist | Western Africa | Dry Bean,Warm Temperate,Moist,Western Africa,Dry Bean,4.7,4.7,1.175,8.225,,,,
,Warm Temperate | Moist | Western Africa | Potatoes,Warm Temperate,Moist,Western Africa,Potatoes,4.7,4.7,1.175,8.225,,,,
,Warm Temperate | Moist | Western Africa | Peanuts,Warm Temperate,Moist,Western Africa,Peanuts,4.7,4.7,1.175,8.225,,,,
,Warm Temperate | Moist | Western Africa | Vegetables,Warm Temperate,Moist,Western Africa,Vegetables,4.7,4.7,1.175,8.225,,,,
,Warm Temperate | Moist | Western Africa | Oilseeds,Warm Temperate,Moist,Western Africa,Oilseeds,4.7,4.7,1.175,8.225,,,,
,Warm Temperate | Moist | Western Africa | Groundnuts,Warm Temperate,Moist,Western Africa,Groundnuts,4.7,4.7,1.175,8.225,,,,
,Warm Temperate | Moist | Western Africa | Annual Cropland,Warm Temperate,Moist,Western Africa,Annual Cropland,4.7,4.7,1.175,8.225,,,,
,Warm Temperate | Moist | Western Africa | Set Aside,Warm Temperate,Moist,Western Africa,Set Aside,4.7,4.7,1.175,8.225,,,,
,Warm Temperate | Moist | Western Africa | Flooded Rice,Warm Temperate,Moist,Western Africa,Flooded Rice,4.7,4.7,1.175,8.225,,,,
,Warm Temperate | Moist | Western Africa | Grassland,Warm Temperate,Moist,Western Africa,Grassland,6.345,6.345,1.58625,11.10375,,,,
,Warm Temperate | Moist | Western Africa | Other Land (Non-Vegetated),Warm Temperate,Moist,Western Africa,Other Land (Non-Vegetated),0,0,#N/A,#N/A,,,,
,Warm Temperate | Moist | Western Africa | Settlement,Warm Temperate,Moist,Western Africa,Settlement,0,0,#N/A,#N/A,,,,
,Warm Temperate | Moist | Western Africa | Agroforestry - Default,Warm Temperate,Moist,Western Africa,Agroforestry - Default,1.756666667,1.756666667,1.016866667,2.496466667,,,,
,Warm Temperate | Moist | Western Africa | Hedgerow,Warm Temperate,Moist,Western Africa,Hedgerow,1.1,1.1,0.6737,1.5263,,,,
,Warm Temperate | Moist | Western Africa | Silvoarable,Warm Temperate,Moist,Western Africa,Silvoarable,1.14,1.14,0.6486,1.6314,,,,
,Warm Temperate | Moist | Western Africa | Silvopasture,Warm Temperate,Moist,Western Africa,Silvopasture,3.03,3.03,1.8184,4.2416,,,,
,Warm Temperate | Moist | Western Africa | Other Land,Warm Temperate,Moist,Western Africa,Other Land,0,0,#N/A,#N/A,,,,
,Warm Temperate | Moist | Western Africa | Olive,Warm Temperate,Moist,Western Africa,Olive,0.46,0.46,0.3358,0.5842,,,,
,Warm Temperate | Moist | Western Africa | Orchard,Warm Temperate,Moist,Western Africa,Orchard,0.43,0.43,0.2322,0.6278,,,,
,Warm Temperate | Moist | Western Africa | Short Rotation Coppice,Warm Temperate,Moist,Western Africa,Short Rotation Coppice,3.2,3.2,1.92,4.48,,,,
,Warm Temperate | Moist | Western Africa | Tea,Warm Temperate,Moist,Western Africa,Tea,0.7,0.7,0.525,0.875,,,,
,Warm Temperate | Moist | Western Africa | Vine,Warm Temperate,Moist,Western Africa,Vine,0.28,0.28,0.2072,0.3528,,,,
,Warm Temperate | Moist | Western Africa | Oil Palm,Warm Temperate,Moist,Western Africa,Oil Palm,0,0,#N/A,#N/A,,,,
,Warm Temperate | Moist | Western Africa | Rubber,Warm Temperate,Moist,Western Africa,Rubber,0,0,#N/A,#N/A,,,,
,Warm Temperate | Moist | Central Asia | Grains,Warm Temperate,Moist,Central Asia,Grains,4.7,4.7,1.175,8.225,,,,
,Warm Temperate | Moist | Central Asia | Maize,Warm Temperate,Moist,Central Asia,Maize,4.7,4.7,1.175,8.225,,,,
,Warm Temperate | Moist | Central Asia | Sugarcane,Warm Temperate,Moist,Central Asia,Sugarcane,4.7,4.7,1.175,8.225,,,,
,Warm Temperate | Moist | Central Asia | Wheat,Warm Temperate,Moist,Central Asia,Wheat,4.7,4.7,1.175,8.225,,,,
,Warm Temperate | Moist | Central Asia | Beans & Pulses,Warm Temperate,Moist,Central Asia,Beans & Pulses,4.7,4.7,1.175,8.225,,,,
,Warm Temperate | Moist | Central Asia | Tubers,Warm Temperate,Moist,Central Asia,Tubers,4.7,4.7,1.175,8.225,,,,
,Warm Temperate | Moist | Central Asia | Root Crops,Warm Temperate,Moist,Central Asia,Root Crops,4.7,4.7,1.175,8.225,,,,
,Warm Temperate | Moist | Central Asia | Barley,Warm Temperate,Moist,Central Asia,Barley,4.7,4.7,1.175,8.225,,,,
,Warm Temperate | Moist | Central Asia | Oats,Warm Temperate,Moist,Central Asia,Oats,4.7,4.7,1.175,8.225,,,,
,Warm Temperate | Moist | Central Asia | Millet,Warm Temperate,Moist,Central Asia,Millet,4.7,4.7,1.175,8.225,,,,
,Warm Temperate | Moist | Central Asia | Sorghum,Warm Temperate,Moist,Central Asia,Sorghum,4.7,4.7,1.175,8.225,,,,
,Warm Temperate | Moist | Central Asia | Rye,Warm Temperate,Moist,Central Asia,Rye,4.7,4.7,1.175,8.225,,,,
,Warm Temperate | Moist | Central Asia | Soybeans,Warm Temperate,Moist,Central Asia,Soybeans,4.7,4.7,1.175,8.225,,,,
,Warm Temperate | Moist | Central Asia | Dry Bean,Warm Temperate,Moist,Central Asia,Dry Bean,4.7,4.7,1.175,8.225,,,,
,Warm Temperate | Moist | Central Asia | Potatoes,Warm Temperate,Moist,Central Asia,Potatoes,4.7,4.7,1.175,8.225,,,,
,Warm Temperate | Moist | Central Asia | Peanuts,Warm Temperate,Moist,Central Asia,Peanuts,4.7,4.7,1.175,8.225,,,,
,Warm Temperate | Moist | Central Asia | Vegetables,Warm Temperate,Moist,Central Asia,Vegetables,4.7,4.7,1.175,8.225,,,,
,Warm Temperate | Moist | Central Asia | Oilseeds,Warm Temperate,Moist,Central Asia,Oilseeds,4.7,4.7,1.175,8.225,,,,
,Warm Temperate | Moist | Central Asia | Groundnuts,Warm Temperate,Moist,Central Asia,Groundnuts,4.7,4.7,1.175,8.225,,,,
,Warm Temperate | Moist | Central Asia | Annual Cropland,Warm Temperate,Moist,Central Asia,Annual Cropland,4.7,4.7,1.175,8.225,,,,
,Warm Temperate | Moist | Central Asia | Set Aside,Warm Temperate,Moist,Central Asia,Set Aside,4.7,4.7,1.175,8.225,,,,
,Warm Temperate | Moist | Central Asia | Flooded Rice,Warm Temperate,Moist,Central Asia,Flooded Rice,4.7,4.7,1.175,8.225,,,,
,Warm Temperate | Moist | Central Asia | Grassland,Warm Temperate,Moist,Central Asia,Grassland,6.345,6.345,1.58625,11.10375,,,,
,Warm Temperate | Moist | Central Asia | Other Land (Non-Vegetated),Warm Temperate,Moist,Central Asia,Other Land (Non-Vegetated),0,0,#N/A,#N/A,,,,
,Warm Temperate | Moist | Central Asia | Settlement,Warm Temperate,Moist,Central Asia,Settlement,0,0,#N/A,#N/A,,,,
,Warm Temperate | Moist | Central Asia | Agroforestry - Default,Warm Temperate,Moist,Central Asia,Agroforestry - Default,1.756666667,1.756666667,1.016866667,2.496466667,,,,
,Warm Temperate | Moist | Central Asia | Hedgerow,Warm Temperate,Moist,Central Asia,Hedgerow,1.1,1.1,0.6737,1.5263,,,,
,Warm Temperate | Moist | Central Asia | Silvoarable,Warm Temperate,Moist,Central Asia,Silvoarable,1.14,1.14,0.6486,1.6314,,,,
,Warm Temperate | Moist | Central Asia | Silvopasture,Warm Temperate,Moist,Central Asia,Silvopasture,3.03,3.03,1.8184,4.2416,,,,
,Warm Temperate | Moist | Central Asia | Other Land,Warm Temperate,Moist,Central Asia,Other Land,0,0,#N/A,#N/A,,,,
,Warm Temperate | Moist | Central Asia | Olive,Warm Temperate,Moist,Central Asia,Olive,0.46,0.46,0.3358,0.5842,,,,
,Warm Temperate | Moist | Central Asia | Orchard,Warm Temperate,Moist,Central Asia,Orchard,0.43,0.43,0.2322,0.6278,,,,
,Warm Temperate | Moist | Central Asia | Short Rotation Coppice,Warm Temperate,Moist,Central Asia,Short Rotation Coppice,3.2,3.2,1.92,4.48,,,,
,Warm Temperate | Moist | Central Asia | Tea,Warm Temperate,Moist,Central Asia,Tea,0.7,0.7,0.525,0.875,,,,
,Warm Temperate | Moist | Central Asia | Vine,Warm Temperate,Moist,Central Asia,Vine,0.28,0.28,0.2072,0.3528,,,,
,Warm Temperate | Moist | Central Asia | Oil Palm,Warm Temperate,Moist,Central Asia,Oil Palm,0,0,#N/A,#N/A,,,,
,Warm Temperate | Moist | Central Asia | Rubber,Warm Temperate,Moist,Central Asia,Rubber,0,0,#N/A,#N/A,,,,
,Warm Temperate | Moist | Eastern Asia | Grains,Warm Temperate,Moist,Eastern Asia,Grains,4.7,4.7,1.175,8.225,,,,
,Warm Temperate | Moist | Eastern Asia | Maize,Warm Temperate,Moist,Eastern Asia,Maize,4.7,4.7,1.175,8.225,,,,
,Warm Temperate | Moist | Eastern Asia | Sugarcane,Warm Temperate,Moist,Eastern Asia,Sugarcane,4.7,4.7,1.175,8.225,,,,
,Warm Temperate | Moist | Eastern Asia | Wheat,Warm Temperate,Moist,Eastern Asia,Wheat,4.7,4.7,1.175,8.225,,,,
,Warm Temperate | Moist | Eastern Asia | Beans & Pulses,Warm Temperate,Moist,Eastern Asia,Beans & Pulses,4.7,4.7,1.175,8.225,,,,
,Warm Temperate | Moist | Eastern Asia | Tubers,Warm Temperate,Moist,Eastern Asia,Tubers,4.7,4.7,1.175,8.225,,,,
,Warm Temperate | Moist | Eastern Asia | Root Crops,Warm Temperate,Moist,Eastern Asia,Root Crops,4.7,4.7,1.175,8.225,,,,
,Warm Temperate | Moist | Eastern Asia | Barley,Warm Temperate,Moist,Eastern Asia,Barley,4.7,4.7,1.175,8.225,,,,
,Warm Temperate | Moist | Eastern Asia | Oats,Warm Temperate,Moist,Eastern Asia,Oats,4.7,4.7,1.175,8.225,,,,
,Warm Temperate | Moist | Eastern Asia | Millet,Warm Temperate,Moist,Eastern Asia,Millet,4.7,4.7,1.175,8.225,,,,
,Warm Temperate | Moist | Eastern Asia | Sorghum,Warm Temperate,Moist,Eastern Asia,Sorghum,4.7,4.7,1.175,8.225,,,,
,Warm Temperate | Moist | Eastern Asia | Rye,Warm Temperate,Moist,Eastern Asia,Rye,4.7,4.7,1.175,8.225,,,,
,Warm Temperate | Moist | Eastern Asia | Soybeans,Warm Temperate,Moist,Eastern Asia,Soybeans,4.7,4.7,1.175,8.225,,,,
,Warm Temperate | Moist | Eastern Asia | Dry Bean,Warm Temperate,Moist,Eastern Asia,Dry Bean,4.7,4.7,1.175,8.225,,,,
,Warm Temperate | Moist | Eastern Asia | Potatoes,Warm Temperate,Moist,Eastern Asia,Potatoes,4.7,4.7,1.175,8.225,,,,
,Warm Temperate | Moist | Eastern Asia | Peanuts,Warm Temperate,Moist,Eastern Asia,Peanuts,4.7,4.7,1.175,8.225,,,,
,Warm Temperate | Moist | Eastern Asia | Vegetables,Warm Temperate,Moist,Eastern Asia,Vegetables,4.7,4.7,1.175,8.225,,,,
,Warm Temperate | Moist | Eastern Asia | Oilseeds,Warm Temperate,Moist,Eastern Asia,Oilseeds,4.7,4.7,1.175,8.225,,,,
,Warm Temperate | Moist | Eastern Asia | Groundnuts,Warm Temperate,Moist,Eastern Asia,Groundnuts,4.7,4.7,1.175,8.225,,,,
,Warm Temperate | Moist | Eastern Asia | Annual Cropland,Warm Temperate,Moist,Eastern Asia,Annual Cropland,4.7,4.7,1.175,8.225,,,,
,Warm Temperate | Moist | Eastern Asia | Set Aside,Warm Temperate,Moist,Eastern Asia,Set Aside,4.7,4.7,1.175,8.225,,,,
,Warm Temperate | Moist | Eastern Asia | Flooded Rice,Warm Temperate,Moist,Eastern Asia,Flooded Rice,4.7,4.7,1.175,8.225,,,,
,Warm Temperate | Moist | Eastern Asia | Grassland,Warm Temperate,Moist,Eastern Asia,Grassland,6.345,6.345,1.58625,11.10375,,,,
,Warm Temperate | Moist | Eastern Asia | Other Land (Non-Vegetated),Warm Temperate,Moist,Eastern Asia,Other Land (Non-Vegetated),0,0,#N/A,#N/A,,,,
,Warm Temperate | Moist | Eastern Asia | Settlement,Warm Temperate,Moist,Eastern Asia,Settlement,0,0,#N/A,#N/A,,,,
,Warm Temperate | Moist | Eastern Asia | Agroforestry - Default,Warm Temperate,Moist,Eastern Asia,Agroforestry - Default,1.756666667,1.756666667,1.016866667,2.496466667,,,,
,Warm Temperate | Moist | Eastern Asia | Hedgerow,Warm Temperate,Moist,Eastern Asia,Hedgerow,1.1,1.1,0.6737,1.5263,,,,
,Warm Temperate | Moist | Eastern Asia | Silvoarable,Warm Temperate,Moist,Eastern Asia,Silvoarable,1.14,1.14,0.6486,1.6314,,,,
,Warm Temperate | Moist | Eastern Asia | Silvopasture,Warm Temperate,Moist,Eastern Asia,Silvopasture,3.03,3.03,1.8184,4.2416,,,,
,Warm Temperate | Moist | Eastern Asia | Other Land,Warm Temperate,Moist,Eastern Asia,Other Land,0,0,#N/A,#N/A,,,,
,Warm Temperate | Moist | Eastern Asia | Olive,Warm Temperate,Moist,Eastern Asia,Olive,0.46,0.46,0.3358,0.5842,,,,
,Warm Temperate | Moist | Eastern Asia | Orchard,Warm Temperate,Moist,Eastern Asia,Orchard,0.43,0.43,0.2322,0.6278,,,,
,Warm Temperate | Moist | Eastern Asia | Short Rotation Coppice,Warm Temperate,Moist,Eastern Asia,Short Rotation Coppice,3.2,3.2,1.92,4.48,,,,
,Warm Temperate | Moist | Eastern Asia | Tea,Warm Temperate,Moist,Eastern Asia,Tea,0.7,0.7,0.525,0.875,,,,
,Warm Temperate | Moist | Eastern Asia | Vine,Warm Temperate,Moist,Eastern Asia,Vine,0.28,0.28,0.2072,0.3528,,,,
,Warm Temperate | Moist | Eastern Asia | Oil Palm,Warm Temperate,Moist,Eastern Asia,Oil Palm,0,0,#N/A,#N/A,,,,
,Warm Temperate | Moist | Eastern Asia | Rubber,Warm Temperate,Moist,Eastern Asia,Rubber,0,0,#N/A,#N/A,,,,
,Warm Temperate | Moist | South-Eastern Asia | Grains,Warm Temperate,Moist,South-Eastern Asia,Grains,4.7,4.7,1.175,8.225,,,,
,Warm Temperate | Moist | South-Eastern Asia | Maize,Warm Temperate,Moist,South-Eastern Asia,Maize,4.7,4.7,1.175,8.225,,,,
,Warm Temperate | Moist | South-Eastern Asia | Sugarcane,Warm Temperate,Moist,South-Eastern Asia,Sugarcane,4.7,4.7,1.175,8.225,,,,
,Warm Temperate | Moist | South-Eastern Asia | Wheat,Warm Temperate,Moist,South-Eastern Asia,Wheat,4.7,4.7,1.175,8.225,,,,
,Warm Temperate | Moist | South-Eastern Asia | Beans & Pulses,Warm Temperate,Moist,South-Eastern Asia,Beans & Pulses,4.7,4.7,1.175,8.225,,,,
,Warm Temperate | Moist | South-Eastern Asia | Tubers,Warm Temperate,Moist,South-Eastern Asia,Tubers,4.7,4.7,1.175,8.225,,,,
,Warm Temperate | Moist | South-Eastern Asia | Root Crops,Warm Temperate,Moist,South-Eastern Asia,Root Crops,4.7,4.7,1.175,8.225,,,,
,Warm Temperate | Moist | South-Eastern Asia | Barley,Warm Temperate,Moist,South-Eastern Asia,Barley,4.7,4.7,1.175,8.225,,,,
,Warm Temperate | Moist | South-Eastern Asia | Oats,Warm Temperate,Moist,South-Eastern Asia,Oats,4.7,4.7,1.175,8.225,,,,
,Warm Temperate | Moist | South-Eastern Asia | Millet,Warm Temperate,Moist,South-Eastern Asia,Millet,4.7,4.7,1.175,8.225,,,,
,Warm Temperate | Moist | South-Eastern Asia | Sorghum,Warm Temperate,Moist,South-Eastern Asia,Sorghum,4.7,4.7,1.175,8.225,,,,
,Warm Temperate | Moist | South-Eastern Asia | Rye,Warm Temperate,Moist,South-Eastern Asia,Rye,4.7,4.7,1.175,8.225,,,,
,Warm Temperate | Moist | South-Eastern Asia | Soybeans,Warm Temperate,Moist,South-Eastern Asia,Soybeans,4.7,4.7,1.175,8.225,,,,
,Warm Temperate | Moist | South-Eastern Asia | Dry Bean,Warm Temperate,Moist,South-Eastern Asia,Dry Bean,4.7,4.7,1.175,8.225,,,,
,Warm Temperate | Moist | South-Eastern Asia | Potatoes,Warm Temperate,Moist,South-Eastern Asia,Potatoes,4.7,4.7,1.175,8.225,,,,
,Warm Temperate | Moist | South-Eastern Asia | Peanuts,Warm Temperate,Moist,South-Eastern Asia,Peanuts,4.7,4.7,1.175,8.225,,,,
,Warm Temperate | Moist | South-Eastern Asia | Vegetables,Warm Temperate,Moist,South-Eastern Asia,Vegetables,4.7,4.7,1.175,8.225,,,,
,Warm Temperate | Moist | South-Eastern Asia | Oilseeds,Warm Temperate,Moist,South-Eastern Asia,Oilseeds,4.7,4.7,1.175,8.225,,,,
,Warm Temperate | Moist | South-Eastern Asia | Groundnuts,Warm Temperate,Moist,South-Eastern Asia,Groundnuts,4.7,4.7,1.175,8.225,,,,
,Warm Temperate | Moist | South-Eastern Asia | Annual Cropland,Warm Temperate,Moist,South-Eastern Asia,Annual Cropland,4.7,4.7,1.175,8.225,,,,
,Warm Temperate | Moist | South-Eastern Asia | Set Aside,Warm Temperate,Moist,South-Eastern Asia,Set Aside,4.7,4.7,1.175,8.225,,,,
,Warm Temperate | Moist | South-Eastern Asia | Flooded Rice,Warm Temperate,Moist,South-Eastern Asia,Flooded Rice,4.7,4.7,1.175,8.225,,,,
,Warm Temperate | Moist | South-Eastern Asia | Grassland,Warm Temperate,Moist,South-Eastern Asia,Grassland,6.345,6.345,1.58625,11.10375,,,,
,Warm Temperate | Moist | South-Eastern Asia | Other Land (Non-Vegetated),Warm Temperate,Moist,South-Eastern Asia,Other Land (Non-Vegetated),0,0,#N/A,#N/A,,,,
,Warm Temperate | Moist | South-Eastern Asia | Settlement,Warm Temperate,Moist,South-Eastern Asia,Settlement,0,0,#N/A,#N/A,,,,
,Warm Temperate | Moist | South-Eastern Asia | Agroforestry - Default,Warm Temperate,Moist,South-Eastern Asia,Agroforestry - Default,1.756666667,1.756666667,1.016866667,2.496466667,,,,
,Warm Temperate | Moist | South-Eastern Asia | Hedgerow,Warm Temperate,Moist,South-Eastern Asia,Hedgerow,1.1,1.1,0.6737,1.5263,,,,
,Warm Temperate | Moist | South-Eastern Asia | Silvoarable,Warm Temperate,Moist,South-Eastern Asia,Silvoarable,1.14,1.14,0.6486,1.6314,,,,
,Warm Temperate | Moist | South-Eastern Asia | Silvopasture,Warm Temperate,Moist,South-Eastern Asia,Silvopasture,3.03,3.03,1.8184,4.2416,,,,
,Warm Temperate | Moist | South-Eastern Asia | Other Land,Warm Temperate,Moist,South-Eastern Asia,Other Land,0,0,#N/A,#N/A,,,,
,Warm Temperate | Moist | South-Eastern Asia | Olive,Warm Temperate,Moist,South-Eastern Asia,Olive,0.46,0.46,0.3358,0.5842,,,,
,Warm Temperate | Moist | South-Eastern Asia | Orchard,Warm Temperate,Moist,South-Eastern Asia,Orchard,0.43,0.43,0.2322,0.6278,,,,
,Warm Temperate | Moist | South-Eastern Asia | Short Rotation Coppice,Warm Temperate,Moist,South-Eastern Asia,Short Rotation Coppice,3.2,3.2,1.92,4.48,,,,
,Warm Temperate | Moist | South-Eastern Asia | Tea,Warm Temperate,Moist,South-Eastern Asia,Tea,0.7,0.7,0.525,0.875,,,,
,Warm Temperate | Moist | South-Eastern Asia | Vine,Warm Temperate,Moist,South-Eastern Asia,Vine,0.28,0.28,0.2072,0.3528,,,,
,Warm Temperate | Moist | South-Eastern Asia | Oil Palm,Warm Temperate,Moist,South-Eastern Asia,Oil Palm,0,0,#N/A,#N/A,,,,
,Warm Temperate | Moist | South-Eastern Asia | Rubber,Warm Temperate,Moist,South-Eastern Asia,Rubber,0,0,#N/A,#N/A,,,,
,Warm Temperate | Moist | Southern Asia | Grains,Warm Temperate,Moist,Southern Asia,Grains,4.7,4.7,1.175,8.225,,,,
,Warm Temperate | Moist | Southern Asia | Maize,Warm Temperate,Moist,Southern Asia,Maize,4.7,4.7,1.175,8.225,,,,
,Warm Temperate | Moist | Southern Asia | Sugarcane,Warm Temperate,Moist,Southern Asia,Sugarcane,4.7,4.7,1.175,8.225,,,,
,Warm Temperate | Moist | Southern Asia | Wheat,Warm Temperate,Moist,Southern Asia,Wheat,4.7,4.7,1.175,8.225,,,,
,Warm Temperate | Moist | Southern Asia | Beans & Pulses,Warm Temperate,Moist,Southern Asia,Beans & Pulses,4.7,4.7,1.175,8.225,,,,
,Warm Temperate | Moist | Southern Asia | Tubers,Warm Temperate,Moist,Southern Asia,Tubers,4.7,4.7,1.175,8.225,,,,
,Warm Temperate | Moist | Southern Asia | Root Crops,Warm Temperate,Moist,Southern Asia,Root Crops,4.7,4.7,1.175,8.225,,,,
,Warm Temperate | Moist | Southern Asia | Barley,Warm Temperate,Moist,Southern Asia,Barley,4.7,4.7,1.175,8.225,,,,
,Warm Temperate | Moist | Southern Asia | Oats,Warm Temperate,Moist,Southern Asia,Oats,4.7,4.7,1.175,8.225,,,,
,Warm Temperate | Moist | Southern Asia | Millet,Warm Temperate,Moist,Southern Asia,Millet,4.7,4.7,1.175,8.225,,,,
,Warm Temperate | Moist | Southern Asia | Sorghum,Warm Temperate,Moist,Southern Asia,Sorghum,4.7,4.7,1.175,8.225,,,,
,Warm Temperate | Moist | Southern Asia | Rye,Warm Temperate,Moist,Southern Asia,Rye,4.7,4.7,1.175,8.225,,,,
,Warm Temperate | Moist | Southern Asia | Soybeans,Warm Temperate,Moist,Southern Asia,Soybeans,4.7,4.7,1.175,8.225,,,,
,Warm Temperate | Moist | Southern Asia | Dry Bean,Warm Temperate,Moist,Southern Asia,Dry Bean,4.7,4.7,1.175,8.225,,,,
,Warm Temperate | Moist | Southern Asia | Potatoes,Warm Temperate,Moist,Southern Asia,Potatoes,4.7,4.7,1.175,8.225,,,,
,Warm Temperate | Moist | Southern Asia | Peanuts,Warm Temperate,Moist,Southern Asia,Peanuts,4.7,4.7,1.175,8.225,,,,
,Warm Temperate | Moist | Southern Asia | Vegetables,Warm Temperate,Moist,Southern Asia,Vegetables,4.7,4.7,1.175,8.225,,,,
,Warm Temperate | Moist | Southern Asia | Oilseeds,Warm Temperate,Moist,Southern Asia,Oilseeds,4.7,4.7,1.175,8.225,,,,
,Warm Temperate | Moist | Southern Asia | Groundnuts,Warm Temperate,Moist,Southern Asia,Groundnuts,4.7,4.7,1.175,8.225,,,,
,Warm Temperate | Moist | Southern Asia | Annual Cropland,Warm Temperate,Moist,Southern Asia,Annual Cropland,4.7,4.7,1.175,8.225,,,,
,Warm Temperate | Moist | Southern Asia | Set Aside,Warm Temperate,Moist,Southern Asia,Set Aside,4.7,4.7,1.175,8.225,,,,
,Warm Temperate | Moist | Southern Asia | Flooded Rice,Warm Temperate,Moist,Southern Asia,Flooded Rice,4.7,4.7,1.175,8.225,,,,
,Warm Temperate | Moist | Southern Asia | Grassland,Warm Temperate,Moist,Southern Asia,Grassland,6.345,6.345,1.58625,11.10375,,,,
,Warm Temperate | Moist | Southern Asia | Other Land (Non-Vegetated),Warm Temperate,Moist,Southern Asia,Other Land (Non-Vegetated),0,0,#N/A,#N/A,,,,
,Warm Temperate | Moist | Southern Asia | Settlement,Warm Temperate,Moist,Southern Asia,Settlement,0,0,#N/A,#N/A,,,,
,Warm Temperate | Moist | Southern Asia | Agroforestry - Default,Warm Temperate,Moist,Southern Asia,Agroforestry - Default,1.756666667,1.756666667,1.016866667,2.496466667,,,,
,Warm Temperate | Moist | Southern Asia | Hedgerow,Warm Temperate,Moist,Southern Asia,Hedgerow,1.1,1.1,0.6737,1.5263,,,,
,Warm Temperate | Moist | Southern Asia | Silvoarable,Warm Temperate,Moist,Southern Asia,Silvoarable,1.14,1.14,0.6486,1.6314,,,,
,Warm Temperate | Moist | Southern Asia | Silvopasture,Warm Temperate,Moist,Southern Asia,Silvopasture,3.03,3.03,1.8184,4.2416,,,,
,Warm Temperate | Moist | Southern Asia | Other Land,Warm Temperate,Moist,Southern Asia,Other Land,0,0,#N/A,#N/A,,,,
,Warm Temperate | Moist | Southern Asia | Olive,Warm Temperate,Moist,Southern Asia,Olive,0.46,0.46,0.3358,0.5842,,,,
,Warm Temperate | Moist | Southern Asia | Orchard,Warm Temperate,Moist,Southern Asia,Orchard,0.43,0.43,0.2322,0.6278,,,,
,Warm Temperate | Moist | Southern Asia | Short Rotation Coppice,Warm Temperate,Moist,Southern Asia,Short Rotation Coppice,3.2,3.2,1.92,4.48,,,,
,Warm Temperate | Moist | Southern Asia | Tea,Warm Temperate,Moist,Southern Asia,Tea,0.7,0.7,0.525,0.875,,,,
,Warm Temperate | Moist | Southern Asia | Vine,Warm Temperate,Moist,Southern Asia,Vine,0.28,0.28,0.2072,0.3528,,,,
,Warm Temperate | Moist | Southern Asia | Oil Palm,Warm Temperate,Moist,Southern Asia,Oil Palm,0,0,#N/A,#N/A,,,,
,Warm Temperate | Moist | Southern Asia | Rubber,Warm Temperate,Moist,Southern Asia,Rubber,0,0,#N/A,#N/A,,,,
,Warm Temperate | Moist | Western Asia | Grains,Warm Temperate,Moist,Western Asia,Grains,4.7,4.7,1.175,8.225,,,,
,Warm Temperate | Moist | Western Asia | Maize,Warm Temperate,Moist,Western Asia,Maize,4.7,4.7,1.175,8.225,,,,
,Warm Temperate | Moist | Western Asia | Sugarcane,Warm Temperate,Moist,Western Asia,Sugarcane,4.7,4.7,1.175,8.225,,,,
,Warm Temperate | Moist | Western Asia | Wheat,Warm Temperate,Moist,Western Asia,Wheat,4.7,4.7,1.175,8.225,,,,
,Warm Temperate | Moist | Western Asia | Beans & Pulses,Warm Temperate,Moist,Western Asia,Beans & Pulses,4.7,4.7,1.175,8.225,,,,
,Warm Temperate | Moist | Western Asia | Tubers,Warm Temperate,Moist,Western Asia,Tubers,4.7,4.7,1.175,8.225,,,,
,Warm Temperate | Moist | Western Asia | Root Crops,Warm Temperate,Moist,Western Asia,Root Crops,4.7,4.7,1.175,8.225,,,,
,Warm Temperate | Moist | Western Asia | Barley,Warm Temperate,Moist,Western Asia,Barley,4.7,4.7,1.175,8.225,,,,
,Warm Temperate | Moist | Western Asia | Oats,Warm Temperate,Moist,Western Asia,Oats,4.7,4.7,1.175,8.225,,,,
,Warm Temperate | Moist | Western Asia | Millet,Warm Temperate,Moist,Western Asia,Millet,4.7,4.7,1.175,8.225,,,,
,Warm Temperate | Moist | Western Asia | Sorghum,Warm Temperate,Moist,Western Asia,Sorghum,4.7,4.7,1.175,8.225,,,,
,Warm Temperate | Moist | Western Asia | Rye,Warm Temperate,Moist,Western Asia,Rye,4.7,4.7,1.175,8.225,,,,
,Warm Temperate | Moist | Western Asia | Soybeans,Warm Temperate,Moist,Western Asia,Soybeans,4.7,4.7,1.175,8.225,,,,
,Warm Temperate | Moist | Western Asia | Dry Bean,Warm Temperate,Moist,Western Asia,Dry Bean,4.7,4.7,1.175,8.225,,,,
,Warm Temperate | Moist | Western Asia | Potatoes,Warm Temperate,Moist,Western Asia,Potatoes,4.7,4.7,1.175,8.225,,,,
,Warm Temperate | Moist | Western Asia | Peanuts,Warm Temperate,Moist,Western Asia,Peanuts,4.7,4.7,1.175,8.225,,,,
,Warm Temperate | Moist | Western Asia | Vegetables,Warm Temperate,Moist,Western Asia,Vegetables,4.7,4.7,1.175,8.225,,,,
,Warm Temperate | Moist | Western Asia | Oilseeds,Warm Temperate,Moist,Western Asia,Oilseeds,4.7,4.7,1.175,8.225,,,,
,Warm Temperate | Moist | Western Asia | Groundnuts,Warm Temperate,Moist,Western Asia,Groundnuts,4.7,4.7,1.175,8.225,,,,
,Warm Temperate | Moist | Western Asia | Annual Cropland,Warm Temperate,Moist,Western Asia,Annual Cropland,4.7,4.7,1.175,8.225,,,,
,Warm Temperate | Moist | Western Asia | Set Aside,Warm Temperate,Moist,Western Asia,Set Aside,4.7,4.7,1.175,8.225,,,,
,Warm Temperate | Moist | Western Asia | Flooded Rice,Warm Temperate,Moist,Western Asia,Flooded Rice,4.7,4.7,1.175,8.225,,,,
,Warm Temperate | Moist | Western Asia | Grassland,Warm Temperate,Moist,Western Asia,Grassland,6.345,6.345,1.58625,11.10375,,,,
,Warm Temperate | Moist | Western Asia | Other Land (Non-Vegetated),Warm Temperate,Moist,Western Asia,Other Land (Non-Vegetated),0,0,#N/A,#N/A,,,,
,Warm Temperate | Moist | Western Asia | Settlement,Warm Temperate,Moist,Western Asia,Settlement,0,0,#N/A,#N/A,,,,
,Warm Temperate | Moist | Western Asia | Agroforestry - Default,Warm Temperate,Moist,Western Asia,Agroforestry - Default,1.756666667,1.756666667,1.016866667,2.496466667,,,,
,Warm Temperate | Moist | Western Asia | Hedgerow,Warm Temperate,Moist,Western Asia,Hedgerow,1.1,1.1,0.6737,1.5263,,,,
,Warm Temperate | Moist | Western Asia | Silvoarable,Warm Temperate,Moist,Western Asia,Silvoarable,1.14,1.14,0.6486,1.6314,,,,
,Warm Temperate | Moist | Western Asia | Silvopasture,Warm Temperate,Moist,Western Asia,Silvopasture,3.03,3.03,1.8184,4.2416,,,,
,Warm Temperate | Moist | Western Asia | Other Land,Warm Temperate,Moist,Western Asia,Other Land,0,0,#N/A,#N/A,,,,
,Warm Temperate | Moist | Western Asia | Olive,Warm Temperate,Moist,Western Asia,Olive,0.46,0.46,0.3358,0.5842,,,,
,Warm Temperate | Moist | Western Asia | Orchard,Warm Temperate,Moist,Western Asia,Orchard,0.43,0.43,0.2322,0.6278,,,,
,Warm Temperate | Moist | Western Asia | Short Rotation Coppice,Warm Temperate,Moist,Western Asia,Short Rotation Coppice,3.2,3.2,1.92,4.48,,,,
,Warm Temperate | Moist | Western Asia | Tea,Warm Temperate,Moist,Western Asia,Tea,0.7,0.7,0.525,0.875,,,,
,Warm Temperate | Moist | Western Asia | Vine,Warm Temperate,Moist,Western Asia,Vine,0.28,0.28,0.2072,0.3528,,,,
,Warm Temperate | Moist | Western Asia | Oil Palm,Warm Temperate,Moist,Western Asia,Oil Palm,0,0,#N/A,#N/A,,,,
,Warm Temperate | Moist | Western Asia | Rubber,Warm Temperate,Moist,Western Asia,Rubber,0,0,#N/A,#N/A,,,,
,Warm Temperate | Moist | Europe | Grains,Warm Temperate,Moist,Europe,Grains,4.7,4.7,1.175,8.225,,,,
,Warm Temperate | Moist | Europe | Maize,Warm Temperate,Moist,Europe,Maize,4.7,4.7,1.175,8.225,,,,
,Warm Temperate | Moist | Europe | Sugarcane,Warm Temperate,Moist,Europe,Sugarcane,4.7,4.7,1.175,8.225,,,,
,Warm Temperate | Moist | Europe | Wheat,Warm Temperate,Moist,Europe,Wheat,4.7,4.7,1.175,8.225,,,,
,Warm Temperate | Moist | Europe | Beans & Pulses,Warm Temperate,Moist,Europe,Beans & Pulses,4.7,4.7,1.175,8.225,,,,
,Warm Temperate | Moist | Europe | Tubers,Warm Temperate,Moist,Europe,Tubers,4.7,4.7,1.175,8.225,,,,
,Warm Temperate | Moist | Europe | Root Crops,Warm Temperate,Moist,Europe,Root Crops,4.7,4.7,1.175,8.225,,,,
,Warm Temperate | Moist | Europe | Barley,Warm Temperate,Moist,Europe,Barley,4.7,4.7,1.175,8.225,,,,
,Warm Temperate | Moist | Europe | Oats,Warm Temperate,Moist,Europe,Oats,4.7,4.7,1.175,8.225,,,,
,Warm Temperate | Moist | Europe | Millet,Warm Temperate,Moist,Europe,Millet,4.7,4.7,1.175,8.225,,,,
,Warm Temperate | Moist | Europe | Sorghum,Warm Temperate,Moist,Europe,Sorghum,4.7,4.7,1.175,8.225,,,,
,Warm Temperate | Moist | Europe | Rye,Warm Temperate,Moist,Europe,Rye,4.7,4.7,1.175,8.225,,,,
,Warm Temperate | Moist | Europe | Soybeans,Warm Temperate,Moist,Europe,Soybeans,4.7,4.7,1.175,8.225,,,,
,Warm Temperate | Moist | Europe | Dry Bean,Warm Temperate,Moist,Europe,Dry Bean,4.7,4.7,1.175,8.225,,,,
,Warm Temperate | Moist | Europe | Potatoes,Warm Temperate,Moist,Europe,Potatoes,4.7,4.7,1.175,8.225,,,,
,Warm Temperate | Moist | Europe | Peanuts,Warm Temperate,Moist,Europe,Peanuts,4.7,4.7,1.175,8.225,,,,
,Warm Temperate | Moist | Europe | Vegetables,Warm Temperate,Moist,Europe,Vegetables,4.7,4.7,1.175,8.225,,,,
,Warm Temperate | Moist | Europe | Oilseeds,Warm Temperate,Moist,Europe,Oilseeds,4.7,4.7,1.175,8.225,,,,
,Warm Temperate | Moist | Europe | Groundnuts,Warm Temperate,Moist,Europe,Groundnuts,4.7,4.7,1.175,8.225,,,,
,Warm Temperate | Moist | Europe | Annual Cropland,Warm Temperate,Moist,Europe,Annual Cropland,4.7,4.7,1.175,8.225,,,,
,Warm Temperate | Moist | Europe | Set Aside,Warm Temperate,Moist,Europe,Set Aside,4.7,4.7,1.175,8.225,,,,
,Warm Temperate | Moist | Europe | Flooded Rice,Warm Temperate,Moist,Europe,Flooded Rice,4.7,4.7,1.175,8.225,,,,
,Warm Temperate | Moist | Europe | Grassland,Warm Temperate,Moist,Europe,Grassland,6.345,6.345,1.58625,11.10375,,,,
,Warm Temperate | Moist | Europe | Other Land (Non-Vegetated),Warm Temperate,Moist,Europe,Other Land (Non-Vegetated),0,0,#N/A,#N/A,,,,
,Warm Temperate | Moist | Europe | Settlement,Warm Temperate,Moist,Europe,Settlement,0,0,#N/A,#N/A,,,,
,Warm Temperate | Moist | Europe | Agroforestry - Default,Warm Temperate,Moist,Europe,Agroforestry - Default,1.966666667,1.966666667,0.436666667,3.496666667,,,,
,Warm Temperate | Moist | Europe | Hedgerow,Warm Temperate,Moist,Europe,Hedgerow,1.1,1.1,0.6737,1.5263,,,,
,Warm Temperate | Moist | Europe | Silvoarable,Warm Temperate,Moist,Europe,Silvoarable,0.66,0.66,0.1296,1.1904,,,,
,Warm Temperate | Moist | Europe | Silvopasture,Warm Temperate,Moist,Europe,Silvopasture,4.14,4.14,1.3099,6.9701,,,,
,Warm Temperate | Moist | Europe | Other Land,Warm Temperate,Moist,Europe,Other Land,0,0,#N/A,#N/A,,,,
,Warm Temperate | Moist | Europe | Olive,Warm Temperate,Moist,Europe,Olive,0.46,0.46,0.3358,0.5842,,,,
,Warm Temperate | Moist | Europe | Orchard,Warm Temperate,Moist,Europe,Orchard,0.43,0.43,0.2322,0.6278,,,,
,Warm Temperate | Moist | Europe | Short Rotation Coppice,Warm Temperate,Moist,Europe,Short Rotation Coppice,3.2,3.2,1.92,4.48,,,,
,Warm Temperate | Moist | Europe | Tea,Warm Temperate,Moist,Europe,Tea,0.7,0.7,0.525,0.875,,,,
,Warm Temperate | Moist | Europe | Vine,Warm Temperate,Moist,Europe,Vine,0.28,0.28,0.2072,0.3528,,,,
,Warm Temperate | Moist | Europe | Oil Palm,Warm Temperate,Moist,Europe,Oil Palm,0,0,#N/A,#N/A,,,,
,Warm Temperate | Moist | Europe | Rubber,Warm Temperate,Moist,Europe,Rubber,0,0,#N/A,#N/A,,,,
,Warm Temperate | Moist | Oceania | Grains,Warm Temperate,Moist,Oceania,Grains,4.7,4.7,1.175,8.225,,,,
,Warm Temperate | Moist | Oceania | Maize,Warm Temperate,Moist,Oceania,Maize,4.7,4.7,1.175,8.225,,,,
,Warm Temperate | Moist | Oceania | Sugarcane,Warm Temperate,Moist,Oceania,Sugarcane,4.7,4.7,1.175,8.225,,,,
,Warm Temperate | Moist | Oceania | Wheat,Warm Temperate,Moist,Oceania,Wheat,4.7,4.7,1.175,8.225,,,,
,Warm Temperate | Moist | Oceania | Beans & Pulses,Warm Temperate,Moist,Oceania,Beans & Pulses,4.7,4.7,1.175,8.225,,,,
,Warm Temperate | Moist | Oceania | Tubers,Warm Temperate,Moist,Oceania,Tubers,4.7,4.7,1.175,8.225,,,,
,Warm Temperate | Moist | Oceania | Root Crops,Warm Temperate,Moist,Oceania,Root Crops,4.7,4.7,1.175,8.225,,,,
,Warm Temperate | Moist | Oceania | Barley,Warm Temperate,Moist,Oceania,Barley,4.7,4.7,1.175,8.225,,,,
,Warm Temperate | Moist | Oceania | Oats,Warm Temperate,Moist,Oceania,Oats,4.7,4.7,1.175,8.225,,,,
,Warm Temperate | Moist | Oceania | Millet,Warm Temperate,Moist,Oceania,Millet,4.7,4.7,1.175,8.225,,,,
,Warm Temperate | Moist | Oceania | Sorghum,Warm Temperate,Moist,Oceania,Sorghum,4.7,4.7,1.175,8.225,,,,
,Warm Temperate | Moist | Oceania | Rye,Warm Temperate,Moist,Oceania,Rye,4.7,4.7,1.175,8.225,,,,
,Warm Temperate | Moist | Oceania | Soybeans,Warm Temperate,Moist,Oceania,Soybeans,4.7,4.7,1.175,8.225,,,,
,Warm Temperate | Moist | Oceania | Dry Bean,Warm Temperate,Moist,Oceania,Dry Bean,4.7,4.7,1.175,8.225,,,,
,Warm Temperate | Moist | Oceania | Potatoes,Warm Temperate,Moist,Oceania,Potatoes,4.7,4.7,1.175,8.225,,,,
,Warm Temperate | Moist | Oceania | Peanuts,Warm Temperate,Moist,Oceania,Peanuts,4.7,4.7,1.175,8.225,,,,
,Warm Temperate | Moist | Oceania | Vegetables,Warm Temperate,Moist,Oceania,Vegetables,4.7,4.7,1.175,8.225,,,,
,Warm Temperate | Moist | Oceania | Oilseeds,Warm Temperate,Moist,Oceania,Oilseeds,4.7,4.7,1.175,8.225,,,,
,Warm Temperate | Moist | Oceania | Groundnuts,Warm Temperate,Moist,Oceania,Groundnuts,4.7,4.7,1.175,8.225,,,,
,Warm Temperate | Moist | Oceania | Annual Cropland,Warm Temperate,Moist,Oceania,Annual Cropland,4.7,4.7,1.175,8.225,,,,
,Warm Temperate | Moist | Oceania | Set Aside,Warm Temperate,Moist,Oceania,Set Aside,4.7,4.7,1.175,8.225,,,,
,Warm Temperate | Moist | Oceania | Flooded Rice,Warm Temperate,Moist,Oceania,Flooded Rice,4.7,4.7,1.175,8.225,,,,
,Warm Temperate | Moist | Oceania | Grassland,Warm Temperate,Moist,Oceania,Grassland,6.345,6.345,1.58625,11.10375,,,,
,Warm Temperate | Moist | Oceania | Other Land (Non-Vegetated),Warm Temperate,Moist,Oceania,Other Land (Non-Vegetated),0,0,#N/A,#N/A,,,,
,Warm Temperate | Moist | Oceania | Settlement,Warm Temperate,Moist,Oceania,Settlement,0,0,#N/A,#N/A,,,,
,Warm Temperate | Moist | Oceania | Agroforestry - Default,Warm Temperate,Moist,Oceania,Agroforestry - Default,1.756666667,1.756666667,1.016866667,2.496466667,,,,
,Warm Temperate | Moist | Oceania | Hedgerow,Warm Temperate,Moist,Oceania,Hedgerow,1.1,1.1,0.6737,1.5263,,,,
,Warm Temperate | Moist | Oceania | Silvoarable,Warm Temperate,Moist,Oceania,Silvoarable,1.14,1.14,0.6486,1.6314,,,,
,Warm Temperate | Moist | Oceania | Silvopasture,Warm Temperate,Moist,Oceania,Silvopasture,3.03,3.03,1.8184,4.2416,,,,
,Warm Temperate | Moist | Oceania | Other Land,Warm Temperate,Moist,Oceania,Other Land,0,0,#N/A,#N/A,,,,
,Warm Temperate | Moist | Oceania | Olive,Warm Temperate,Moist,Oceania,Olive,0.46,0.46,0.3358,0.5842,,,,
,Warm Temperate | Moist | Oceania | Orchard,Warm Temperate,Moist,Oceania,Orchard,0.43,0.43,0.2322,0.6278,,,,
,Warm Temperate | Moist | Oceania | Short Rotation Coppice,Warm Temperate,Moist,Oceania,Short Rotation Coppice,3.2,3.2,1.92,4.48,,,,
,Warm Temperate | Moist | Oceania | Tea,Warm Temperate,Moist,Oceania,Tea,0.7,0.7,0.525,0.875,,,,
,Warm Temperate | Moist | Oceania | Vine,Warm Temperate,Moist,Oceania,Vine,0.28,0.28,0.2072,0.3528,,,,
,Warm Temperate | Moist | Oceania | Oil Palm,Warm Temperate,Moist,Oceania,Oil Palm,0,0,#N/A,#N/A,,,,
,Warm Temperate | Moist | Oceania | Rubber,Warm Temperate,Moist,Oceania,Rubber,0,0,#N/A,#N/A,,,,
,Warm Temperate | Moist | North America | Grains,Warm Temperate,Moist,North America,Grains,4.7,4.7,1.175,8.225,,,,
,Warm Temperate | Moist | North America | Maize,Warm Temperate,Moist,North America,Maize,4.7,4.7,1.175,8.225,,,,
,Warm Temperate | Moist | North America | Sugarcane,Warm Temperate,Moist,North America,Sugarcane,4.7,4.7,1.175,8.225,,,,
,Warm Temperate | Moist | North America | Wheat,Warm Temperate,Moist,North America,Wheat,4.7,4.7,1.175,8.225,,,,
,Warm Temperate | Moist | North America | Beans & Pulses,Warm Temperate,Moist,North America,Beans & Pulses,4.7,4.7,1.175,8.225,,,,
,Warm Temperate | Moist | North America | Tubers,Warm Temperate,Moist,North America,Tubers,4.7,4.7,1.175,8.225,,,,
,Warm Temperate | Moist | North America | Root Crops,Warm Temperate,Moist,North America,Root Crops,4.7,4.7,1.175,8.225,,,,
,Warm Temperate | Moist | North America | Barley,Warm Temperate,Moist,North America,Barley,4.7,4.7,1.175,8.225,,,,
,Warm Temperate | Moist | North America | Oats,Warm Temperate,Moist,North America,Oats,4.7,4.7,1.175,8.225,,,,
,Warm Temperate | Moist | North America | Millet,Warm Temperate,Moist,North America,Millet,4.7,4.7,1.175,8.225,,,,
,Warm Temperate | Moist | North America | Sorghum,Warm Temperate,Moist,North America,Sorghum,4.7,4.7,1.175,8.225,,,,
,Warm Temperate | Moist | North America | Rye,Warm Temperate,Moist,North America,Rye,4.7,4.7,1.175,8.225,,,,
,Warm Temperate | Moist | North America | Soybeans,Warm Temperate,Moist,North America,Soybeans,4.7,4.7,1.175,8.225,,,,
,Warm Temperate | Moist | North America | Dry Bean,Warm Temperate,Moist,North America,Dry Bean,4.7,4.7,1.175,8.225,,,,
,Warm Temperate | Moist | North America | Potatoes,Warm Temperate,Moist,North America,Potatoes,4.7,4.7,1.175,8.225,,,,
,Warm Temperate | Moist | North America | Peanuts,Warm Temperate,Moist,North America,Peanuts,4.7,4.7,1.175,8.225,,,,
,Warm Temperate | Moist | North America | Vegetables,Warm Temperate,Moist,North America,Vegetables,4.7,4.7,1.175,8.225,,,,
,Warm Temperate | Moist | North America | Oilseeds,Warm Temperate,Moist,North America,Oilseeds,4.7,4.7,1.175,8.225,,,,
,Warm Temperate | Moist | North America | Groundnuts,Warm Temperate,Moist,North America,Groundnuts,4.7,4.7,1.175,8.225,,,,
,Warm Temperate | Moist | North America | Annual Cropland,Warm Temperate,Moist,North America,Annual Cropland,4.7,4.7,1.175,8.225,,,,
,Warm Temperate | Moist | North America | Set Aside,Warm Temperate,Moist,North America,Set Aside,4.7,4.7,1.175,8.225,,,,
,Warm Temperate | Moist | North America | Flooded Rice,Warm Temperate,Moist,North America,Flooded Rice,4.7,4.7,1.175,8.225,,,,
,Warm Temperate | Moist | North America | Grassland,Warm Temperate,Moist,North America,Grassland,6.345,6.345,1.58625,11.10375,,,,
,Warm Temperate | Moist | North America | Other Land (Non-Vegetated),Warm Temperate,Moist,North America,Other Land (Non-Vegetated),0,0,#N/A,#N/A,,,,
,Warm Temperate | Moist | North America | Settlement,Warm Temperate,Moist,North America,Settlement,0,0,#N/A,#N/A,,,,
,Warm Temperate | Moist | North America | Agroforestry - Default,Warm Temperate,Moist,North America,Agroforestry - Default,1.756666667,1.756666667,1.016866667,2.496466667,,,,
,Warm Temperate | Moist | North America | Hedgerow,Warm Temperate,Moist,North America,Hedgerow,1.1,1.1,0.6737,1.5263,,,,
,Warm Temperate | Moist | North America | Silvoarable,Warm Temperate,Moist,North America,Silvoarable,1.14,1.14,0.6486,1.6314,,,,
,Warm Temperate | Moist | North America | Silvopasture,Warm Temperate,Moist,North America,Silvopasture,3.03,3.03,1.8184,4.2416,,,,
,Warm Temperate | Moist | North America | Other Land,Warm Temperate,Moist,North America,Other Land,0,0,#N/A,#N/A,,,,
,Warm Temperate | Moist | North America | Olive,Warm Temperate,Moist,North America,Olive,0.46,0.46,0.3358,0.5842,,,,
,Warm Temperate | Moist | North America | Orchard,Warm Temperate,Moist,North America,Orchard,0.43,0.43,0.2322,0.6278,,,,
,Warm Temperate | Moist | North America | Short Rotation Coppice,Warm Temperate,Moist,North America,Short Rotation Coppice,3.2,3.2,1.92,4.48,,,,
,Warm Temperate | Moist | North America | Tea,Warm Temperate,Moist,North America,Tea,0.7,0.7,0.525,0.875,,,,
,Warm Temperate | Moist | North America | Vine,Warm Temperate,Moist,North America,Vine,0.28,0.28,0.2072,0.3528,,,,
,Warm Temperate | Moist | North America | Oil Palm,Warm Temperate,Moist,North America,Oil Palm,0,0,#N/A,#N/A,,,,
,Warm Temperate | Moist | North America | Rubber,Warm Temperate,Moist,North America,Rubber,0,0,#N/A,#N/A,,,,
,Warm Temperate | Moist | South America | Grains,Warm Temperate,Moist,South America,Grains,4.7,4.7,1.175,8.225,,,,
,Warm Temperate | Moist | South America | Maize,Warm Temperate,Moist,South America,Maize,4.7,4.7,1.175,8.225,,,,
,Warm Temperate | Moist | South America | Sugarcane,Warm Temperate,Moist,South America,Sugarcane,4.7,4.7,1.175,8.225,,,,
,Warm Temperate | Moist | South America | Wheat,Warm Temperate,Moist,South America,Wheat,4.7,4.7,1.175,8.225,,,,
,Warm Temperate | Moist | South America | Beans & Pulses,Warm Temperate,Moist,South America,Beans & Pulses,4.7,4.7,1.175,8.225,,,,
,Warm Temperate | Moist | South America | Tubers,Warm Temperate,Moist,South America,Tubers,4.7,4.7,1.175,8.225,,,,
,Warm Temperate | Moist | South America | Root Crops,Warm Temperate,Moist,South America,Root Crops,4.7,4.7,1.175,8.225,,,,
,Warm Temperate | Moist | South America | Barley,Warm Temperate,Moist,South America,Barley,4.7,4.7,1.175,8.225,,,,
,Warm Temperate | Moist | South America | Oats,Warm Temperate,Moist,South America,Oats,4.7,4.7,1.175,8.225,,,,
,Warm Temperate | Moist | South America | Millet,Warm Temperate,Moist,South America,Millet,4.7,4.7,1.175,8.225,,,,
,Warm Temperate | Moist | South America | Sorghum,Warm Temperate,Moist,South America,Sorghum,4.7,4.7,1.175,8.225,,,,
,Warm Temperate | Moist | South America | Rye,Warm Temperate,Moist,South America,Rye,4.7,4.7,1.175,8.225,,,,
,Warm Temperate | Moist | South America | Soybeans,Warm Temperate,Moist,South America,Soybeans,4.7,4.7,1.175,8.225,,,,
,Warm Temperate | Moist | South America | Dry Bean,Warm Temperate,Moist,South America,Dry Bean,4.7,4.7,1.175,8.225,,,,
,Warm Temperate | Moist | South America | Potatoes,Warm Temperate,Moist,South America,Potatoes,4.7,4.7,1.175,8.225,,,,
,Warm Temperate | Moist | South America | Peanuts,Warm Temperate,Moist,South America,Peanuts,4.7,4.7,1.175,8.225,,,,
,Warm Temperate | Moist | South America | Vegetables,Warm Temperate,Moist,South America,Vegetables,4.7,4.7,1.175,8.225,,,,
,Warm Temperate | Moist | South America | Oilseeds,Warm Temperate,Moist,South America,Oilseeds,4.7,4.7,1.175,8.225,,,,
,Warm Temperate | Moist | South America | Groundnuts,Warm Temperate,Moist,South America,Groundnuts,4.7,4.7,1.175,8.225,,,,
,Warm Temperate | Moist | South America | Annual Cropland,Warm Temperate,Moist,South America,Annual Cropland,4.7,4.7,1.175,8.225,,,,
,Warm Temperate | Moist | South America | Set Aside,Warm Temperate,Moist,South America,Set Aside,4.7,4.7,1.175,8.225,,,,
,Warm Temperate | Moist | South America | Flooded Rice,Warm Temperate,Moist,South America,Flooded Rice,4.7,4.7,1.175,8.225,,,,
,Warm Temperate | Moist | South America | Grassland,Warm Temperate,Moist,South America,Grassland,6.345,6.345,1.58625,11.10375,,,,
,Warm Temperate | Moist | South America | Other Land (Non-Vegetated),Warm Temperate,Moist,South America,Other Land (Non-Vegetated),0,0,#N/A,#N/A,,,,
,Warm Temperate | Moist | South America | Settlement,Warm Temperate,Moist,South America,Settlement,0,0,#N/A,#N/A,,,,
,Warm Temperate | Moist | South America | Agroforestry - Default,Warm Temperate,Moist,South America,Agroforestry - Default,1.756666667,1.756666667,1.016866667,2.496466667,,,,
,Warm Temperate | Moist | South America | Hedgerow,Warm Temperate,Moist,South America,Hedgerow,1.1,1.1,0.6737,1.5263,,,,
,Warm Temperate | Moist | South America | Silvoarable,Warm Temperate,Moist,South America,Silvoarable,1.14,1.14,0.6486,1.6314,,,,
,Warm Temperate | Moist | South America | Silvopasture,Warm Temperate,Moist,South America,Silvopasture,3.03,3.03,1.8184,4.2416,,,,
,Warm Temperate | Moist | South America | Other Land,Warm Temperate,Moist,South America,Other Land,0,0,#N/A,#N/A,,,,
,Warm Temperate | Moist | South America | Olive,Warm Temperate,Moist,South America,Olive,0.46,0.46,0.3358,0.5842,,,,
,Warm Temperate | Moist | South America | Orchard,Warm Temperate,Moist,South America,Orchard,0.43,0.43,0.2322,0.6278,,,,
,Warm Temperate | Moist | South America | Short Rotation Coppice,Warm Temperate,Moist,South America,Short Rotation Coppice,3.2,3.2,1.92,4.48,,,,
,Warm Temperate | Moist | South America | Tea,Warm Temperate,Moist,South America,Tea,0.7,0.7,0.525,0.875,,,,
,Warm Temperate | Moist | South America | Vine,Warm Temperate,Moist,South America,Vine,0.28,0.28,0.2072,0.3528,,,,
,Warm Temperate | Moist | South America | Oil Palm,Warm Temperate,Moist,South America,Oil Palm,0,0,#N/A,#N/A,,,,
,Warm Temperate | Moist | South America | Rubber,Warm Temperate,Moist,South America,Rubber,0,0,#N/A,#N/A,,,,
,Warm Temperate | Moist | Central America | Grains,Warm Temperate,Moist,Central America,Grains,4.7,4.7,1.175,8.225,,,,
,Warm Temperate | Moist | Central America | Maize,Warm Temperate,Moist,Central America,Maize,4.7,4.7,1.175,8.225,,,,
,Warm Temperate | Moist | Central America | Sugarcane,Warm Temperate,Moist,Central America,Sugarcane,4.7,4.7,1.175,8.225,,,,
,Warm Temperate | Moist | Central America | Wheat,Warm Temperate,Moist,Central America,Wheat,4.7,4.7,1.175,8.225,,,,
,Warm Temperate | Moist | Central America | Beans & Pulses,Warm Temperate,Moist,Central America,Beans & Pulses,4.7,4.7,1.175,8.225,,,,
,Warm Temperate | Moist | Central America | Tubers,Warm Temperate,Moist,Central America,Tubers,4.7,4.7,1.175,8.225,,,,
,Warm Temperate | Moist | Central America | Root Crops,Warm Temperate,Moist,Central America,Root Crops,4.7,4.7,1.175,8.225,,,,
,Warm Temperate | Moist | Central America | Barley,Warm Temperate,Moist,Central America,Barley,4.7,4.7,1.175,8.225,,,,
,Warm Temperate | Moist | Central America | Oats,Warm Temperate,Moist,Central America,Oats,4.7,4.7,1.175,8.225,,,,
,Warm Temperate | Moist | Central America | Millet,Warm Temperate,Moist,Central America,Millet,4.7,4.7,1.175,8.225,,,,
,Warm Temperate | Moist | Central America | Sorghum,Warm Temperate,Moist,Central America,Sorghum,4.7,4.7,1.175,8.225,,,,
,Warm Temperate | Moist | Central America | Rye,Warm Temperate,Moist,Central America,Rye,4.7,4.7,1.175,8.225,,,,
,Warm Temperate | Moist | Central America | Soybeans,Warm Temperate,Moist,Central America,Soybeans,4.7,4.7,1.175,8.225,,,,
,Warm Temperate | Moist | Central America | Dry Bean,Warm Temperate,Moist,Central America,Dry Bean,4.7,4.7,1.175,8.225,,,,
,Warm Temperate | Moist | Central America | Potatoes,Warm Temperate,Moist,Central America,Potatoes,4.7,4.7,1.175,8.225,,,,
,Warm Temperate | Moist | Central America | Peanuts,Warm Temperate,Moist,Central America,Peanuts,4.7,4.7,1.175,8.225,,,,
,Warm Temperate | Moist | Central America | Vegetables,Warm Temperate,Moist,Central America,Vegetables,4.7,4.7,1.175,8.225,,,,
,Warm Temperate | Moist | Central America | Oilseeds,Warm Temperate,Moist,Central America,Oilseeds,4.7,4.7,1.175,8.225,,,,
,Warm Temperate | Moist | Central America | Groundnuts,Warm Temperate,Moist,Central America,Groundnuts,4.7,4.7,1.175,8.225,,,,
,Warm Temperate | Moist | Central America | Annual Cropland,Warm Temperate,Moist,Central America,Annual Cropland,4.7,4.7,1.175,8.225,,,,
,Warm Temperate | Moist | Central America | Set Aside,Warm Temperate,Moist,Central America,Set Aside,4.7,4.7,1.175,8.225,,,,
,Warm Temperate | Moist | Central America | Flooded Rice,Warm Temperate,Moist,Central America,Flooded Rice,4.7,4.7,1.175,8.225,,,,
,Warm Temperate | Moist | Central America | Grassland,Warm Temperate,Moist,Central America,Grassland,6.345,6.345,1.58625,11.10375,,,,
,Warm Temperate | Moist | Central America | Other Land (Non-Vegetated),Warm Temperate,Moist,Central America,Other Land (Non-Vegetated),0,0,#N/A,#N/A,,,,
,Warm Temperate | Moist | Central America | Settlement,Warm Temperate,Moist,Central America,Settlement,0,0,#N/A,#N/A,,,,
,Warm Temperate | Moist | Central America | Agroforestry - Default,Warm Temperate,Moist,Central America,Agroforestry - Default,1.756666667,1.756666667,1.016866667,2.496466667,,,,
,Warm Temperate | Moist | Central America | Hedgerow,Warm Temperate,Moist,Central America,Hedgerow,1.1,1.1,0.6737,1.5263,,,,
,Warm Temperate | Moist | Central America | Silvoarable,Warm Temperate,Moist,Central America,Silvoarable,1.14,1.14,0.6486,1.6314,,,,
,Warm Temperate | Moist | Central America | Silvopasture,Warm Temperate,Moist,Central America,Silvopasture,3.03,3.03,1.8184,4.2416,,,,
,Warm Temperate | Moist | Central America | Other Land,Warm Temperate,Moist,Central America,Other Land,0,0,#N/A,#N/A,,,,
,Warm Temperate | Moist | Central America | Olive,Warm Temperate,Moist,Central America,Olive,0.46,0.46,0.3358,0.5842,,,,
,Warm Temperate | Moist | Central America | Orchard,Warm Temperate,Moist,Central America,Orchard,0.43,0.43,0.2322,0.6278,,,,
,Warm Temperate | Moist | Central America | Short Rotation Coppice,Warm Temperate,Moist,Central America,Short Rotation Coppice,3.2,3.2,1.92,4.48,,,,
,Warm Temperate | Moist | Central America | Tea,Warm Temperate,Moist,Central America,Tea,0.7,0.7,0.525,0.875,,,,
,Warm Temperate | Moist | Central America | Vine,Warm Temperate,Moist,Central America,Vine,0.28,0.28,0.2072,0.3528,,,,
,Warm Temperate | Moist | Central America | Oil Palm,Warm Temperate,Moist,Central America,Oil Palm,0,0,#N/A,#N/A,,,,
,Warm Temperate | Moist | Central America | Rubber,Warm Temperate,Moist,Central America,Rubber,0,0,#N/A,#N/A,,,,
,Warm Temperate | Moist | Caribbean | Grains,Warm Temperate,Moist,Caribbean,Grains,4.7,4.7,1.175,8.225,,,,
,Warm Temperate | Moist | Caribbean | Maize,Warm Temperate,Moist,Caribbean,Maize,4.7,4.7,1.175,8.225,,,,
,Warm Temperate | Moist | Caribbean | Sugarcane,Warm Temperate,Moist,Caribbean,Sugarcane,4.7,4.7,1.175,8.225,,,,
,Warm Temperate | Moist | Caribbean | Wheat,Warm Temperate,Moist,Caribbean,Wheat,4.7,4.7,1.175,8.225,,,,
,Warm Temperate | Moist | Caribbean | Beans & Pulses,Warm Temperate,Moist,Caribbean,Beans & Pulses,4.7,4.7,1.175,8.225,,,,
,Warm Temperate | Moist | Caribbean | Tubers,Warm Temperate,Moist,Caribbean,Tubers,4.7,4.7,1.175,8.225,,,,
,Warm Temperate | Moist | Caribbean | Root Crops,Warm Temperate,Moist,Caribbean,Root Crops,4.7,4.7,1.175,8.225,,,,
,Warm Temperate | Moist | Caribbean | Barley,Warm Temperate,Moist,Caribbean,Barley,4.7,4.7,1.175,8.225,,,,
,Warm Temperate | Moist | Caribbean | Oats,Warm Temperate,Moist,Caribbean,Oats,4.7,4.7,1.175,8.225,,,,
,Warm Temperate | Moist | Caribbean | Millet,Warm Temperate,Moist,Caribbean,Millet,4.7,4.7,1.175,8.225,,,,
,Warm Temperate | Moist | Caribbean | Sorghum,Warm Temperate,Moist,Caribbean,Sorghum,4.7,4.7,1.175,8.225,,,,
,Warm Temperate | Moist | Caribbean | Rye,Warm Temperate,Moist,Caribbean,Rye,4.7,4.7,1.175,8.225,,,,
,Warm Temperate | Moist | Caribbean | Soybeans,Warm Temperate,Moist,Caribbean,Soybeans,4.7,4.7,1.175,8.225,,,,
,Warm Temperate | Moist | Caribbean | Dry Bean,Warm Temperate,Moist,Caribbean,Dry Bean,4.7,4.7,1.175,8.225,,,,
,Warm Temperate | Moist | Caribbean | Potatoes,Warm Temperate,Moist,Caribbean,Potatoes,4.7,4.7,1.175,8.225,,,,
,Warm Temperate | Moist | Caribbean | Peanuts,Warm Temperate,Moist,Caribbean,Peanuts,4.7,4.7,1.175,8.225,,,,
,Warm Temperate | Moist | Caribbean | Vegetables,Warm Temperate,Moist,Caribbean,Vegetables,4.7,4.7,1.175,8.225,,,,
,Warm Temperate | Moist | Caribbean | Oilseeds,Warm Temperate,Moist,Caribbean,Oilseeds,4.7,4.7,1.175,8.225,,,,
,Warm Temperate | Moist | Caribbean | Groundnuts,Warm Temperate,Moist,Caribbean,Groundnuts,4.7,4.7,1.175,8.225,,,,
,Warm Temperate | Moist | Caribbean | Annual Cropland,Warm Temperate,Moist,Caribbean,Annual Cropland,4.7,4.7,1.175,8.225,,,,
,Warm Temperate | Moist | Caribbean | Set Aside,Warm Temperate,Moist,Caribbean,Set Aside,4.7,4.7,1.175,8.225,,,,
,Warm Temperate | Moist | Caribbean | Flooded Rice,Warm Temperate,Moist,Caribbean,Flooded Rice,4.7,4.7,1.175,8.225,,,,
,Warm Temperate | Moist | Caribbean | Grassland,Warm Temperate,Moist,Caribbean,Grassland,6.345,6.345,1.58625,11.10375,,,,
,Warm Temperate | Moist | Caribbean | Other Land (Non-Vegetated),Warm Temperate,Moist,Caribbean,Other Land (Non-Vegetated),0,0,#N/A,#N/A,,,,
,Warm Temperate | Moist | Caribbean | Settlement,Warm Temperate,Moist,Caribbean,Settlement,0,0,#N/A,#N/A,,,,
,Warm Temperate | Moist | Caribbean | Agroforestry - Default,Warm Temperate,Moist,Caribbean,Agroforestry - Default,1.756666667,1.756666667,1.016866667,2.496466667,,,,
,Warm Temperate | Moist | Caribbean | Hedgerow,Warm Temperate,Moist,Caribbean,Hedgerow,1.1,1.1,0.6737,1.5263,,,,
,Warm Temperate | Moist | Caribbean | Silvoarable,Warm Temperate,Moist,Caribbean,Silvoarable,1.14,1.14,0.6486,1.6314,,,,
,Warm Temperate | Moist | Caribbean | Silvopasture,Warm Temperate,Moist,Caribbean,Silvopasture,3.03,3.03,1.8184,4.2416,,,,
,Warm Temperate | Moist | Caribbean | Other Land,Warm Temperate,Moist,Caribbean,Other Land,0,0,#N/A,#N/A,,,,
,Warm Temperate | Moist | Caribbean | Olive,Warm Temperate,Moist,Caribbean,Olive,0.46,0.46,0.3358,0.5842,,,,
,Warm Temperate | Moist | Caribbean | Orchard,Warm Temperate,Moist,Caribbean,Orchard,0.43,0.43,0.2322,0.6278,,,,
,Warm Temperate | Moist | Caribbean | Short Rotation Coppice,Warm Temperate,Moist,Caribbean,Short Rotation Coppice,3.2,3.2,1.92,4.48,,,,
,Warm Temperate | Moist | Caribbean | Tea,Warm Temperate,Moist,Caribbean,Tea,0.7,0.7,0.525,0.875,,,,
,Warm Temperate | Moist | Caribbean | Vine,Warm Temperate,Moist,Caribbean,Vine,0.28,0.28,0.2072,0.3528,,,,
,Warm Temperate | Moist | Caribbean | Oil Palm,Warm Temperate,Moist,Caribbean,Oil Palm,0,0,#N/A,#N/A,,,,
,Warm Temperate | Moist | Caribbean | Rubber,Warm Temperate,Moist,Caribbean,Rubber,0,0,#N/A,#N/A,,,,
,Tropical | Dry | Eastern Africa | Grains,Tropical,Dry,Eastern Africa,Grains,4.7,4.7,1.175,8.225,,,,
,Tropical | Dry | Eastern Africa | Maize,Tropical,Dry,Eastern Africa,Maize,4.7,4.7,1.175,8.225,,,,
,Tropical | Dry | Eastern Africa | Sugarcane,Tropical,Dry,Eastern Africa,Sugarcane,4.7,4.7,1.175,8.225,,,,
,Tropical | Dry | Eastern Africa | Wheat,Tropical,Dry,Eastern Africa,Wheat,4.7,4.7,1.175,8.225,,,,
,Tropical | Dry | Eastern Africa | Beans & Pulses,Tropical,Dry,Eastern Africa,Beans & Pulses,4.7,4.7,1.175,8.225,,,,
,Tropical | Dry | Eastern Africa | Tubers,Tropical,Dry,Eastern Africa,Tubers,4.7,4.7,1.175,8.225,,,,
,Tropical | Dry | Eastern Africa | Root Crops,Tropical,Dry,Eastern Africa,Root Crops,4.7,4.7,1.175,8.225,,,,
,Tropical | Dry | Eastern Africa | Barley,Tropical,Dry,Eastern Africa,Barley,4.7,4.7,1.175,8.225,,,,
,Tropical | Dry | Eastern Africa | Oats,Tropical,Dry,Eastern Africa,Oats,4.7,4.7,1.175,8.225,,,,
,Tropical | Dry | Eastern Africa | Millet,Tropical,Dry,Eastern Africa,Millet,4.7,4.7,1.175,8.225,,,,
,Tropical | Dry | Eastern Africa | Sorghum,Tropical,Dry,Eastern Africa,Sorghum,4.7,4.7,1.175,8.225,,,,
,Tropical | Dry | Eastern Africa | Rye,Tropical,Dry,Eastern Africa,Rye,4.7,4.7,1.175,8.225,,,,
,Tropical | Dry | Eastern Africa | Soybeans,Tropical,Dry,Eastern Africa,Soybeans,4.7,4.7,1.175,8.225,,,,
,Tropical | Dry | Eastern Africa | Dry Bean,Tropical,Dry,Eastern Africa,Dry Bean,4.7,4.7,1.175,8.225,,,,
,Tropical | Dry | Eastern Africa | Potatoes,Tropical,Dry,Eastern Africa,Potatoes,4.7,4.7,1.175,8.225,,,,
,Tropical | Dry | Eastern Africa | Peanuts,Tropical,Dry,Eastern Africa,Peanuts,4.7,4.7,1.175,8.225,,,,
,Tropical | Dry | Eastern Africa | Vegetables,Tropical,Dry,Eastern Africa,Vegetables,4.7,4.7,1.175,8.225,,,,
,Tropical | Dry | Eastern Africa | Oilseeds,Tropical,Dry,Eastern Africa,Oilseeds,4.7,4.7,1.175,8.225,,,,
,Tropical | Dry | Eastern Africa | Groundnuts,Tropical,Dry,Eastern Africa,Groundnuts,4.7,4.7,1.175,8.225,,,,
,Tropical | Dry | Eastern Africa | Annual Cropland,Tropical,Dry,Eastern Africa,Annual Cropland,4.7,4.7,1.175,8.225,,,,
,Tropical | Dry | Eastern Africa | Set Aside,Tropical,Dry,Eastern Africa,Set Aside,4.7,4.7,1.175,8.225,,,,
,Tropical | Dry | Eastern Africa | Flooded Rice,Tropical,Dry,Eastern Africa,Flooded Rice,4.7,4.7,1.175,8.225,,,,
,Tropical | Dry | Eastern Africa | Grassland,Tropical,Dry,Eastern Africa,Grassland,4.089,4.089,1.02225,7.15575,,,,
,Tropical | Dry | Eastern Africa | Other Land (Non-Vegetated),Tropical,Dry,Eastern Africa,Other Land (Non-Vegetated),0,0,#N/A,#N/A,,,,
,Tropical | Dry | Eastern Africa | Settlement,Tropical,Dry,Eastern Africa,Settlement,0,0,#N/A,#N/A,,,,
,Tropical | Dry | Eastern Africa | Agroforestry - Default,Tropical,Dry,Eastern Africa,Agroforestry - Default,3.58625,3.58625,1.533125,5.639375,,,,
,Tropical | Dry | Eastern Africa | Alley Cropping,Tropical,Dry,Eastern Africa,Alley Cropping,2.33,2.33,1.8036,2.8564,,,,
,Tropical | Dry | Eastern Africa | Perennial Fallow,Tropical,Dry,Eastern Africa,Perennial Fallow,8.15,8.15,6.9719,9.3281,,,,
,Tropical | Dry | Eastern Africa | Hedgerow,Tropical,Dry,Eastern Africa,Hedgerow,0.6,0.6,0.24,0.96,,,,
,Tropical | Dry | Eastern Africa | Multistrata,Tropical,Dry,Eastern Africa,Multistrata,2.09,2.09,1.6662,2.5138,,,,
,Tropical | Dry | Eastern Africa | Parkland,Tropical,Dry,Eastern Africa,Parkland,0.8,0.8,0.4578,1.1422,,,,
,Tropical | Dry | Eastern Africa | Shaded Perennial,Tropical,Dry,Eastern Africa,Shaded Perennial,2.95,2.95,2.374,3.526,,,,
,Tropical | Dry | Eastern Africa | Silvoarable,Tropical,Dry,Eastern Africa,Silvoarable,7.86,7.86,5.6136,10.1064,,,,
,Tropical | Dry | Eastern Africa | Silvopasture,Tropical,Dry,Eastern Africa,Silvopasture,3.91,3.91,2.0066,5.8134,,,,
,Tropical | Dry | Eastern Africa | Other Land,Tropical,Dry,Eastern Africa,Other Land,0,0,#N/A,#N/A,,,,
,Tropical | Dry | Eastern Africa | Olive,Tropical,Dry,Eastern Africa,Olive,0,0,#N/A,#N/A,,,,
,Tropical | Dry | Eastern Africa | Orchard,Tropical,Dry,Eastern Africa,Orchard,0,0,#N/A,#N/A,,,,
,Tropical | Dry | Eastern Africa | Short Rotation Coppice,Tropical,Dry,Eastern Africa,Short Rotation Coppice,0,0,#N/A,#N/A,,,,
,Tropical | Dry | Eastern Africa | Tea,Tropical,Dry,Eastern Africa,Tea,0.7,0.7,0.525,0.875,,,,
,Tropical | Dry | Eastern Africa | Vine,Tropical,Dry,Eastern Africa,Vine,0,0,#N/A,#N/A,,,,
,Tropical | Dry | Eastern Africa | Oil Palm,Tropical,Dry,Eastern Africa,Oil Palm,2.4,2.4,1.416,3.384,,,,
,Tropical | Dry | Eastern Africa | Rubber,Tropical,Dry,Eastern Africa,Rubber,3,3,2.61,3.39,,,,
,Tropical | Dry | Central Africa | Grains,Tropical,Dry,Central Africa,Grains,4.7,4.7,1.175,8.225,,,,
,Tropical | Dry | Central Africa | Maize,Tropical,Dry,Central Africa,Maize,4.7,4.7,1.175,8.225,,,,
,Tropical | Dry | Central Africa | Sugarcane,Tropical,Dry,Central Africa,Sugarcane,4.7,4.7,1.175,8.225,,,,
,Tropical | Dry | Central Africa | Wheat,Tropical,Dry,Central Africa,Wheat,4.7,4.7,1.175,8.225,,,,
,Tropical | Dry | Central Africa | Beans & Pulses,Tropical,Dry,Central Africa,Beans & Pulses,4.7,4.7,1.175,8.225,,,,
,Tropical | Dry | Central Africa | Tubers,Tropical,Dry,Central Africa,Tubers,4.7,4.7,1.175,8.225,,,,
,Tropical | Dry | Central Africa | Root Crops,Tropical,Dry,Central Africa,Root Crops,4.7,4.7,1.175,8.225,,,,
,Tropical | Dry | Central Africa | Barley,Tropical,Dry,Central Africa,Barley,4.7,4.7,1.175,8.225,,,,
,Tropical | Dry | Central Africa | Oats,Tropical,Dry,Central Africa,Oats,4.7,4.7,1.175,8.225,,,,
,Tropical | Dry | Central Africa | Millet,Tropical,Dry,Central Africa,Millet,4.7,4.7,1.175,8.225,,,,
,Tropical | Dry | Central Africa | Sorghum,Tropical,Dry,Central Africa,Sorghum,4.7,4.7,1.175,8.225,,,,
,Tropical | Dry | Central Africa | Rye,Tropical,Dry,Central Africa,Rye,4.7,4.7,1.175,8.225,,,,
,Tropical | Dry | Central Africa | Soybeans,Tropical,Dry,Central Africa,Soybeans,4.7,4.7,1.175,8.225,,,,
,Tropical | Dry | Central Africa | Dry Bean,Tropical,Dry,Central Africa,Dry Bean,4.7,4.7,1.175,8.225,,,,
,Tropical | Dry | Central Africa | Potatoes,Tropical,Dry,Central Africa,Potatoes,4.7,4.7,1.175,8.225,,,,
,Tropical | Dry | Central Africa | Peanuts,Tropical,Dry,Central Africa,Peanuts,4.7,4.7,1.175,8.225,,,,
,Tropical | Dry | Central Africa | Vegetables,Tropical,Dry,Central Africa,Vegetables,4.7,4.7,1.175,8.225,,,,
,Tropical | Dry | Central Africa | Oilseeds,Tropical,Dry,Central Africa,Oilseeds,4.7,4.7,1.175,8.225,,,,
,Tropical | Dry | Central Africa | Groundnuts,Tropical,Dry,Central Africa,Groundnuts,4.7,4.7,1.175,8.225,,,,
,Tropical | Dry | Central Africa | Annual Cropland,Tropical,Dry,Central Africa,Annual Cropland,4.7,4.7,1.175,8.225,,,,
,Tropical | Dry | Central Africa | Set Aside,Tropical,Dry,Central Africa,Set Aside,4.7,4.7,1.175,8.225,,,,
,Tropical | Dry | Central Africa | Flooded Rice,Tropical,Dry,Central Africa,Flooded Rice,4.7,4.7,1.175,8.225,,,,
,Tropical | Dry | Central Africa | Grassland,Tropical,Dry,Central Africa,Grassland,4.089,4.089,1.02225,7.15575,,,,
,Tropical | Dry | Central Africa | Other Land (Non-Vegetated),Tropical,Dry,Central Africa,Other Land (Non-Vegetated),0,0,#N/A,#N/A,,,,
,Tropical | Dry | Central Africa | Settlement,Tropical,Dry,Central Africa,Settlement,0,0,#N/A,#N/A,,,,
,Tropical | Dry | Central Africa | Agroforestry - Default,Tropical,Dry,Central Africa,Agroforestry - Default,3.58625,3.58625,1.533125,5.639375,,,,
,Tropical | Dry | Central Africa | Alley Cropping,Tropical,Dry,Central Africa,Alley Cropping,2.33,2.33,1.8036,2.8564,,,,
,Tropical | Dry | Central Africa | Perennial Fallow,Tropical,Dry,Central Africa,Perennial Fallow,8.15,8.15,6.9719,9.3281,,,,
,Tropical | Dry | Central Africa | Hedgerow,Tropical,Dry,Central Africa,Hedgerow,0.6,0.6,0.24,0.96,,,,
,Tropical | Dry | Central Africa | Multistrata,Tropical,Dry,Central Africa,Multistrata,2.09,2.09,1.6662,2.5138,,,,
,Tropical | Dry | Central Africa | Parkland,Tropical,Dry,Central Africa,Parkland,0.8,0.8,0.4578,1.1422,,,,
,Tropical | Dry | Central Africa | Shaded Perennial,Tropical,Dry,Central Africa,Shaded Perennial,2.95,2.95,2.374,3.526,,,,
,Tropical | Dry | Central Africa | Silvoarable,Tropical,Dry,Central Africa,Silvoarable,7.86,7.86,5.6136,10.1064,,,,
,Tropical | Dry | Central Africa | Silvopasture,Tropical,Dry,Central Africa,Silvopasture,3.91,3.91,2.0066,5.8134,,,,
,Tropical | Dry | Central Africa | Other Land,Tropical,Dry,Central Africa,Other Land,0,0,#N/A,#N/A,,,,
,Tropical | Dry | Central Africa | Olive,Tropical,Dry,Central Africa,Olive,0,0,#N/A,#N/A,,,,
,Tropical | Dry | Central Africa | Orchard,Tropical,Dry,Central Africa,Orchard,0,0,#N/A,#N/A,,,,
,Tropical | Dry | Central Africa | Short Rotation Coppice,Tropical,Dry,Central Africa,Short Rotation Coppice,0,0,#N/A,#N/A,,,,
,Tropical | Dry | Central Africa | Tea,Tropical,Dry,Central Africa,Tea,0.7,0.7,0.525,0.875,,,,
,Tropical | Dry | Central Africa | Vine,Tropical,Dry,Central Africa,Vine,0,0,#N/A,#N/A,,,,
,Tropical | Dry | Central Africa | Oil Palm,Tropical,Dry,Central Africa,Oil Palm,2.4,2.4,1.416,3.384,,,,
,Tropical | Dry | Central Africa | Rubber,Tropical,Dry,Central Africa,Rubber,3,3,2.61,3.39,,,,
,Tropical | Dry | Northern Africa | Grains,Tropical,Dry,Northern Africa,Grains,4.7,4.7,1.175,8.225,,,,
,Tropical | Dry | Northern Africa | Maize,Tropical,Dry,Northern Africa,Maize,4.7,4.7,1.175,8.225,,,,
,Tropical | Dry | Northern Africa | Sugarcane,Tropical,Dry,Northern Africa,Sugarcane,4.7,4.7,1.175,8.225,,,,
,Tropical | Dry | Northern Africa | Wheat,Tropical,Dry,Northern Africa,Wheat,4.7,4.7,1.175,8.225,,,,
,Tropical | Dry | Northern Africa | Beans & Pulses,Tropical,Dry,Northern Africa,Beans & Pulses,4.7,4.7,1.175,8.225,,,,
,Tropical | Dry | Northern Africa | Tubers,Tropical,Dry,Northern Africa,Tubers,4.7,4.7,1.175,8.225,,,,
,Tropical | Dry | Northern Africa | Root Crops,Tropical,Dry,Northern Africa,Root Crops,4.7,4.7,1.175,8.225,,,,
,Tropical | Dry | Northern Africa | Barley,Tropical,Dry,Northern Africa,Barley,4.7,4.7,1.175,8.225,,,,
,Tropical | Dry | Northern Africa | Oats,Tropical,Dry,Northern Africa,Oats,4.7,4.7,1.175,8.225,,,,
,Tropical | Dry | Northern Africa | Millet,Tropical,Dry,Northern Africa,Millet,4.7,4.7,1.175,8.225,,,,
,Tropical | Dry | Northern Africa | Sorghum,Tropical,Dry,Northern Africa,Sorghum,4.7,4.7,1.175,8.225,,,,
,Tropical | Dry | Northern Africa | Rye,Tropical,Dry,Northern Africa,Rye,4.7,4.7,1.175,8.225,,,,
,Tropical | Dry | Northern Africa | Soybeans,Tropical,Dry,Northern Africa,Soybeans,4.7,4.7,1.175,8.225,,,,
,Tropical | Dry | Northern Africa | Dry Bean,Tropical,Dry,Northern Africa,Dry Bean,4.7,4.7,1.175,8.225,,,,
,Tropical | Dry | Northern Africa | Potatoes,Tropical,Dry,Northern Africa,Potatoes,4.7,4.7,1.175,8.225,,,,
,Tropical | Dry | Northern Africa | Peanuts,Tropical,Dry,Northern Africa,Peanuts,4.7,4.7,1.175,8.225,,,,
,Tropical | Dry | Northern Africa | Vegetables,Tropical,Dry,Northern Africa,Vegetables,4.7,4.7,1.175,8.225,,,,
,Tropical | Dry | Northern Africa | Oilseeds,Tropical,Dry,Northern Africa,Oilseeds,4.7,4.7,1.175,8.225,,,,
,Tropical | Dry | Northern Africa | Groundnuts,Tropical,Dry,Northern Africa,Groundnuts,4.7,4.7,1.175,8.225,,,,
,Tropical | Dry | Northern Africa | Annual Cropland,Tropical,Dry,Northern Africa,Annual Cropland,4.7,4.7,1.175,8.225,,,,
,Tropical | Dry | Northern Africa | Set Aside,Tropical,Dry,Northern Africa,Set Aside,4.7,4.7,1.175,8.225,,,,
,Tropical | Dry | Northern Africa | Flooded Rice,Tropical,Dry,Northern Africa,Flooded Rice,4.7,4.7,1.175,8.225,,,,
,Tropical | Dry | Northern Africa | Grassland,Tropical,Dry,Northern Africa,Grassland,4.089,4.089,1.02225,7.15575,,,,
,Tropical | Dry | Northern Africa | Other Land (Non-Vegetated),Tropical,Dry,Northern Africa,Other Land (Non-Vegetated),0,0,#N/A,#N/A,,,,
,Tropical | Dry | Northern Africa | Settlement,Tropical,Dry,Northern Africa,Settlement,0,0,#N/A,#N/A,,,,
,Tropical | Dry | Northern Africa | Agroforestry - Default,Tropical,Dry,Northern Africa,Agroforestry - Default,3.58625,3.58625,1.533125,5.639375,,,,
,Tropical | Dry | Northern Africa | Alley Cropping,Tropical,Dry,Northern Africa,Alley Cropping,2.33,2.33,1.8036,2.8564,,,,
,Tropical | Dry | Northern Africa | Perennial Fallow,Tropical,Dry,Northern Africa,Perennial Fallow,8.15,8.15,6.9719,9.3281,,,,
,Tropical | Dry | Northern Africa | Hedgerow,Tropical,Dry,Northern Africa,Hedgerow,0.6,0.6,0.24,0.96,,,,
,Tropical | Dry | Northern Africa | Multistrata,Tropical,Dry,Northern Africa,Multistrata,2.09,2.09,1.6662,2.5138,,,,
,Tropical | Dry | Northern Africa | Parkland,Tropical,Dry,Northern Africa,Parkland,0.8,0.8,0.4578,1.1422,,,,
,Tropical | Dry | Northern Africa | Shaded Perennial,Tropical,Dry,Northern Africa,Shaded Perennial,2.95,2.95,2.374,3.526,,,,
,Tropical | Dry | Northern Africa | Silvoarable,Tropical,Dry,Northern Africa,Silvoarable,7.86,7.86,5.6136,10.1064,,,,
,Tropical | Dry | Northern Africa | Silvopasture,Tropical,Dry,Northern Africa,Silvopasture,3.91,3.91,2.0066,5.8134,,,,
,Tropical | Dry | Northern Africa | Other Land,Tropical,Dry,Northern Africa,Other Land,0,0,#N/A,#N/A,,,,
,Tropical | Dry | Northern Africa | Olive,Tropical,Dry,Northern Africa,Olive,0,0,#N/A,#N/A,,,,
,Tropical | Dry | Northern Africa | Orchard,Tropical,Dry,Northern Africa,Orchard,0,0,#N/A,#N/A,,,,
,Tropical | Dry | Northern Africa | Short Rotation Coppice,Tropical,Dry,Northern Africa,Short Rotation Coppice,0,0,#N/A,#N/A,,,,
,Tropical | Dry | Northern Africa | Tea,Tropical,Dry,Northern Africa,Tea,0.7,0.7,0.525,0.875,,,,
,Tropical | Dry | Northern Africa | Vine,Tropical,Dry,Northern Africa,Vine,0,0,#N/A,#N/A,,,,
,Tropical | Dry | Northern Africa | Oil Palm,Tropical,Dry,Northern Africa,Oil Palm,2.4,2.4,1.416,3.384,,,,
,Tropical | Dry | Northern Africa | Rubber,Tropical,Dry,Northern Africa,Rubber,3,3,2.61,3.39,,,,
,Tropical | Dry | Southern Africa | Grains,Tropical,Dry,Southern Africa,Grains,4.7,4.7,1.175,8.225,,,,
,Tropical | Dry | Southern Africa | Maize,Tropical,Dry,Southern Africa,Maize,4.7,4.7,1.175,8.225,,,,
,Tropical | Dry | Southern Africa | Sugarcane,Tropical,Dry,Southern Africa,Sugarcane,4.7,4.7,1.175,8.225,,,,
,Tropical | Dry | Southern Africa | Wheat,Tropical,Dry,Southern Africa,Wheat,4.7,4.7,1.175,8.225,,,,
,Tropical | Dry | Southern Africa | Beans & Pulses,Tropical,Dry,Southern Africa,Beans & Pulses,4.7,4.7,1.175,8.225,,,,
,Tropical | Dry | Southern Africa | Tubers,Tropical,Dry,Southern Africa,Tubers,4.7,4.7,1.175,8.225,,,,
,Tropical | Dry | Southern Africa | Root Crops,Tropical,Dry,Southern Africa,Root Crops,4.7,4.7,1.175,8.225,,,,
,Tropical | Dry | Southern Africa | Barley,Tropical,Dry,Southern Africa,Barley,4.7,4.7,1.175,8.225,,,,
,Tropical | Dry | Southern Africa | Oats,Tropical,Dry,Southern Africa,Oats,4.7,4.7,1.175,8.225,,,,
,Tropical | Dry | Southern Africa | Millet,Tropical,Dry,Southern Africa,Millet,4.7,4.7,1.175,8.225,,,,
,Tropical | Dry | Southern Africa | Sorghum,Tropical,Dry,Southern Africa,Sorghum,4.7,4.7,1.175,8.225,,,,
,Tropical | Dry | Southern Africa | Rye,Tropical,Dry,Southern Africa,Rye,4.7,4.7,1.175,8.225,,,,
,Tropical | Dry | Southern Africa | Soybeans,Tropical,Dry,Southern Africa,Soybeans,4.7,4.7,1.175,8.225,,,,
,Tropical | Dry | Southern Africa | Dry Bean,Tropical,Dry,Southern Africa,Dry Bean,4.7,4.7,1.175,8.225,,,,
,Tropical | Dry | Southern Africa | Potatoes,Tropical,Dry,Southern Africa,Potatoes,4.7,4.7,1.175,8.225,,,,
,Tropical | Dry | Southern Africa | Peanuts,Tropical,Dry,Southern Africa,Peanuts,4.7,4.7,1.175,8.225,,,,
,Tropical | Dry | Southern Africa | Vegetables,Tropical,Dry,Southern Africa,Vegetables,4.7,4.7,1.175,8.225,,,,
,Tropical | Dry | Southern Africa | Oilseeds,Tropical,Dry,Southern Africa,Oilseeds,4.7,4.7,1.175,8.225,,,,
,Tropical | Dry | Southern Africa | Groundnuts,Tropical,Dry,Southern Africa,Groundnuts,4.7,4.7,1.175,8.225,,,,
,Tropical | Dry | Southern Africa | Annual Cropland,Tropical,Dry,Southern Africa,Annual Cropland,4.7,4.7,1.175,8.225,,,,
,Tropical | Dry | Southern Africa | Set Aside,Tropical,Dry,Southern Africa,Set Aside,4.7,4.7,1.175,8.225,,,,
,Tropical | Dry | Southern Africa | Flooded Rice,Tropical,Dry,Southern Africa,Flooded Rice,4.7,4.7,1.175,8.225,,,,
,Tropical | Dry | Southern Africa | Grassland,Tropical,Dry,Southern Africa,Grassland,4.089,4.089,1.02225,7.15575,,,,
,Tropical | Dry | Southern Africa | Other Land (Non-Vegetated),Tropical,Dry,Southern Africa,Other Land (Non-Vegetated),0,0,#N/A,#N/A,,,,
,Tropical | Dry | Southern Africa | Settlement,Tropical,Dry,Southern Africa,Settlement,0,0,#N/A,#N/A,,,,
,Tropical | Dry | Southern Africa | Agroforestry - Default,Tropical,Dry,Southern Africa,Agroforestry - Default,3.58625,3.58625,1.533125,5.639375,,,,
,Tropical | Dry | Southern Africa | Alley Cropping,Tropical,Dry,Southern Africa,Alley Cropping,2.33,2.33,1.8036,2.8564,,,,
,Tropical | Dry | Southern Africa | Perennial Fallow,Tropical,Dry,Southern Africa,Perennial Fallow,8.15,8.15,6.9719,9.3281,,,,
,Tropical | Dry | Southern Africa | Hedgerow,Tropical,Dry,Southern Africa,Hedgerow,0.6,0.6,0.24,0.96,,,,
,Tropical | Dry | Southern Africa | Multistrata,Tropical,Dry,Southern Africa,Multistrata,2.09,2.09,1.6662,2.5138,,,,
,Tropical | Dry | Southern Africa | Parkland,Tropical,Dry,Southern Africa,Parkland,0.8,0.8,0.4578,1.1422,,,,
,Tropical | Dry | Southern Africa | Shaded Perennial,Tropical,Dry,Southern Africa,Shaded Perennial,2.95,2.95,2.374,3.526,,,,
,Tropical | Dry | Southern Africa | Silvoarable,Tropical,Dry,Southern Africa,Silvoarable,7.86,7.86,5.6136,10.1064,,,,
,Tropical | Dry | Southern Africa | Silvopasture,Tropical,Dry,Southern Africa,Silvopasture,3.91,3.91,2.0066,5.8134,,,,
,Tropical | Dry | Southern Africa | Other Land,Tropical,Dry,Southern Africa,Other Land,0,0,#N/A,#N/A,,,,
,Tropical | Dry | Southern Africa | Olive,Tropical,Dry,Southern Africa,Olive,0,0,#N/A,#N/A,,,,
,Tropical | Dry | Southern Africa | Orchard,Tropical,Dry,Southern Africa,Orchard,0,0,#N/A,#N/A,,,,
,Tropical | Dry | Southern Africa | Short Rotation Coppice,Tropical,Dry,Southern Africa,Short Rotation Coppice,0,0,#N/A,#N/A,,,,
,Tropical | Dry | Southern Africa | Tea,Tropical,Dry,Southern Africa,Tea,0.7,0.7,0.525,0.875,,,,
,Tropical | Dry | Southern Africa | Vine,Tropical,Dry,Southern Africa,Vine,0,0,#N/A,#N/A,,,,
,Tropical | Dry | Southern Africa | Oil Palm,Tropical,Dry,Southern Africa,Oil Palm,2.4,2.4,1.416,3.384,,,,
,Tropical | Dry | Southern Africa | Rubber,Tropical,Dry,Southern Africa,Rubber,3,3,2.61,3.39,,,,
,Tropical | Dry | Western Africa | Grains,Tropical,Dry,Western Africa,Grains,4.7,4.7,1.175,8.225,,,,
,Tropical | Dry | Western Africa | Maize,Tropical,Dry,Western Africa,Maize,4.7,4.7,1.175,8.225,,,,
,Tropical | Dry | Western Africa | Sugarcane,Tropical,Dry,Western Africa,Sugarcane,4.7,4.7,1.175,8.225,,,,
,Tropical | Dry | Western Africa | Wheat,Tropical,Dry,Western Africa,Wheat,4.7,4.7,1.175,8.225,,,,
,Tropical | Dry | Western Africa | Beans & Pulses,Tropical,Dry,Western Africa,Beans & Pulses,4.7,4.7,1.175,8.225,,,,
,Tropical | Dry | Western Africa | Tubers,Tropical,Dry,Western Africa,Tubers,4.7,4.7,1.175,8.225,,,,
,Tropical | Dry | Western Africa | Root Crops,Tropical,Dry,Western Africa,Root Crops,4.7,4.7,1.175,8.225,,,,
,Tropical | Dry | Western Africa | Barley,Tropical,Dry,Western Africa,Barley,4.7,4.7,1.175,8.225,,,,
,Tropical | Dry | Western Africa | Oats,Tropical,Dry,Western Africa,Oats,4.7,4.7,1.175,8.225,,,,
,Tropical | Dry | Western Africa | Millet,Tropical,Dry,Western Africa,Millet,4.7,4.7,1.175,8.225,,,,
,Tropical | Dry | Western Africa | Sorghum,Tropical,Dry,Western Africa,Sorghum,4.7,4.7,1.175,8.225,,,,
,Tropical | Dry | Western Africa | Rye,Tropical,Dry,Western Africa,Rye,4.7,4.7,1.175,8.225,,,,
,Tropical | Dry | Western Africa | Soybeans,Tropical,Dry,Western Africa,Soybeans,4.7,4.7,1.175,8.225,,,,
,Tropical | Dry | Western Africa | Dry Bean,Tropical,Dry,Western Africa,Dry Bean,4.7,4.7,1.175,8.225,,,,
,Tropical | Dry | Western Africa | Potatoes,Tropical,Dry,Western Africa,Potatoes,4.7,4.7,1.175,8.225,,,,
,Tropical | Dry | Western Africa | Peanuts,Tropical,Dry,Western Africa,Peanuts,4.7,4.7,1.175,8.225,,,,
,Tropical | Dry | Western Africa | Vegetables,Tropical,Dry,Western Africa,Vegetables,4.7,4.7,1.175,8.225,,,,
,Tropical | Dry | Western Africa | Oilseeds,Tropical,Dry,Western Africa,Oilseeds,4.7,4.7,1.175,8.225,,,,
,Tropical | Dry | Western Africa | Groundnuts,Tropical,Dry,Western Africa,Groundnuts,4.7,4.7,1.175,8.225,,,,
,Tropical | Dry | Western Africa | Annual Cropland,Tropical,Dry,Western Africa,Annual Cropland,4.7,4.7,1.175,8.225,,,,
,Tropical | Dry | Western Africa | Set Aside,Tropical,Dry,Western Africa,Set Aside,4.7,4.7,1.175,8.225,,,,
,Tropical | Dry | Western Africa | Flooded Rice,Tropical,Dry,Western Africa,Flooded Rice,4.7,4.7,1.175,8.225,,,,
,Tropical | Dry | Western Africa | Grassland,Tropical,Dry,Western Africa,Grassland,4.089,4.089,1.02225,7.15575,,,,
,Tropical | Dry | Western Africa | Other Land (Non-Vegetated),Tropical,Dry,Western Africa,Other Land (Non-Vegetated),0,0,#N/A,#N/A,,,,
,Tropical | Dry | Western Africa | Settlement,Tropical,Dry,Western Africa,Settlement,0,0,#N/A,#N/A,,,,
,Tropical | Dry | Western Africa | Agroforestry - Default,Tropical,Dry,Western Africa,Agroforestry - Default,3.58625,3.58625,1.533125,5.639375,,,,
,Tropical | Dry | Western Africa | Alley Cropping,Tropical,Dry,Western Africa,Alley Cropping,2.33,2.33,1.8036,2.8564,,,,
,Tropical | Dry | Western Africa | Perennial Fallow,Tropical,Dry,Western Africa,Perennial Fallow,8.15,8.15,6.9719,9.3281,,,,
,Tropical | Dry | Western Africa | Hedgerow,Tropical,Dry,Western Africa,Hedgerow,0.6,0.6,0.24,0.96,,,,
,Tropical | Dry | Western Africa | Multistrata,Tropical,Dry,Western Africa,Multistrata,2.09,2.09,1.6662,2.5138,,,,
,Tropical | Dry | Western Africa | Parkland,Tropical,Dry,Western Africa,Parkland,0.8,0.8,0.4578,1.1422,,,,
,Tropical | Dry | Western Africa | Shaded Perennial,Tropical,Dry,Western Africa,Shaded Perennial,2.95,2.95,2.374,3.526,,,,
,Tropical | Dry | Western Africa | Silvoarable,Tropical,Dry,Western Africa,Silvoarable,7.86,7.86,5.6136,10.1064,,,,
,Tropical | Dry | Western Africa | Silvopasture,Tropical,Dry,Western Africa,Silvopasture,3.91,3.91,2.0066,5.8134,,,,
,Tropical | Dry | Western Africa | Other Land,Tropical,Dry,Western Africa,Other Land,0,0,#N/A,#N/A,,,,
,Tropical | Dry | Western Africa | Olive,Tropical,Dry,Western Africa,Olive,0,0,#N/A,#N/A,,,,
,Tropical | Dry | Western Africa | Orchard,Tropical,Dry,Western Africa,Orchard,0,0,#N/A,#N/A,,,,
,Tropical | Dry | Western Africa | Short Rotation Coppice,Tropical,Dry,Western Africa,Short Rotation Coppice,0,0,#N/A,#N/A,,,,
,Tropical | Dry | Western Africa | Tea,Tropical,Dry,Western Africa,Tea,0.7,0.7,0.525,0.875,,,,
,Tropical | Dry | Western Africa | Vine,Tropical,Dry,Western Africa,Vine,0,0,#N/A,#N/A,,,,
,Tropical | Dry | Western Africa | Oil Palm,Tropical,Dry,Western Africa,Oil Palm,2.4,2.4,1.416,3.384,,,,
,Tropical | Dry | Western Africa | Rubber,Tropical,Dry,Western Africa,Rubber,3,3,2.61,3.39,,,,
,Tropical | Dry | Central Asia | Grains,Tropical,Dry,Central Asia,Grains,4.7,4.7,1.175,8.225,,,,
,Tropical | Dry | Central Asia | Maize,Tropical,Dry,Central Asia,Maize,4.7,4.7,1.175,8.225,,,,
,Tropical | Dry | Central Asia | Sugarcane,Tropical,Dry,Central Asia,Sugarcane,4.7,4.7,1.175,8.225,,,,
,Tropical | Dry | Central Asia | Wheat,Tropical,Dry,Central Asia,Wheat,4.7,4.7,1.175,8.225,,,,
,Tropical | Dry | Central Asia | Beans & Pulses,Tropical,Dry,Central Asia,Beans & Pulses,4.7,4.7,1.175,8.225,,,,
,Tropical | Dry | Central Asia | Tubers,Tropical,Dry,Central Asia,Tubers,4.7,4.7,1.175,8.225,,,,
,Tropical | Dry | Central Asia | Root Crops,Tropical,Dry,Central Asia,Root Crops,4.7,4.7,1.175,8.225,,,,
,Tropical | Dry | Central Asia | Barley,Tropical,Dry,Central Asia,Barley,4.7,4.7,1.175,8.225,,,,
,Tropical | Dry | Central Asia | Oats,Tropical,Dry,Central Asia,Oats,4.7,4.7,1.175,8.225,,,,
,Tropical | Dry | Central Asia | Millet,Tropical,Dry,Central Asia,Millet,4.7,4.7,1.175,8.225,,,,
,Tropical | Dry | Central Asia | Sorghum,Tropical,Dry,Central Asia,Sorghum,4.7,4.7,1.175,8.225,,,,
,Tropical | Dry | Central Asia | Rye,Tropical,Dry,Central Asia,Rye,4.7,4.7,1.175,8.225,,,,
,Tropical | Dry | Central Asia | Soybeans,Tropical,Dry,Central Asia,Soybeans,4.7,4.7,1.175,8.225,,,,
,Tropical | Dry | Central Asia | Dry Bean,Tropical,Dry,Central Asia,Dry Bean,4.7,4.7,1.175,8.225,,,,
,Tropical | Dry | Central Asia | Potatoes,Tropical,Dry,Central Asia,Potatoes,4.7,4.7,1.175,8.225,,,,
,Tropical | Dry | Central Asia | Peanuts,Tropical,Dry,Central Asia,Peanuts,4.7,4.7,1.175,8.225,,,,
,Tropical | Dry | Central Asia | Vegetables,Tropical,Dry,Central Asia,Vegetables,4.7,4.7,1.175,8.225,,,,
,Tropical | Dry | Central Asia | Oilseeds,Tropical,Dry,Central Asia,Oilseeds,4.7,4.7,1.175,8.225,,,,
,Tropical | Dry | Central Asia | Groundnuts,Tropical,Dry,Central Asia,Groundnuts,4.7,4.7,1.175,8.225,,,,
,Tropical | Dry | Central Asia | Annual Cropland,Tropical,Dry,Central Asia,Annual Cropland,4.7,4.7,1.175,8.225,,,,
,Tropical | Dry | Central Asia | Set Aside,Tropical,Dry,Central Asia,Set Aside,4.7,4.7,1.175,8.225,,,,
,Tropical | Dry | Central Asia | Flooded Rice,Tropical,Dry,Central Asia,Flooded Rice,4.7,4.7,1.175,8.225,,,,
,Tropical | Dry | Central Asia | Grassland,Tropical,Dry,Central Asia,Grassland,4.089,4.089,1.02225,7.15575,,,,
,Tropical | Dry | Central Asia | Other Land (Non-Vegetated),Tropical,Dry,Central Asia,Other Land (Non-Vegetated),0,0,#N/A,#N/A,,,,
,Tropical | Dry | Central Asia | Settlement,Tropical,Dry,Central Asia,Settlement,0,0,#N/A,#N/A,,,,
,Tropical | Dry | Central Asia | Agroforestry - Default,Tropical,Dry,Central Asia,Agroforestry - Default,3.47625,3.47625,1.3378125,5.6146875,,,,
,Tropical | Dry | Central Asia | Alley Cropping,Tropical,Dry,Central Asia,Alley Cropping,3.46,3.46,2.7904,4.1296,,,,
,Tropical | Dry | Central Asia | Perennial Fallow,Tropical,Dry,Central Asia,Perennial Fallow,6.14,6.14,2.8301,9.4499,,,,
,Tropical | Dry | Central Asia | Hedgerow,Tropical,Dry,Central Asia,Hedgerow,0.6,0.6,0.24,0.96,,,,
,Tropical | Dry | Central Asia | Multistrata,Tropical,Dry,Central Asia,Multistrata,2.09,2.09,1.6662,2.5138,,,,
,Tropical | Dry | Central Asia | Parkland,Tropical,Dry,Central Asia,Parkland,0.8,0.8,0.4578,1.1422,,,,
,Tropical | Dry | Central Asia | Shaded Perennial,Tropical,Dry,Central Asia,Shaded Perennial,2.95,2.95,2.374,3.526,,,,
,Tropical | Dry | Central Asia | Silvoarable,Tropical,Dry,Central Asia,Silvoarable,7.86,7.86,5.6136,10.1064,,,,
,Tropical | Dry | Central Asia | Silvopasture,Tropical,Dry,Central Asia,Silvopasture,3.91,3.91,2.0066,5.8134,,,,
,Tropical | Dry | Central Asia | Other Land,Tropical,Dry,Central Asia,Other Land,0,0,#N/A,#N/A,,,,
,Tropical | Dry | Central Asia | Olive,Tropical,Dry,Central Asia,Olive,0,0,#N/A,#N/A,,,,
,Tropical | Dry | Central Asia | Orchard,Tropical,Dry,Central Asia,Orchard,0,0,#N/A,#N/A,,,,
,Tropical | Dry | Central Asia | Short Rotation Coppice,Tropical,Dry,Central Asia,Short Rotation Coppice,0,0,#N/A,#N/A,,,,
,Tropical | Dry | Central Asia | Tea,Tropical,Dry,Central Asia,Tea,0.7,0.7,0.525,0.875,,,,
,Tropical | Dry | Central Asia | Vine,Tropical,Dry,Central Asia,Vine,0,0,#N/A,#N/A,,,,
,Tropical | Dry | Central Asia | Oil Palm,Tropical,Dry,Central Asia,Oil Palm,2.4,2.4,1.416,3.384,,,,
,Tropical | Dry | Central Asia | Rubber,Tropical,Dry,Central Asia,Rubber,3,3,2.61,3.39,,,,
,Tropical | Dry | Eastern Asia | Grains,Tropical,Dry,Eastern Asia,Grains,4.7,4.7,1.175,8.225,,,,
,Tropical | Dry | Eastern Asia | Maize,Tropical,Dry,Eastern Asia,Maize,4.7,4.7,1.175,8.225,,,,
,Tropical | Dry | Eastern Asia | Sugarcane,Tropical,Dry,Eastern Asia,Sugarcane,4.7,4.7,1.175,8.225,,,,
,Tropical | Dry | Eastern Asia | Wheat,Tropical,Dry,Eastern Asia,Wheat,4.7,4.7,1.175,8.225,,,,
,Tropical | Dry | Eastern Asia | Beans & Pulses,Tropical,Dry,Eastern Asia,Beans & Pulses,4.7,4.7,1.175,8.225,,,,
,Tropical | Dry | Eastern Asia | Tubers,Tropical,Dry,Eastern Asia,Tubers,4.7,4.7,1.175,8.225,,,,
,Tropical | Dry | Eastern Asia | Root Crops,Tropical,Dry,Eastern Asia,Root Crops,4.7,4.7,1.175,8.225,,,,
,Tropical | Dry | Eastern Asia | Barley,Tropical,Dry,Eastern Asia,Barley,4.7,4.7,1.175,8.225,,,,
,Tropical | Dry | Eastern Asia | Oats,Tropical,Dry,Eastern Asia,Oats,4.7,4.7,1.175,8.225,,,,
,Tropical | Dry | Eastern Asia | Millet,Tropical,Dry,Eastern Asia,Millet,4.7,4.7,1.175,8.225,,,,
,Tropical | Dry | Eastern Asia | Sorghum,Tropical,Dry,Eastern Asia,Sorghum,4.7,4.7,1.175,8.225,,,,
,Tropical | Dry | Eastern Asia | Rye,Tropical,Dry,Eastern Asia,Rye,4.7,4.7,1.175,8.225,,,,
,Tropical | Dry | Eastern Asia | Soybeans,Tropical,Dry,Eastern Asia,Soybeans,4.7,4.7,1.175,8.225,,,,
,Tropical | Dry | Eastern Asia | Dry Bean,Tropical,Dry,Eastern Asia,Dry Bean,4.7,4.7,1.175,8.225,,,,
,Tropical | Dry | Eastern Asia | Potatoes,Tropical,Dry,Eastern Asia,Potatoes,4.7,4.7,1.175,8.225,,,,
,Tropical | Dry | Eastern Asia | Peanuts,Tropical,Dry,Eastern Asia,Peanuts,4.7,4.7,1.175,8.225,,,,
,Tropical | Dry | Eastern Asia | Vegetables,Tropical,Dry,Eastern Asia,Vegetables,4.7,4.7,1.175,8.225,,,,
,Tropical | Dry | Eastern Asia | Oilseeds,Tropical,Dry,Eastern Asia,Oilseeds,4.7,4.7,1.175,8.225,,,,
,Tropical | Dry | Eastern Asia | Groundnuts,Tropical,Dry,Eastern Asia,Groundnuts,4.7,4.7,1.175,8.225,,,,
,Tropical | Dry | Eastern Asia | Annual Cropland,Tropical,Dry,Eastern Asia,Annual Cropland,4.7,4.7,1.175,8.225,,,,
,Tropical | Dry | Eastern Asia | Set Aside,Tropical,Dry,Eastern Asia,Set Aside,4.7,4.7,1.175,8.225,,,,
,Tropical | Dry | Eastern Asia | Flooded Rice,Tropical,Dry,Eastern Asia,Flooded Rice,4.7,4.7,1.175,8.225,,,,
,Tropical | Dry | Eastern Asia | Grassland,Tropical,Dry,Eastern Asia,Grassland,4.089,4.089,1.02225,7.15575,,,,
,Tropical | Dry | Eastern Asia | Other Land (Non-Vegetated),Tropical,Dry,Eastern Asia,Other Land (Non-Vegetated),0,0,#N/A,#N/A,,,,
,Tropical | Dry | Eastern Asia | Settlement,Tropical,Dry,Eastern Asia,Settlement,0,0,#N/A,#N/A,,,,
,Tropical | Dry | Eastern Asia | Agroforestry - Default,Tropical,Dry,Eastern Asia,Agroforestry - Default,3.47625,3.47625,1.3378125,5.6146875,,,,
,Tropical | Dry | Eastern Asia | Alley Cropping,Tropical,Dry,Eastern Asia,Alley Cropping,3.46,3.46,2.7904,4.1296,,,,
,Tropical | Dry | Eastern Asia | Perennial Fallow,Tropical,Dry,Eastern Asia,Perennial Fallow,6.14,6.14,2.8301,9.4499,,,,
,Tropical | Dry | Eastern Asia | Hedgerow,Tropical,Dry,Eastern Asia,Hedgerow,0.6,0.6,0.24,0.96,,,,
,Tropical | Dry | Eastern Asia | Multistrata,Tropical,Dry,Eastern Asia,Multistrata,2.09,2.09,1.6662,2.5138,,,,
,Tropical | Dry | Eastern Asia | Parkland,Tropical,Dry,Eastern Asia,Parkland,0.8,0.8,0.4578,1.1422,,,,
,Tropical | Dry | Eastern Asia | Shaded Perennial,Tropical,Dry,Eastern Asia,Shaded Perennial,2.95,2.95,2.374,3.526,,,,
,Tropical | Dry | Eastern Asia | Silvoarable,Tropical,Dry,Eastern Asia,Silvoarable,7.86,7.86,5.6136,10.1064,,,,
,Tropical | Dry | Eastern Asia | Silvopasture,Tropical,Dry,Eastern Asia,Silvopasture,3.91,3.91,2.0066,5.8134,,,,
,Tropical | Dry | Eastern Asia | Other Land,Tropical,Dry,Eastern Asia,Other Land,0,0,#N/A,#N/A,,,,
,Tropical | Dry | Eastern Asia | Olive,Tropical,Dry,Eastern Asia,Olive,0,0,#N/A,#N/A,,,,
,Tropical | Dry | Eastern Asia | Orchard,Tropical,Dry,Eastern Asia,Orchard,0,0,#N/A,#N/A,,,,
,Tropical | Dry | Eastern Asia | Short Rotation Coppice,Tropical,Dry,Eastern Asia,Short Rotation Coppice,0,0,#N/A,#N/A,,,,
,Tropical | Dry | Eastern Asia | Tea,Tropical,Dry,Eastern Asia,Tea,0.7,0.7,0.525,0.875,,,,
,Tropical | Dry | Eastern Asia | Vine,Tropical,Dry,Eastern Asia,Vine,0,0,#N/A,#N/A,,,,
,Tropical | Dry | Eastern Asia | Oil Palm,Tropical,Dry,Eastern Asia,Oil Palm,2.4,2.4,1.416,3.384,,,,
,Tropical | Dry | Eastern Asia | Rubber,Tropical,Dry,Eastern Asia,Rubber,3,3,2.61,3.39,,,,
,Tropical | Dry | South-Eastern Asia | Grains,Tropical,Dry,South-Eastern Asia,Grains,4.7,4.7,1.175,8.225,,,,
,Tropical | Dry | South-Eastern Asia | Maize,Tropical,Dry,South-Eastern Asia,Maize,4.7,4.7,1.175,8.225,,,,
,Tropical | Dry | South-Eastern Asia | Sugarcane,Tropical,Dry,South-Eastern Asia,Sugarcane,4.7,4.7,1.175,8.225,,,,
,Tropical | Dry | South-Eastern Asia | Wheat,Tropical,Dry,South-Eastern Asia,Wheat,4.7,4.7,1.175,8.225,,,,
,Tropical | Dry | South-Eastern Asia | Beans & Pulses,Tropical,Dry,South-Eastern Asia,Beans & Pulses,4.7,4.7,1.175,8.225,,,,
,Tropical | Dry | South-Eastern Asia | Tubers,Tropical,Dry,South-Eastern Asia,Tubers,4.7,4.7,1.175,8.225,,,,
,Tropical | Dry | South-Eastern Asia | Root Crops,Tropical,Dry,South-Eastern Asia,Root Crops,4.7,4.7,1.175,8.225,,,,
,Tropical | Dry | South-Eastern Asia | Barley,Tropical,Dry,South-Eastern Asia,Barley,4.7,4.7,1.175,8.225,,,,
,Tropical | Dry | South-Eastern Asia | Oats,Tropical,Dry,South-Eastern Asia,Oats,4.7,4.7,1.175,8.225,,,,
,Tropical | Dry | South-Eastern Asia | Millet,Tropical,Dry,South-Eastern Asia,Millet,4.7,4.7,1.175,8.225,,,,
,Tropical | Dry | South-Eastern Asia | Sorghum,Tropical,Dry,South-Eastern Asia,Sorghum,4.7,4.7,1.175,8.225,,,,
,Tropical | Dry | South-Eastern Asia | Rye,Tropical,Dry,South-Eastern Asia,Rye,4.7,4.7,1.175,8.225,,,,
,Tropical | Dry | South-Eastern Asia | Soybeans,Tropical,Dry,South-Eastern Asia,Soybeans,4.7,4.7,1.175,8.225,,,,
,Tropical | Dry | South-Eastern Asia | Dry Bean,Tropical,Dry,South-Eastern Asia,Dry Bean,4.7,4.7,1.175,8.225,,,,
,Tropical | Dry | South-Eastern Asia | Potatoes,Tropical,Dry,South-Eastern Asia,Potatoes,4.7,4.7,1.175,8.225,,,,
,Tropical | Dry | South-Eastern Asia | Peanuts,Tropical,Dry,South-Eastern Asia,Peanuts,4.7,4.7,1.175,8.225,,,,
,Tropical | Dry | South-Eastern Asia | Vegetables,Tropical,Dry,South-Eastern Asia,Vegetables,4.7,4.7,1.175,8.225,,,,
,Tropical | Dry | South-Eastern Asia | Oilseeds,Tropical,Dry,South-Eastern Asia,Oilseeds,4.7,4.7,1.175,8.225,,,,
,Tropical | Dry | South-Eastern Asia | Groundnuts,Tropical,Dry,South-Eastern Asia,Groundnuts,4.7,4.7,1.175,8.225,,,,
,Tropical | Dry | South-Eastern Asia | Annual Cropland,Tropical,Dry,South-Eastern Asia,Annual Cropland,4.7,4.7,1.175,8.225,,,,
,Tropical | Dry | South-Eastern Asia | Set Aside,Tropical,Dry,South-Eastern Asia,Set Aside,4.7,4.7,1.175,8.225,,,,
,Tropical | Dry | South-Eastern Asia | Flooded Rice,Tropical,Dry,South-Eastern Asia,Flooded Rice,4.7,4.7,1.175,8.225,,,,
,Tropical | Dry | South-Eastern Asia | Grassland,Tropical,Dry,South-Eastern Asia,Grassland,4.089,4.089,1.02225,7.15575,,,,
,Tropical | Dry | South-Eastern Asia | Other Land (Non-Vegetated),Tropical,Dry,South-Eastern Asia,Other Land (Non-Vegetated),0,0,#N/A,#N/A,,,,
,Tropical | Dry | South-Eastern Asia | Settlement,Tropical,Dry,South-Eastern Asia,Settlement,0,0,#N/A,#N/A,,,,
,Tropical | Dry | South-Eastern Asia | Agroforestry - Default,Tropical,Dry,South-Eastern Asia,Agroforestry - Default,3.47625,3.47625,1.3378125,5.6146875,,,,
,Tropical | Dry | South-Eastern Asia | Alley Cropping,Tropical,Dry,South-Eastern Asia,Alley Cropping,3.46,3.46,2.7904,4.1296,,,,
,Tropical | Dry | South-Eastern Asia | Perennial Fallow,Tropical,Dry,South-Eastern Asia,Perennial Fallow,6.14,6.14,2.8301,9.4499,,,,
,Tropical | Dry | South-Eastern Asia | Hedgerow,Tropical,Dry,South-Eastern Asia,Hedgerow,0.6,0.6,0.24,0.96,,,,
,Tropical | Dry | South-Eastern Asia | Multistrata,Tropical,Dry,South-Eastern Asia,Multistrata,2.09,2.09,1.6662,2.5138,,,,
,Tropical | Dry | South-Eastern Asia | Parkland,Tropical,Dry,South-Eastern Asia,Parkland,0.8,0.8,0.4578,1.1422,,,,
,Tropical | Dry | South-Eastern Asia | Shaded Perennial,Tropical,Dry,South-Eastern Asia,Shaded Perennial,2.95,2.95,2.374,3.526,,,,
,Tropical | Dry | South-Eastern Asia | Silvoarable,Tropical,Dry,South-Eastern Asia,Silvoarable,7.86,7.86,5.6136,10.1064,,,,
,Tropical | Dry | South-Eastern Asia | Silvopasture,Tropical,Dry,South-Eastern Asia,Silvopasture,3.91,3.91,2.0066,5.8134,,,,
,Tropical | Dry | South-Eastern Asia | Other Land,Tropical,Dry,South-Eastern Asia,Other Land,0,0,#N/A,#N/A,,,,
,Tropical | Dry | South-Eastern Asia | Olive,Tropical,Dry,South-Eastern Asia,Olive,0,0,#N/A,#N/A,,,,
,Tropical | Dry | South-Eastern Asia | Orchard,Tropical,Dry,South-Eastern Asia,Orchard,0,0,#N/A,#N/A,,,,
,Tropical | Dry | South-Eastern Asia | Short Rotation Coppice,Tropical,Dry,South-Eastern Asia,Short Rotation Coppice,0,0,#N/A,#N/A,,,,
,Tropical | Dry | South-Eastern Asia | Tea,Tropical,Dry,South-Eastern Asia,Tea,0.7,0.7,0.525,0.875,,,,
,Tropical | Dry | South-Eastern Asia | Vine,Tropical,Dry,South-Eastern Asia,Vine,0,0,#N/A,#N/A,,,,
,Tropical | Dry | South-Eastern Asia | Oil Palm,Tropical,Dry,South-Eastern Asia,Oil Palm,2.4,2.4,1.416,3.384,,,,
,Tropical | Dry | South-Eastern Asia | Rubber,Tropical,Dry,South-Eastern Asia,Rubber,3,3,2.61,3.39,,,,
,Tropical | Dry | Southern Asia | Grains,Tropical,Dry,Southern Asia,Grains,4.7,4.7,1.175,8.225,,,,
,Tropical | Dry | Southern Asia | Maize,Tropical,Dry,Southern Asia,Maize,4.7,4.7,1.175,8.225,,,,
,Tropical | Dry | Southern Asia | Sugarcane,Tropical,Dry,Southern Asia,Sugarcane,4.7,4.7,1.175,8.225,,,,
,Tropical | Dry | Southern Asia | Wheat,Tropical,Dry,Southern Asia,Wheat,4.7,4.7,1.175,8.225,,,,
,Tropical | Dry | Southern Asia | Beans & Pulses,Tropical,Dry,Southern Asia,Beans & Pulses,4.7,4.7,1.175,8.225,,,,
,Tropical | Dry | Southern Asia | Tubers,Tropical,Dry,Southern Asia,Tubers,4.7,4.7,1.175,8.225,,,,
,Tropical | Dry | Southern Asia | Root Crops,Tropical,Dry,Southern Asia,Root Crops,4.7,4.7,1.175,8.225,,,,
,Tropical | Dry | Southern Asia | Barley,Tropical,Dry,Southern Asia,Barley,4.7,4.7,1.175,8.225,,,,
,Tropical | Dry | Southern Asia | Oats,Tropical,Dry,Southern Asia,Oats,4.7,4.7,1.175,8.225,,,,
,Tropical | Dry | Southern Asia | Millet,Tropical,Dry,Southern Asia,Millet,4.7,4.7,1.175,8.225,,,,
,Tropical | Dry | Southern Asia | Sorghum,Tropical,Dry,Southern Asia,Sorghum,4.7,4.7,1.175,8.225,,,,
,Tropical | Dry | Southern Asia | Rye,Tropical,Dry,Southern Asia,Rye,4.7,4.7,1.175,8.225,,,,
,Tropical | Dry | Southern Asia | Soybeans,Tropical,Dry,Southern Asia,Soybeans,4.7,4.7,1.175,8.225,,,,
,Tropical | Dry | Southern Asia | Dry Bean,Tropical,Dry,Southern Asia,Dry Bean,4.7,4.7,1.175,8.225,,,,
,Tropical | Dry | Southern Asia | Potatoes,Tropical,Dry,Southern Asia,Potatoes,4.7,4.7,1.175,8.225,,,,
,Tropical | Dry | Southern Asia | Peanuts,Tropical,Dry,Southern Asia,Peanuts,4.7,4.7,1.175,8.225,,,,
,Tropical | Dry | Southern Asia | Vegetables,Tropical,Dry,Southern Asia,Vegetables,4.7,4.7,1.175,8.225,,,,
,Tropical | Dry | Southern Asia | Oilseeds,Tropical,Dry,Southern Asia,Oilseeds,4.7,4.7,1.175,8.225,,,,
,Tropical | Dry | Southern Asia | Groundnuts,Tropical,Dry,Southern Asia,Groundnuts,4.7,4.7,1.175,8.225,,,,
,Tropical | Dry | Southern Asia | Annual Cropland,Tropical,Dry,Southern Asia,Annual Cropland,4.7,4.7,1.175,8.225,,,,
,Tropical | Dry | Southern Asia | Set Aside,Tropical,Dry,Southern Asia,Set Aside,4.7,4.7,1.175,8.225,,,,
,Tropical | Dry | Southern Asia | Flooded Rice,Tropical,Dry,Southern Asia,Flooded Rice,4.7,4.7,1.175,8.225,,,,
,Tropical | Dry | Southern Asia | Grassland,Tropical,Dry,Southern Asia,Grassland,4.089,4.089,1.02225,7.15575,,,,
,Tropical | Dry | Southern Asia | Other Land (Non-Vegetated),Tropical,Dry,Southern Asia,Other Land (Non-Vegetated),0,0,#N/A,#N/A,,,,
,Tropical | Dry | Southern Asia | Settlement,Tropical,Dry,Southern Asia,Settlement,0,0,#N/A,#N/A,,,,
,Tropical | Dry | Southern Asia | Agroforestry - Default,Tropical,Dry,Southern Asia,Agroforestry - Default,3.47625,3.47625,1.3378125,5.6146875,,,,
,Tropical | Dry | Southern Asia | Alley Cropping,Tropical,Dry,Southern Asia,Alley Cropping,3.46,3.46,2.7904,4.1296,,,,
,Tropical | Dry | Southern Asia | Perennial Fallow,Tropical,Dry,Southern Asia,Perennial Fallow,6.14,6.14,2.8301,9.4499,,,,
,Tropical | Dry | Southern Asia | Hedgerow,Tropical,Dry,Southern Asia,Hedgerow,0.6,0.6,0.24,0.96,,,,
,Tropical | Dry | Southern Asia | Multistrata,Tropical,Dry,Southern Asia,Multistrata,2.09,2.09,1.6662,2.5138,,,,
,Tropical | Dry | Southern Asia | Parkland,Tropical,Dry,Southern Asia,Parkland,0.8,0.8,0.4578,1.1422,,,,
,Tropical | Dry | Southern Asia | Shaded Perennial,Tropical,Dry,Southern Asia,Shaded Perennial,2.95,2.95,2.374,3.526,,,,
,Tropical | Dry | Southern Asia | Silvoarable,Tropical,Dry,Southern Asia,Silvoarable,7.86,7.86,5.6136,10.1064,,,,
,Tropical | Dry | Southern Asia | Silvopasture,Tropical,Dry,Southern Asia,Silvopasture,3.91,3.91,2.0066,5.8134,,,,
,Tropical | Dry | Southern Asia | Other Land,Tropical,Dry,Southern Asia,Other Land,0,0,#N/A,#N/A,,,,
,Tropical | Dry | Southern Asia | Olive,Tropical,Dry,Southern Asia,Olive,0,0,#N/A,#N/A,,,,
,Tropical | Dry | Southern Asia | Orchard,Tropical,Dry,Southern Asia,Orchard,0,0,#N/A,#N/A,,,,
,Tropical | Dry | Southern Asia | Short Rotation Coppice,Tropical,Dry,Southern Asia,Short Rotation Coppice,0,0,#N/A,#N/A,,,,
,Tropical | Dry | Southern Asia | Tea,Tropical,Dry,Southern Asia,Tea,0.7,0.7,0.525,0.875,,,,
,Tropical | Dry | Southern Asia | Vine,Tropical,Dry,Southern Asia,Vine,0,0,#N/A,#N/A,,,,
,Tropical | Dry | Southern Asia | Oil Palm,Tropical,Dry,Southern Asia,Oil Palm,2.4,2.4,1.416,3.384,,,,
,Tropical | Dry | Southern Asia | Rubber,Tropical,Dry,Southern Asia,Rubber,3,3,2.61,3.39,,,,
,Tropical | Dry | Western Asia | Grains,Tropical,Dry,Western Asia,Grains,4.7,4.7,1.175,8.225,,,,
,Tropical | Dry | Western Asia | Maize,Tropical,Dry,Western Asia,Maize,4.7,4.7,1.175,8.225,,,,
,Tropical | Dry | Western Asia | Sugarcane,Tropical,Dry,Western Asia,Sugarcane,4.7,4.7,1.175,8.225,,,,
,Tropical | Dry | Western Asia | Wheat,Tropical,Dry,Western Asia,Wheat,4.7,4.7,1.175,8.225,,,,
,Tropical | Dry | Western Asia | Beans & Pulses,Tropical,Dry,Western Asia,Beans & Pulses,4.7,4.7,1.175,8.225,,,,
,Tropical | Dry | Western Asia | Tubers,Tropical,Dry,Western Asia,Tubers,4.7,4.7,1.175,8.225,,,,
,Tropical | Dry | Western Asia | Root Crops,Tropical,Dry,Western Asia,Root Crops,4.7,4.7,1.175,8.225,,,,
,Tropical | Dry | Western Asia | Barley,Tropical,Dry,Western Asia,Barley,4.7,4.7,1.175,8.225,,,,
,Tropical | Dry | Western Asia | Oats,Tropical,Dry,Western Asia,Oats,4.7,4.7,1.175,8.225,,,,
,Tropical | Dry | Western Asia | Millet,Tropical,Dry,Western Asia,Millet,4.7,4.7,1.175,8.225,,,,
,Tropical | Dry | Western Asia | Sorghum,Tropical,Dry,Western Asia,Sorghum,4.7,4.7,1.175,8.225,,,,
,Tropical | Dry | Western Asia | Rye,Tropical,Dry,Western Asia,Rye,4.7,4.7,1.175,8.225,,,,
,Tropical | Dry | Western Asia | Soybeans,Tropical,Dry,Western Asia,Soybeans,4.7,4.7,1.175,8.225,,,,
,Tropical | Dry | Western Asia | Dry Bean,Tropical,Dry,Western Asia,Dry Bean,4.7,4.7,1.175,8.225,,,,
,Tropical | Dry | Western Asia | Potatoes,Tropical,Dry,Western Asia,Potatoes,4.7,4.7,1.175,8.225,,,,
,Tropical | Dry | Western Asia | Peanuts,Tropical,Dry,Western Asia,Peanuts,4.7,4.7,1.175,8.225,,,,
,Tropical | Dry | Western Asia | Vegetables,Tropical,Dry,Western Asia,Vegetables,4.7,4.7,1.175,8.225,,,,
,Tropical | Dry | Western Asia | Oilseeds,Tropical,Dry,Western Asia,Oilseeds,4.7,4.7,1.175,8.225,,,,
,Tropical | Dry | Western Asia | Groundnuts,Tropical,Dry,Western Asia,Groundnuts,4.7,4.7,1.175,8.225,,,,
,Tropical | Dry | Western Asia | Annual Cropland,Tropical,Dry,Western Asia,Annual Cropland,4.7,4.7,1.175,8.225,,,,
,Tropical | Dry | Western Asia | Set Aside,Tropical,Dry,Western Asia,Set Aside,4.7,4.7,1.175,8.225,,,,
,Tropical | Dry | Western Asia | Flooded Rice,Tropical,Dry,Western Asia,Flooded Rice,4.7,4.7,1.175,8.225,,,,
,Tropical | Dry | Western Asia | Grassland,Tropical,Dry,Western Asia,Grassland,4.089,4.089,1.02225,7.15575,,,,
,Tropical | Dry | Western Asia | Other Land (Non-Vegetated),Tropical,Dry,Western Asia,Other Land (Non-Vegetated),0,0,#N/A,#N/A,,,,
,Tropical | Dry | Western Asia | Settlement,Tropical,Dry,Western Asia,Settlement,0,0,#N/A,#N/A,,,,
,Tropical | Dry | Western Asia | Agroforestry - Default,Tropical,Dry,Western Asia,Agroforestry - Default,3.47625,3.47625,1.3378125,5.6146875,,,,
,Tropical | Dry | Western Asia | Alley Cropping,Tropical,Dry,Western Asia,Alley Cropping,3.46,3.46,2.7904,4.1296,,,,
,Tropical | Dry | Western Asia | Perennial Fallow,Tropical,Dry,Western Asia,Perennial Fallow,6.14,6.14,2.8301,9.4499,,,,
,Tropical | Dry | Western Asia | Hedgerow,Tropical,Dry,Western Asia,Hedgerow,0.6,0.6,0.24,0.96,,,,
,Tropical | Dry | Western Asia | Multistrata,Tropical,Dry,Western Asia,Multistrata,2.09,2.09,1.6662,2.5138,,,,
,Tropical | Dry | Western Asia | Parkland,Tropical,Dry,Western Asia,Parkland,0.8,0.8,0.4578,1.1422,,,,
,Tropical | Dry | Western Asia | Shaded Perennial,Tropical,Dry,Western Asia,Shaded Perennial,2.95,2.95,2.374,3.526,,,,
,Tropical | Dry | Western Asia | Silvoarable,Tropical,Dry,Western Asia,Silvoarable,7.86,7.86,5.6136,10.1064,,,,
,Tropical | Dry | Western Asia | Silvopasture,Tropical,Dry,Western Asia,Silvopasture,3.91,3.91,2.0066,5.8134,,,,
,Tropical | Dry | Western Asia | Other Land,Tropical,Dry,Western Asia,Other Land,0,0,#N/A,#N/A,,,,
,Tropical | Dry | Western Asia | Olive,Tropical,Dry,Western Asia,Olive,0,0,#N/A,#N/A,,,,
,Tropical | Dry | Western Asia | Orchard,Tropical,Dry,Western Asia,Orchard,0,0,#N/A,#N/A,,,,
,Tropical | Dry | Western Asia | Short Rotation Coppice,Tropical,Dry,Western Asia,Short Rotation Coppice,0,0,#N/A,#N/A,,,,
,Tropical | Dry | Western Asia | Tea,Tropical,Dry,Western Asia,Tea,0.7,0.7,0.525,0.875,,,,
,Tropical | Dry | Western Asia | Vine,Tropical,Dry,Western Asia,Vine,0,0,#N/A,#N/A,,,,
,Tropical | Dry | Western Asia | Oil Palm,Tropical,Dry,Western Asia,Oil Palm,2.4,2.4,1.416,3.384,,,,
,Tropical | Dry | Western Asia | Rubber,Tropical,Dry,Western Asia,Rubber,3,3,2.61,3.39,,,,
,Tropical | Dry | Europe | Grains,Tropical,Dry,Europe,Grains,4.7,4.7,1.175,8.225,,,,
,Tropical | Dry | Europe | Maize,Tropical,Dry,Europe,Maize,4.7,4.7,1.175,8.225,,,,
,Tropical | Dry | Europe | Sugarcane,Tropical,Dry,Europe,Sugarcane,4.7,4.7,1.175,8.225,,,,
,Tropical | Dry | Europe | Wheat,Tropical,Dry,Europe,Wheat,4.7,4.7,1.175,8.225,,,,
,Tropical | Dry | Europe | Beans & Pulses,Tropical,Dry,Europe,Beans & Pulses,4.7,4.7,1.175,8.225,,,,
,Tropical | Dry | Europe | Tubers,Tropical,Dry,Europe,Tubers,4.7,4.7,1.175,8.225,,,,
,Tropical | Dry | Europe | Root Crops,Tropical,Dry,Europe,Root Crops,4.7,4.7,1.175,8.225,,,,
,Tropical | Dry | Europe | Barley,Tropical,Dry,Europe,Barley,4.7,4.7,1.175,8.225,,,,
,Tropical | Dry | Europe | Oats,Tropical,Dry,Europe,Oats,4.7,4.7,1.175,8.225,,,,
,Tropical | Dry | Europe | Millet,Tropical,Dry,Europe,Millet,4.7,4.7,1.175,8.225,,,,
,Tropical | Dry | Europe | Sorghum,Tropical,Dry,Europe,Sorghum,4.7,4.7,1.175,8.225,,,,
,Tropical | Dry | Europe | Rye,Tropical,Dry,Europe,Rye,4.7,4.7,1.175,8.225,,,,
,Tropical | Dry | Europe | Soybeans,Tropical,Dry,Europe,Soybeans,4.7,4.7,1.175,8.225,,,,
,Tropical | Dry | Europe | Dry Bean,Tropical,Dry,Europe,Dry Bean,4.7,4.7,1.175,8.225,,,,
,Tropical | Dry | Europe | Potatoes,Tropical,Dry,Europe,Potatoes,4.7,4.7,1.175,8.225,,,,
,Tropical | Dry | Europe | Peanuts,Tropical,Dry,Europe,Peanuts,4.7,4.7,1.175,8.225,,,,
,Tropical | Dry | Europe | Vegetables,Tropical,Dry,Europe,Vegetables,4.7,4.7,1.175,8.225,,,,
,Tropical | Dry | Europe | Oilseeds,Tropical,Dry,Europe,Oilseeds,4.7,4.7,1.175,8.225,,,,
,Tropical | Dry | Europe | Groundnuts,Tropical,Dry,Europe,Groundnuts,4.7,4.7,1.175,8.225,,,,
,Tropical | Dry | Europe | Annual Cropland,Tropical,Dry,Europe,Annual Cropland,4.7,4.7,1.175,8.225,,,,
,Tropical | Dry | Europe | Set Aside,Tropical,Dry,Europe,Set Aside,4.7,4.7,1.175,8.225,,,,
,Tropical | Dry | Europe | Flooded Rice,Tropical,Dry,Europe,Flooded Rice,4.7,4.7,1.175,8.225,,,,
,Tropical | Dry | Europe | Grassland,Tropical,Dry,Europe,Grassland,4.089,4.089,1.02225,7.15575,,,,
,Tropical | Dry | Europe | Other Land (Non-Vegetated),Tropical,Dry,Europe,Other Land (Non-Vegetated),0,0,#N/A,#N/A,,,,
,Tropical | Dry | Europe | Settlement,Tropical,Dry,Europe,Settlement,0,0,#N/A,#N/A,,,,
,Tropical | Dry | Europe | Agroforestry - Default,Tropical,Dry,Europe,Agroforestry - Default,3.5725,3.5725,1.4828125,5.6621875,,,,
,Tropical | Dry | Europe | Alley Cropping,Tropical,Dry,Europe,Alley Cropping,2.81,2.81,2.3787,3.2413,,,,
,Tropical | Dry | Europe | Perennial Fallow,Tropical,Dry,Europe,Perennial Fallow,7.56,7.56,6.3258,8.7942,,,,
,Tropical | Dry | Europe | Hedgerow,Tropical,Dry,Europe,Hedgerow,0.6,0.6,0.24,0.96,,,,
,Tropical | Dry | Europe | Multistrata,Tropical,Dry,Europe,Multistrata,2.09,2.09,1.6662,2.5138,,,,
,Tropical | Dry | Europe | Parkland,Tropical,Dry,Europe,Parkland,0.8,0.8,0.4578,1.1422,,,,
,Tropical | Dry | Europe | Shaded Perennial,Tropical,Dry,Europe,Shaded Perennial,2.95,2.95,2.374,3.526,,,,
,Tropical | Dry | Europe | Silvoarable,Tropical,Dry,Europe,Silvoarable,7.86,7.86,5.6136,10.1064,,,,
,Tropical | Dry | Europe | Silvopasture,Tropical,Dry,Europe,Silvopasture,3.91,3.91,2.0066,5.8134,,,,
,Tropical | Dry | Europe | Other Land,Tropical,Dry,Europe,Other Land,0,0,#N/A,#N/A,,,,
,Tropical | Dry | Europe | Olive,Tropical,Dry,Europe,Olive,0,0,#N/A,#N/A,,,,
,Tropical | Dry | Europe | Orchard,Tropical,Dry,Europe,Orchard,0,0,#N/A,#N/A,,,,
,Tropical | Dry | Europe | Short Rotation Coppice,Tropical,Dry,Europe,Short Rotation Coppice,0,0,#N/A,#N/A,,,,
,Tropical | Dry | Europe | Tea,Tropical,Dry,Europe,Tea,0.7,0.7,0.525,0.875,,,,
,Tropical | Dry | Europe | Vine,Tropical,Dry,Europe,Vine,0,0,#N/A,#N/A,,,,
,Tropical | Dry | Europe | Oil Palm,Tropical,Dry,Europe,Oil Palm,2.4,2.4,1.416,3.384,,,,
,Tropical | Dry | Europe | Rubber,Tropical,Dry,Europe,Rubber,3,3,2.61,3.39,,,,
,Tropical | Dry | Oceania | Grains,Tropical,Dry,Oceania,Grains,4.7,4.7,1.175,8.225,,,,
,Tropical | Dry | Oceania | Maize,Tropical,Dry,Oceania,Maize,4.7,4.7,1.175,8.225,,,,
,Tropical | Dry | Oceania | Sugarcane,Tropical,Dry,Oceania,Sugarcane,4.7,4.7,1.175,8.225,,,,
,Tropical | Dry | Oceania | Wheat,Tropical,Dry,Oceania,Wheat,4.7,4.7,1.175,8.225,,,,
,Tropical | Dry | Oceania | Beans & Pulses,Tropical,Dry,Oceania,Beans & Pulses,4.7,4.7,1.175,8.225,,,,
,Tropical | Dry | Oceania | Tubers,Tropical,Dry,Oceania,Tubers,4.7,4.7,1.175,8.225,,,,
,Tropical | Dry | Oceania | Root Crops,Tropical,Dry,Oceania,Root Crops,4.7,4.7,1.175,8.225,,,,
,Tropical | Dry | Oceania | Barley,Tropical,Dry,Oceania,Barley,4.7,4.7,1.175,8.225,,,,
,Tropical | Dry | Oceania | Oats,Tropical,Dry,Oceania,Oats,4.7,4.7,1.175,8.225,,,,
,Tropical | Dry | Oceania | Millet,Tropical,Dry,Oceania,Millet,4.7,4.7,1.175,8.225,,,,
,Tropical | Dry | Oceania | Sorghum,Tropical,Dry,Oceania,Sorghum,4.7,4.7,1.175,8.225,,,,
,Tropical | Dry | Oceania | Rye,Tropical,Dry,Oceania,Rye,4.7,4.7,1.175,8.225,,,,
,Tropical | Dry | Oceania | Soybeans,Tropical,Dry,Oceania,Soybeans,4.7,4.7,1.175,8.225,,,,
,Tropical | Dry | Oceania | Dry Bean,Tropical,Dry,Oceania,Dry Bean,4.7,4.7,1.175,8.225,,,,
,Tropical | Dry | Oceania | Potatoes,Tropical,Dry,Oceania,Potatoes,4.7,4.7,1.175,8.225,,,,
,Tropical | Dry | Oceania | Peanuts,Tropical,Dry,Oceania,Peanuts,4.7,4.7,1.175,8.225,,,,
,Tropical | Dry | Oceania | Vegetables,Tropical,Dry,Oceania,Vegetables,4.7,4.7,1.175,8.225,,,,
,Tropical | Dry | Oceania | Oilseeds,Tropical,Dry,Oceania,Oilseeds,4.7,4.7,1.175,8.225,,,,
,Tropical | Dry | Oceania | Groundnuts,Tropical,Dry,Oceania,Groundnuts,4.7,4.7,1.175,8.225,,,,
,Tropical | Dry | Oceania | Annual Cropland,Tropical,Dry,Oceania,Annual Cropland,4.7,4.7,1.175,8.225,,,,
,Tropical | Dry | Oceania | Set Aside,Tropical,Dry,Oceania,Set Aside,4.7,4.7,1.175,8.225,,,,
,Tropical | Dry | Oceania | Flooded Rice,Tropical,Dry,Oceania,Flooded Rice,4.7,4.7,1.175,8.225,,,,
,Tropical | Dry | Oceania | Grassland,Tropical,Dry,Oceania,Grassland,4.089,4.089,1.02225,7.15575,,,,
,Tropical | Dry | Oceania | Other Land (Non-Vegetated),Tropical,Dry,Oceania,Other Land (Non-Vegetated),0,0,#N/A,#N/A,,,,
,Tropical | Dry | Oceania | Settlement,Tropical,Dry,Oceania,Settlement,0,0,#N/A,#N/A,,,,
,Tropical | Dry | Oceania | Agroforestry - Default,Tropical,Dry,Oceania,Agroforestry - Default,3.5725,3.5725,1.4828125,5.6621875,,,,
,Tropical | Dry | Oceania | Alley Cropping,Tropical,Dry,Oceania,Alley Cropping,2.81,2.81,2.3787,3.2413,,,,
,Tropical | Dry | Oceania | Perennial Fallow,Tropical,Dry,Oceania,Perennial Fallow,7.56,7.56,6.3258,8.7942,,,,
,Tropical | Dry | Oceania | Hedgerow,Tropical,Dry,Oceania,Hedgerow,0.6,0.6,0.24,0.96,,,,
,Tropical | Dry | Oceania | Multistrata,Tropical,Dry,Oceania,Multistrata,2.09,2.09,1.6662,2.5138,,,,
,Tropical | Dry | Oceania | Parkland,Tropical,Dry,Oceania,Parkland,0.8,0.8,0.4578,1.1422,,,,
,Tropical | Dry | Oceania | Shaded Perennial,Tropical,Dry,Oceania,Shaded Perennial,2.95,2.95,2.374,3.526,,,,
,Tropical | Dry | Oceania | Silvoarable,Tropical,Dry,Oceania,Silvoarable,7.86,7.86,5.6136,10.1064,,,,
,Tropical | Dry | Oceania | Silvopasture,Tropical,Dry,Oceania,Silvopasture,3.91,3.91,2.0066,5.8134,,,,
,Tropical | Dry | Oceania | Other Land,Tropical,Dry,Oceania,Other Land,0,0,#N/A,#N/A,,,,
,Tropical | Dry | Oceania | Olive,Tropical,Dry,Oceania,Olive,0,0,#N/A,#N/A,,,,
,Tropical | Dry | Oceania | Orchard,Tropical,Dry,Oceania,Orchard,0,0,#N/A,#N/A,,,,
,Tropical | Dry | Oceania | Short Rotation Coppice,Tropical,Dry,Oceania,Short Rotation Coppice,0,0,#N/A,#N/A,,,,
,Tropical | Dry | Oceania | Tea,Tropical,Dry,Oceania,Tea,0.7,0.7,0.525,0.875,,,,
,Tropical | Dry | Oceania | Vine,Tropical,Dry,Oceania,Vine,0,0,#N/A,#N/A,,,,
,Tropical | Dry | Oceania | Oil Palm,Tropical,Dry,Oceania,Oil Palm,2.4,2.4,1.416,3.384,,,,
,Tropical | Dry | Oceania | Rubber,Tropical,Dry,Oceania,Rubber,3,3,2.61,3.39,,,,
,Tropical | Dry | North America | Grains,Tropical,Dry,North America,Grains,4.7,4.7,1.175,8.225,,,,
,Tropical | Dry | North America | Maize,Tropical,Dry,North America,Maize,4.7,4.7,1.175,8.225,,,,
,Tropical | Dry | North America | Sugarcane,Tropical,Dry,North America,Sugarcane,4.7,4.7,1.175,8.225,,,,
,Tropical | Dry | North America | Wheat,Tropical,Dry,North America,Wheat,4.7,4.7,1.175,8.225,,,,
,Tropical | Dry | North America | Beans & Pulses,Tropical,Dry,North America,Beans & Pulses,4.7,4.7,1.175,8.225,,,,
,Tropical | Dry | North America | Tubers,Tropical,Dry,North America,Tubers,4.7,4.7,1.175,8.225,,,,
,Tropical | Dry | North America | Root Crops,Tropical,Dry,North America,Root Crops,4.7,4.7,1.175,8.225,,,,
,Tropical | Dry | North America | Barley,Tropical,Dry,North America,Barley,4.7,4.7,1.175,8.225,,,,
,Tropical | Dry | North America | Oats,Tropical,Dry,North America,Oats,4.7,4.7,1.175,8.225,,,,
,Tropical | Dry | North America | Millet,Tropical,Dry,North America,Millet,4.7,4.7,1.175,8.225,,,,
,Tropical | Dry | North America | Sorghum,Tropical,Dry,North America,Sorghum,4.7,4.7,1.175,8.225,,,,
,Tropical | Dry | North America | Rye,Tropical,Dry,North America,Rye,4.7,4.7,1.175,8.225,,,,
,Tropical | Dry | North America | Soybeans,Tropical,Dry,North America,Soybeans,4.7,4.7,1.175,8.225,,,,
,Tropical | Dry | North America | Dry Bean,Tropical,Dry,North America,Dry Bean,4.7,4.7,1.175,8.225,,,,
,Tropical | Dry | North America | Potatoes,Tropical,Dry,North America,Potatoes,4.7,4.7,1.175,8.225,,,,
,Tropical | Dry | North America | Peanuts,Tropical,Dry,North America,Peanuts,4.7,4.7,1.175,8.225,,,,
,Tropical | Dry | North America | Vegetables,Tropical,Dry,North America,Vegetables,4.7,4.7,1.175,8.225,,,,
,Tropical | Dry | North America | Oilseeds,Tropical,Dry,North America,Oilseeds,4.7,4.7,1.175,8.225,,,,
,Tropical | Dry | North America | Groundnuts,Tropical,Dry,North America,Groundnuts,4.7,4.7,1.175,8.225,,,,
,Tropical | Dry | North America | Annual Cropland,Tropical,Dry,North America,Annual Cropland,4.7,4.7,1.175,8.225,,,,
,Tropical | Dry | North America | Set Aside,Tropical,Dry,North America,Set Aside,4.7,4.7,1.175,8.225,,,,
,Tropical | Dry | North America | Flooded Rice,Tropical,Dry,North America,Flooded Rice,4.7,4.7,1.175,8.225,,,,
,Tropical | Dry | North America | Grassland,Tropical,Dry,North America,Grassland,4.089,4.089,1.02225,7.15575,,,,
,Tropical | Dry | North America | Other Land (Non-Vegetated),Tropical,Dry,North America,Other Land (Non-Vegetated),0,0,#N/A,#N/A,,,,
,Tropical | Dry | North America | Settlement,Tropical,Dry,North America,Settlement,0,0,#N/A,#N/A,,,,
,Tropical | Dry | North America | Agroforestry - Default,Tropical,Dry,North America,Agroforestry - Default,3.5725,3.5725,1.4828125,5.6621875,,,,
,Tropical | Dry | North America | Alley Cropping,Tropical,Dry,North America,Alley Cropping,2.81,2.81,2.3787,3.2413,,,,
,Tropical | Dry | North America | Perennial Fallow,Tropical,Dry,North America,Perennial Fallow,7.56,7.56,6.3258,8.7942,,,,
,Tropical | Dry | North America | Hedgerow,Tropical,Dry,North America,Hedgerow,0.6,0.6,0.24,0.96,,,,
,Tropical | Dry | North America | Multistrata,Tropical,Dry,North America,Multistrata,2.09,2.09,1.6662,2.5138,,,,
,Tropical | Dry | North America | Parkland,Tropical,Dry,North America,Parkland,0.8,0.8,0.4578,1.1422,,,,
,Tropical | Dry | North America | Shaded Perennial,Tropical,Dry,North America,Shaded Perennial,2.95,2.95,2.374,3.526,,,,
,Tropical | Dry | North America | Silvoarable,Tropical,Dry,North America,Silvoarable,7.86,7.86,5.6136,10.1064,,,,
,Tropical | Dry | North America | Silvopasture,Tropical,Dry,North America,Silvopasture,3.91,3.91,2.0066,5.8134,,,,
,Tropical | Dry | North America | Other Land,Tropical,Dry,North America,Other Land,0,0,#N/A,#N/A,,,,
,Tropical | Dry | North America | Olive,Tropical,Dry,North America,Olive,0,0,#N/A,#N/A,,,,
,Tropical | Dry | North America | Orchard,Tropical,Dry,North America,Orchard,0,0,#N/A,#N/A,,,,
,Tropical | Dry | North America | Short Rotation Coppice,Tropical,Dry,North America,Short Rotation Coppice,0,0,#N/A,#N/A,,,,
,Tropical | Dry | North America | Tea,Tropical,Dry,North America,Tea,0.7,0.7,0.525,0.875,,,,
,Tropical | Dry | North America | Vine,Tropical,Dry,North America,Vine,0,0,#N/A,#N/A,,,,
,Tropical | Dry | North America | Oil Palm,Tropical,Dry,North America,Oil Palm,2.4,2.4,1.416,3.384,,,,
,Tropical | Dry | North America | Rubber,Tropical,Dry,North America,Rubber,3,3,2.61,3.39,,,,
,Tropical | Dry | South America | Grains,Tropical,Dry,South America,Grains,4.7,4.7,1.175,8.225,,,,
,Tropical | Dry | South America | Maize,Tropical,Dry,South America,Maize,4.7,4.7,1.175,8.225,,,,
,Tropical | Dry | South America | Sugarcane,Tropical,Dry,South America,Sugarcane,4.7,4.7,1.175,8.225,,,,
,Tropical | Dry | South America | Wheat,Tropical,Dry,South America,Wheat,4.7,4.7,1.175,8.225,,,,
,Tropical | Dry | South America | Beans & Pulses,Tropical,Dry,South America,Beans & Pulses,4.7,4.7,1.175,8.225,,,,
,Tropical | Dry | South America | Tubers,Tropical,Dry,South America,Tubers,4.7,4.7,1.175,8.225,,,,
,Tropical | Dry | South America | Root Crops,Tropical,Dry,South America,Root Crops,4.7,4.7,1.175,8.225,,,,
,Tropical | Dry | South America | Barley,Tropical,Dry,South America,Barley,4.7,4.7,1.175,8.225,,,,
,Tropical | Dry | South America | Oats,Tropical,Dry,South America,Oats,4.7,4.7,1.175,8.225,,,,
,Tropical | Dry | South America | Millet,Tropical,Dry,South America,Millet,4.7,4.7,1.175,8.225,,,,
,Tropical | Dry | South America | Sorghum,Tropical,Dry,South America,Sorghum,4.7,4.7,1.175,8.225,,,,
,Tropical | Dry | South America | Rye,Tropical,Dry,South America,Rye,4.7,4.7,1.175,8.225,,,,
,Tropical | Dry | South America | Soybeans,Tropical,Dry,South America,Soybeans,4.7,4.7,1.175,8.225,,,,
,Tropical | Dry | South America | Dry Bean,Tropical,Dry,South America,Dry Bean,4.7,4.7,1.175,8.225,,,,
,Tropical | Dry | South America | Potatoes,Tropical,Dry,South America,Potatoes,4.7,4.7,1.175,8.225,,,,
,Tropical | Dry | South America | Peanuts,Tropical,Dry,South America,Peanuts,4.7,4.7,1.175,8.225,,,,
,Tropical | Dry | South America | Vegetables,Tropical,Dry,South America,Vegetables,4.7,4.7,1.175,8.225,,,,
,Tropical | Dry | South America | Oilseeds,Tropical,Dry,South America,Oilseeds,4.7,4.7,1.175,8.225,,,,
,Tropical | Dry | South America | Groundnuts,Tropical,Dry,South America,Groundnuts,4.7,4.7,1.175,8.225,,,,
,Tropical | Dry | South America | Annual Cropland,Tropical,Dry,South America,Annual Cropland,4.7,4.7,1.175,8.225,,,,
,Tropical | Dry | South America | Set Aside,Tropical,Dry,South America,Set Aside,4.7,4.7,1.175,8.225,,,,
,Tropical | Dry | South America | Flooded Rice,Tropical,Dry,South America,Flooded Rice,4.7,4.7,1.175,8.225,,,,
,Tropical | Dry | South America | Grassland,Tropical,Dry,South America,Grassland,4.089,4.089,1.02225,7.15575,,,,
,Tropical | Dry | South America | Other Land (Non-Vegetated),Tropical,Dry,South America,Other Land (Non-Vegetated),0,0,#N/A,#N/A,,,,
,Tropical | Dry | South America | Settlement,Tropical,Dry,South America,Settlement,0,0,#N/A,#N/A,,,,
,Tropical | Dry | South America | Agroforestry - Default,Tropical,Dry,South America,Agroforestry - Default,3.5725,3.5725,1.4828125,5.6621875,,,,
,Tropical | Dry | South America | Alley Cropping,Tropical,Dry,South America,Alley Cropping,2.81,2.81,2.3787,3.2413,,,,
,Tropical | Dry | South America | Perennial Fallow,Tropical,Dry,South America,Perennial Fallow,7.56,7.56,6.3258,8.7942,,,,
,Tropical | Dry | South America | Hedgerow,Tropical,Dry,South America,Hedgerow,0.6,0.6,0.24,0.96,,,,
,Tropical | Dry | South America | Multistrata,Tropical,Dry,South America,Multistrata,2.09,2.09,1.6662,2.5138,,,,
,Tropical | Dry | South America | Parkland,Tropical,Dry,South America,Parkland,0.8,0.8,0.4578,1.1422,,,,
,Tropical | Dry | South America | Shaded Perennial,Tropical,Dry,South America,Shaded Perennial,2.95,2.95,2.374,3.526,,,,
,Tropical | Dry | South America | Silvoarable,Tropical,Dry,South America,Silvoarable,7.86,7.86,5.6136,10.1064,,,,
,Tropical | Dry | South America | Silvopasture,Tropical,Dry,South America,Silvopasture,3.91,3.91,2.0066,5.8134,,,,
,Tropical | Dry | South America | Other Land,Tropical,Dry,South America,Other Land,0,0,#N/A,#N/A,,,,
,Tropical | Dry | South America | Olive,Tropical,Dry,South America,Olive,0,0,#N/A,#N/A,,,,
,Tropical | Dry | South America | Orchard,Tropical,Dry,South America,Orchard,0,0,#N/A,#N/A,,,,
,Tropical | Dry | South America | Short Rotation Coppice,Tropical,Dry,South America,Short Rotation Coppice,0,0,#N/A,#N/A,,,,
,Tropical | Dry | South America | Tea,Tropical,Dry,South America,Tea,0.7,0.7,0.525,0.875,,,,
,Tropical | Dry | South America | Vine,Tropical,Dry,South America,Vine,0,0,#N/A,#N/A,,,,
,Tropical | Dry | South America | Oil Palm,Tropical,Dry,South America,Oil Palm,2.4,2.4,1.416,3.384,,,,
,Tropical | Dry | South America | Rubber,Tropical,Dry,South America,Rubber,3,3,2.61,3.39,,,,
,Tropical | Dry | Central America | Grains,Tropical,Dry,Central America,Grains,4.7,4.7,1.175,8.225,,,,
,Tropical | Dry | Central America | Maize,Tropical,Dry,Central America,Maize,4.7,4.7,1.175,8.225,,,,
,Tropical | Dry | Central America | Sugarcane,Tropical,Dry,Central America,Sugarcane,4.7,4.7,1.175,8.225,,,,
,Tropical | Dry | Central America | Wheat,Tropical,Dry,Central America,Wheat,4.7,4.7,1.175,8.225,,,,
,Tropical | Dry | Central America | Beans & Pulses,Tropical,Dry,Central America,Beans & Pulses,4.7,4.7,1.175,8.225,,,,
,Tropical | Dry | Central America | Tubers,Tropical,Dry,Central America,Tubers,4.7,4.7,1.175,8.225,,,,
,Tropical | Dry | Central America | Root Crops,Tropical,Dry,Central America,Root Crops,4.7,4.7,1.175,8.225,,,,
,Tropical | Dry | Central America | Barley,Tropical,Dry,Central America,Barley,4.7,4.7,1.175,8.225,,,,
,Tropical | Dry | Central America | Oats,Tropical,Dry,Central America,Oats,4.7,4.7,1.175,8.225,,,,
,Tropical | Dry | Central America | Millet,Tropical,Dry,Central America,Millet,4.7,4.7,1.175,8.225,,,,
,Tropical | Dry | Central America | Sorghum,Tropical,Dry,Central America,Sorghum,4.7,4.7,1.175,8.225,,,,
,Tropical | Dry | Central America | Rye,Tropical,Dry,Central America,Rye,4.7,4.7,1.175,8.225,,,,
,Tropical | Dry | Central America | Soybeans,Tropical,Dry,Central America,Soybeans,4.7,4.7,1.175,8.225,,,,
,Tropical | Dry | Central America | Dry Bean,Tropical,Dry,Central America,Dry Bean,4.7,4.7,1.175,8.225,,,,
,Tropical | Dry | Central America | Potatoes,Tropical,Dry,Central America,Potatoes,4.7,4.7,1.175,8.225,,,,
,Tropical | Dry | Central America | Peanuts,Tropical,Dry,Central America,Peanuts,4.7,4.7,1.175,8.225,,,,
,Tropical | Dry | Central America | Vegetables,Tropical,Dry,Central America,Vegetables,4.7,4.7,1.175,8.225,,,,
,Tropical | Dry | Central America | Oilseeds,Tropical,Dry,Central America,Oilseeds,4.7,4.7,1.175,8.225,,,,
,Tropical | Dry | Central America | Groundnuts,Tropical,Dry,Central America,Groundnuts,4.7,4.7,1.175,8.225,,,,
,Tropical | Dry | Central America | Annual Cropland,Tropical,Dry,Central America,Annual Cropland,4.7,4.7,1.175,8.225,,,,
,Tropical | Dry | Central America | Set Aside,Tropical,Dry,Central America,Set Aside,4.7,4.7,1.175,8.225,,,,
,Tropical | Dry | Central America | Flooded Rice,Tropical,Dry,Central America,Flooded Rice,4.7,4.7,1.175,8.225,,,,
,Tropical | Dry | Central America | Grassland,Tropical,Dry,Central America,Grassland,4.089,4.089,1.02225,7.15575,,,,
,Tropical | Dry | Central America | Other Land (Non-Vegetated),Tropical,Dry,Central America,Other Land (Non-Vegetated),0,0,#N/A,#N/A,,,,
,Tropical | Dry | Central America | Settlement,Tropical,Dry,Central America,Settlement,0,0,#N/A,#N/A,,,,
,Tropical | Dry | Central America | Agroforestry - Default,Tropical,Dry,Central America,Agroforestry - Default,3.5725,3.5725,1.4828125,5.6621875,,,,
,Tropical | Dry | Central America | Alley Cropping,Tropical,Dry,Central America,Alley Cropping,2.81,2.81,2.3787,3.2413,,,,
,Tropical | Dry | Central America | Perennial Fallow,Tropical,Dry,Central America,Perennial Fallow,7.56,7.56,6.3258,8.7942,,,,
,Tropical | Dry | Central America | Hedgerow,Tropical,Dry,Central America,Hedgerow,0.6,0.6,0.24,0.96,,,,
,Tropical | Dry | Central America | Multistrata,Tropical,Dry,Central America,Multistrata,2.09,2.09,1.6662,2.5138,,,,
,Tropical | Dry | Central America | Parkland,Tropical,Dry,Central America,Parkland,0.8,0.8,0.4578,1.1422,,,,
,Tropical | Dry | Central America | Shaded Perennial,Tropical,Dry,Central America,Shaded Perennial,2.95,2.95,2.374,3.526,,,,
,Tropical | Dry | Central America | Silvoarable,Tropical,Dry,Central America,Silvoarable,7.86,7.86,5.6136,10.1064,,,,
,Tropical | Dry | Central America | Silvopasture,Tropical,Dry,Central America,Silvopasture,3.91,3.91,2.0066,5.8134,,,,
,Tropical | Dry | Central America | Other Land,Tropical,Dry,Central America,Other Land,0,0,#N/A,#N/A,,,,
,Tropical | Dry | Central America | Olive,Tropical,Dry,Central America,Olive,0,0,#N/A,#N/A,,,,
,Tropical | Dry | Central America | Orchard,Tropical,Dry,Central America,Orchard,0,0,#N/A,#N/A,,,,
,Tropical | Dry | Central America | Short Rotation Coppice,Tropical,Dry,Central America,Short Rotation Coppice,0,0,#N/A,#N/A,,,,
,Tropical | Dry | Central America | Tea,Tropical,Dry,Central America,Tea,0.7,0.7,0.525,0.875,,,,
,Tropical | Dry | Central America | Vine,Tropical,Dry,Central America,Vine,0,0,#N/A,#N/A,,,,
,Tropical | Dry | Central America | Oil Palm,Tropical,Dry,Central America,Oil Palm,2.4,2.4,1.416,3.384,,,,
,Tropical | Dry | Central America | Rubber,Tropical,Dry,Central America,Rubber,3,3,2.61,3.39,,,,
,Tropical | Dry | Caribbean | Grains,Tropical,Dry,Caribbean,Grains,4.7,4.7,1.175,8.225,,,,
,Tropical | Dry | Caribbean | Maize,Tropical,Dry,Caribbean,Maize,4.7,4.7,1.175,8.225,,,,
,Tropical | Dry | Caribbean | Sugarcane,Tropical,Dry,Caribbean,Sugarcane,4.7,4.7,1.175,8.225,,,,
,Tropical | Dry | Caribbean | Wheat,Tropical,Dry,Caribbean,Wheat,4.7,4.7,1.175,8.225,,,,
,Tropical | Dry | Caribbean | Beans & Pulses,Tropical,Dry,Caribbean,Beans & Pulses,4.7,4.7,1.175,8.225,,,,
,Tropical | Dry | Caribbean | Tubers,Tropical,Dry,Caribbean,Tubers,4.7,4.7,1.175,8.225,,,,
,Tropical | Dry | Caribbean | Root Crops,Tropical,Dry,Caribbean,Root Crops,4.7,4.7,1.175,8.225,,,,
,Tropical | Dry | Caribbean | Barley,Tropical,Dry,Caribbean,Barley,4.7,4.7,1.175,8.225,,,,
,Tropical | Dry | Caribbean | Oats,Tropical,Dry,Caribbean,Oats,4.7,4.7,1.175,8.225,,,,
,Tropical | Dry | Caribbean | Millet,Tropical,Dry,Caribbean,Millet,4.7,4.7,1.175,8.225,,,,
,Tropical | Dry | Caribbean | Sorghum,Tropical,Dry,Caribbean,Sorghum,4.7,4.7,1.175,8.225,,,,
,Tropical | Dry | Caribbean | Rye,Tropical,Dry,Caribbean,Rye,4.7,4.7,1.175,8.225,,,,
,Tropical | Dry | Caribbean | Soybeans,Tropical,Dry,Caribbean,Soybeans,4.7,4.7,1.175,8.225,,,,
,Tropical | Dry | Caribbean | Dry Bean,Tropical,Dry,Caribbean,Dry Bean,4.7,4.7,1.175,8.225,,,,
,Tropical | Dry | Caribbean | Potatoes,Tropical,Dry,Caribbean,Potatoes,4.7,4.7,1.175,8.225,,,,
,Tropical | Dry | Caribbean | Peanuts,Tropical,Dry,Caribbean,Peanuts,4.7,4.7,1.175,8.225,,,,
,Tropical | Dry | Caribbean | Vegetables,Tropical,Dry,Caribbean,Vegetables,4.7,4.7,1.175,8.225,,,,
,Tropical | Dry | Caribbean | Oilseeds,Tropical,Dry,Caribbean,Oilseeds,4.7,4.7,1.175,8.225,,,,
,Tropical | Dry | Caribbean | Groundnuts,Tropical,Dry,Caribbean,Groundnuts,4.7,4.7,1.175,8.225,,,,
,Tropical | Dry | Caribbean | Annual Cropland,Tropical,Dry,Caribbean,Annual Cropland,4.7,4.7,1.175,8.225,,,,
,Tropical | Dry | Caribbean | Set Aside,Tropical,Dry,Caribbean,Set Aside,4.7,4.7,1.175,8.225,,,,
,Tropical | Dry | Caribbean | Flooded Rice,Tropical,Dry,Caribbean,Flooded Rice,4.7,4.7,1.175,8.225,,,,
,Tropical | Dry | Caribbean | Grassland,Tropical,Dry,Caribbean,Grassland,4.089,4.089,1.02225,7.15575,,,,
,Tropical | Dry | Caribbean | Other Land (Non-Vegetated),Tropical,Dry,Caribbean,Other Land (Non-Vegetated),0,0,#N/A,#N/A,,,,
,Tropical | Dry | Caribbean | Settlement,Tropical,Dry,Caribbean,Settlement,0,0,#N/A,#N/A,,,,
,Tropical | Dry | Caribbean | Agroforestry - Default,Tropical,Dry,Caribbean,Agroforestry - Default,3.5725,3.5725,1.4828125,5.6621875,,,,
,Tropical | Dry | Caribbean | Alley Cropping,Tropical,Dry,Caribbean,Alley Cropping,2.81,2.81,2.3787,3.2413,,,,
,Tropical | Dry | Caribbean | Perennial Fallow,Tropical,Dry,Caribbean,Perennial Fallow,7.56,7.56,6.3258,8.7942,,,,
,Tropical | Dry | Caribbean | Hedgerow,Tropical,Dry,Caribbean,Hedgerow,0.6,0.6,0.24,0.96,,,,
,Tropical | Dry | Caribbean | Multistrata,Tropical,Dry,Caribbean,Multistrata,2.09,2.09,1.6662,2.5138,,,,
,Tropical | Dry | Caribbean | Parkland,Tropical,Dry,Caribbean,Parkland,0.8,0.8,0.4578,1.1422,,,,
,Tropical | Dry | Caribbean | Shaded Perennial,Tropical,Dry,Caribbean,Shaded Perennial,2.95,2.95,2.374,3.526,,,,
,Tropical | Dry | Caribbean | Silvoarable,Tropical,Dry,Caribbean,Silvoarable,7.86,7.86,5.6136,10.1064,,,,
,Tropical | Dry | Caribbean | Silvopasture,Tropical,Dry,Caribbean,Silvopasture,3.91,3.91,2.0066,5.8134,,,,
,Tropical | Dry | Caribbean | Other Land,Tropical,Dry,Caribbean,Other Land,0,0,#N/A,#N/A,,,,
,Tropical | Dry | Caribbean | Olive,Tropical,Dry,Caribbean,Olive,0,0,#N/A,#N/A,,,,
,Tropical | Dry | Caribbean | Orchard,Tropical,Dry,Caribbean,Orchard,0,0,#N/A,#N/A,,,,
,Tropical | Dry | Caribbean | Short Rotation Coppice,Tropical,Dry,Caribbean,Short Rotation Coppice,0,0,#N/A,#N/A,,,,
,Tropical | Dry | Caribbean | Tea,Tropical,Dry,Caribbean,Tea,0.7,0.7,0.525,0.875,,,,
,Tropical | Dry | Caribbean | Vine,Tropical,Dry,Caribbean,Vine,0,0,#N/A,#N/A,,,,
,Tropical | Dry | Caribbean | Oil Palm,Tropical,Dry,Caribbean,Oil Palm,2.4,2.4,1.416,3.384,,,,
,Tropical | Dry | Caribbean | Rubber,Tropical,Dry,Caribbean,Rubber,3,3,2.61,3.39,,,,
,Tropical | Moist | Eastern Africa | Grains,Tropical,Moist,Eastern Africa,Grains,4.7,4.7,1.175,8.225,,,,
,Tropical | Moist | Eastern Africa | Maize,Tropical,Moist,Eastern Africa,Maize,4.7,4.7,1.175,8.225,,,,
,Tropical | Moist | Eastern Africa | Sugarcane,Tropical,Moist,Eastern Africa,Sugarcane,4.7,4.7,1.175,8.225,,,,
,Tropical | Moist | Eastern Africa | Wheat,Tropical,Moist,Eastern Africa,Wheat,4.7,4.7,1.175,8.225,,,,
,Tropical | Moist | Eastern Africa | Beans & Pulses,Tropical,Moist,Eastern Africa,Beans & Pulses,4.7,4.7,1.175,8.225,,,,
,Tropical | Moist | Eastern Africa | Tubers,Tropical,Moist,Eastern Africa,Tubers,4.7,4.7,1.175,8.225,,,,
,Tropical | Moist | Eastern Africa | Root Crops,Tropical,Moist,Eastern Africa,Root Crops,4.7,4.7,1.175,8.225,,,,
,Tropical | Moist | Eastern Africa | Barley,Tropical,Moist,Eastern Africa,Barley,4.7,4.7,1.175,8.225,,,,
,Tropical | Moist | Eastern Africa | Oats,Tropical,Moist,Eastern Africa,Oats,4.7,4.7,1.175,8.225,,,,
,Tropical | Moist | Eastern Africa | Millet,Tropical,Moist,Eastern Africa,Millet,4.7,4.7,1.175,8.225,,,,
,Tropical | Moist | Eastern Africa | Sorghum,Tropical,Moist,Eastern Africa,Sorghum,4.7,4.7,1.175,8.225,,,,
,Tropical | Moist | Eastern Africa | Rye,Tropical,Moist,Eastern Africa,Rye,4.7,4.7,1.175,8.225,,,,
,Tropical | Moist | Eastern Africa | Soybeans,Tropical,Moist,Eastern Africa,Soybeans,4.7,4.7,1.175,8.225,,,,
,Tropical | Moist | Eastern Africa | Dry Bean,Tropical,Moist,Eastern Africa,Dry Bean,4.7,4.7,1.175,8.225,,,,
,Tropical | Moist | Eastern Africa | Potatoes,Tropical,Moist,Eastern Africa,Potatoes,4.7,4.7,1.175,8.225,,,,
,Tropical | Moist | Eastern Africa | Peanuts,Tropical,Moist,Eastern Africa,Peanuts,4.7,4.7,1.175,8.225,,,,
,Tropical | Moist | Eastern Africa | Vegetables,Tropical,Moist,Eastern Africa,Vegetables,4.7,4.7,1.175,8.225,,,,
,Tropical | Moist | Eastern Africa | Oilseeds,Tropical,Moist,Eastern Africa,Oilseeds,4.7,4.7,1.175,8.225,,,,
,Tropical | Moist | Eastern Africa | Groundnuts,Tropical,Moist,Eastern Africa,Groundnuts,4.7,4.7,1.175,8.225,,,,
,Tropical | Moist | Eastern Africa | Annual Cropland,Tropical,Moist,Eastern Africa,Annual Cropland,4.7,4.7,1.175,8.225,,,,
,Tropical | Moist | Eastern Africa | Set Aside,Tropical,Moist,Eastern Africa,Set Aside,4.7,4.7,1.175,8.225,,,,
,Tropical | Moist | Eastern Africa | Flooded Rice,Tropical,Moist,Eastern Africa,Flooded Rice,4.7,4.7,1.175,8.225,,,,
,Tropical | Moist | Eastern Africa | Grassland,Tropical,Moist,Eastern Africa,Grassland,7.567,7.567,1.89175,13.24225,,,,
,Tropical | Moist | Eastern Africa | Other Land (Non-Vegetated),Tropical,Moist,Eastern Africa,Other Land (Non-Vegetated),0,0,#N/A,#N/A,,,,
,Tropical | Moist | Eastern Africa | Settlement,Tropical,Moist,Eastern Africa,Settlement,0,0,#N/A,#N/A,,,,
,Tropical | Moist | Eastern Africa | Agroforestry - Default,Tropical,Moist,Eastern Africa,Agroforestry - Default,3.4075,3.4075,1.3534375,5.4615625,,,,
,Tropical | Moist | Eastern Africa | Alley Cropping,Tropical,Moist,Eastern Africa,Alley Cropping,3.34,3.34,2.735,3.945,,,,
,Tropical | Moist | Eastern Africa | Perennial Fallow,Tropical,Moist,Eastern Africa,Perennial Fallow,6.57,6.57,2.595,10.545,,,,
,Tropical | Moist | Eastern Africa | Hedgerow,Tropical,Moist,Eastern Africa,Hedgerow,0.58,0.58,0.4343,0.7257,,,,
,Tropical | Moist | Eastern Africa | Multistrata,Tropical,Moist,Eastern Africa,Multistrata,3.7,3.7,2.8656,4.5344,,,,
,Tropical | Moist | Eastern Africa | Parkland,Tropical,Moist,Eastern Africa,Parkland,0.8,0.8,0.4578,1.1422,,,,
,Tropical | Moist | Eastern Africa | Shaded Perennial,Tropical,Moist,Eastern Africa,Shaded Perennial,2.26,2.26,1.6412,2.8788,,,,
,Tropical | Moist | Eastern Africa | Silvoarable,Tropical,Moist,Eastern Africa,Silvoarable,6.31,6.31,4.3249,8.2951,,,,
,Tropical | Moist | Eastern Africa | Silvopasture,Tropical,Moist,Eastern Africa,Silvopasture,3.7,3.7,1.8667,5.5333,,,,
,Tropical | Moist | Eastern Africa | Other Land,Tropical,Moist,Eastern Africa,Other Land,0,0,#N/A,#N/A,,,,
,Tropical | Moist | Eastern Africa | Olive,Tropical,Moist,Eastern Africa,Olive,0,0,#N/A,#N/A,,,,
,Tropical | Moist | Eastern Africa | Orchard,Tropical,Moist,Eastern Africa,Orchard,0,0,#N/A,#N/A,,,,
,Tropical | Moist | Eastern Africa | Short Rotation Coppice,Tropical,Moist,Eastern Africa,Short Rotation Coppice,0,0,#N/A,#N/A,,,,
,Tropical | Moist | Eastern Africa | Tea,Tropical,Moist,Eastern Africa,Tea,0.7,0.7,0.525,0.875,,,,
,Tropical | Moist | Eastern Africa | Vine,Tropical,Moist,Eastern Africa,Vine,0,0,#N/A,#N/A,,,,
,Tropical | Moist | Eastern Africa | Oil Palm,Tropical,Moist,Eastern Africa,Oil Palm,2.4,2.4,1.416,3.384,,,,
,Tropical | Moist | Eastern Africa | Rubber,Tropical,Moist,Eastern Africa,Rubber,3,3,2.61,3.39,,,,
,Tropical | Moist | Central Africa | Grains,Tropical,Moist,Central Africa,Grains,4.7,4.7,1.175,8.225,,,,
,Tropical | Moist | Central Africa | Maize,Tropical,Moist,Central Africa,Maize,4.7,4.7,1.175,8.225,,,,
,Tropical | Moist | Central Africa | Sugarcane,Tropical,Moist,Central Africa,Sugarcane,4.7,4.7,1.175,8.225,,,,
,Tropical | Moist | Central Africa | Wheat,Tropical,Moist,Central Africa,Wheat,4.7,4.7,1.175,8.225,,,,
,Tropical | Moist | Central Africa | Beans & Pulses,Tropical,Moist,Central Africa,Beans & Pulses,4.7,4.7,1.175,8.225,,,,
,Tropical | Moist | Central Africa | Tubers,Tropical,Moist,Central Africa,Tubers,4.7,4.7,1.175,8.225,,,,
,Tropical | Moist | Central Africa | Root Crops,Tropical,Moist,Central Africa,Root Crops,4.7,4.7,1.175,8.225,,,,
,Tropical | Moist | Central Africa | Barley,Tropical,Moist,Central Africa,Barley,4.7,4.7,1.175,8.225,,,,
,Tropical | Moist | Central Africa | Oats,Tropical,Moist,Central Africa,Oats,4.7,4.7,1.175,8.225,,,,
,Tropical | Moist | Central Africa | Millet,Tropical,Moist,Central Africa,Millet,4.7,4.7,1.175,8.225,,,,
,Tropical | Moist | Central Africa | Sorghum,Tropical,Moist,Central Africa,Sorghum,4.7,4.7,1.175,8.225,,,,
,Tropical | Moist | Central Africa | Rye,Tropical,Moist,Central Africa,Rye,4.7,4.7,1.175,8.225,,,,
,Tropical | Moist | Central Africa | Soybeans,Tropical,Moist,Central Africa,Soybeans,4.7,4.7,1.175,8.225,,,,
,Tropical | Moist | Central Africa | Dry Bean,Tropical,Moist,Central Africa,Dry Bean,4.7,4.7,1.175,8.225,,,,
,Tropical | Moist | Central Africa | Potatoes,Tropical,Moist,Central Africa,Potatoes,4.7,4.7,1.175,8.225,,,,
,Tropical | Moist | Central Africa | Peanuts,Tropical,Moist,Central Africa,Peanuts,4.7,4.7,1.175,8.225,,,,
,Tropical | Moist | Central Africa | Vegetables,Tropical,Moist,Central Africa,Vegetables,4.7,4.7,1.175,8.225,,,,
,Tropical | Moist | Central Africa | Oilseeds,Tropical,Moist,Central Africa,Oilseeds,4.7,4.7,1.175,8.225,,,,
,Tropical | Moist | Central Africa | Groundnuts,Tropical,Moist,Central Africa,Groundnuts,4.7,4.7,1.175,8.225,,,,
,Tropical | Moist | Central Africa | Annual Cropland,Tropical,Moist,Central Africa,Annual Cropland,4.7,4.7,1.175,8.225,,,,
,Tropical | Moist | Central Africa | Set Aside,Tropical,Moist,Central Africa,Set Aside,4.7,4.7,1.175,8.225,,,,
,Tropical | Moist | Central Africa | Flooded Rice,Tropical,Moist,Central Africa,Flooded Rice,4.7,4.7,1.175,8.225,,,,
,Tropical | Moist | Central Africa | Grassland,Tropical,Moist,Central Africa,Grassland,7.567,7.567,1.89175,13.24225,,,,
,Tropical | Moist | Central Africa | Other Land (Non-Vegetated),Tropical,Moist,Central Africa,Other Land (Non-Vegetated),0,0,#N/A,#N/A,,,,
,Tropical | Moist | Central Africa | Settlement,Tropical,Moist,Central Africa,Settlement,0,0,#N/A,#N/A,,,,
,Tropical | Moist | Central Africa | Agroforestry - Default,Tropical,Moist,Central Africa,Agroforestry - Default,3.4075,3.4075,1.3534375,5.4615625,,,,
,Tropical | Moist | Central Africa | Alley Cropping,Tropical,Moist,Central Africa,Alley Cropping,3.34,3.34,2.735,3.945,,,,
,Tropical | Moist | Central Africa | Perennial Fallow,Tropical,Moist,Central Africa,Perennial Fallow,6.57,6.57,2.595,10.545,,,,
,Tropical | Moist | Central Africa | Hedgerow,Tropical,Moist,Central Africa,Hedgerow,0.58,0.58,0.4343,0.7257,,,,
,Tropical | Moist | Central Africa | Multistrata,Tropical,Moist,Central Africa,Multistrata,3.7,3.7,2.8656,4.5344,,,,
,Tropical | Moist | Central Africa | Parkland,Tropical,Moist,Central Africa,Parkland,0.8,0.8,0.4578,1.1422,,,,
,Tropical | Moist | Central Africa | Shaded Perennial,Tropical,Moist,Central Africa,Shaded Perennial,2.26,2.26,1.6412,2.8788,,,,
,Tropical | Moist | Central Africa | Silvoarable,Tropical,Moist,Central Africa,Silvoarable,6.31,6.31,4.3249,8.2951,,,,
,Tropical | Moist | Central Africa | Silvopasture,Tropical,Moist,Central Africa,Silvopasture,3.7,3.7,1.8667,5.5333,,,,
,Tropical | Moist | Central Africa | Other Land,Tropical,Moist,Central Africa,Other Land,0,0,#N/A,#N/A,,,,
,Tropical | Moist | Central Africa | Olive,Tropical,Moist,Central Africa,Olive,0,0,#N/A,#N/A,,,,
,Tropical | Moist | Central Africa | Orchard,Tropical,Moist,Central Africa,Orchard,0,0,#N/A,#N/A,,,,
,Tropical | Moist | Central Africa | Short Rotation Coppice,Tropical,Moist,Central Africa,Short Rotation Coppice,0,0,#N/A,#N/A,,,,
,Tropical | Moist | Central Africa | Tea,Tropical,Moist,Central Africa,Tea,0.7,0.7,0.525,0.875,,,,
,Tropical | Moist | Central Africa | Vine,Tropical,Moist,Central Africa,Vine,0,0,#N/A,#N/A,,,,
,Tropical | Moist | Central Africa | Oil Palm,Tropical,Moist,Central Africa,Oil Palm,2.4,2.4,1.416,3.384,,,,
,Tropical | Moist | Central Africa | Rubber,Tropical,Moist,Central Africa,Rubber,3,3,2.61,3.39,,,,
,Tropical | Moist | Northern Africa | Grains,Tropical,Moist,Northern Africa,Grains,4.7,4.7,1.175,8.225,,,,
,Tropical | Moist | Northern Africa | Maize,Tropical,Moist,Northern Africa,Maize,4.7,4.7,1.175,8.225,,,,
,Tropical | Moist | Northern Africa | Sugarcane,Tropical,Moist,Northern Africa,Sugarcane,4.7,4.7,1.175,8.225,,,,
,Tropical | Moist | Northern Africa | Wheat,Tropical,Moist,Northern Africa,Wheat,4.7,4.7,1.175,8.225,,,,
,Tropical | Moist | Northern Africa | Beans & Pulses,Tropical,Moist,Northern Africa,Beans & Pulses,4.7,4.7,1.175,8.225,,,,
,Tropical | Moist | Northern Africa | Tubers,Tropical,Moist,Northern Africa,Tubers,4.7,4.7,1.175,8.225,,,,
,Tropical | Moist | Northern Africa | Root Crops,Tropical,Moist,Northern Africa,Root Crops,4.7,4.7,1.175,8.225,,,,
,Tropical | Moist | Northern Africa | Barley,Tropical,Moist,Northern Africa,Barley,4.7,4.7,1.175,8.225,,,,
,Tropical | Moist | Northern Africa | Oats,Tropical,Moist,Northern Africa,Oats,4.7,4.7,1.175,8.225,,,,
,Tropical | Moist | Northern Africa | Millet,Tropical,Moist,Northern Africa,Millet,4.7,4.7,1.175,8.225,,,,
,Tropical | Moist | Northern Africa | Sorghum,Tropical,Moist,Northern Africa,Sorghum,4.7,4.7,1.175,8.225,,,,
,Tropical | Moist | Northern Africa | Rye,Tropical,Moist,Northern Africa,Rye,4.7,4.7,1.175,8.225,,,,
,Tropical | Moist | Northern Africa | Soybeans,Tropical,Moist,Northern Africa,Soybeans,4.7,4.7,1.175,8.225,,,,
,Tropical | Moist | Northern Africa | Dry Bean,Tropical,Moist,Northern Africa,Dry Bean,4.7,4.7,1.175,8.225,,,,
,Tropical | Moist | Northern Africa | Potatoes,Tropical,Moist,Northern Africa,Potatoes,4.7,4.7,1.175,8.225,,,,
,Tropical | Moist | Northern Africa | Peanuts,Tropical,Moist,Northern Africa,Peanuts,4.7,4.7,1.175,8.225,,,,
,Tropical | Moist | Northern Africa | Vegetables,Tropical,Moist,Northern Africa,Vegetables,4.7,4.7,1.175,8.225,,,,
,Tropical | Moist | Northern Africa | Oilseeds,Tropical,Moist,Northern Africa,Oilseeds,4.7,4.7,1.175,8.225,,,,
,Tropical | Moist | Northern Africa | Groundnuts,Tropical,Moist,Northern Africa,Groundnuts,4.7,4.7,1.175,8.225,,,,
,Tropical | Moist | Northern Africa | Annual Cropland,Tropical,Moist,Northern Africa,Annual Cropland,4.7,4.7,1.175,8.225,,,,
,Tropical | Moist | Northern Africa | Set Aside,Tropical,Moist,Northern Africa,Set Aside,4.7,4.7,1.175,8.225,,,,
,Tropical | Moist | Northern Africa | Flooded Rice,Tropical,Moist,Northern Africa,Flooded Rice,4.7,4.7,1.175,8.225,,,,
,Tropical | Moist | Northern Africa | Grassland,Tropical,Moist,Northern Africa,Grassland,7.567,7.567,1.89175,13.24225,,,,
,Tropical | Moist | Northern Africa | Other Land (Non-Vegetated),Tropical,Moist,Northern Africa,Other Land (Non-Vegetated),0,0,#N/A,#N/A,,,,
,Tropical | Moist | Northern Africa | Settlement,Tropical,Moist,Northern Africa,Settlement,0,0,#N/A,#N/A,,,,
,Tropical | Moist | Northern Africa | Agroforestry - Default,Tropical,Moist,Northern Africa,Agroforestry - Default,3.4075,3.4075,1.3534375,5.4615625,,,,
,Tropical | Moist | Northern Africa | Alley Cropping,Tropical,Moist,Northern Africa,Alley Cropping,3.34,3.34,2.735,3.945,,,,
,Tropical | Moist | Northern Africa | Perennial Fallow,Tropical,Moist,Northern Africa,Perennial Fallow,6.57,6.57,2.595,10.545,,,,
,Tropical | Moist | Northern Africa | Hedgerow,Tropical,Moist,Northern Africa,Hedgerow,0.58,0.58,0.4343,0.7257,,,,
,Tropical | Moist | Northern Africa | Multistrata,Tropical,Moist,Northern Africa,Multistrata,3.7,3.7,2.8656,4.5344,,,,
,Tropical | Moist | Northern Africa | Parkland,Tropical,Moist,Northern Africa,Parkland,0.8,0.8,0.4578,1.1422,,,,
,Tropical | Moist | Northern Africa | Shaded Perennial,Tropical,Moist,Northern Africa,Shaded Perennial,2.26,2.26,1.6412,2.8788,,,,
,Tropical | Moist | Northern Africa | Silvoarable,Tropical,Moist,Northern Africa,Silvoarable,6.31,6.31,4.3249,8.2951,,,,
,Tropical | Moist | Northern Africa | Silvopasture,Tropical,Moist,Northern Africa,Silvopasture,3.7,3.7,1.8667,5.5333,,,,
,Tropical | Moist | Northern Africa | Other Land,Tropical,Moist,Northern Africa,Other Land,0,0,#N/A,#N/A,,,,
,Tropical | Moist | Northern Africa | Olive,Tropical,Moist,Northern Africa,Olive,0,0,#N/A,#N/A,,,,
,Tropical | Moist | Northern Africa | Orchard,Tropical,Moist,Northern Africa,Orchard,0,0,#N/A,#N/A,,,,
,Tropical | Moist | Northern Africa | Short Rotation Coppice,Tropical,Moist,Northern Africa,Short Rotation Coppice,0,0,#N/A,#N/A,,,,
,Tropical | Moist | Northern Africa | Tea,Tropical,Moist,Northern Africa,Tea,0.7,0.7,0.525,0.875,,,,
,Tropical | Moist | Northern Africa | Vine,Tropical,Moist,Northern Africa,Vine,0,0,#N/A,#N/A,,,,
,Tropical | Moist | Northern Africa | Oil Palm,Tropical,Moist,Northern Africa,Oil Palm,2.4,2.4,1.416,3.384,,,,
,Tropical | Moist | Northern Africa | Rubber,Tropical,Moist,Northern Africa,Rubber,3,3,2.61,3.39,,,,
,Tropical | Moist | Southern Africa | Grains,Tropical,Moist,Southern Africa,Grains,4.7,4.7,1.175,8.225,,,,
,Tropical | Moist | Southern Africa | Maize,Tropical,Moist,Southern Africa,Maize,4.7,4.7,1.175,8.225,,,,
,Tropical | Moist | Southern Africa | Sugarcane,Tropical,Moist,Southern Africa,Sugarcane,4.7,4.7,1.175,8.225,,,,
,Tropical | Moist | Southern Africa | Wheat,Tropical,Moist,Southern Africa,Wheat,4.7,4.7,1.175,8.225,,,,
,Tropical | Moist | Southern Africa | Beans & Pulses,Tropical,Moist,Southern Africa,Beans & Pulses,4.7,4.7,1.175,8.225,,,,
,Tropical | Moist | Southern Africa | Tubers,Tropical,Moist,Southern Africa,Tubers,4.7,4.7,1.175,8.225,,,,
,Tropical | Moist | Southern Africa | Root Crops,Tropical,Moist,Southern Africa,Root Crops,4.7,4.7,1.175,8.225,,,,
,Tropical | Moist | Southern Africa | Barley,Tropical,Moist,Southern Africa,Barley,4.7,4.7,1.175,8.225,,,,
,Tropical | Moist | Southern Africa | Oats,Tropical,Moist,Southern Africa,Oats,4.7,4.7,1.175,8.225,,,,
,Tropical | Moist | Southern Africa | Millet,Tropical,Moist,Southern Africa,Millet,4.7,4.7,1.175,8.225,,,,
,Tropical | Moist | Southern Africa | Sorghum,Tropical,Moist,Southern Africa,Sorghum,4.7,4.7,1.175,8.225,,,,
,Tropical | Moist | Southern Africa | Rye,Tropical,Moist,Southern Africa,Rye,4.7,4.7,1.175,8.225,,,,
,Tropical | Moist | Southern Africa | Soybeans,Tropical,Moist,Southern Africa,Soybeans,4.7,4.7,1.175,8.225,,,,
,Tropical | Moist | Southern Africa | Dry Bean,Tropical,Moist,Southern Africa,Dry Bean,4.7,4.7,1.175,8.225,,,,
,Tropical | Moist | Southern Africa | Potatoes,Tropical,Moist,Southern Africa,Potatoes,4.7,4.7,1.175,8.225,,,,
,Tropical | Moist | Southern Africa | Peanuts,Tropical,Moist,Southern Africa,Peanuts,4.7,4.7,1.175,8.225,,,,
,Tropical | Moist | Southern Africa | Vegetables,Tropical,Moist,Southern Africa,Vegetables,4.7,4.7,1.175,8.225,,,,
,Tropical | Moist | Southern Africa | Oilseeds,Tropical,Moist,Southern Africa,Oilseeds,4.7,4.7,1.175,8.225,,,,
,Tropical | Moist | Southern Africa | Groundnuts,Tropical,Moist,Southern Africa,Groundnuts,4.7,4.7,1.175,8.225,,,,
,Tropical | Moist | Southern Africa | Annual Cropland,Tropical,Moist,Southern Africa,Annual Cropland,4.7,4.7,1.175,8.225,,,,
,Tropical | Moist | Southern Africa | Set Aside,Tropical,Moist,Southern Africa,Set Aside,4.7,4.7,1.175,8.225,,,,
,Tropical | Moist | Southern Africa | Flooded Rice,Tropical,Moist,Southern Africa,Flooded Rice,4.7,4.7,1.175,8.225,,,,
,Tropical | Moist | Southern Africa | Grassland,Tropical,Moist,Southern Africa,Grassland,7.567,7.567,1.89175,13.24225,,,,
,Tropical | Moist | Southern Africa | Other Land (Non-Vegetated),Tropical,Moist,Southern Africa,Other Land (Non-Vegetated),0,0,#N/A,#N/A,,,,
,Tropical | Moist | Southern Africa | Settlement,Tropical,Moist,Southern Africa,Settlement,0,0,#N/A,#N/A,,,,
,Tropical | Moist | Southern Africa | Agroforestry - Default,Tropical,Moist,Southern Africa,Agroforestry - Default,3.4075,3.4075,1.3534375,5.4615625,,,,
,Tropical | Moist | Southern Africa | Alley Cropping,Tropical,Moist,Southern Africa,Alley Cropping,3.34,3.34,2.735,3.945,,,,
,Tropical | Moist | Southern Africa | Perennial Fallow,Tropical,Moist,Southern Africa,Perennial Fallow,6.57,6.57,2.595,10.545,,,,
,Tropical | Moist | Southern Africa | Hedgerow,Tropical,Moist,Southern Africa,Hedgerow,0.58,0.58,0.4343,0.7257,,,,
,Tropical | Moist | Southern Africa | Multistrata,Tropical,Moist,Southern Africa,Multistrata,3.7,3.7,2.8656,4.5344,,,,
,Tropical | Moist | Southern Africa | Parkland,Tropical,Moist,Southern Africa,Parkland,0.8,0.8,0.4578,1.1422,,,,
,Tropical | Moist | Southern Africa | Shaded Perennial,Tropical,Moist,Southern Africa,Shaded Perennial,2.26,2.26,1.6412,2.8788,,,,
,Tropical | Moist | Southern Africa | Silvoarable,Tropical,Moist,Southern Africa,Silvoarable,6.31,6.31,4.3249,8.2951,,,,
,Tropical | Moist | Southern Africa | Silvopasture,Tropical,Moist,Southern Africa,Silvopasture,3.7,3.7,1.8667,5.5333,,,,
,Tropical | Moist | Southern Africa | Other Land,Tropical,Moist,Southern Africa,Other Land,0,0,#N/A,#N/A,,,,
,Tropical | Moist | Southern Africa | Olive,Tropical,Moist,Southern Africa,Olive,0,0,#N/A,#N/A,,,,
,Tropical | Moist | Southern Africa | Orchard,Tropical,Moist,Southern Africa,Orchard,0,0,#N/A,#N/A,,,,
,Tropical | Moist | Southern Africa | Short Rotation Coppice,Tropical,Moist,Southern Africa,Short Rotation Coppice,0,0,#N/A,#N/A,,,,
,Tropical | Moist | Southern Africa | Tea,Tropical,Moist,Southern Africa,Tea,0.7,0.7,0.525,0.875,,,,
,Tropical | Moist | Southern Africa | Vine,Tropical,Moist,Southern Africa,Vine,0,0,#N/A,#N/A,,,,
,Tropical | Moist | Southern Africa | Oil Palm,Tropical,Moist,Southern Africa,Oil Palm,2.4,2.4,1.416,3.384,,,,
,Tropical | Moist | Southern Africa | Rubber,Tropical,Moist,Southern Africa,Rubber,3,3,2.61,3.39,,,,
,Tropical | Moist | Western Africa | Grains,Tropical,Moist,Western Africa,Grains,4.7,4.7,1.175,8.225,,,,
,Tropical | Moist | Western Africa | Maize,Tropical,Moist,Western Africa,Maize,4.7,4.7,1.175,8.225,,,,
,Tropical | Moist | Western Africa | Sugarcane,Tropical,Moist,Western Africa,Sugarcane,4.7,4.7,1.175,8.225,,,,
,Tropical | Moist | Western Africa | Wheat,Tropical,Moist,Western Africa,Wheat,4.7,4.7,1.175,8.225,,,,
,Tropical | Moist | Western Africa | Beans & Pulses,Tropical,Moist,Western Africa,Beans & Pulses,4.7,4.7,1.175,8.225,,,,
,Tropical | Moist | Western Africa | Tubers,Tropical,Moist,Western Africa,Tubers,4.7,4.7,1.175,8.225,,,,
,Tropical | Moist | Western Africa | Root Crops,Tropical,Moist,Western Africa,Root Crops,4.7,4.7,1.175,8.225,,,,
,Tropical | Moist | Western Africa | Barley,Tropical,Moist,Western Africa,Barley,4.7,4.7,1.175,8.225,,,,
,Tropical | Moist | Western Africa | Oats,Tropical,Moist,Western Africa,Oats,4.7,4.7,1.175,8.225,,,,
,Tropical | Moist | Western Africa | Millet,Tropical,Moist,Western Africa,Millet,4.7,4.7,1.175,8.225,,,,
,Tropical | Moist | Western Africa | Sorghum,Tropical,Moist,Western Africa,Sorghum,4.7,4.7,1.175,8.225,,,,
,Tropical | Moist | Western Africa | Rye,Tropical,Moist,Western Africa,Rye,4.7,4.7,1.175,8.225,,,,
,Tropical | Moist | Western Africa | Soybeans,Tropical,Moist,Western Africa,Soybeans,4.7,4.7,1.175,8.225,,,,
,Tropical | Moist | Western Africa | Dry Bean,Tropical,Moist,Western Africa,Dry Bean,4.7,4.7,1.175,8.225,,,,
,Tropical | Moist | Western Africa | Potatoes,Tropical,Moist,Western Africa,Potatoes,4.7,4.7,1.175,8.225,,,,
,Tropical | Moist | Western Africa | Peanuts,Tropical,Moist,Western Africa,Peanuts,4.7,4.7,1.175,8.225,,,,
,Tropical | Moist | Western Africa | Vegetables,Tropical,Moist,Western Africa,Vegetables,4.7,4.7,1.175,8.225,,,,
,Tropical | Moist | Western Africa | Oilseeds,Tropical,Moist,Western Africa,Oilseeds,4.7,4.7,1.175,8.225,,,,
,Tropical | Moist | Western Africa | Groundnuts,Tropical,Moist,Western Africa,Groundnuts,4.7,4.7,1.175,8.225,,,,
,Tropical | Moist | Western Africa | Annual Cropland,Tropical,Moist,Western Africa,Annual Cropland,4.7,4.7,1.175,8.225,,,,
,Tropical | Moist | Western Africa | Set Aside,Tropical,Moist,Western Africa,Set Aside,4.7,4.7,1.175,8.225,,,,
,Tropical | Moist | Western Africa | Flooded Rice,Tropical,Moist,Western Africa,Flooded Rice,4.7,4.7,1.175,8.225,,,,
,Tropical | Moist | Western Africa | Grassland,Tropical,Moist,Western Africa,Grassland,7.567,7.567,1.89175,13.24225,,,,
,Tropical | Moist | Western Africa | Other Land (Non-Vegetated),Tropical,Moist,Western Africa,Other Land (Non-Vegetated),0,0,#N/A,#N/A,,,,
,Tropical | Moist | Western Africa | Settlement,Tropical,Moist,Western Africa,Settlement,0,0,#N/A,#N/A,,,,
,Tropical | Moist | Western Africa | Agroforestry - Default,Tropical,Moist,Western Africa,Agroforestry - Default,3.4075,3.4075,1.3534375,5.4615625,,,,
,Tropical | Moist | Western Africa | Alley Cropping,Tropical,Moist,Western Africa,Alley Cropping,3.34,3.34,2.735,3.945,,,,
,Tropical | Moist | Western Africa | Perennial Fallow,Tropical,Moist,Western Africa,Perennial Fallow,6.57,6.57,2.595,10.545,,,,
,Tropical | Moist | Western Africa | Hedgerow,Tropical,Moist,Western Africa,Hedgerow,0.58,0.58,0.4343,0.7257,,,,
,Tropical | Moist | Western Africa | Multistrata,Tropical,Moist,Western Africa,Multistrata,3.7,3.7,2.8656,4.5344,,,,
,Tropical | Moist | Western Africa | Parkland,Tropical,Moist,Western Africa,Parkland,0.8,0.8,0.4578,1.1422,,,,
,Tropical | Moist | Western Africa | Shaded Perennial,Tropical,Moist,Western Africa,Shaded Perennial,2.26,2.26,1.6412,2.8788,,,,
,Tropical | Moist | Western Africa | Silvoarable,Tropical,Moist,Western Africa,Silvoarable,6.31,6.31,4.3249,8.2951,,,,
,Tropical | Moist | Western Africa | Silvopasture,Tropical,Moist,Western Africa,Silvopasture,3.7,3.7,1.8667,5.5333,,,,
,Tropical | Moist | Western Africa | Other Land,Tropical,Moist,Western Africa,Other Land,0,0,#N/A,#N/A,,,,
,Tropical | Moist | Western Africa | Olive,Tropical,Moist,Western Africa,Olive,0,0,#N/A,#N/A,,,,
,Tropical | Moist | Western Africa | Orchard,Tropical,Moist,Western Africa,Orchard,0,0,#N/A,#N/A,,,,
,Tropical | Moist | Western Africa | Short Rotation Coppice,Tropical,Moist,Western Africa,Short Rotation Coppice,0,0,#N/A,#N/A,,,,
,Tropical | Moist | Western Africa | Tea,Tropical,Moist,Western Africa,Tea,0.7,0.7,0.525,0.875,,,,
,Tropical | Moist | Western Africa | Vine,Tropical,Moist,Western Africa,Vine,0,0,#N/A,#N/A,,,,
,Tropical | Moist | Western Africa | Oil Palm,Tropical,Moist,Western Africa,Oil Palm,2.4,2.4,1.416,3.384,,,,
,Tropical | Moist | Western Africa | Rubber,Tropical,Moist,Western Africa,Rubber,3,3,2.61,3.39,,,,
,Tropical | Moist | Central Asia | Grains,Tropical,Moist,Central Asia,Grains,4.7,4.7,1.175,8.225,,,,
,Tropical | Moist | Central Asia | Maize,Tropical,Moist,Central Asia,Maize,4.7,4.7,1.175,8.225,,,,
,Tropical | Moist | Central Asia | Sugarcane,Tropical,Moist,Central Asia,Sugarcane,4.7,4.7,1.175,8.225,,,,
,Tropical | Moist | Central Asia | Wheat,Tropical,Moist,Central Asia,Wheat,4.7,4.7,1.175,8.225,,,,
,Tropical | Moist | Central Asia | Beans & Pulses,Tropical,Moist,Central Asia,Beans & Pulses,4.7,4.7,1.175,8.225,,,,
,Tropical | Moist | Central Asia | Tubers,Tropical,Moist,Central Asia,Tubers,4.7,4.7,1.175,8.225,,,,
,Tropical | Moist | Central Asia | Root Crops,Tropical,Moist,Central Asia,Root Crops,4.7,4.7,1.175,8.225,,,,
,Tropical | Moist | Central Asia | Barley,Tropical,Moist,Central Asia,Barley,4.7,4.7,1.175,8.225,,,,
,Tropical | Moist | Central Asia | Oats,Tropical,Moist,Central Asia,Oats,4.7,4.7,1.175,8.225,,,,
,Tropical | Moist | Central Asia | Millet,Tropical,Moist,Central Asia,Millet,4.7,4.7,1.175,8.225,,,,
,Tropical | Moist | Central Asia | Sorghum,Tropical,Moist,Central Asia,Sorghum,4.7,4.7,1.175,8.225,,,,
,Tropical | Moist | Central Asia | Rye,Tropical,Moist,Central Asia,Rye,4.7,4.7,1.175,8.225,,,,
,Tropical | Moist | Central Asia | Soybeans,Tropical,Moist,Central Asia,Soybeans,4.7,4.7,1.175,8.225,,,,
,Tropical | Moist | Central Asia | Dry Bean,Tropical,Moist,Central Asia,Dry Bean,4.7,4.7,1.175,8.225,,,,
,Tropical | Moist | Central Asia | Potatoes,Tropical,Moist,Central Asia,Potatoes,4.7,4.7,1.175,8.225,,,,
,Tropical | Moist | Central Asia | Peanuts,Tropical,Moist,Central Asia,Peanuts,4.7,4.7,1.175,8.225,,,,
,Tropical | Moist | Central Asia | Vegetables,Tropical,Moist,Central Asia,Vegetables,4.7,4.7,1.175,8.225,,,,
,Tropical | Moist | Central Asia | Oilseeds,Tropical,Moist,Central Asia,Oilseeds,4.7,4.7,1.175,8.225,,,,
,Tropical | Moist | Central Asia | Groundnuts,Tropical,Moist,Central Asia,Groundnuts,4.7,4.7,1.175,8.225,,,,
,Tropical | Moist | Central Asia | Annual Cropland,Tropical,Moist,Central Asia,Annual Cropland,4.7,4.7,1.175,8.225,,,,
,Tropical | Moist | Central Asia | Set Aside,Tropical,Moist,Central Asia,Set Aside,4.7,4.7,1.175,8.225,,,,
,Tropical | Moist | Central Asia | Flooded Rice,Tropical,Moist,Central Asia,Flooded Rice,4.7,4.7,1.175,8.225,,,,
,Tropical | Moist | Central Asia | Grassland,Tropical,Moist,Central Asia,Grassland,7.567,7.567,1.89175,13.24225,,,,
,Tropical | Moist | Central Asia | Other Land (Non-Vegetated),Tropical,Moist,Central Asia,Other Land (Non-Vegetated),0,0,#N/A,#N/A,,,,
,Tropical | Moist | Central Asia | Settlement,Tropical,Moist,Central Asia,Settlement,0,0,#N/A,#N/A,,,,
,Tropical | Moist | Central Asia | Agroforestry - Default,Tropical,Moist,Central Asia,Agroforestry - Default,2.875,2.875,1.144375,4.605625,,,,
,Tropical | Moist | Central Asia | Alley Cropping,Tropical,Moist,Central Asia,Alley Cropping,3.17,3.17,2.7297,3.6103,,,,
,Tropical | Moist | Central Asia | Perennial Fallow,Tropical,Moist,Central Asia,Perennial Fallow,6.57,6.57,2.595,10.545,,,,
,Tropical | Moist | Central Asia | Hedgerow,Tropical,Moist,Central Asia,Hedgerow,0.58,0.58,0.4343,0.7257,,,,
,Tropical | Moist | Central Asia | Multistrata,Tropical,Moist,Central Asia,Multistrata,3.76,3.76,2.851,4.669,,,,
,Tropical | Moist | Central Asia | Parkland,Tropical,Moist,Central Asia,Parkland,0.8,0.8,0.4578,1.1422,,,,
,Tropical | Moist | Central Asia | Shaded Perennial,Tropical,Moist,Central Asia,Shaded Perennial,2.57,2.57,1.8248,3.3152,,,,
,Tropical | Moist | Central Asia | Silvoarable,Tropical,Moist,Central Asia,Silvoarable,1.85,1.85,1.19,2.51,,,,
,Tropical | Moist | Central Asia | Silvopasture,Tropical,Moist,Central Asia,Silvopasture,3.7,3.7,1.8667,5.5333,,,,
,Tropical | Moist | Central Asia | Other Land,Tropical,Moist,Central Asia,Other Land,0,0,#N/A,#N/A,,,,
,Tropical | Moist | Central Asia | Olive,Tropical,Moist,Central Asia,Olive,0,0,#N/A,#N/A,,,,
,Tropical | Moist | Central Asia | Orchard,Tropical,Moist,Central Asia,Orchard,0,0,#N/A,#N/A,,,,
,Tropical | Moist | Central Asia | Short Rotation Coppice,Tropical,Moist,Central Asia,Short Rotation Coppice,0,0,#N/A,#N/A,,,,
,Tropical | Moist | Central Asia | Tea,Tropical,Moist,Central Asia,Tea,0.7,0.7,0.525,0.875,,,,
,Tropical | Moist | Central Asia | Vine,Tropical,Moist,Central Asia,Vine,0,0,#N/A,#N/A,,,,
,Tropical | Moist | Central Asia | Oil Palm,Tropical,Moist,Central Asia,Oil Palm,2.4,2.4,1.416,3.384,,,,
,Tropical | Moist | Central Asia | Rubber,Tropical,Moist,Central Asia,Rubber,3,3,2.61,3.39,,,,
,Tropical | Moist | Eastern Asia | Grains,Tropical,Moist,Eastern Asia,Grains,4.7,4.7,1.175,8.225,,,,
,Tropical | Moist | Eastern Asia | Maize,Tropical,Moist,Eastern Asia,Maize,4.7,4.7,1.175,8.225,,,,
,Tropical | Moist | Eastern Asia | Sugarcane,Tropical,Moist,Eastern Asia,Sugarcane,4.7,4.7,1.175,8.225,,,,
,Tropical | Moist | Eastern Asia | Wheat,Tropical,Moist,Eastern Asia,Wheat,4.7,4.7,1.175,8.225,,,,
,Tropical | Moist | Eastern Asia | Beans & Pulses,Tropical,Moist,Eastern Asia,Beans & Pulses,4.7,4.7,1.175,8.225,,,,
,Tropical | Moist | Eastern Asia | Tubers,Tropical,Moist,Eastern Asia,Tubers,4.7,4.7,1.175,8.225,,,,
,Tropical | Moist | Eastern Asia | Root Crops,Tropical,Moist,Eastern Asia,Root Crops,4.7,4.7,1.175,8.225,,,,
,Tropical | Moist | Eastern Asia | Barley,Tropical,Moist,Eastern Asia,Barley,4.7,4.7,1.175,8.225,,,,
,Tropical | Moist | Eastern Asia | Oats,Tropical,Moist,Eastern Asia,Oats,4.7,4.7,1.175,8.225,,,,
,Tropical | Moist | Eastern Asia | Millet,Tropical,Moist,Eastern Asia,Millet,4.7,4.7,1.175,8.225,,,,
,Tropical | Moist | Eastern Asia | Sorghum,Tropical,Moist,Eastern Asia,Sorghum,4.7,4.7,1.175,8.225,,,,
,Tropical | Moist | Eastern Asia | Rye,Tropical,Moist,Eastern Asia,Rye,4.7,4.7,1.175,8.225,,,,
,Tropical | Moist | Eastern Asia | Soybeans,Tropical,Moist,Eastern Asia,Soybeans,4.7,4.7,1.175,8.225,,,,
,Tropical | Moist | Eastern Asia | Dry Bean,Tropical,Moist,Eastern Asia,Dry Bean,4.7,4.7,1.175,8.225,,,,
,Tropical | Moist | Eastern Asia | Potatoes,Tropical,Moist,Eastern Asia,Potatoes,4.7,4.7,1.175,8.225,,,,
,Tropical | Moist | Eastern Asia | Peanuts,Tropical,Moist,Eastern Asia,Peanuts,4.7,4.7,1.175,8.225,,,,
,Tropical | Moist | Eastern Asia | Vegetables,Tropical,Moist,Eastern Asia,Vegetables,4.7,4.7,1.175,8.225,,,,
,Tropical | Moist | Eastern Asia | Oilseeds,Tropical,Moist,Eastern Asia,Oilseeds,4.7,4.7,1.175,8.225,,,,
,Tropical | Moist | Eastern Asia | Groundnuts,Tropical,Moist,Eastern Asia,Groundnuts,4.7,4.7,1.175,8.225,,,,
,Tropical | Moist | Eastern Asia | Annual Cropland,Tropical,Moist,Eastern Asia,Annual Cropland,4.7,4.7,1.175,8.225,,,,
,Tropical | Moist | Eastern Asia | Set Aside,Tropical,Moist,Eastern Asia,Set Aside,4.7,4.7,1.175,8.225,,,,
,Tropical | Moist | Eastern Asia | Flooded Rice,Tropical,Moist,Eastern Asia,Flooded Rice,4.7,4.7,1.175,8.225,,,,
,Tropical | Moist | Eastern Asia | Grassland,Tropical,Moist,Eastern Asia,Grassland,7.567,7.567,1.89175,13.24225,,,,
,Tropical | Moist | Eastern Asia | Other Land (Non-Vegetated),Tropical,Moist,Eastern Asia,Other Land (Non-Vegetated),0,0,#N/A,#N/A,,,,
,Tropical | Moist | Eastern Asia | Settlement,Tropical,Moist,Eastern Asia,Settlement,0,0,#N/A,#N/A,,,,
,Tropical | Moist | Eastern Asia | Agroforestry - Default,Tropical,Moist,Eastern Asia,Agroforestry - Default,2.875,2.875,1.144375,4.605625,,,,
,Tropical | Moist | Eastern Asia | Alley Cropping,Tropical,Moist,Eastern Asia,Alley Cropping,3.17,3.17,2.7297,3.6103,,,,
,Tropical | Moist | Eastern Asia | Perennial Fallow,Tropical,Moist,Eastern Asia,Perennial Fallow,6.57,6.57,2.595,10.545,,,,
,Tropical | Moist | Eastern Asia | Hedgerow,Tropical,Moist,Eastern Asia,Hedgerow,0.58,0.58,0.4343,0.7257,,,,
,Tropical | Moist | Eastern Asia | Multistrata,Tropical,Moist,Eastern Asia,Multistrata,3.76,3.76,2.851,4.669,,,,
,Tropical | Moist | Eastern Asia | Parkland,Tropical,Moist,Eastern Asia,Parkland,0.8,0.8,0.4578,1.1422,,,,
,Tropical | Moist | Eastern Asia | Shaded Perennial,Tropical,Moist,Eastern Asia,Shaded Perennial,2.57,2.57,1.8248,3.3152,,,,
,Tropical | Moist | Eastern Asia | Silvoarable,Tropical,Moist,Eastern Asia,Silvoarable,1.85,1.85,1.19,2.51,,,,
,Tropical | Moist | Eastern Asia | Silvopasture,Tropical,Moist,Eastern Asia,Silvopasture,3.7,3.7,1.8667,5.5333,,,,
,Tropical | Moist | Eastern Asia | Other Land,Tropical,Moist,Eastern Asia,Other Land,0,0,#N/A,#N/A,,,,
,Tropical | Moist | Eastern Asia | Olive,Tropical,Moist,Eastern Asia,Olive,0,0,#N/A,#N/A,,,,
,Tropical | Moist | Eastern Asia | Orchard,Tropical,Moist,Eastern Asia,Orchard,0,0,#N/A,#N/A,,,,
,Tropical | Moist | Eastern Asia | Short Rotation Coppice,Tropical,Moist,Eastern Asia,Short Rotation Coppice,0,0,#N/A,#N/A,,,,
,Tropical | Moist | Eastern Asia | Tea,Tropical,Moist,Eastern Asia,Tea,0.7,0.7,0.525,0.875,,,,
,Tropical | Moist | Eastern Asia | Vine,Tropical,Moist,Eastern Asia,Vine,0,0,#N/A,#N/A,,,,
,Tropical | Moist | Eastern Asia | Oil Palm,Tropical,Moist,Eastern Asia,Oil Palm,2.4,2.4,1.416,3.384,,,,
,Tropical | Moist | Eastern Asia | Rubber,Tropical,Moist,Eastern Asia,Rubber,3,3,2.61,3.39,,,,
,Tropical | Moist | South-Eastern Asia | Grains,Tropical,Moist,South-Eastern Asia,Grains,4.7,4.7,1.175,8.225,,,,
,Tropical | Moist | South-Eastern Asia | Maize,Tropical,Moist,South-Eastern Asia,Maize,4.7,4.7,1.175,8.225,,,,
,Tropical | Moist | South-Eastern Asia | Sugarcane,Tropical,Moist,South-Eastern Asia,Sugarcane,4.7,4.7,1.175,8.225,,,,
,Tropical | Moist | South-Eastern Asia | Wheat,Tropical,Moist,South-Eastern Asia,Wheat,4.7,4.7,1.175,8.225,,,,
,Tropical | Moist | South-Eastern Asia | Beans & Pulses,Tropical,Moist,South-Eastern Asia,Beans & Pulses,4.7,4.7,1.175,8.225,,,,
,Tropical | Moist | South-Eastern Asia | Tubers,Tropical,Moist,South-Eastern Asia,Tubers,4.7,4.7,1.175,8.225,,,,
,Tropical | Moist | South-Eastern Asia | Root Crops,Tropical,Moist,South-Eastern Asia,Root Crops,4.7,4.7,1.175,8.225,,,,
,Tropical | Moist | South-Eastern Asia | Barley,Tropical,Moist,South-Eastern Asia,Barley,4.7,4.7,1.175,8.225,,,,
,Tropical | Moist | South-Eastern Asia | Oats,Tropical,Moist,South-Eastern Asia,Oats,4.7,4.7,1.175,8.225,,,,
,Tropical | Moist | South-Eastern Asia | Millet,Tropical,Moist,South-Eastern Asia,Millet,4.7,4.7,1.175,8.225,,,,
,Tropical | Moist | South-Eastern Asia | Sorghum,Tropical,Moist,South-Eastern Asia,Sorghum,4.7,4.7,1.175,8.225,,,,
,Tropical | Moist | South-Eastern Asia | Rye,Tropical,Moist,South-Eastern Asia,Rye,4.7,4.7,1.175,8.225,,,,
,Tropical | Moist | South-Eastern Asia | Soybeans,Tropical,Moist,South-Eastern Asia,Soybeans,4.7,4.7,1.175,8.225,,,,
,Tropical | Moist | South-Eastern Asia | Dry Bean,Tropical,Moist,South-Eastern Asia,Dry Bean,4.7,4.7,1.175,8.225,,,,
,Tropical | Moist | South-Eastern Asia | Potatoes,Tropical,Moist,South-Eastern Asia,Potatoes,4.7,4.7,1.175,8.225,,,,
,Tropical | Moist | South-Eastern Asia | Peanuts,Tropical,Moist,South-Eastern Asia,Peanuts,4.7,4.7,1.175,8.225,,,,
,Tropical | Moist | South-Eastern Asia | Vegetables,Tropical,Moist,South-Eastern Asia,Vegetables,4.7,4.7,1.175,8.225,,,,
,Tropical | Moist | South-Eastern Asia | Oilseeds,Tropical,Moist,South-Eastern Asia,Oilseeds,4.7,4.7,1.175,8.225,,,,
,Tropical | Moist | South-Eastern Asia | Groundnuts,Tropical,Moist,South-Eastern Asia,Groundnuts,4.7,4.7,1.175,8.225,,,,
,Tropical | Moist | South-Eastern Asia | Annual Cropland,Tropical,Moist,South-Eastern Asia,Annual Cropland,4.7,4.7,1.175,8.225,,,,
,Tropical | Moist | South-Eastern Asia | Set Aside,Tropical,Moist,South-Eastern Asia,Set Aside,4.7,4.7,1.175,8.225,,,,
,Tropical | Moist | South-Eastern Asia | Flooded Rice,Tropical,Moist,South-Eastern Asia,Flooded Rice,4.7,4.7,1.175,8.225,,,,
,Tropical | Moist | South-Eastern Asia | Grassland,Tropical,Moist,South-Eastern Asia,Grassland,7.567,7.567,1.89175,13.24225,,,,
,Tropical | Moist | South-Eastern Asia | Other Land (Non-Vegetated),Tropical,Moist,South-Eastern Asia,Other Land (Non-Vegetated),0,0,#N/A,#N/A,,,,
,Tropical | Moist | South-Eastern Asia | Settlement,Tropical,Moist,South-Eastern Asia,Settlement,0,0,#N/A,#N/A,,,,
,Tropical | Moist | South-Eastern Asia | Agroforestry - Default,Tropical,Moist,South-Eastern Asia,Agroforestry - Default,2.875,2.875,1.144375,4.605625,,,,
,Tropical | Moist | South-Eastern Asia | Alley Cropping,Tropical,Moist,South-Eastern Asia,Alley Cropping,3.17,3.17,2.7297,3.6103,,,,
,Tropical | Moist | South-Eastern Asia | Perennial Fallow,Tropical,Moist,South-Eastern Asia,Perennial Fallow,6.57,6.57,2.595,10.545,,,,
,Tropical | Moist | South-Eastern Asia | Hedgerow,Tropical,Moist,South-Eastern Asia,Hedgerow,0.58,0.58,0.4343,0.7257,,,,
,Tropical | Moist | South-Eastern Asia | Multistrata,Tropical,Moist,South-Eastern Asia,Multistrata,3.76,3.76,2.851,4.669,,,,
,Tropical | Moist | South-Eastern Asia | Parkland,Tropical,Moist,South-Eastern Asia,Parkland,0.8,0.8,0.4578,1.1422,,,,
,Tropical | Moist | South-Eastern Asia | Shaded Perennial,Tropical,Moist,South-Eastern Asia,Shaded Perennial,2.57,2.57,1.8248,3.3152,,,,
,Tropical | Moist | South-Eastern Asia | Silvoarable,Tropical,Moist,South-Eastern Asia,Silvoarable,1.85,1.85,1.19,2.51,,,,
,Tropical | Moist | South-Eastern Asia | Silvopasture,Tropical,Moist,South-Eastern Asia,Silvopasture,3.7,3.7,1.8667,5.5333,,,,
,Tropical | Moist | South-Eastern Asia | Other Land,Tropical,Moist,South-Eastern Asia,Other Land,0,0,#N/A,#N/A,,,,
,Tropical | Moist | South-Eastern Asia | Olive,Tropical,Moist,South-Eastern Asia,Olive,0,0,#N/A,#N/A,,,,
,Tropical | Moist | South-Eastern Asia | Orchard,Tropical,Moist,South-Eastern Asia,Orchard,0,0,#N/A,#N/A,,,,
,Tropical | Moist | South-Eastern Asia | Short Rotation Coppice,Tropical,Moist,South-Eastern Asia,Short Rotation Coppice,0,0,#N/A,#N/A,,,,
,Tropical | Moist | South-Eastern Asia | Tea,Tropical,Moist,South-Eastern Asia,Tea,0.7,0.7,0.525,0.875,,,,
,Tropical | Moist | South-Eastern Asia | Vine,Tropical,Moist,South-Eastern Asia,Vine,0,0,#N/A,#N/A,,,,
,Tropical | Moist | South-Eastern Asia | Oil Palm,Tropical,Moist,South-Eastern Asia,Oil Palm,2.4,2.4,1.416,3.384,,,,
,Tropical | Moist | South-Eastern Asia | Rubber,Tropical,Moist,South-Eastern Asia,Rubber,3,3,2.61,3.39,,,,
,Tropical | Moist | Southern Asia | Grains,Tropical,Moist,Southern Asia,Grains,4.7,4.7,1.175,8.225,,,,
,Tropical | Moist | Southern Asia | Maize,Tropical,Moist,Southern Asia,Maize,4.7,4.7,1.175,8.225,,,,
,Tropical | Moist | Southern Asia | Sugarcane,Tropical,Moist,Southern Asia,Sugarcane,4.7,4.7,1.175,8.225,,,,
,Tropical | Moist | Southern Asia | Wheat,Tropical,Moist,Southern Asia,Wheat,4.7,4.7,1.175,8.225,,,,
,Tropical | Moist | Southern Asia | Beans & Pulses,Tropical,Moist,Southern Asia,Beans & Pulses,4.7,4.7,1.175,8.225,,,,
,Tropical | Moist | Southern Asia | Tubers,Tropical,Moist,Southern Asia,Tubers,4.7,4.7,1.175,8.225,,,,
,Tropical | Moist | Southern Asia | Root Crops,Tropical,Moist,Southern Asia,Root Crops,4.7,4.7,1.175,8.225,,,,
,Tropical | Moist | Southern Asia | Barley,Tropical,Moist,Southern Asia,Barley,4.7,4.7,1.175,8.225,,,,
,Tropical | Moist | Southern Asia | Oats,Tropical,Moist,Southern Asia,Oats,4.7,4.7,1.175,8.225,,,,
,Tropical | Moist | Southern Asia | Millet,Tropical,Moist,Southern Asia,Millet,4.7,4.7,1.175,8.225,,,,
,Tropical | Moist | Southern Asia | Sorghum,Tropical,Moist,Southern Asia,Sorghum,4.7,4.7,1.175,8.225,,,,
,Tropical | Moist | Southern Asia | Rye,Tropical,Moist,Southern Asia,Rye,4.7,4.7,1.175,8.225,,,,
,Tropical | Moist | Southern Asia | Soybeans,Tropical,Moist,Southern Asia,Soybeans,4.7,4.7,1.175,8.225,,,,
,Tropical | Moist | Southern Asia | Dry Bean,Tropical,Moist,Southern Asia,Dry Bean,4.7,4.7,1.175,8.225,,,,
,Tropical | Moist | Southern Asia | Potatoes,Tropical,Moist,Southern Asia,Potatoes,4.7,4.7,1.175,8.225,,,,
,Tropical | Moist | Southern Asia | Peanuts,Tropical,Moist,Southern Asia,Peanuts,4.7,4.7,1.175,8.225,,,,
,Tropical | Moist | Southern Asia | Vegetables,Tropical,Moist,Southern Asia,Vegetables,4.7,4.7,1.175,8.225,,,,
,Tropical | Moist | Southern Asia | Oilseeds,Tropical,Moist,Southern Asia,Oilseeds,4.7,4.7,1.175,8.225,,,,
,Tropical | Moist | Southern Asia | Groundnuts,Tropical,Moist,Southern Asia,Groundnuts,4.7,4.7,1.175,8.225,,,,
,Tropical | Moist | Southern Asia | Annual Cropland,Tropical,Moist,Southern Asia,Annual Cropland,4.7,4.7,1.175,8.225,,,,
,Tropical | Moist | Southern Asia | Set Aside,Tropical,Moist,Southern Asia,Set Aside,4.7,4.7,1.175,8.225,,,,
,Tropical | Moist | Southern Asia | Flooded Rice,Tropical,Moist,Southern Asia,Flooded Rice,4.7,4.7,1.175,8.225,,,,
,Tropical | Moist | Southern Asia | Grassland,Tropical,Moist,Southern Asia,Grassland,7.567,7.567,1.89175,13.24225,,,,
,Tropical | Moist | Southern Asia | Other Land (Non-Vegetated),Tropical,Moist,Southern Asia,Other Land (Non-Vegetated),0,0,#N/A,#N/A,,,,
,Tropical | Moist | Southern Asia | Settlement,Tropical,Moist,Southern Asia,Settlement,0,0,#N/A,#N/A,,,,
,Tropical | Moist | Southern Asia | Agroforestry - Default,Tropical,Moist,Southern Asia,Agroforestry - Default,2.875,2.875,1.144375,4.605625,,,,
,Tropical | Moist | Southern Asia | Alley Cropping,Tropical,Moist,Southern Asia,Alley Cropping,3.17,3.17,2.7297,3.6103,,,,
,Tropical | Moist | Southern Asia | Perennial Fallow,Tropical,Moist,Southern Asia,Perennial Fallow,6.57,6.57,2.595,10.545,,,,
,Tropical | Moist | Southern Asia | Hedgerow,Tropical,Moist,Southern Asia,Hedgerow,0.58,0.58,0.4343,0.7257,,,,
,Tropical | Moist | Southern Asia | Multistrata,Tropical,Moist,Southern Asia,Multistrata,3.76,3.76,2.851,4.669,,,,
,Tropical | Moist | Southern Asia | Parkland,Tropical,Moist,Southern Asia,Parkland,0.8,0.8,0.4578,1.1422,,,,
,Tropical | Moist | Southern Asia | Shaded Perennial,Tropical,Moist,Southern Asia,Shaded Perennial,2.57,2.57,1.8248,3.3152,,,,
,Tropical | Moist | Southern Asia | Silvoarable,Tropical,Moist,Southern Asia,Silvoarable,1.85,1.85,1.19,2.51,,,,
,Tropical | Moist | Southern Asia | Silvopasture,Tropical,Moist,Southern Asia,Silvopasture,3.7,3.7,1.8667,5.5333,,,,
,Tropical | Moist | Southern Asia | Other Land,Tropical,Moist,Southern Asia,Other Land,0,0,#N/A,#N/A,,,,
,Tropical | Moist | Southern Asia | Olive,Tropical,Moist,Southern Asia,Olive,0,0,#N/A,#N/A,,,,
,Tropical | Moist | Southern Asia | Orchard,Tropical,Moist,Southern Asia,Orchard,0,0,#N/A,#N/A,,,,
,Tropical | Moist | Southern Asia | Short Rotation Coppice,Tropical,Moist,Southern Asia,Short Rotation Coppice,0,0,#N/A,#N/A,,,,
,Tropical | Moist | Southern Asia | Tea,Tropical,Moist,Southern Asia,Tea,0.7,0.7,0.525,0.875,,,,
,Tropical | Moist | Southern Asia | Vine,Tropical,Moist,Southern Asia,Vine,0,0,#N/A,#N/A,,,,
,Tropical | Moist | Southern Asia | Oil Palm,Tropical,Moist,Southern Asia,Oil Palm,2.4,2.4,1.416,3.384,,,,
,Tropical | Moist | Southern Asia | Rubber,Tropical,Moist,Southern Asia,Rubber,3,3,2.61,3.39,,,,
,Tropical | Moist | Western Asia | Grains,Tropical,Moist,Western Asia,Grains,4.7,4.7,1.175,8.225,,,,
,Tropical | Moist | Western Asia | Maize,Tropical,Moist,Western Asia,Maize,4.7,4.7,1.175,8.225,,,,
,Tropical | Moist | Western Asia | Sugarcane,Tropical,Moist,Western Asia,Sugarcane,4.7,4.7,1.175,8.225,,,,
,Tropical | Moist | Western Asia | Wheat,Tropical,Moist,Western Asia,Wheat,4.7,4.7,1.175,8.225,,,,
,Tropical | Moist | Western Asia | Beans & Pulses,Tropical,Moist,Western Asia,Beans & Pulses,4.7,4.7,1.175,8.225,,,,
,Tropical | Moist | Western Asia | Tubers,Tropical,Moist,Western Asia,Tubers,4.7,4.7,1.175,8.225,,,,
,Tropical | Moist | Western Asia | Root Crops,Tropical,Moist,Western Asia,Root Crops,4.7,4.7,1.175,8.225,,,,
,Tropical | Moist | Western Asia | Barley,Tropical,Moist,Western Asia,Barley,4.7,4.7,1.175,8.225,,,,
,Tropical | Moist | Western Asia | Oats,Tropical,Moist,Western Asia,Oats,4.7,4.7,1.175,8.225,,,,
,Tropical | Moist | Western Asia | Millet,Tropical,Moist,Western Asia,Millet,4.7,4.7,1.175,8.225,,,,
,Tropical | Moist | Western Asia | Sorghum,Tropical,Moist,Western Asia,Sorghum,4.7,4.7,1.175,8.225,,,,
,Tropical | Moist | Western Asia | Rye,Tropical,Moist,Western Asia,Rye,4.7,4.7,1.175,8.225,,,,
,Tropical | Moist | Western Asia | Soybeans,Tropical,Moist,Western Asia,Soybeans,4.7,4.7,1.175,8.225,,,,
,Tropical | Moist | Western Asia | Dry Bean,Tropical,Moist,Western Asia,Dry Bean,4.7,4.7,1.175,8.225,,,,
,Tropical | Moist | Western Asia | Potatoes,Tropical,Moist,Western Asia,Potatoes,4.7,4.7,1.175,8.225,,,,
,Tropical | Moist | Western Asia | Peanuts,Tropical,Moist,Western Asia,Peanuts,4.7,4.7,1.175,8.225,,,,
,Tropical | Moist | Western Asia | Vegetables,Tropical,Moist,Western Asia,Vegetables,4.7,4.7,1.175,8.225,,,,
,Tropical | Moist | Western Asia | Oilseeds,Tropical,Moist,Western Asia,Oilseeds,4.7,4.7,1.175,8.225,,,,
,Tropical | Moist | Western Asia | Groundnuts,Tropical,Moist,Western Asia,Groundnuts,4.7,4.7,1.175,8.225,,,,
,Tropical | Moist | Western Asia | Annual Cropland,Tropical,Moist,Western Asia,Annual Cropland,4.7,4.7,1.175,8.225,,,,
,Tropical | Moist | Western Asia | Set Aside,Tropical,Moist,Western Asia,Set Aside,4.7,4.7,1.175,8.225,,,,
,Tropical | Moist | Western Asia | Flooded Rice,Tropical,Moist,Western Asia,Flooded Rice,4.7,4.7,1.175,8.225,,,,
,Tropical | Moist | Western Asia | Grassland,Tropical,Moist,Western Asia,Grassland,7.567,7.567,1.89175,13.24225,,,,
,Tropical | Moist | Western Asia | Other Land (Non-Vegetated),Tropical,Moist,Western Asia,Other Land (Non-Vegetated),0,0,#N/A,#N/A,,,,
,Tropical | Moist | Western Asia | Settlement,Tropical,Moist,Western Asia,Settlement,0,0,#N/A,#N/A,,,,
,Tropical | Moist | Western Asia | Agroforestry - Default,Tropical,Moist,Western Asia,Agroforestry - Default,2.875,2.875,1.144375,4.605625,,,,
,Tropical | Moist | Western Asia | Alley Cropping,Tropical,Moist,Western Asia,Alley Cropping,3.17,3.17,2.7297,3.6103,,,,
,Tropical | Moist | Western Asia | Perennial Fallow,Tropical,Moist,Western Asia,Perennial Fallow,6.57,6.57,2.595,10.545,,,,
,Tropical | Moist | Western Asia | Hedgerow,Tropical,Moist,Western Asia,Hedgerow,0.58,0.58,0.4343,0.7257,,,,
,Tropical | Moist | Western Asia | Multistrata,Tropical,Moist,Western Asia,Multistrata,3.76,3.76,2.851,4.669,,,,
,Tropical | Moist | Western Asia | Parkland,Tropical,Moist,Western Asia,Parkland,0.8,0.8,0.4578,1.1422,,,,
,Tropical | Moist | Western Asia | Shaded Perennial,Tropical,Moist,Western Asia,Shaded Perennial,2.57,2.57,1.8248,3.3152,,,,
,Tropical | Moist | Western Asia | Silvoarable,Tropical,Moist,Western Asia,Silvoarable,1.85,1.85,1.19,2.51,,,,
,Tropical | Moist | Western Asia | Silvopasture,Tropical,Moist,Western Asia,Silvopasture,3.7,3.7,1.8667,5.5333,,,,
,Tropical | Moist | Western Asia | Other Land,Tropical,Moist,Western Asia,Other Land,0,0,#N/A,#N/A,,,,
,Tropical | Moist | Western Asia | Olive,Tropical,Moist,Western Asia,Olive,0,0,#N/A,#N/A,,,,
,Tropical | Moist | Western Asia | Orchard,Tropical,Moist,Western Asia,Orchard,0,0,#N/A,#N/A,,,,
,Tropical | Moist | Western Asia | Short Rotation Coppice,Tropical,Moist,Western Asia,Short Rotation Coppice,0,0,#N/A,#N/A,,,,
,Tropical | Moist | Western Asia | Tea,Tropical,Moist,Western Asia,Tea,0.7,0.7,0.525,0.875,,,,
,Tropical | Moist | Western Asia | Vine,Tropical,Moist,Western Asia,Vine,0,0,#N/A,#N/A,,,,
,Tropical | Moist | Western Asia | Oil Palm,Tropical,Moist,Western Asia,Oil Palm,2.4,2.4,1.416,3.384,,,,
,Tropical | Moist | Western Asia | Rubber,Tropical,Moist,Western Asia,Rubber,3,3,2.61,3.39,,,,
,Tropical | Moist | Europe | Grains,Tropical,Moist,Europe,Grains,4.7,4.7,1.175,8.225,,,,
,Tropical | Moist | Europe | Maize,Tropical,Moist,Europe,Maize,4.7,4.7,1.175,8.225,,,,
,Tropical | Moist | Europe | Sugarcane,Tropical,Moist,Europe,Sugarcane,4.7,4.7,1.175,8.225,,,,
,Tropical | Moist | Europe | Wheat,Tropical,Moist,Europe,Wheat,4.7,4.7,1.175,8.225,,,,
,Tropical | Moist | Europe | Beans & Pulses,Tropical,Moist,Europe,Beans & Pulses,4.7,4.7,1.175,8.225,,,,
,Tropical | Moist | Europe | Tubers,Tropical,Moist,Europe,Tubers,4.7,4.7,1.175,8.225,,,,
,Tropical | Moist | Europe | Root Crops,Tropical,Moist,Europe,Root Crops,4.7,4.7,1.175,8.225,,,,
,Tropical | Moist | Europe | Barley,Tropical,Moist,Europe,Barley,4.7,4.7,1.175,8.225,,,,
,Tropical | Moist | Europe | Oats,Tropical,Moist,Europe,Oats,4.7,4.7,1.175,8.225,,,,
,Tropical | Moist | Europe | Millet,Tropical,Moist,Europe,Millet,4.7,4.7,1.175,8.225,,,,
,Tropical | Moist | Europe | Sorghum,Tropical,Moist,Europe,Sorghum,4.7,4.7,1.175,8.225,,,,
,Tropical | Moist | Europe | Rye,Tropical,Moist,Europe,Rye,4.7,4.7,1.175,8.225,,,,
,Tropical | Moist | Europe | Soybeans,Tropical,Moist,Europe,Soybeans,4.7,4.7,1.175,8.225,,,,
,Tropical | Moist | Europe | Dry Bean,Tropical,Moist,Europe,Dry Bean,4.7,4.7,1.175,8.225,,,,
,Tropical | Moist | Europe | Potatoes,Tropical,Moist,Europe,Potatoes,4.7,4.7,1.175,8.225,,,,
,Tropical | Moist | Europe | Peanuts,Tropical,Moist,Europe,Peanuts,4.7,4.7,1.175,8.225,,,,
,Tropical | Moist | Europe | Vegetables,Tropical,Moist,Europe,Vegetables,4.7,4.7,1.175,8.225,,,,
,Tropical | Moist | Europe | Oilseeds,Tropical,Moist,Europe,Oilseeds,4.7,4.7,1.175,8.225,,,,
,Tropical | Moist | Europe | Groundnuts,Tropical,Moist,Europe,Groundnuts,4.7,4.7,1.175,8.225,,,,
,Tropical | Moist | Europe | Annual Cropland,Tropical,Moist,Europe,Annual Cropland,4.7,4.7,1.175,8.225,,,,
,Tropical | Moist | Europe | Set Aside,Tropical,Moist,Europe,Set Aside,4.7,4.7,1.175,8.225,,,,
,Tropical | Moist | Europe | Flooded Rice,Tropical,Moist,Europe,Flooded Rice,4.7,4.7,1.175,8.225,,,,
,Tropical | Moist | Europe | Grassland,Tropical,Moist,Europe,Grassland,7.567,7.567,1.89175,13.24225,,,,
,Tropical | Moist | Europe | Other Land (Non-Vegetated),Tropical,Moist,Europe,Other Land (Non-Vegetated),0,0,#N/A,#N/A,,,,
,Tropical | Moist | Europe | Settlement,Tropical,Moist,Europe,Settlement,0,0,#N/A,#N/A,,,,
,Tropical | Moist | Europe | Agroforestry - Default,Tropical,Moist,Europe,Agroforestry - Default,3.1025,3.1025,1.233125,4.971875,,,,
,Tropical | Moist | Europe | Alley Cropping,Tropical,Moist,Europe,Alley Cropping,3.17,3.17,2.7297,3.6103,,,,
,Tropical | Moist | Europe | Perennial Fallow,Tropical,Moist,Europe,Perennial Fallow,6.57,6.57,2.595,10.545,,,,
,Tropical | Moist | Europe | Hedgerow,Tropical,Moist,Europe,Hedgerow,0.58,0.58,0.4343,0.7257,,,,
,Tropical | Moist | Europe | Multistrata,Tropical,Moist,Europe,Multistrata,3.75,3.75,2.9648,4.5352,,,,
,Tropical | Moist | Europe | Parkland,Tropical,Moist,Europe,Parkland,0.8,0.8,0.4578,1.1422,,,,
,Tropical | Moist | Europe | Shaded Perennial,Tropical,Moist,Europe,Shaded Perennial,3,3,2.028,3.972,,,,
,Tropical | Moist | Europe | Silvoarable,Tropical,Moist,Europe,Silvoarable,3.25,3.25,2.1454,4.3546,,,,
,Tropical | Moist | Europe | Silvopasture,Tropical,Moist,Europe,Silvopasture,3.7,3.7,1.8667,5.5333,,,,
,Tropical | Moist | Europe | Other Land,Tropical,Moist,Europe,Other Land,0,0,#N/A,#N/A,,,,
,Tropical | Moist | Europe | Olive,Tropical,Moist,Europe,Olive,0,0,#N/A,#N/A,,,,
,Tropical | Moist | Europe | Orchard,Tropical,Moist,Europe,Orchard,0,0,#N/A,#N/A,,,,
,Tropical | Moist | Europe | Short Rotation Coppice,Tropical,Moist,Europe,Short Rotation Coppice,0,0,#N/A,#N/A,,,,
,Tropical | Moist | Europe | Tea,Tropical,Moist,Europe,Tea,0.7,0.7,0.525,0.875,,,,
,Tropical | Moist | Europe | Vine,Tropical,Moist,Europe,Vine,0,0,#N/A,#N/A,,,,
,Tropical | Moist | Europe | Oil Palm,Tropical,Moist,Europe,Oil Palm,2.4,2.4,1.416,3.384,,,,
,Tropical | Moist | Europe | Rubber,Tropical,Moist,Europe,Rubber,3,3,2.61,3.39,,,,
,Tropical | Moist | Oceania | Grains,Tropical,Moist,Oceania,Grains,4.7,4.7,1.175,8.225,,,,
,Tropical | Moist | Oceania | Maize,Tropical,Moist,Oceania,Maize,4.7,4.7,1.175,8.225,,,,
,Tropical | Moist | Oceania | Sugarcane,Tropical,Moist,Oceania,Sugarcane,4.7,4.7,1.175,8.225,,,,
,Tropical | Moist | Oceania | Wheat,Tropical,Moist,Oceania,Wheat,4.7,4.7,1.175,8.225,,,,
,Tropical | Moist | Oceania | Beans & Pulses,Tropical,Moist,Oceania,Beans & Pulses,4.7,4.7,1.175,8.225,,,,
,Tropical | Moist | Oceania | Tubers,Tropical,Moist,Oceania,Tubers,4.7,4.7,1.175,8.225,,,,
,Tropical | Moist | Oceania | Root Crops,Tropical,Moist,Oceania,Root Crops,4.7,4.7,1.175,8.225,,,,
,Tropical | Moist | Oceania | Barley,Tropical,Moist,Oceania,Barley,4.7,4.7,1.175,8.225,,,,
,Tropical | Moist | Oceania | Oats,Tropical,Moist,Oceania,Oats,4.7,4.7,1.175,8.225,,,,
,Tropical | Moist | Oceania | Millet,Tropical,Moist,Oceania,Millet,4.7,4.7,1.175,8.225,,,,
,Tropical | Moist | Oceania | Sorghum,Tropical,Moist,Oceania,Sorghum,4.7,4.7,1.175,8.225,,,,
,Tropical | Moist | Oceania | Rye,Tropical,Moist,Oceania,Rye,4.7,4.7,1.175,8.225,,,,
,Tropical | Moist | Oceania | Soybeans,Tropical,Moist,Oceania,Soybeans,4.7,4.7,1.175,8.225,,,,
,Tropical | Moist | Oceania | Dry Bean,Tropical,Moist,Oceania,Dry Bean,4.7,4.7,1.175,8.225,,,,
,Tropical | Moist | Oceania | Potatoes,Tropical,Moist,Oceania,Potatoes,4.7,4.7,1.175,8.225,,,,
,Tropical | Moist | Oceania | Peanuts,Tropical,Moist,Oceania,Peanuts,4.7,4.7,1.175,8.225,,,,
,Tropical | Moist | Oceania | Vegetables,Tropical,Moist,Oceania,Vegetables,4.7,4.7,1.175,8.225,,,,
,Tropical | Moist | Oceania | Oilseeds,Tropical,Moist,Oceania,Oilseeds,4.7,4.7,1.175,8.225,,,,
,Tropical | Moist | Oceania | Groundnuts,Tropical,Moist,Oceania,Groundnuts,4.7,4.7,1.175,8.225,,,,
,Tropical | Moist | Oceania | Annual Cropland,Tropical,Moist,Oceania,Annual Cropland,4.7,4.7,1.175,8.225,,,,
,Tropical | Moist | Oceania | Set Aside,Tropical,Moist,Oceania,Set Aside,4.7,4.7,1.175,8.225,,,,
,Tropical | Moist | Oceania | Flooded Rice,Tropical,Moist,Oceania,Flooded Rice,4.7,4.7,1.175,8.225,,,,
,Tropical | Moist | Oceania | Grassland,Tropical,Moist,Oceania,Grassland,7.567,7.567,1.89175,13.24225,,,,
,Tropical | Moist | Oceania | Other Land (Non-Vegetated),Tropical,Moist,Oceania,Other Land (Non-Vegetated),0,0,#N/A,#N/A,,,,
,Tropical | Moist | Oceania | Settlement,Tropical,Moist,Oceania,Settlement,0,0,#N/A,#N/A,,,,
,Tropical | Moist | Oceania | Agroforestry - Default,Tropical,Moist,Oceania,Agroforestry - Default,3.1025,3.1025,1.233125,4.971875,,,,
,Tropical | Moist | Oceania | Alley Cropping,Tropical,Moist,Oceania,Alley Cropping,3.17,3.17,2.7297,3.6103,,,,
,Tropical | Moist | Oceania | Perennial Fallow,Tropical,Moist,Oceania,Perennial Fallow,6.57,6.57,2.595,10.545,,,,
,Tropical | Moist | Oceania | Hedgerow,Tropical,Moist,Oceania,Hedgerow,0.58,0.58,0.4343,0.7257,,,,
,Tropical | Moist | Oceania | Multistrata,Tropical,Moist,Oceania,Multistrata,3.75,3.75,2.9648,4.5352,,,,
,Tropical | Moist | Oceania | Parkland,Tropical,Moist,Oceania,Parkland,0.8,0.8,0.4578,1.1422,,,,
,Tropical | Moist | Oceania | Shaded Perennial,Tropical,Moist,Oceania,Shaded Perennial,3,3,2.028,3.972,,,,
,Tropical | Moist | Oceania | Silvoarable,Tropical,Moist,Oceania,Silvoarable,3.25,3.25,2.1454,4.3546,,,,
,Tropical | Moist | Oceania | Silvopasture,Tropical,Moist,Oceania,Silvopasture,3.7,3.7,1.8667,5.5333,,,,
,Tropical | Moist | Oceania | Other Land,Tropical,Moist,Oceania,Other Land,0,0,#N/A,#N/A,,,,
,Tropical | Moist | Oceania | Olive,Tropical,Moist,Oceania,Olive,0,0,#N/A,#N/A,,,,
,Tropical | Moist | Oceania | Orchard,Tropical,Moist,Oceania,Orchard,0,0,#N/A,#N/A,,,,
,Tropical | Moist | Oceania | Short Rotation Coppice,Tropical,Moist,Oceania,Short Rotation Coppice,0,0,#N/A,#N/A,,,,
,Tropical | Moist | Oceania | Tea,Tropical,Moist,Oceania,Tea,0.7,0.7,0.525,0.875,,,,
,Tropical | Moist | Oceania | Vine,Tropical,Moist,Oceania,Vine,0,0,#N/A,#N/A,,,,
,Tropical | Moist | Oceania | Oil Palm,Tropical,Moist,Oceania,Oil Palm,2.4,2.4,1.416,3.384,,,,
,Tropical | Moist | Oceania | Rubber,Tropical,Moist,Oceania,Rubber,3,3,2.61,3.39,,,,
,Tropical | Moist | North America | Grains,Tropical,Moist,North America,Grains,4.7,4.7,1.175,8.225,,,,
,Tropical | Moist | North America | Maize,Tropical,Moist,North America,Maize,4.7,4.7,1.175,8.225,,,,
,Tropical | Moist | North America | Sugarcane,Tropical,Moist,North America,Sugarcane,4.7,4.7,1.175,8.225,,,,
,Tropical | Moist | North America | Wheat,Tropical,Moist,North America,Wheat,4.7,4.7,1.175,8.225,,,,
,Tropical | Moist | North America | Beans & Pulses,Tropical,Moist,North America,Beans & Pulses,4.7,4.7,1.175,8.225,,,,
,Tropical | Moist | North America | Tubers,Tropical,Moist,North America,Tubers,4.7,4.7,1.175,8.225,,,,
,Tropical | Moist | North America | Root Crops,Tropical,Moist,North America,Root Crops,4.7,4.7,1.175,8.225,,,,
,Tropical | Moist | North America | Barley,Tropical,Moist,North America,Barley,4.7,4.7,1.175,8.225,,,,
,Tropical | Moist | North America | Oats,Tropical,Moist,North America,Oats,4.7,4.7,1.175,8.225,,,,
,Tropical | Moist | North America | Millet,Tropical,Moist,North America,Millet,4.7,4.7,1.175,8.225,,,,
,Tropical | Moist | North America | Sorghum,Tropical,Moist,North America,Sorghum,4.7,4.7,1.175,8.225,,,,
,Tropical | Moist | North America | Rye,Tropical,Moist,North America,Rye,4.7,4.7,1.175,8.225,,,,
,Tropical | Moist | North America | Soybeans,Tropical,Moist,North America,Soybeans,4.7,4.7,1.175,8.225,,,,
,Tropical | Moist | North America | Dry Bean,Tropical,Moist,North America,Dry Bean,4.7,4.7,1.175,8.225,,,,
,Tropical | Moist | North America | Potatoes,Tropical,Moist,North America,Potatoes,4.7,4.7,1.175,8.225,,,,
,Tropical | Moist | North America | Peanuts,Tropical,Moist,North America,Peanuts,4.7,4.7,1.175,8.225,,,,
,Tropical | Moist | North America | Vegetables,Tropical,Moist,North America,Vegetables,4.7,4.7,1.175,8.225,,,,
,Tropical | Moist | North America | Oilseeds,Tropical,Moist,North America,Oilseeds,4.7,4.7,1.175,8.225,,,,
,Tropical | Moist | North America | Groundnuts,Tropical,Moist,North America,Groundnuts,4.7,4.7,1.175,8.225,,,,
,Tropical | Moist | North America | Annual Cropland,Tropical,Moist,North America,Annual Cropland,4.7,4.7,1.175,8.225,,,,
,Tropical | Moist | North America | Set Aside,Tropical,Moist,North America,Set Aside,4.7,4.7,1.175,8.225,,,,
,Tropical | Moist | North America | Flooded Rice,Tropical,Moist,North America,Flooded Rice,4.7,4.7,1.175,8.225,,,,
,Tropical | Moist | North America | Grassland,Tropical,Moist,North America,Grassland,7.567,7.567,1.89175,13.24225,,,,
,Tropical | Moist | North America | Other Land (Non-Vegetated),Tropical,Moist,North America,Other Land (Non-Vegetated),0,0,#N/A,#N/A,,,,
,Tropical | Moist | North America | Settlement,Tropical,Moist,North America,Settlement,0,0,#N/A,#N/A,,,,
,Tropical | Moist | North America | Agroforestry - Default,Tropical,Moist,North America,Agroforestry - Default,3.1025,3.1025,1.233125,4.971875,,,,
,Tropical | Moist | North America | Alley Cropping,Tropical,Moist,North America,Alley Cropping,3.17,3.17,2.7297,3.6103,,,,
,Tropical | Moist | North America | Perennial Fallow,Tropical,Moist,North America,Perennial Fallow,6.57,6.57,2.595,10.545,,,,
,Tropical | Moist | North America | Hedgerow,Tropical,Moist,North America,Hedgerow,0.58,0.58,0.4343,0.7257,,,,
,Tropical | Moist | North America | Multistrata,Tropical,Moist,North America,Multistrata,3.75,3.75,2.9648,4.5352,,,,
,Tropical | Moist | North America | Parkland,Tropical,Moist,North America,Parkland,0.8,0.8,0.4578,1.1422,,,,
,Tropical | Moist | North America | Shaded Perennial,Tropical,Moist,North America,Shaded Perennial,3,3,2.028,3.972,,,,
,Tropical | Moist | North America | Silvoarable,Tropical,Moist,North America,Silvoarable,3.25,3.25,2.1454,4.3546,,,,
,Tropical | Moist | North America | Silvopasture,Tropical,Moist,North America,Silvopasture,3.7,3.7,1.8667,5.5333,,,,
,Tropical | Moist | North America | Other Land,Tropical,Moist,North America,Other Land,0,0,#N/A,#N/A,,,,
,Tropical | Moist | North America | Olive,Tropical,Moist,North America,Olive,0,0,#N/A,#N/A,,,,
,Tropical | Moist | North America | Orchard,Tropical,Moist,North America,Orchard,0,0,#N/A,#N/A,,,,
,Tropical | Moist | North America | Short Rotation Coppice,Tropical,Moist,North America,Short Rotation Coppice,0,0,#N/A,#N/A,,,,
,Tropical | Moist | North America | Tea,Tropical,Moist,North America,Tea,0.7,0.7,0.525,0.875,,,,
,Tropical | Moist | North America | Vine,Tropical,Moist,North America,Vine,0,0,#N/A,#N/A,,,,
,Tropical | Moist | North America | Oil Palm,Tropical,Moist,North America,Oil Palm,2.4,2.4,1.416,3.384,,,,
,Tropical | Moist | North America | Rubber,Tropical,Moist,North America,Rubber,3,3,2.61,3.39,,,,
,Tropical | Moist | South America | Grains,Tropical,Moist,South America,Grains,4.7,4.7,1.175,8.225,,,,
,Tropical | Moist | South America | Maize,Tropical,Moist,South America,Maize,4.7,4.7,1.175,8.225,,,,
,Tropical | Moist | South America | Sugarcane,Tropical,Moist,South America,Sugarcane,4.7,4.7,1.175,8.225,,,,
,Tropical | Moist | South America | Wheat,Tropical,Moist,South America,Wheat,4.7,4.7,1.175,8.225,,,,
,Tropical | Moist | South America | Beans & Pulses,Tropical,Moist,South America,Beans & Pulses,4.7,4.7,1.175,8.225,,,,
,Tropical | Moist | South America | Tubers,Tropical,Moist,South America,Tubers,4.7,4.7,1.175,8.225,,,,
,Tropical | Moist | South America | Root Crops,Tropical,Moist,South America,Root Crops,4.7,4.7,1.175,8.225,,,,
,Tropical | Moist | South America | Barley,Tropical,Moist,South America,Barley,4.7,4.7,1.175,8.225,,,,
,Tropical | Moist | South America | Oats,Tropical,Moist,South America,Oats,4.7,4.7,1.175,8.225,,,,
,Tropical | Moist | South America | Millet,Tropical,Moist,South America,Millet,4.7,4.7,1.175,8.225,,,,
,Tropical | Moist | South America | Sorghum,Tropical,Moist,South America,Sorghum,4.7,4.7,1.175,8.225,,,,
,Tropical | Moist | South America | Rye,Tropical,Moist,South America,Rye,4.7,4.7,1.175,8.225,,,,
,Tropical | Moist | South America | Soybeans,Tropical,Moist,South America,Soybeans,4.7,4.7,1.175,8.225,,,,
,Tropical | Moist | South America | Dry Bean,Tropical,Moist,South America,Dry Bean,4.7,4.7,1.175,8.225,,,,
,Tropical | Moist | South America | Potatoes,Tropical,Moist,South America,Potatoes,4.7,4.7,1.175,8.225,,,,
,Tropical | Moist | South America | Peanuts,Tropical,Moist,South America,Peanuts,4.7,4.7,1.175,8.225,,,,
,Tropical | Moist | South America | Vegetables,Tropical,Moist,South America,Vegetables,4.7,4.7,1.175,8.225,,,,
,Tropical | Moist | South America | Oilseeds,Tropical,Moist,South America,Oilseeds,4.7,4.7,1.175,8.225,,,,
,Tropical | Moist | South America | Groundnuts,Tropical,Moist,South America,Groundnuts,4.7,4.7,1.175,8.225,,,,
,Tropical | Moist | South America | Annual Cropland,Tropical,Moist,South America,Annual Cropland,4.7,4.7,1.175,8.225,,,,
,Tropical | Moist | South America | Set Aside,Tropical,Moist,South America,Set Aside,4.7,4.7,1.175,8.225,,,,
,Tropical | Moist | South America | Flooded Rice,Tropical,Moist,South America,Flooded Rice,4.7,4.7,1.175,8.225,,,,
,Tropical | Moist | South America | Grassland,Tropical,Moist,South America,Grassland,7.567,7.567,1.89175,13.24225,,,,
,Tropical | Moist | South America | Other Land (Non-Vegetated),Tropical,Moist,South America,Other Land (Non-Vegetated),0,0,#N/A,#N/A,,,,
,Tropical | Moist | South America | Settlement,Tropical,Moist,South America,Settlement,0,0,#N/A,#N/A,,,,
,Tropical | Moist | South America | Agroforestry - Default,Tropical,Moist,South America,Agroforestry - Default,3.19875,3.19875,1.2703125,5.1271875,,,,
,Tropical | Moist | South America | Alley Cropping,Tropical,Moist,South America,Alley Cropping,3.17,3.17,2.7297,3.6103,,,,
,Tropical | Moist | South America | Perennial Fallow,Tropical,Moist,South America,Perennial Fallow,6.57,6.57,2.595,10.545,,,,
,Tropical | Moist | South America | Hedgerow,Tropical,Moist,South America,Hedgerow,0.58,0.58,0.4343,0.7257,,,,
,Tropical | Moist | South America | Multistrata,Tropical,Moist,South America,Multistrata,3.75,3.75,2.9648,4.5352,,,,
,Tropical | Moist | South America | Parkland,Tropical,Moist,South America,Parkland,0.8,0.8,0.4578,1.1422,,,,
,Tropical | Moist | South America | Shaded Perennial,Tropical,Moist,South America,Shaded Perennial,3.77,3.77,1.7504,5.7896,,,,
,Tropical | Moist | South America | Silvoarable,Tropical,Moist,South America,Silvoarable,3.25,3.25,2.1454,4.3546,,,,
,Tropical | Moist | South America | Silvopasture,Tropical,Moist,South America,Silvopasture,3.7,3.7,1.8667,5.5333,,,,
,Tropical | Moist | South America | Other Land,Tropical,Moist,South America,Other Land,0,0,#N/A,#N/A,,,,
,Tropical | Moist | South America | Olive,Tropical,Moist,South America,Olive,0,0,#N/A,#N/A,,,,
,Tropical | Moist | South America | Orchard,Tropical,Moist,South America,Orchard,0,0,#N/A,#N/A,,,,
,Tropical | Moist | South America | Short Rotation Coppice,Tropical,Moist,South America,Short Rotation Coppice,0,0,#N/A,#N/A,,,,
,Tropical | Moist | South America | Tea,Tropical,Moist,South America,Tea,0.7,0.7,0.525,0.875,,,,
,Tropical | Moist | South America | Vine,Tropical,Moist,South America,Vine,0,0,#N/A,#N/A,,,,
,Tropical | Moist | South America | Oil Palm,Tropical,Moist,South America,Oil Palm,2.4,2.4,1.416,3.384,,,,
,Tropical | Moist | South America | Rubber,Tropical,Moist,South America,Rubber,3,3,2.61,3.39,,,,
,Tropical | Moist | Central America | Grains,Tropical,Moist,Central America,Grains,4.7,4.7,1.175,8.225,,,,
,Tropical | Moist | Central America | Maize,Tropical,Moist,Central America,Maize,4.7,4.7,1.175,8.225,,,,
,Tropical | Moist | Central America | Sugarcane,Tropical,Moist,Central America,Sugarcane,4.7,4.7,1.175,8.225,,,,
,Tropical | Moist | Central America | Wheat,Tropical,Moist,Central America,Wheat,4.7,4.7,1.175,8.225,,,,
,Tropical | Moist | Central America | Beans & Pulses,Tropical,Moist,Central America,Beans & Pulses,4.7,4.7,1.175,8.225,,,,
,Tropical | Moist | Central America | Tubers,Tropical,Moist,Central America,Tubers,4.7,4.7,1.175,8.225,,,,
,Tropical | Moist | Central America | Root Crops,Tropical,Moist,Central America,Root Crops,4.7,4.7,1.175,8.225,,,,
,Tropical | Moist | Central America | Barley,Tropical,Moist,Central America,Barley,4.7,4.7,1.175,8.225,,,,
,Tropical | Moist | Central America | Oats,Tropical,Moist,Central America,Oats,4.7,4.7,1.175,8.225,,,,
,Tropical | Moist | Central America | Millet,Tropical,Moist,Central America,Millet,4.7,4.7,1.175,8.225,,,,
,Tropical | Moist | Central America | Sorghum,Tropical,Moist,Central America,Sorghum,4.7,4.7,1.175,8.225,,,,
,Tropical | Moist | Central America | Rye,Tropical,Moist,Central America,Rye,4.7,4.7,1.175,8.225,,,,
,Tropical | Moist | Central America | Soybeans,Tropical,Moist,Central America,Soybeans,4.7,4.7,1.175,8.225,,,,
,Tropical | Moist | Central America | Dry Bean,Tropical,Moist,Central America,Dry Bean,4.7,4.7,1.175,8.225,,,,
,Tropical | Moist | Central America | Potatoes,Tropical,Moist,Central America,Potatoes,4.7,4.7,1.175,8.225,,,,
,Tropical | Moist | Central America | Peanuts,Tropical,Moist,Central America,Peanuts,4.7,4.7,1.175,8.225,,,,
,Tropical | Moist | Central America | Vegetables,Tropical,Moist,Central America,Vegetables,4.7,4.7,1.175,8.225,,,,
,Tropical | Moist | Central America | Oilseeds,Tropical,Moist,Central America,Oilseeds,4.7,4.7,1.175,8.225,,,,
,Tropical | Moist | Central America | Groundnuts,Tropical,Moist,Central America,Groundnuts,4.7,4.7,1.175,8.225,,,,
,Tropical | Moist | Central America | Annual Cropland,Tropical,Moist,Central America,Annual Cropland,4.7,4.7,1.175,8.225,,,,
,Tropical | Moist | Central America | Set Aside,Tropical,Moist,Central America,Set Aside,4.7,4.7,1.175,8.225,,,,
,Tropical | Moist | Central America | Flooded Rice,Tropical,Moist,Central America,Flooded Rice,4.7,4.7,1.175,8.225,,,,
,Tropical | Moist | Central America | Grassland,Tropical,Moist,Central America,Grassland,7.567,7.567,1.89175,13.24225,,,,
,Tropical | Moist | Central America | Other Land (Non-Vegetated),Tropical,Moist,Central America,Other Land (Non-Vegetated),0,0,#N/A,#N/A,,,,
,Tropical | Moist | Central America | Settlement,Tropical,Moist,Central America,Settlement,0,0,#N/A,#N/A,,,,
,Tropical | Moist | Central America | Agroforestry - Default,Tropical,Moist,Central America,Agroforestry - Default,3.06,3.06,1.2196875,4.9003125,,,,
,Tropical | Moist | Central America | Alley Cropping,Tropical,Moist,Central America,Alley Cropping,2.83,2.83,2.3056,3.3544,,,,
,Tropical | Moist | Central America | Perennial Fallow,Tropical,Moist,Central America,Perennial Fallow,6.57,6.57,2.595,10.545,,,,
,Tropical | Moist | Central America | Hedgerow,Tropical,Moist,Central America,Hedgerow,0.58,0.58,0.4343,0.7257,,,,
,Tropical | Moist | Central America | Multistrata,Tropical,Moist,Central America,Multistrata,3.75,3.75,2.9648,4.5352,,,,
,Tropical | Moist | Central America | Parkland,Tropical,Moist,Central America,Parkland,0.8,0.8,0.4578,1.1422,,,,
,Tropical | Moist | Central America | Shaded Perennial,Tropical,Moist,Central America,Shaded Perennial,3,3,2.028,3.972,,,,
,Tropical | Moist | Central America | Silvoarable,Tropical,Moist,Central America,Silvoarable,3.25,3.25,2.1454,4.3546,,,,
,Tropical | Moist | Central America | Silvopasture,Tropical,Moist,Central America,Silvopasture,3.7,3.7,1.8667,5.5333,,,,
,Tropical | Moist | Central America | Other Land,Tropical,Moist,Central America,Other Land,0,0,#N/A,#N/A,,,,
,Tropical | Moist | Central America | Olive,Tropical,Moist,Central America,Olive,0,0,#N/A,#N/A,,,,
,Tropical | Moist | Central America | Orchard,Tropical,Moist,Central America,Orchard,0,0,#N/A,#N/A,,,,
,Tropical | Moist | Central America | Short Rotation Coppice,Tropical,Moist,Central America,Short Rotation Coppice,0,0,#N/A,#N/A,,,,
,Tropical | Moist | Central America | Tea,Tropical,Moist,Central America,Tea,0.7,0.7,0.525,0.875,,,,
,Tropical | Moist | Central America | Vine,Tropical,Moist,Central America,Vine,0,0,#N/A,#N/A,,,,
,Tropical | Moist | Central America | Oil Palm,Tropical,Moist,Central America,Oil Palm,2.4,2.4,1.416,3.384,,,,
,Tropical | Moist | Central America | Rubber,Tropical,Moist,Central America,Rubber,3,3,2.61,3.39,,,,
,Tropical | Moist | Caribbean | Grains,Tropical,Moist,Caribbean,Grains,4.7,4.7,1.175,8.225,,,,
,Tropical | Moist | Caribbean | Maize,Tropical,Moist,Caribbean,Maize,4.7,4.7,1.175,8.225,,,,
,Tropical | Moist | Caribbean | Sugarcane,Tropical,Moist,Caribbean,Sugarcane,4.7,4.7,1.175,8.225,,,,
,Tropical | Moist | Caribbean | Wheat,Tropical,Moist,Caribbean,Wheat,4.7,4.7,1.175,8.225,,,,
,Tropical | Moist | Caribbean | Beans & Pulses,Tropical,Moist,Caribbean,Beans & Pulses,4.7,4.7,1.175,8.225,,,,
,Tropical | Moist | Caribbean | Tubers,Tropical,Moist,Caribbean,Tubers,4.7,4.7,1.175,8.225,,,,
,Tropical | Moist | Caribbean | Root Crops,Tropical,Moist,Caribbean,Root Crops,4.7,4.7,1.175,8.225,,,,
,Tropical | Moist | Caribbean | Barley,Tropical,Moist,Caribbean,Barley,4.7,4.7,1.175,8.225,,,,
,Tropical | Moist | Caribbean | Oats,Tropical,Moist,Caribbean,Oats,4.7,4.7,1.175,8.225,,,,
,Tropical | Moist | Caribbean | Millet,Tropical,Moist,Caribbean,Millet,4.7,4.7,1.175,8.225,,,,
,Tropical | Moist | Caribbean | Sorghum,Tropical,Moist,Caribbean,Sorghum,4.7,4.7,1.175,8.225,,,,
,Tropical | Moist | Caribbean | Rye,Tropical,Moist,Caribbean,Rye,4.7,4.7,1.175,8.225,,,,
,Tropical | Moist | Caribbean | Soybeans,Tropical,Moist,Caribbean,Soybeans,4.7,4.7,1.175,8.225,,,,
,Tropical | Moist | Caribbean | Dry Bean,Tropical,Moist,Caribbean,Dry Bean,4.7,4.7,1.175,8.225,,,,
,Tropical | Moist | Caribbean | Potatoes,Tropical,Moist,Caribbean,Potatoes,4.7,4.7,1.175,8.225,,,,
,Tropical | Moist | Caribbean | Peanuts,Tropical,Moist,Caribbean,Peanuts,4.7,4.7,1.175,8.225,,,,
,Tropical | Moist | Caribbean | Vegetables,Tropical,Moist,Caribbean,Vegetables,4.7,4.7,1.175,8.225,,,,
,Tropical | Moist | Caribbean | Oilseeds,Tropical,Moist,Caribbean,Oilseeds,4.7,4.7,1.175,8.225,,,,
,Tropical | Moist | Caribbean | Groundnuts,Tropical,Moist,Caribbean,Groundnuts,4.7,4.7,1.175,8.225,,,,
,Tropical | Moist | Caribbean | Annual Cropland,Tropical,Moist,Caribbean,Annual Cropland,4.7,4.7,1.175,8.225,,,,
,Tropical | Moist | Caribbean | Set Aside,Tropical,Moist,Caribbean,Set Aside,4.7,4.7,1.175,8.225,,,,
,Tropical | Moist | Caribbean | Flooded Rice,Tropical,Moist,Caribbean,Flooded Rice,4.7,4.7,1.175,8.225,,,,
,Tropical | Moist | Caribbean | Grassland,Tropical,Moist,Caribbean,Grassland,7.567,7.567,1.89175,13.24225,,,,
,Tropical | Moist | Caribbean | Other Land (Non-Vegetated),Tropical,Moist,Caribbean,Other Land (Non-Vegetated),0,0,#N/A,#N/A,,,,
,Tropical | Moist | Caribbean | Settlement,Tropical,Moist,Caribbean,Settlement,0,0,#N/A,#N/A,,,,
,Tropical | Moist | Caribbean | Agroforestry - Default,Tropical,Moist,Caribbean,Agroforestry - Default,3.1025,3.1025,1.233125,4.971875,,,,
,Tropical | Moist | Caribbean | Alley Cropping,Tropical,Moist,Caribbean,Alley Cropping,3.17,3.17,2.7297,3.6103,,,,
,Tropical | Moist | Caribbean | Perennial Fallow,Tropical,Moist,Caribbean,Perennial Fallow,6.57,6.57,2.595,10.545,,,,
,Tropical | Moist | Caribbean | Hedgerow,Tropical,Moist,Caribbean,Hedgerow,0.58,0.58,0.4343,0.7257,,,,
,Tropical | Moist | Caribbean | Multistrata,Tropical,Moist,Caribbean,Multistrata,3.75,3.75,2.9648,4.5352,,,,
,Tropical | Moist | Caribbean | Parkland,Tropical,Moist,Caribbean,Parkland,0.8,0.8,0.4578,1.1422,,,,
,Tropical | Moist | Caribbean | Shaded Perennial,Tropical,Moist,Caribbean,Shaded Perennial,3,3,2.028,3.972,,,,
,Tropical | Moist | Caribbean | Silvoarable,Tropical,Moist,Caribbean,Silvoarable,3.25,3.25,2.1454,4.3546,,,,
,Tropical | Moist | Caribbean | Silvopasture,Tropical,Moist,Caribbean,Silvopasture,3.7,3.7,1.8667,5.5333,,,,
,Tropical | Moist | Caribbean | Other Land,Tropical,Moist,Caribbean,Other Land,0,0,#N/A,#N/A,,,,
,Tropical | Moist | Caribbean | Olive,Tropical,Moist,Caribbean,Olive,0,0,#N/A,#N/A,,,,
,Tropical | Moist | Caribbean | Orchard,Tropical,Moist,Caribbean,Orchard,0,0,#N/A,#N/A,,,,
,Tropical | Moist | Caribbean | Short Rotation Coppice,Tropical,Moist,Caribbean,Short Rotation Coppice,0,0,#N/A,#N/A,,,,
,Tropical | Moist | Caribbean | Tea,Tropical,Moist,Caribbean,Tea,0.7,0.7,0.525,0.875,,,,
,Tropical | Moist | Caribbean | Vine,Tropical,Moist,Caribbean,Vine,0,0,#N/A,#N/A,,,,
,Tropical | Moist | Caribbean | Oil Palm,Tropical,Moist,Caribbean,Oil Palm,2.4,2.4,1.416,3.384,,,,
,Tropical | Moist | Caribbean | Rubber,Tropical,Moist,Caribbean,Rubber,3,3,2.61,3.39,,,,
,Tropical Montane | Dry | Eastern Africa | Grains,Tropical Montane,Dry,Eastern Africa,Grains,4.7,4.7,1.175,8.225,,,,
,Tropical Montane | Dry | Eastern Africa | Maize,Tropical Montane,Dry,Eastern Africa,Maize,4.7,4.7,1.175,8.225,,,,
,Tropical Montane | Dry | Eastern Africa | Sugarcane,Tropical Montane,Dry,Eastern Africa,Sugarcane,4.7,4.7,1.175,8.225,,,,
,Tropical Montane | Dry | Eastern Africa | Wheat,Tropical Montane,Dry,Eastern Africa,Wheat,4.7,4.7,1.175,8.225,,,,
,Tropical Montane | Dry | Eastern Africa | Beans & Pulses,Tropical Montane,Dry,Eastern Africa,Beans & Pulses,4.7,4.7,1.175,8.225,,,,
,Tropical Montane | Dry | Eastern Africa | Tubers,Tropical Montane,Dry,Eastern Africa,Tubers,4.7,4.7,1.175,8.225,,,,
,Tropical Montane | Dry | Eastern Africa | Root Crops,Tropical Montane,Dry,Eastern Africa,Root Crops,4.7,4.7,1.175,8.225,,,,
,Tropical Montane | Dry | Eastern Africa | Barley,Tropical Montane,Dry,Eastern Africa,Barley,4.7,4.7,1.175,8.225,,,,
,Tropical Montane | Dry | Eastern Africa | Oats,Tropical Montane,Dry,Eastern Africa,Oats,4.7,4.7,1.175,8.225,,,,
,Tropical Montane | Dry | Eastern Africa | Millet,Tropical Montane,Dry,Eastern Africa,Millet,4.7,4.7,1.175,8.225,,,,
,Tropical Montane | Dry | Eastern Africa | Sorghum,Tropical Montane,Dry,Eastern Africa,Sorghum,4.7,4.7,1.175,8.225,,,,
,Tropical Montane | Dry | Eastern Africa | Rye,Tropical Montane,Dry,Eastern Africa,Rye,4.7,4.7,1.175,8.225,,,,
,Tropical Montane | Dry | Eastern Africa | Soybeans,Tropical Montane,Dry,Eastern Africa,Soybeans,4.7,4.7,1.175,8.225,,,,
,Tropical Montane | Dry | Eastern Africa | Dry Bean,Tropical Montane,Dry,Eastern Africa,Dry Bean,4.7,4.7,1.175,8.225,,,,
,Tropical Montane | Dry | Eastern Africa | Potatoes,Tropical Montane,Dry,Eastern Africa,Potatoes,4.7,4.7,1.175,8.225,,,,
,Tropical Montane | Dry | Eastern Africa | Peanuts,Tropical Montane,Dry,Eastern Africa,Peanuts,4.7,4.7,1.175,8.225,,,,
,Tropical Montane | Dry | Eastern Africa | Vegetables,Tropical Montane,Dry,Eastern Africa,Vegetables,4.7,4.7,1.175,8.225,,,,
,Tropical Montane | Dry | Eastern Africa | Oilseeds,Tropical Montane,Dry,Eastern Africa,Oilseeds,4.7,4.7,1.175,8.225,,,,
,Tropical Montane | Dry | Eastern Africa | Groundnuts,Tropical Montane,Dry,Eastern Africa,Groundnuts,4.7,4.7,1.175,8.225,,,,
,Tropical Montane | Dry | Eastern Africa | Annual Cropland,Tropical Montane,Dry,Eastern Africa,Annual Cropland,4.7,4.7,1.175,8.225,,,,
,Tropical Montane | Dry | Eastern Africa | Set Aside,Tropical Montane,Dry,Eastern Africa,Set Aside,4.7,4.7,1.175,8.225,,,,
,Tropical Montane | Dry | Eastern Africa | Flooded Rice,Tropical Montane,Dry,Eastern Africa,Flooded Rice,4.7,4.7,1.175,8.225,,,,
,Tropical Montane | Dry | Eastern Africa | Grassland,Tropical Montane,Dry,Eastern Africa,Grassland,4.09,4.09,1.0225,7.1575,,,,
,Tropical Montane | Dry | Eastern Africa | Other Land (Non-Vegetated),Tropical Montane,Dry,Eastern Africa,Other Land (Non-Vegetated),0,0,#N/A,#N/A,,,,
,Tropical Montane | Dry | Eastern Africa | Settlement,Tropical Montane,Dry,Eastern Africa,Settlement,0,0,#N/A,#N/A,,,,
,Tropical Montane | Dry | Eastern Africa | Agroforestry - Default,Tropical Montane,Dry,Eastern Africa,Agroforestry - Default,2.748125,2.748125,1.128125,4.368125,,,,
,Tropical Montane | Dry | Eastern Africa | Alley Cropping,Tropical Montane,Dry,Eastern Africa,Alley Cropping,2.92,2.92,2.6119,3.2281,,,,
,Tropical Montane | Dry | Eastern Africa | Perennial Fallow,Tropical Montane,Dry,Eastern Africa,Perennial Fallow,4.24,4.24,3.772,4.708,,,,
,Tropical Montane | Dry | Eastern Africa | Hedgerow,Tropical Montane,Dry,Eastern Africa,Hedgerow,0.84,0.84,0.5117,1.1683,,,,
,Tropical Montane | Dry | Eastern Africa | Multistrata,Tropical Montane,Dry,Eastern Africa,Multistrata,4.05,4.05,3.3675,4.7325,,,,
,Tropical Montane | Dry | Eastern Africa | Parkland,Tropical Montane,Dry,Eastern Africa,Parkland,0.8,0.8,0.4578,1.1422,,,,
,Tropical Montane | Dry | Eastern Africa | Shaded Perennial,Tropical Montane,Dry,Eastern Africa,Shaded Perennial,2.95,2.95,2.374,3.526,,,,
,Tropical Montane | Dry | Eastern Africa | Silvoarable,Tropical Montane,Dry,Eastern Africa,Silvoarable,2.82,2.82,1.5996,4.0404,,,,
,Tropical Montane | Dry | Eastern Africa | Silvopasture,Tropical Montane,Dry,Eastern Africa,Silvopasture,3.365,3.365,1.7144,5.0156,,,,
,Tropical Montane | Dry | Eastern Africa | Other Land,Tropical Montane,Dry,Eastern Africa,Other Land,0,0,#N/A,#N/A,,,,
,Tropical Montane | Dry | Eastern Africa | Olive,Tropical Montane,Dry,Eastern Africa,Olive,0,0,#N/A,#N/A,,,,
,Tropical Montane | Dry | Eastern Africa | Orchard,Tropical Montane,Dry,Eastern Africa,Orchard,0,0,#N/A,#N/A,,,,
,Tropical Montane | Dry | Eastern Africa | Short Rotation Coppice,Tropical Montane,Dry,Eastern Africa,Short Rotation Coppice,0,0,#N/A,#N/A,,,,
,Tropical Montane | Dry | Eastern Africa | Tea,Tropical Montane,Dry,Eastern Africa,Tea,0.7,0.7,0.525,0.875,,,,
,Tropical Montane | Dry | Eastern Africa | Vine,Tropical Montane,Dry,Eastern Africa,Vine,0,0,#N/A,#N/A,,,,
,Tropical Montane | Dry | Eastern Africa | Oil Palm,Tropical Montane,Dry,Eastern Africa,Oil Palm,2.4,2.4,1.416,3.384,,,,
,Tropical Montane | Dry | Eastern Africa | Rubber,Tropical Montane,Dry,Eastern Africa,Rubber,3,3,2.61,3.39,,,,
,Tropical Montane | Dry | Central Africa | Grains,Tropical Montane,Dry,Central Africa,Grains,4.7,4.7,1.175,8.225,,,,
,Tropical Montane | Dry | Central Africa | Maize,Tropical Montane,Dry,Central Africa,Maize,4.7,4.7,1.175,8.225,,,,
,Tropical Montane | Dry | Central Africa | Sugarcane,Tropical Montane,Dry,Central Africa,Sugarcane,4.7,4.7,1.175,8.225,,,,
,Tropical Montane | Dry | Central Africa | Wheat,Tropical Montane,Dry,Central Africa,Wheat,4.7,4.7,1.175,8.225,,,,
,Tropical Montane | Dry | Central Africa | Beans & Pulses,Tropical Montane,Dry,Central Africa,Beans & Pulses,4.7,4.7,1.175,8.225,,,,
,Tropical Montane | Dry | Central Africa | Tubers,Tropical Montane,Dry,Central Africa,Tubers,4.7,4.7,1.175,8.225,,,,
,Tropical Montane | Dry | Central Africa | Root Crops,Tropical Montane,Dry,Central Africa,Root Crops,4.7,4.7,1.175,8.225,,,,
,Tropical Montane | Dry | Central Africa | Barley,Tropical Montane,Dry,Central Africa,Barley,4.7,4.7,1.175,8.225,,,,
,Tropical Montane | Dry | Central Africa | Oats,Tropical Montane,Dry,Central Africa,Oats,4.7,4.7,1.175,8.225,,,,
,Tropical Montane | Dry | Central Africa | Millet,Tropical Montane,Dry,Central Africa,Millet,4.7,4.7,1.175,8.225,,,,
,Tropical Montane | Dry | Central Africa | Sorghum,Tropical Montane,Dry,Central Africa,Sorghum,4.7,4.7,1.175,8.225,,,,
,Tropical Montane | Dry | Central Africa | Rye,Tropical Montane,Dry,Central Africa,Rye,4.7,4.7,1.175,8.225,,,,
,Tropical Montane | Dry | Central Africa | Soybeans,Tropical Montane,Dry,Central Africa,Soybeans,4.7,4.7,1.175,8.225,,,,
,Tropical Montane | Dry | Central Africa | Dry Bean,Tropical Montane,Dry,Central Africa,Dry Bean,4.7,4.7,1.175,8.225,,,,
,Tropical Montane | Dry | Central Africa | Potatoes,Tropical Montane,Dry,Central Africa,Potatoes,4.7,4.7,1.175,8.225,,,,
,Tropical Montane | Dry | Central Africa | Peanuts,Tropical Montane,Dry,Central Africa,Peanuts,4.7,4.7,1.175,8.225,,,,
,Tropical Montane | Dry | Central Africa | Vegetables,Tropical Montane,Dry,Central Africa,Vegetables,4.7,4.7,1.175,8.225,,,,
,Tropical Montane | Dry | Central Africa | Oilseeds,Tropical Montane,Dry,Central Africa,Oilseeds,4.7,4.7,1.175,8.225,,,,
,Tropical Montane | Dry | Central Africa | Groundnuts,Tropical Montane,Dry,Central Africa,Groundnuts,4.7,4.7,1.175,8.225,,,,
,Tropical Montane | Dry | Central Africa | Annual Cropland,Tropical Montane,Dry,Central Africa,Annual Cropland,4.7,4.7,1.175,8.225,,,,
,Tropical Montane | Dry | Central Africa | Set Aside,Tropical Montane,Dry,Central Africa,Set Aside,4.7,4.7,1.175,8.225,,,,
,Tropical Montane | Dry | Central Africa | Flooded Rice,Tropical Montane,Dry,Central Africa,Flooded Rice,4.7,4.7,1.175,8.225,,,,
,Tropical Montane | Dry | Central Africa | Grassland,Tropical Montane,Dry,Central Africa,Grassland,4.09,4.09,1.0225,7.1575,,,,
,Tropical Montane | Dry | Central Africa | Other Land (Non-Vegetated),Tropical Montane,Dry,Central Africa,Other Land (Non-Vegetated),0,0,#N/A,#N/A,,,,
,Tropical Montane | Dry | Central Africa | Settlement,Tropical Montane,Dry,Central Africa,Settlement,0,0,#N/A,#N/A,,,,
,Tropical Montane | Dry | Central Africa | Agroforestry - Default,Tropical Montane,Dry,Central Africa,Agroforestry - Default,2.748125,2.748125,1.128125,4.368125,,,,
,Tropical Montane | Dry | Central Africa | Alley Cropping,Tropical Montane,Dry,Central Africa,Alley Cropping,2.92,2.92,2.6119,3.2281,,,,
,Tropical Montane | Dry | Central Africa | Perennial Fallow,Tropical Montane,Dry,Central Africa,Perennial Fallow,4.24,4.24,3.772,4.708,,,,
,Tropical Montane | Dry | Central Africa | Hedgerow,Tropical Montane,Dry,Central Africa,Hedgerow,0.84,0.84,0.5117,1.1683,,,,
,Tropical Montane | Dry | Central Africa | Multistrata,Tropical Montane,Dry,Central Africa,Multistrata,4.05,4.05,3.3675,4.7325,,,,
,Tropical Montane | Dry | Central Africa | Parkland,Tropical Montane,Dry,Central Africa,Parkland,0.8,0.8,0.4578,1.1422,,,,
,Tropical Montane | Dry | Central Africa | Shaded Perennial,Tropical Montane,Dry,Central Africa,Shaded Perennial,2.95,2.95,2.374,3.526,,,,
,Tropical Montane | Dry | Central Africa | Silvoarable,Tropical Montane,Dry,Central Africa,Silvoarable,2.82,2.82,1.5996,4.0404,,,,
,Tropical Montane | Dry | Central Africa | Silvopasture,Tropical Montane,Dry,Central Africa,Silvopasture,3.365,3.365,1.7144,5.0156,,,,
,Tropical Montane | Dry | Central Africa | Other Land,Tropical Montane,Dry,Central Africa,Other Land,0,0,#N/A,#N/A,,,,
,Tropical Montane | Dry | Central Africa | Olive,Tropical Montane,Dry,Central Africa,Olive,0,0,#N/A,#N/A,,,,
,Tropical Montane | Dry | Central Africa | Orchard,Tropical Montane,Dry,Central Africa,Orchard,0,0,#N/A,#N/A,,,,
,Tropical Montane | Dry | Central Africa | Short Rotation Coppice,Tropical Montane,Dry,Central Africa,Short Rotation Coppice,0,0,#N/A,#N/A,,,,
,Tropical Montane | Dry | Central Africa | Tea,Tropical Montane,Dry,Central Africa,Tea,0.7,0.7,0.525,0.875,,,,
,Tropical Montane | Dry | Central Africa | Vine,Tropical Montane,Dry,Central Africa,Vine,0,0,#N/A,#N/A,,,,
,Tropical Montane | Dry | Central Africa | Oil Palm,Tropical Montane,Dry,Central Africa,Oil Palm,2.4,2.4,1.416,3.384,,,,
,Tropical Montane | Dry | Central Africa | Rubber,Tropical Montane,Dry,Central Africa,Rubber,3,3,2.61,3.39,,,,
,Tropical Montane | Dry | Northern Africa | Grains,Tropical Montane,Dry,Northern Africa,Grains,4.7,4.7,1.175,8.225,,,,
,Tropical Montane | Dry | Northern Africa | Maize,Tropical Montane,Dry,Northern Africa,Maize,4.7,4.7,1.175,8.225,,,,
,Tropical Montane | Dry | Northern Africa | Sugarcane,Tropical Montane,Dry,Northern Africa,Sugarcane,4.7,4.7,1.175,8.225,,,,
,Tropical Montane | Dry | Northern Africa | Wheat,Tropical Montane,Dry,Northern Africa,Wheat,4.7,4.7,1.175,8.225,,,,
,Tropical Montane | Dry | Northern Africa | Beans & Pulses,Tropical Montane,Dry,Northern Africa,Beans & Pulses,4.7,4.7,1.175,8.225,,,,
,Tropical Montane | Dry | Northern Africa | Tubers,Tropical Montane,Dry,Northern Africa,Tubers,4.7,4.7,1.175,8.225,,,,
,Tropical Montane | Dry | Northern Africa | Root Crops,Tropical Montane,Dry,Northern Africa,Root Crops,4.7,4.7,1.175,8.225,,,,
,Tropical Montane | Dry | Northern Africa | Barley,Tropical Montane,Dry,Northern Africa,Barley,4.7,4.7,1.175,8.225,,,,
,Tropical Montane | Dry | Northern Africa | Oats,Tropical Montane,Dry,Northern Africa,Oats,4.7,4.7,1.175,8.225,,,,
,Tropical Montane | Dry | Northern Africa | Millet,Tropical Montane,Dry,Northern Africa,Millet,4.7,4.7,1.175,8.225,,,,
,Tropical Montane | Dry | Northern Africa | Sorghum,Tropical Montane,Dry,Northern Africa,Sorghum,4.7,4.7,1.175,8.225,,,,
,Tropical Montane | Dry | Northern Africa | Rye,Tropical Montane,Dry,Northern Africa,Rye,4.7,4.7,1.175,8.225,,,,
,Tropical Montane | Dry | Northern Africa | Soybeans,Tropical Montane,Dry,Northern Africa,Soybeans,4.7,4.7,1.175,8.225,,,,
,Tropical Montane | Dry | Northern Africa | Dry Bean,Tropical Montane,Dry,Northern Africa,Dry Bean,4.7,4.7,1.175,8.225,,,,
,Tropical Montane | Dry | Northern Africa | Potatoes,Tropical Montane,Dry,Northern Africa,Potatoes,4.7,4.7,1.175,8.225,,,,
,Tropical Montane | Dry | Northern Africa | Peanuts,Tropical Montane,Dry,Northern Africa,Peanuts,4.7,4.7,1.175,8.225,,,,
,Tropical Montane | Dry | Northern Africa | Vegetables,Tropical Montane,Dry,Northern Africa,Vegetables,4.7,4.7,1.175,8.225,,,,
,Tropical Montane | Dry | Northern Africa | Oilseeds,Tropical Montane,Dry,Northern Africa,Oilseeds,4.7,4.7,1.175,8.225,,,,
,Tropical Montane | Dry | Northern Africa | Groundnuts,Tropical Montane,Dry,Northern Africa,Groundnuts,4.7,4.7,1.175,8.225,,,,
,Tropical Montane | Dry | Northern Africa | Annual Cropland,Tropical Montane,Dry,Northern Africa,Annual Cropland,4.7,4.7,1.175,8.225,,,,
,Tropical Montane | Dry | Northern Africa | Set Aside,Tropical Montane,Dry,Northern Africa,Set Aside,4.7,4.7,1.175,8.225,,,,
,Tropical Montane | Dry | Northern Africa | Flooded Rice,Tropical Montane,Dry,Northern Africa,Flooded Rice,4.7,4.7,1.175,8.225,,,,
,Tropical Montane | Dry | Northern Africa | Grassland,Tropical Montane,Dry,Northern Africa,Grassland,4.09,4.09,1.0225,7.1575,,,,
,Tropical Montane | Dry | Northern Africa | Other Land (Non-Vegetated),Tropical Montane,Dry,Northern Africa,Other Land (Non-Vegetated),0,0,#N/A,#N/A,,,,
,Tropical Montane | Dry | Northern Africa | Settlement,Tropical Montane,Dry,Northern Africa,Settlement,0,0,#N/A,#N/A,,,,
,Tropical Montane | Dry | Northern Africa | Agroforestry - Default,Tropical Montane,Dry,Northern Africa,Agroforestry - Default,2.748125,2.748125,1.128125,4.368125,,,,
,Tropical Montane | Dry | Northern Africa | Alley Cropping,Tropical Montane,Dry,Northern Africa,Alley Cropping,2.92,2.92,2.6119,3.2281,,,,
,Tropical Montane | Dry | Northern Africa | Perennial Fallow,Tropical Montane,Dry,Northern Africa,Perennial Fallow,4.24,4.24,3.772,4.708,,,,
,Tropical Montane | Dry | Northern Africa | Hedgerow,Tropical Montane,Dry,Northern Africa,Hedgerow,0.84,0.84,0.5117,1.1683,,,,
,Tropical Montane | Dry | Northern Africa | Multistrata,Tropical Montane,Dry,Northern Africa,Multistrata,4.05,4.05,3.3675,4.7325,,,,
,Tropical Montane | Dry | Northern Africa | Parkland,Tropical Montane,Dry,Northern Africa,Parkland,0.8,0.8,0.4578,1.1422,,,,
,Tropical Montane | Dry | Northern Africa | Shaded Perennial,Tropical Montane,Dry,Northern Africa,Shaded Perennial,2.95,2.95,2.374,3.526,,,,
,Tropical Montane | Dry | Northern Africa | Silvoarable,Tropical Montane,Dry,Northern Africa,Silvoarable,2.82,2.82,1.5996,4.0404,,,,
,Tropical Montane | Dry | Northern Africa | Silvopasture,Tropical Montane,Dry,Northern Africa,Silvopasture,3.365,3.365,1.7144,5.0156,,,,
,Tropical Montane | Dry | Northern Africa | Other Land,Tropical Montane,Dry,Northern Africa,Other Land,0,0,#N/A,#N/A,,,,
,Tropical Montane | Dry | Northern Africa | Olive,Tropical Montane,Dry,Northern Africa,Olive,0,0,#N/A,#N/A,,,,
,Tropical Montane | Dry | Northern Africa | Orchard,Tropical Montane,Dry,Northern Africa,Orchard,0,0,#N/A,#N/A,,,,
,Tropical Montane | Dry | Northern Africa | Short Rotation Coppice,Tropical Montane,Dry,Northern Africa,Short Rotation Coppice,0,0,#N/A,#N/A,,,,
,Tropical Montane | Dry | Northern Africa | Tea,Tropical Montane,Dry,Northern Africa,Tea,0.7,0.7,0.525,0.875,,,,
,Tropical Montane | Dry | Northern Africa | Vine,Tropical Montane,Dry,Northern Africa,Vine,0,0,#N/A,#N/A,,,,
,Tropical Montane | Dry | Northern Africa | Oil Palm,Tropical Montane,Dry,Northern Africa,Oil Palm,2.4,2.4,1.416,3.384,,,,
,Tropical Montane | Dry | Northern Africa | Rubber,Tropical Montane,Dry,Northern Africa,Rubber,3,3,2.61,3.39,,,,
,Tropical Montane | Dry | Southern Africa | Grains,Tropical Montane,Dry,Southern Africa,Grains,4.7,4.7,1.175,8.225,,,,
,Tropical Montane | Dry | Southern Africa | Maize,Tropical Montane,Dry,Southern Africa,Maize,4.7,4.7,1.175,8.225,,,,
,Tropical Montane | Dry | Southern Africa | Sugarcane,Tropical Montane,Dry,Southern Africa,Sugarcane,4.7,4.7,1.175,8.225,,,,
,Tropical Montane | Dry | Southern Africa | Wheat,Tropical Montane,Dry,Southern Africa,Wheat,4.7,4.7,1.175,8.225,,,,
,Tropical Montane | Dry | Southern Africa | Beans & Pulses,Tropical Montane,Dry,Southern Africa,Beans & Pulses,4.7,4.7,1.175,8.225,,,,
,Tropical Montane | Dry | Southern Africa | Tubers,Tropical Montane,Dry,Southern Africa,Tubers,4.7,4.7,1.175,8.225,,,,
,Tropical Montane | Dry | Southern Africa | Root Crops,Tropical Montane,Dry,Southern Africa,Root Crops,4.7,4.7,1.175,8.225,,,,
,Tropical Montane | Dry | Southern Africa | Barley,Tropical Montane,Dry,Southern Africa,Barley,4.7,4.7,1.175,8.225,,,,
,Tropical Montane | Dry | Southern Africa | Oats,Tropical Montane,Dry,Southern Africa,Oats,4.7,4.7,1.175,8.225,,,,
,Tropical Montane | Dry | Southern Africa | Millet,Tropical Montane,Dry,Southern Africa,Millet,4.7,4.7,1.175,8.225,,,,
,Tropical Montane | Dry | Southern Africa | Sorghum,Tropical Montane,Dry,Southern Africa,Sorghum,4.7,4.7,1.175,8.225,,,,
,Tropical Montane | Dry | Southern Africa | Rye,Tropical Montane,Dry,Southern Africa,Rye,4.7,4.7,1.175,8.225,,,,
,Tropical Montane | Dry | Southern Africa | Soybeans,Tropical Montane,Dry,Southern Africa,Soybeans,4.7,4.7,1.175,8.225,,,,
,Tropical Montane | Dry | Southern Africa | Dry Bean,Tropical Montane,Dry,Southern Africa,Dry Bean,4.7,4.7,1.175,8.225,,,,
,Tropical Montane | Dry | Southern Africa | Potatoes,Tropical Montane,Dry,Southern Africa,Potatoes,4.7,4.7,1.175,8.225,,,,
,Tropical Montane | Dry | Southern Africa | Peanuts,Tropical Montane,Dry,Southern Africa,Peanuts,4.7,4.7,1.175,8.225,,,,
,Tropical Montane | Dry | Southern Africa | Vegetables,Tropical Montane,Dry,Southern Africa,Vegetables,4.7,4.7,1.175,8.225,,,,
,Tropical Montane | Dry | Southern Africa | Oilseeds,Tropical Montane,Dry,Southern Africa,Oilseeds,4.7,4.7,1.175,8.225,,,,
,Tropical Montane | Dry | Southern Africa | Groundnuts,Tropical Montane,Dry,Southern Africa,Groundnuts,4.7,4.7,1.175,8.225,,,,
,Tropical Montane | Dry | Southern Africa | Annual Cropland,Tropical Montane,Dry,Southern Africa,Annual Cropland,4.7,4.7,1.175,8.225,,,,
,Tropical Montane | Dry | Southern Africa | Set Aside,Tropical Montane,Dry,Southern Africa,Set Aside,4.7,4.7,1.175,8.225,,,,
,Tropical Montane | Dry | Southern Africa | Flooded Rice,Tropical Montane,Dry,Southern Africa,Flooded Rice,4.7,4.7,1.175,8.225,,,,
,Tropical Montane | Dry | Southern Africa | Grassland,Tropical Montane,Dry,Southern Africa,Grassland,4.09,4.09,1.0225,7.1575,,,,
,Tropical Montane | Dry | Southern Africa | Other Land (Non-Vegetated),Tropical Montane,Dry,Southern Africa,Other Land (Non-Vegetated),0,0,#N/A,#N/A,,,,
,Tropical Montane | Dry | Southern Africa | Settlement,Tropical Montane,Dry,Southern Africa,Settlement,0,0,#N/A,#N/A,,,,
,Tropical Montane | Dry | Southern Africa | Agroforestry - Default,Tropical Montane,Dry,Southern Africa,Agroforestry - Default,2.748125,2.748125,1.128125,4.368125,,,,
,Tropical Montane | Dry | Southern Africa | Alley Cropping,Tropical Montane,Dry,Southern Africa,Alley Cropping,2.92,2.92,2.6119,3.2281,,,,
,Tropical Montane | Dry | Southern Africa | Perennial Fallow,Tropical Montane,Dry,Southern Africa,Perennial Fallow,4.24,4.24,3.772,4.708,,,,
,Tropical Montane | Dry | Southern Africa | Hedgerow,Tropical Montane,Dry,Southern Africa,Hedgerow,0.84,0.84,0.5117,1.1683,,,,
,Tropical Montane | Dry | Southern Africa | Multistrata,Tropical Montane,Dry,Southern Africa,Multistrata,4.05,4.05,3.3675,4.7325,,,,
,Tropical Montane | Dry | Southern Africa | Parkland,Tropical Montane,Dry,Southern Africa,Parkland,0.8,0.8,0.4578,1.1422,,,,
,Tropical Montane | Dry | Southern Africa | Shaded Perennial,Tropical Montane,Dry,Southern Africa,Shaded Perennial,2.95,2.95,2.374,3.526,,,,
,Tropical Montane | Dry | Southern Africa | Silvoarable,Tropical Montane,Dry,Southern Africa,Silvoarable,2.82,2.82,1.5996,4.0404,,,,
,Tropical Montane | Dry | Southern Africa | Silvopasture,Tropical Montane,Dry,Southern Africa,Silvopasture,3.365,3.365,1.7144,5.0156,,,,
,Tropical Montane | Dry | Southern Africa | Other Land,Tropical Montane,Dry,Southern Africa,Other Land,0,0,#N/A,#N/A,,,,
,Tropical Montane | Dry | Southern Africa | Olive,Tropical Montane,Dry,Southern Africa,Olive,0,0,#N/A,#N/A,,,,
,Tropical Montane | Dry | Southern Africa | Orchard,Tropical Montane,Dry,Southern Africa,Orchard,0,0,#N/A,#N/A,,,,
,Tropical Montane | Dry | Southern Africa | Short Rotation Coppice,Tropical Montane,Dry,Southern Africa,Short Rotation Coppice,0,0,#N/A,#N/A,,,,
,Tropical Montane | Dry | Southern Africa | Tea,Tropical Montane,Dry,Southern Africa,Tea,0.7,0.7,0.525,0.875,,,,
,Tropical Montane | Dry | Southern Africa | Vine,Tropical Montane,Dry,Southern Africa,Vine,0,0,#N/A,#N/A,,,,
,Tropical Montane | Dry | Southern Africa | Oil Palm,Tropical Montane,Dry,Southern Africa,Oil Palm,2.4,2.4,1.416,3.384,,,,
,Tropical Montane | Dry | Southern Africa | Rubber,Tropical Montane,Dry,Southern Africa,Rubber,3,3,2.61,3.39,,,,
,Tropical Montane | Dry | Western Africa | Grains,Tropical Montane,Dry,Western Africa,Grains,4.7,4.7,1.175,8.225,,,,
,Tropical Montane | Dry | Western Africa | Maize,Tropical Montane,Dry,Western Africa,Maize,4.7,4.7,1.175,8.225,,,,
,Tropical Montane | Dry | Western Africa | Sugarcane,Tropical Montane,Dry,Western Africa,Sugarcane,4.7,4.7,1.175,8.225,,,,
,Tropical Montane | Dry | Western Africa | Wheat,Tropical Montane,Dry,Western Africa,Wheat,4.7,4.7,1.175,8.225,,,,
,Tropical Montane | Dry | Western Africa | Beans & Pulses,Tropical Montane,Dry,Western Africa,Beans & Pulses,4.7,4.7,1.175,8.225,,,,
,Tropical Montane | Dry | Western Africa | Tubers,Tropical Montane,Dry,Western Africa,Tubers,4.7,4.7,1.175,8.225,,,,
,Tropical Montane | Dry | Western Africa | Root Crops,Tropical Montane,Dry,Western Africa,Root Crops,4.7,4.7,1.175,8.225,,,,
,Tropical Montane | Dry | Western Africa | Barley,Tropical Montane,Dry,Western Africa,Barley,4.7,4.7,1.175,8.225,,,,
,Tropical Montane | Dry | Western Africa | Oats,Tropical Montane,Dry,Western Africa,Oats,4.7,4.7,1.175,8.225,,,,
,Tropical Montane | Dry | Western Africa | Millet,Tropical Montane,Dry,Western Africa,Millet,4.7,4.7,1.175,8.225,,,,
,Tropical Montane | Dry | Western Africa | Sorghum,Tropical Montane,Dry,Western Africa,Sorghum,4.7,4.7,1.175,8.225,,,,
,Tropical Montane | Dry | Western Africa | Rye,Tropical Montane,Dry,Western Africa,Rye,4.7,4.7,1.175,8.225,,,,
,Tropical Montane | Dry | Western Africa | Soybeans,Tropical Montane,Dry,Western Africa,Soybeans,4.7,4.7,1.175,8.225,,,,
,Tropical Montane | Dry | Western Africa | Dry Bean,Tropical Montane,Dry,Western Africa,Dry Bean,4.7,4.7,1.175,8.225,,,,
,Tropical Montane | Dry | Western Africa | Potatoes,Tropical Montane,Dry,Western Africa,Potatoes,4.7,4.7,1.175,8.225,,,,
,Tropical Montane | Dry | Western Africa | Peanuts,Tropical Montane,Dry,Western Africa,Peanuts,4.7,4.7,1.175,8.225,,,,
,Tropical Montane | Dry | Western Africa | Vegetables,Tropical Montane,Dry,Western Africa,Vegetables,4.7,4.7,1.175,8.225,,,,
,Tropical Montane | Dry | Western Africa | Oilseeds,Tropical Montane,Dry,Western Africa,Oilseeds,4.7,4.7,1.175,8.225,,,,
,Tropical Montane | Dry | Western Africa | Groundnuts,Tropical Montane,Dry,Western Africa,Groundnuts,4.7,4.7,1.175,8.225,,,,
,Tropical Montane | Dry | Western Africa | Annual Cropland,Tropical Montane,Dry,Western Africa,Annual Cropland,4.7,4.7,1.175,8.225,,,,
,Tropical Montane | Dry | Western Africa | Set Aside,Tropical Montane,Dry,Western Africa,Set Aside,4.7,4.7,1.175,8.225,,,,
,Tropical Montane | Dry | Western Africa | Flooded Rice,Tropical Montane,Dry,Western Africa,Flooded Rice,4.7,4.7,1.175,8.225,,,,
,Tropical Montane | Dry | Western Africa | Grassland,Tropical Montane,Dry,Western Africa,Grassland,4.09,4.09,1.0225,7.1575,,,,
,Tropical Montane | Dry | Western Africa | Other Land (Non-Vegetated),Tropical Montane,Dry,Western Africa,Other Land (Non-Vegetated),0,0,#N/A,#N/A,,,,
,Tropical Montane | Dry | Western Africa | Settlement,Tropical Montane,Dry,Western Africa,Settlement,0,0,#N/A,#N/A,,,,
,Tropical Montane | Dry | Western Africa | Agroforestry - Default,Tropical Montane,Dry,Western Africa,Agroforestry - Default,2.748125,2.748125,1.128125,4.368125,,,,
,Tropical Montane | Dry | Western Africa | Alley Cropping,Tropical Montane,Dry,Western Africa,Alley Cropping,2.92,2.92,2.6119,3.2281,,,,
,Tropical Montane | Dry | Western Africa | Perennial Fallow,Tropical Montane,Dry,Western Africa,Perennial Fallow,4.24,4.24,3.772,4.708,,,,
,Tropical Montane | Dry | Western Africa | Hedgerow,Tropical Montane,Dry,Western Africa,Hedgerow,0.84,0.84,0.5117,1.1683,,,,
,Tropical Montane | Dry | Western Africa | Multistrata,Tropical Montane,Dry,Western Africa,Multistrata,4.05,4.05,3.3675,4.7325,,,,
,Tropical Montane | Dry | Western Africa | Parkland,Tropical Montane,Dry,Western Africa,Parkland,0.8,0.8,0.4578,1.1422,,,,
,Tropical Montane | Dry | Western Africa | Shaded Perennial,Tropical Montane,Dry,Western Africa,Shaded Perennial,2.95,2.95,2.374,3.526,,,,
,Tropical Montane | Dry | Western Africa | Silvoarable,Tropical Montane,Dry,Western Africa,Silvoarable,2.82,2.82,1.5996,4.0404,,,,
,Tropical Montane | Dry | Western Africa | Silvopasture,Tropical Montane,Dry,Western Africa,Silvopasture,3.365,3.365,1.7144,5.0156,,,,
,Tropical Montane | Dry | Western Africa | Other Land,Tropical Montane,Dry,Western Africa,Other Land,0,0,#N/A,#N/A,,,,
,Tropical Montane | Dry | Western Africa | Olive,Tropical Montane,Dry,Western Africa,Olive,0,0,#N/A,#N/A,,,,
,Tropical Montane | Dry | Western Africa | Orchard,Tropical Montane,Dry,Western Africa,Orchard,0,0,#N/A,#N/A,,,,
,Tropical Montane | Dry | Western Africa | Short Rotation Coppice,Tropical Montane,Dry,Western Africa,Short Rotation Coppice,0,0,#N/A,#N/A,,,,
,Tropical Montane | Dry | Western Africa | Tea,Tropical Montane,Dry,Western Africa,Tea,0.7,0.7,0.525,0.875,,,,
,Tropical Montane | Dry | Western Africa | Vine,Tropical Montane,Dry,Western Africa,Vine,0,0,#N/A,#N/A,,,,
,Tropical Montane | Dry | Western Africa | Oil Palm,Tropical Montane,Dry,Western Africa,Oil Palm,2.4,2.4,1.416,3.384,,,,
,Tropical Montane | Dry | Western Africa | Rubber,Tropical Montane,Dry,Western Africa,Rubber,3,3,2.61,3.39,,,,
,Tropical Montane | Dry | Central Asia | Grains,Tropical Montane,Dry,Central Asia,Grains,4.7,4.7,1.175,8.225,,,,
,Tropical Montane | Dry | Central Asia | Maize,Tropical Montane,Dry,Central Asia,Maize,4.7,4.7,1.175,8.225,,,,
,Tropical Montane | Dry | Central Asia | Sugarcane,Tropical Montane,Dry,Central Asia,Sugarcane,4.7,4.7,1.175,8.225,,,,
,Tropical Montane | Dry | Central Asia | Wheat,Tropical Montane,Dry,Central Asia,Wheat,4.7,4.7,1.175,8.225,,,,
,Tropical Montane | Dry | Central Asia | Beans & Pulses,Tropical Montane,Dry,Central Asia,Beans & Pulses,4.7,4.7,1.175,8.225,,,,
,Tropical Montane | Dry | Central Asia | Tubers,Tropical Montane,Dry,Central Asia,Tubers,4.7,4.7,1.175,8.225,,,,
,Tropical Montane | Dry | Central Asia | Root Crops,Tropical Montane,Dry,Central Asia,Root Crops,4.7,4.7,1.175,8.225,,,,
,Tropical Montane | Dry | Central Asia | Barley,Tropical Montane,Dry,Central Asia,Barley,4.7,4.7,1.175,8.225,,,,
,Tropical Montane | Dry | Central Asia | Oats,Tropical Montane,Dry,Central Asia,Oats,4.7,4.7,1.175,8.225,,,,
,Tropical Montane | Dry | Central Asia | Millet,Tropical Montane,Dry,Central Asia,Millet,4.7,4.7,1.175,8.225,,,,
,Tropical Montane | Dry | Central Asia | Sorghum,Tropical Montane,Dry,Central Asia,Sorghum,4.7,4.7,1.175,8.225,,,,
,Tropical Montane | Dry | Central Asia | Rye,Tropical Montane,Dry,Central Asia,Rye,4.7,4.7,1.175,8.225,,,,
,Tropical Montane | Dry | Central Asia | Soybeans,Tropical Montane,Dry,Central Asia,Soybeans,4.7,4.7,1.175,8.225,,,,
,Tropical Montane | Dry | Central Asia | Dry Bean,Tropical Montane,Dry,Central Asia,Dry Bean,4.7,4.7,1.175,8.225,,,,
,Tropical Montane | Dry | Central Asia | Potatoes,Tropical Montane,Dry,Central Asia,Potatoes,4.7,4.7,1.175,8.225,,,,
,Tropical Montane | Dry | Central Asia | Peanuts,Tropical Montane,Dry,Central Asia,Peanuts,4.7,4.7,1.175,8.225,,,,
,Tropical Montane | Dry | Central Asia | Vegetables,Tropical Montane,Dry,Central Asia,Vegetables,4.7,4.7,1.175,8.225,,,,
,Tropical Montane | Dry | Central Asia | Oilseeds,Tropical Montane,Dry,Central Asia,Oilseeds,4.7,4.7,1.175,8.225,,,,
,Tropical Montane | Dry | Central Asia | Groundnuts,Tropical Montane,Dry,Central Asia,Groundnuts,4.7,4.7,1.175,8.225,,,,
,Tropical Montane | Dry | Central Asia | Annual Cropland,Tropical Montane,Dry,Central Asia,Annual Cropland,4.7,4.7,1.175,8.225,,,,
,Tropical Montane | Dry | Central Asia | Set Aside,Tropical Montane,Dry,Central Asia,Set Aside,4.7,4.7,1.175,8.225,,,,
,Tropical Montane | Dry | Central Asia | Flooded Rice,Tropical Montane,Dry,Central Asia,Flooded Rice,4.7,4.7,1.175,8.225,,,,
,Tropical Montane | Dry | Central Asia | Grassland,Tropical Montane,Dry,Central Asia,Grassland,4.09,4.09,1.0225,7.1575,,,,
,Tropical Montane | Dry | Central Asia | Other Land (Non-Vegetated),Tropical Montane,Dry,Central Asia,Other Land (Non-Vegetated),0,0,#N/A,#N/A,,,,
,Tropical Montane | Dry | Central Asia | Settlement,Tropical Montane,Dry,Central Asia,Settlement,0,0,#N/A,#N/A,,,,
,Tropical Montane | Dry | Central Asia | Agroforestry - Default,Tropical Montane,Dry,Central Asia,Agroforestry - Default,2.956875,2.956875,1.215,4.69875,,,,
,Tropical Montane | Dry | Central Asia | Alley Cropping,Tropical Montane,Dry,Central Asia,Alley Cropping,2.92,2.92,2.6119,3.2281,,,,
,Tropical Montane | Dry | Central Asia | Perennial Fallow,Tropical Montane,Dry,Central Asia,Perennial Fallow,5.91,5.91,5.247,6.573,,,,
,Tropical Montane | Dry | Central Asia | Hedgerow,Tropical Montane,Dry,Central Asia,Hedgerow,0.84,0.84,0.5117,1.1683,,,,
,Tropical Montane | Dry | Central Asia | Multistrata,Tropical Montane,Dry,Central Asia,Multistrata,4.05,4.05,3.3675,4.7325,,,,
,Tropical Montane | Dry | Central Asia | Parkland,Tropical Montane,Dry,Central Asia,Parkland,0.8,0.8,0.4578,1.1422,,,,
,Tropical Montane | Dry | Central Asia | Shaded Perennial,Tropical Montane,Dry,Central Asia,Shaded Perennial,2.95,2.95,2.374,3.526,,,,
,Tropical Montane | Dry | Central Asia | Silvoarable,Tropical Montane,Dry,Central Asia,Silvoarable,2.82,2.82,1.5996,4.0404,,,,
,Tropical Montane | Dry | Central Asia | Silvopasture,Tropical Montane,Dry,Central Asia,Silvopasture,3.365,3.365,1.7144,5.0156,,,,
,Tropical Montane | Dry | Central Asia | Other Land,Tropical Montane,Dry,Central Asia,Other Land,0,0,#N/A,#N/A,,,,
,Tropical Montane | Dry | Central Asia | Olive,Tropical Montane,Dry,Central Asia,Olive,0,0,#N/A,#N/A,,,,
,Tropical Montane | Dry | Central Asia | Orchard,Tropical Montane,Dry,Central Asia,Orchard,0,0,#N/A,#N/A,,,,
,Tropical Montane | Dry | Central Asia | Short Rotation Coppice,Tropical Montane,Dry,Central Asia,Short Rotation Coppice,0,0,#N/A,#N/A,,,,
,Tropical Montane | Dry | Central Asia | Tea,Tropical Montane,Dry,Central Asia,Tea,0.7,0.7,0.525,0.875,,,,
,Tropical Montane | Dry | Central Asia | Vine,Tropical Montane,Dry,Central Asia,Vine,0,0,#N/A,#N/A,,,,
,Tropical Montane | Dry | Central Asia | Oil Palm,Tropical Montane,Dry,Central Asia,Oil Palm,2.4,2.4,1.416,3.384,,,,
,Tropical Montane | Dry | Central Asia | Rubber,Tropical Montane,Dry,Central Asia,Rubber,3,3,2.61,3.39,,,,
,Tropical Montane | Dry | Eastern Asia | Grains,Tropical Montane,Dry,Eastern Asia,Grains,4.7,4.7,1.175,8.225,,,,
,Tropical Montane | Dry | Eastern Asia | Maize,Tropical Montane,Dry,Eastern Asia,Maize,4.7,4.7,1.175,8.225,,,,
,Tropical Montane | Dry | Eastern Asia | Sugarcane,Tropical Montane,Dry,Eastern Asia,Sugarcane,4.7,4.7,1.175,8.225,,,,
,Tropical Montane | Dry | Eastern Asia | Wheat,Tropical Montane,Dry,Eastern Asia,Wheat,4.7,4.7,1.175,8.225,,,,
,Tropical Montane | Dry | Eastern Asia | Beans & Pulses,Tropical Montane,Dry,Eastern Asia,Beans & Pulses,4.7,4.7,1.175,8.225,,,,
,Tropical Montane | Dry | Eastern Asia | Tubers,Tropical Montane,Dry,Eastern Asia,Tubers,4.7,4.7,1.175,8.225,,,,
,Tropical Montane | Dry | Eastern Asia | Root Crops,Tropical Montane,Dry,Eastern Asia,Root Crops,4.7,4.7,1.175,8.225,,,,
,Tropical Montane | Dry | Eastern Asia | Barley,Tropical Montane,Dry,Eastern Asia,Barley,4.7,4.7,1.175,8.225,,,,
,Tropical Montane | Dry | Eastern Asia | Oats,Tropical Montane,Dry,Eastern Asia,Oats,4.7,4.7,1.175,8.225,,,,
,Tropical Montane | Dry | Eastern Asia | Millet,Tropical Montane,Dry,Eastern Asia,Millet,4.7,4.7,1.175,8.225,,,,
,Tropical Montane | Dry | Eastern Asia | Sorghum,Tropical Montane,Dry,Eastern Asia,Sorghum,4.7,4.7,1.175,8.225,,,,
,Tropical Montane | Dry | Eastern Asia | Rye,Tropical Montane,Dry,Eastern Asia,Rye,4.7,4.7,1.175,8.225,,,,
,Tropical Montane | Dry | Eastern Asia | Soybeans,Tropical Montane,Dry,Eastern Asia,Soybeans,4.7,4.7,1.175,8.225,,,,
,Tropical Montane | Dry | Eastern Asia | Dry Bean,Tropical Montane,Dry,Eastern Asia,Dry Bean,4.7,4.7,1.175,8.225,,,,
,Tropical Montane | Dry | Eastern Asia | Potatoes,Tropical Montane,Dry,Eastern Asia,Potatoes,4.7,4.7,1.175,8.225,,,,
,Tropical Montane | Dry | Eastern Asia | Peanuts,Tropical Montane,Dry,Eastern Asia,Peanuts,4.7,4.7,1.175,8.225,,,,
,Tropical Montane | Dry | Eastern Asia | Vegetables,Tropical Montane,Dry,Eastern Asia,Vegetables,4.7,4.7,1.175,8.225,,,,
,Tropical Montane | Dry | Eastern Asia | Oilseeds,Tropical Montane,Dry,Eastern Asia,Oilseeds,4.7,4.7,1.175,8.225,,,,
,Tropical Montane | Dry | Eastern Asia | Groundnuts,Tropical Montane,Dry,Eastern Asia,Groundnuts,4.7,4.7,1.175,8.225,,,,
,Tropical Montane | Dry | Eastern Asia | Annual Cropland,Tropical Montane,Dry,Eastern Asia,Annual Cropland,4.7,4.7,1.175,8.225,,,,
,Tropical Montane | Dry | Eastern Asia | Set Aside,Tropical Montane,Dry,Eastern Asia,Set Aside,4.7,4.7,1.175,8.225,,,,
,Tropical Montane | Dry | Eastern Asia | Flooded Rice,Tropical Montane,Dry,Eastern Asia,Flooded Rice,4.7,4.7,1.175,8.225,,,,
,Tropical Montane | Dry | Eastern Asia | Grassland,Tropical Montane,Dry,Eastern Asia,Grassland,4.09,4.09,1.0225,7.1575,,,,
,Tropical Montane | Dry | Eastern Asia | Other Land (Non-Vegetated),Tropical Montane,Dry,Eastern Asia,Other Land (Non-Vegetated),0,0,#N/A,#N/A,,,,
,Tropical Montane | Dry | Eastern Asia | Settlement,Tropical Montane,Dry,Eastern Asia,Settlement,0,0,#N/A,#N/A,,,,
,Tropical Montane | Dry | Eastern Asia | Agroforestry - Default,Tropical Montane,Dry,Eastern Asia,Agroforestry - Default,2.956875,2.956875,1.215,4.69875,,,,
,Tropical Montane | Dry | Eastern Asia | Alley Cropping,Tropical Montane,Dry,Eastern Asia,Alley Cropping,2.92,2.92,2.6119,3.2281,,,,
,Tropical Montane | Dry | Eastern Asia | Perennial Fallow,Tropical Montane,Dry,Eastern Asia,Perennial Fallow,5.91,5.91,5.247,6.573,,,,
,Tropical Montane | Dry | Eastern Asia | Hedgerow,Tropical Montane,Dry,Eastern Asia,Hedgerow,0.84,0.84,0.5117,1.1683,,,,
,Tropical Montane | Dry | Eastern Asia | Multistrata,Tropical Montane,Dry,Eastern Asia,Multistrata,4.05,4.05,3.3675,4.7325,,,,
,Tropical Montane | Dry | Eastern Asia | Parkland,Tropical Montane,Dry,Eastern Asia,Parkland,0.8,0.8,0.4578,1.1422,,,,
,Tropical Montane | Dry | Eastern Asia | Shaded Perennial,Tropical Montane,Dry,Eastern Asia,Shaded Perennial,2.95,2.95,2.374,3.526,,,,
,Tropical Montane | Dry | Eastern Asia | Silvoarable,Tropical Montane,Dry,Eastern Asia,Silvoarable,2.82,2.82,1.5996,4.0404,,,,
,Tropical Montane | Dry | Eastern Asia | Silvopasture,Tropical Montane,Dry,Eastern Asia,Silvopasture,3.365,3.365,1.7144,5.0156,,,,
,Tropical Montane | Dry | Eastern Asia | Other Land,Tropical Montane,Dry,Eastern Asia,Other Land,0,0,#N/A,#N/A,,,,
,Tropical Montane | Dry | Eastern Asia | Olive,Tropical Montane,Dry,Eastern Asia,Olive,0,0,#N/A,#N/A,,,,
,Tropical Montane | Dry | Eastern Asia | Orchard,Tropical Montane,Dry,Eastern Asia,Orchard,0,0,#N/A,#N/A,,,,
,Tropical Montane | Dry | Eastern Asia | Short Rotation Coppice,Tropical Montane,Dry,Eastern Asia,Short Rotation Coppice,0,0,#N/A,#N/A,,,,
,Tropical Montane | Dry | Eastern Asia | Tea,Tropical Montane,Dry,Eastern Asia,Tea,0.7,0.7,0.525,0.875,,,,
,Tropical Montane | Dry | Eastern Asia | Vine,Tropical Montane,Dry,Eastern Asia,Vine,0,0,#N/A,#N/A,,,,
,Tropical Montane | Dry | Eastern Asia | Oil Palm,Tropical Montane,Dry,Eastern Asia,Oil Palm,2.4,2.4,1.416,3.384,,,,
,Tropical Montane | Dry | Eastern Asia | Rubber,Tropical Montane,Dry,Eastern Asia,Rubber,3,3,2.61,3.39,,,,
,Tropical Montane | Dry | South-Eastern Asia | Grains,Tropical Montane,Dry,South-Eastern Asia,Grains,4.7,4.7,1.175,8.225,,,,
,Tropical Montane | Dry | South-Eastern Asia | Maize,Tropical Montane,Dry,South-Eastern Asia,Maize,4.7,4.7,1.175,8.225,,,,
,Tropical Montane | Dry | South-Eastern Asia | Sugarcane,Tropical Montane,Dry,South-Eastern Asia,Sugarcane,4.7,4.7,1.175,8.225,,,,
,Tropical Montane | Dry | South-Eastern Asia | Wheat,Tropical Montane,Dry,South-Eastern Asia,Wheat,4.7,4.7,1.175,8.225,,,,
,Tropical Montane | Dry | South-Eastern Asia | Beans & Pulses,Tropical Montane,Dry,South-Eastern Asia,Beans & Pulses,4.7,4.7,1.175,8.225,,,,
,Tropical Montane | Dry | South-Eastern Asia | Tubers,Tropical Montane,Dry,South-Eastern Asia,Tubers,4.7,4.7,1.175,8.225,,,,
,Tropical Montane | Dry | South-Eastern Asia | Root Crops,Tropical Montane,Dry,South-Eastern Asia,Root Crops,4.7,4.7,1.175,8.225,,,,
,Tropical Montane | Dry | South-Eastern Asia | Barley,Tropical Montane,Dry,South-Eastern Asia,Barley,4.7,4.7,1.175,8.225,,,,
,Tropical Montane | Dry | South-Eastern Asia | Oats,Tropical Montane,Dry,South-Eastern Asia,Oats,4.7,4.7,1.175,8.225,,,,
,Tropical Montane | Dry | South-Eastern Asia | Millet,Tropical Montane,Dry,South-Eastern Asia,Millet,4.7,4.7,1.175,8.225,,,,
,Tropical Montane | Dry | South-Eastern Asia | Sorghum,Tropical Montane,Dry,South-Eastern Asia,Sorghum,4.7,4.7,1.175,8.225,,,,
,Tropical Montane | Dry | South-Eastern Asia | Rye,Tropical Montane,Dry,South-Eastern Asia,Rye,4.7,4.7,1.175,8.225,,,,
,Tropical Montane | Dry | South-Eastern Asia | Soybeans,Tropical Montane,Dry,South-Eastern Asia,Soybeans,4.7,4.7,1.175,8.225,,,,
,Tropical Montane | Dry | South-Eastern Asia | Dry Bean,Tropical Montane,Dry,South-Eastern Asia,Dry Bean,4.7,4.7,1.175,8.225,,,,
,Tropical Montane | Dry | South-Eastern Asia | Potatoes,Tropical Montane,Dry,South-Eastern Asia,Potatoes,4.7,4.7,1.175,8.225,,,,
,Tropical Montane | Dry | South-Eastern Asia | Peanuts,Tropical Montane,Dry,South-Eastern Asia,Peanuts,4.7,4.7,1.175,8.225,,,,
,Tropical Montane | Dry | South-Eastern Asia | Vegetables,Tropical Montane,Dry,South-Eastern Asia,Vegetables,4.7,4.7,1.175,8.225,,,,
,Tropical Montane | Dry | South-Eastern Asia | Oilseeds,Tropical Montane,Dry,South-Eastern Asia,Oilseeds,4.7,4.7,1.175,8.225,,,,
,Tropical Montane | Dry | South-Eastern Asia | Groundnuts,Tropical Montane,Dry,South-Eastern Asia,Groundnuts,4.7,4.7,1.175,8.225,,,,
,Tropical Montane | Dry | South-Eastern Asia | Annual Cropland,Tropical Montane,Dry,South-Eastern Asia,Annual Cropland,4.7,4.7,1.175,8.225,,,,
,Tropical Montane | Dry | South-Eastern Asia | Set Aside,Tropical Montane,Dry,South-Eastern Asia,Set Aside,4.7,4.7,1.175,8.225,,,,
,Tropical Montane | Dry | South-Eastern Asia | Flooded Rice,Tropical Montane,Dry,South-Eastern Asia,Flooded Rice,4.7,4.7,1.175,8.225,,,,
,Tropical Montane | Dry | South-Eastern Asia | Grassland,Tropical Montane,Dry,South-Eastern Asia,Grassland,4.09,4.09,1.0225,7.1575,,,,
,Tropical Montane | Dry | South-Eastern Asia | Other Land (Non-Vegetated),Tropical Montane,Dry,South-Eastern Asia,Other Land (Non-Vegetated),0,0,#N/A,#N/A,,,,
,Tropical Montane | Dry | South-Eastern Asia | Settlement,Tropical Montane,Dry,South-Eastern Asia,Settlement,0,0,#N/A,#N/A,,,,
,Tropical Montane | Dry | South-Eastern Asia | Agroforestry - Default,Tropical Montane,Dry,South-Eastern Asia,Agroforestry - Default,2.956875,2.956875,1.215,4.69875,,,,
,Tropical Montane | Dry | South-Eastern Asia | Alley Cropping,Tropical Montane,Dry,South-Eastern Asia,Alley Cropping,2.92,2.92,2.6119,3.2281,,,,
,Tropical Montane | Dry | South-Eastern Asia | Perennial Fallow,Tropical Montane,Dry,South-Eastern Asia,Perennial Fallow,5.91,5.91,5.247,6.573,,,,
,Tropical Montane | Dry | South-Eastern Asia | Hedgerow,Tropical Montane,Dry,South-Eastern Asia,Hedgerow,0.84,0.84,0.5117,1.1683,,,,
,Tropical Montane | Dry | South-Eastern Asia | Multistrata,Tropical Montane,Dry,South-Eastern Asia,Multistrata,4.05,4.05,3.3675,4.7325,,,,
,Tropical Montane | Dry | South-Eastern Asia | Parkland,Tropical Montane,Dry,South-Eastern Asia,Parkland,0.8,0.8,0.4578,1.1422,,,,
,Tropical Montane | Dry | South-Eastern Asia | Shaded Perennial,Tropical Montane,Dry,South-Eastern Asia,Shaded Perennial,2.95,2.95,2.374,3.526,,,,
,Tropical Montane | Dry | South-Eastern Asia | Silvoarable,Tropical Montane,Dry,South-Eastern Asia,Silvoarable,2.82,2.82,1.5996,4.0404,,,,
,Tropical Montane | Dry | South-Eastern Asia | Silvopasture,Tropical Montane,Dry,South-Eastern Asia,Silvopasture,3.365,3.365,1.7144,5.0156,,,,
,Tropical Montane | Dry | South-Eastern Asia | Other Land,Tropical Montane,Dry,South-Eastern Asia,Other Land,0,0,#N/A,#N/A,,,,
,Tropical Montane | Dry | South-Eastern Asia | Olive,Tropical Montane,Dry,South-Eastern Asia,Olive,0,0,#N/A,#N/A,,,,
,Tropical Montane | Dry | South-Eastern Asia | Orchard,Tropical Montane,Dry,South-Eastern Asia,Orchard,0,0,#N/A,#N/A,,,,
,Tropical Montane | Dry | South-Eastern Asia | Short Rotation Coppice,Tropical Montane,Dry,South-Eastern Asia,Short Rotation Coppice,0,0,#N/A,#N/A,,,,
,Tropical Montane | Dry | South-Eastern Asia | Tea,Tropical Montane,Dry,South-Eastern Asia,Tea,0.7,0.7,0.525,0.875,,,,
,Tropical Montane | Dry | South-Eastern Asia | Vine,Tropical Montane,Dry,South-Eastern Asia,Vine,0,0,#N/A,#N/A,,,,
,Tropical Montane | Dry | South-Eastern Asia | Oil Palm,Tropical Montane,Dry,South-Eastern Asia,Oil Palm,2.4,2.4,1.416,3.384,,,,
,Tropical Montane | Dry | South-Eastern Asia | Rubber,Tropical Montane,Dry,South-Eastern Asia,Rubber,3,3,2.61,3.39,,,,
,Tropical Montane | Dry | Southern Asia | Grains,Tropical Montane,Dry,Southern Asia,Grains,4.7,4.7,1.175,8.225,,,,
,Tropical Montane | Dry | Southern Asia | Maize,Tropical Montane,Dry,Southern Asia,Maize,4.7,4.7,1.175,8.225,,,,
,Tropical Montane | Dry | Southern Asia | Sugarcane,Tropical Montane,Dry,Southern Asia,Sugarcane,4.7,4.7,1.175,8.225,,,,
,Tropical Montane | Dry | Southern Asia | Wheat,Tropical Montane,Dry,Southern Asia,Wheat,4.7,4.7,1.175,8.225,,,,
,Tropical Montane | Dry | Southern Asia | Beans & Pulses,Tropical Montane,Dry,Southern Asia,Beans & Pulses,4.7,4.7,1.175,8.225,,,,
,Tropical Montane | Dry | Southern Asia | Tubers,Tropical Montane,Dry,Southern Asia,Tubers,4.7,4.7,1.175,8.225,,,,
,Tropical Montane | Dry | Southern Asia | Root Crops,Tropical Montane,Dry,Southern Asia,Root Crops,4.7,4.7,1.175,8.225,,,,
,Tropical Montane | Dry | Southern Asia | Barley,Tropical Montane,Dry,Southern Asia,Barley,4.7,4.7,1.175,8.225,,,,
,Tropical Montane | Dry | Southern Asia | Oats,Tropical Montane,Dry,Southern Asia,Oats,4.7,4.7,1.175,8.225,,,,
,Tropical Montane | Dry | Southern Asia | Millet,Tropical Montane,Dry,Southern Asia,Millet,4.7,4.7,1.175,8.225,,,,
,Tropical Montane | Dry | Southern Asia | Sorghum,Tropical Montane,Dry,Southern Asia,Sorghum,4.7,4.7,1.175,8.225,,,,
,Tropical Montane | Dry | Southern Asia | Rye,Tropical Montane,Dry,Southern Asia,Rye,4.7,4.7,1.175,8.225,,,,
,Tropical Montane | Dry | Southern Asia | Soybeans,Tropical Montane,Dry,Southern Asia,Soybeans,4.7,4.7,1.175,8.225,,,,
,Tropical Montane | Dry | Southern Asia | Dry Bean,Tropical Montane,Dry,Southern Asia,Dry Bean,4.7,4.7,1.175,8.225,,,,
,Tropical Montane | Dry | Southern Asia | Potatoes,Tropical Montane,Dry,Southern Asia,Potatoes,4.7,4.7,1.175,8.225,,,,
,Tropical Montane | Dry | Southern Asia | Peanuts,Tropical Montane,Dry,Southern Asia,Peanuts,4.7,4.7,1.175,8.225,,,,
,Tropical Montane | Dry | Southern Asia | Vegetables,Tropical Montane,Dry,Southern Asia,Vegetables,4.7,4.7,1.175,8.225,,,,
,Tropical Montane | Dry | Southern Asia | Oilseeds,Tropical Montane,Dry,Southern Asia,Oilseeds,4.7,4.7,1.175,8.225,,,,
,Tropical Montane | Dry | Southern Asia | Groundnuts,Tropical Montane,Dry,Southern Asia,Groundnuts,4.7,4.7,1.175,8.225,,,,
,Tropical Montane | Dry | Southern Asia | Annual Cropland,Tropical Montane,Dry,Southern Asia,Annual Cropland,4.7,4.7,1.175,8.225,,,,
,Tropical Montane | Dry | Southern Asia | Set Aside,Tropical Montane,Dry,Southern Asia,Set Aside,4.7,4.7,1.175,8.225,,,,
,Tropical Montane | Dry | Southern Asia | Flooded Rice,Tropical Montane,Dry,Southern Asia,Flooded Rice,4.7,4.7,1.175,8.225,,,,
,Tropical Montane | Dry | Southern Asia | Grassland,Tropical Montane,Dry,Southern Asia,Grassland,4.09,4.09,1.0225,7.1575,,,,
,Tropical Montane | Dry | Southern Asia | Other Land (Non-Vegetated),Tropical Montane,Dry,Southern Asia,Other Land (Non-Vegetated),0,0,#N/A,#N/A,,,,
,Tropical Montane | Dry | Southern Asia | Settlement,Tropical Montane,Dry,Southern Asia,Settlement,0,0,#N/A,#N/A,,,,
,Tropical Montane | Dry | Southern Asia | Agroforestry - Default,Tropical Montane,Dry,Southern Asia,Agroforestry - Default,2.956875,2.956875,1.215,4.69875,,,,
,Tropical Montane | Dry | Southern Asia | Alley Cropping,Tropical Montane,Dry,Southern Asia,Alley Cropping,2.92,2.92,2.6119,3.2281,,,,
,Tropical Montane | Dry | Southern Asia | Perennial Fallow,Tropical Montane,Dry,Southern Asia,Perennial Fallow,5.91,5.91,5.247,6.573,,,,
,Tropical Montane | Dry | Southern Asia | Hedgerow,Tropical Montane,Dry,Southern Asia,Hedgerow,0.84,0.84,0.5117,1.1683,,,,
,Tropical Montane | Dry | Southern Asia | Multistrata,Tropical Montane,Dry,Southern Asia,Multistrata,4.05,4.05,3.3675,4.7325,,,,
,Tropical Montane | Dry | Southern Asia | Parkland,Tropical Montane,Dry,Southern Asia,Parkland,0.8,0.8,0.4578,1.1422,,,,
,Tropical Montane | Dry | Southern Asia | Shaded Perennial,Tropical Montane,Dry,Southern Asia,Shaded Perennial,2.95,2.95,2.374,3.526,,,,
,Tropical Montane | Dry | Southern Asia | Silvoarable,Tropical Montane,Dry,Southern Asia,Silvoarable,2.82,2.82,1.5996,4.0404,,,,
,Tropical Montane | Dry | Southern Asia | Silvopasture,Tropical Montane,Dry,Southern Asia,Silvopasture,3.365,3.365,1.7144,5.0156,,,,
,Tropical Montane | Dry | Southern Asia | Other Land,Tropical Montane,Dry,Southern Asia,Other Land,0,0,#N/A,#N/A,,,,
,Tropical Montane | Dry | Southern Asia | Olive,Tropical Montane,Dry,Southern Asia,Olive,0,0,#N/A,#N/A,,,,
,Tropical Montane | Dry | Southern Asia | Orchard,Tropical Montane,Dry,Southern Asia,Orchard,0,0,#N/A,#N/A,,,,
,Tropical Montane | Dry | Southern Asia | Short Rotation Coppice,Tropical Montane,Dry,Southern Asia,Short Rotation Coppice,0,0,#N/A,#N/A,,,,
,Tropical Montane | Dry | Southern Asia | Tea,Tropical Montane,Dry,Southern Asia,Tea,0.7,0.7,0.525,0.875,,,,
,Tropical Montane | Dry | Southern Asia | Vine,Tropical Montane,Dry,Southern Asia,Vine,0,0,#N/A,#N/A,,,,
,Tropical Montane | Dry | Southern Asia | Oil Palm,Tropical Montane,Dry,Southern Asia,Oil Palm,2.4,2.4,1.416,3.384,,,,
,Tropical Montane | Dry | Southern Asia | Rubber,Tropical Montane,Dry,Southern Asia,Rubber,3,3,2.61,3.39,,,,
,Tropical Montane | Dry | Western Asia | Grains,Tropical Montane,Dry,Western Asia,Grains,4.7,4.7,1.175,8.225,,,,
,Tropical Montane | Dry | Western Asia | Maize,Tropical Montane,Dry,Western Asia,Maize,4.7,4.7,1.175,8.225,,,,
,Tropical Montane | Dry | Western Asia | Sugarcane,Tropical Montane,Dry,Western Asia,Sugarcane,4.7,4.7,1.175,8.225,,,,
,Tropical Montane | Dry | Western Asia | Wheat,Tropical Montane,Dry,Western Asia,Wheat,4.7,4.7,1.175,8.225,,,,
,Tropical Montane | Dry | Western Asia | Beans & Pulses,Tropical Montane,Dry,Western Asia,Beans & Pulses,4.7,4.7,1.175,8.225,,,,
,Tropical Montane | Dry | Western Asia | Tubers,Tropical Montane,Dry,Western Asia,Tubers,4.7,4.7,1.175,8.225,,,,
,Tropical Montane | Dry | Western Asia | Root Crops,Tropical Montane,Dry,Western Asia,Root Crops,4.7,4.7,1.175,8.225,,,,
,Tropical Montane | Dry | Western Asia | Barley,Tropical Montane,Dry,Western Asia,Barley,4.7,4.7,1.175,8.225,,,,
,Tropical Montane | Dry | Western Asia | Oats,Tropical Montane,Dry,Western Asia,Oats,4.7,4.7,1.175,8.225,,,,
,Tropical Montane | Dry | Western Asia | Millet,Tropical Montane,Dry,Western Asia,Millet,4.7,4.7,1.175,8.225,,,,
,Tropical Montane | Dry | Western Asia | Sorghum,Tropical Montane,Dry,Western Asia,Sorghum,4.7,4.7,1.175,8.225,,,,
,Tropical Montane | Dry | Western Asia | Rye,Tropical Montane,Dry,Western Asia,Rye,4.7,4.7,1.175,8.225,,,,
,Tropical Montane | Dry | Western Asia | Soybeans,Tropical Montane,Dry,Western Asia,Soybeans,4.7,4.7,1.175,8.225,,,,
,Tropical Montane | Dry | Western Asia | Dry Bean,Tropical Montane,Dry,Western Asia,Dry Bean,4.7,4.7,1.175,8.225,,,,
,Tropical Montane | Dry | Western Asia | Potatoes,Tropical Montane,Dry,Western Asia,Potatoes,4.7,4.7,1.175,8.225,,,,
,Tropical Montane | Dry | Western Asia | Peanuts,Tropical Montane,Dry,Western Asia,Peanuts,4.7,4.7,1.175,8.225,,,,
,Tropical Montane | Dry | Western Asia | Vegetables,Tropical Montane,Dry,Western Asia,Vegetables,4.7,4.7,1.175,8.225,,,,
,Tropical Montane | Dry | Western Asia | Oilseeds,Tropical Montane,Dry,Western Asia,Oilseeds,4.7,4.7,1.175,8.225,,,,
,Tropical Montane | Dry | Western Asia | Groundnuts,Tropical Montane,Dry,Western Asia,Groundnuts,4.7,4.7,1.175,8.225,,,,
,Tropical Montane | Dry | Western Asia | Annual Cropland,Tropical Montane,Dry,Western Asia,Annual Cropland,4.7,4.7,1.175,8.225,,,,
,Tropical Montane | Dry | Western Asia | Set Aside,Tropical Montane,Dry,Western Asia,Set Aside,4.7,4.7,1.175,8.225,,,,
,Tropical Montane | Dry | Western Asia | Flooded Rice,Tropical Montane,Dry,Western Asia,Flooded Rice,4.7,4.7,1.175,8.225,,,,
,Tropical Montane | Dry | Western Asia | Grassland,Tropical Montane,Dry,Western Asia,Grassland,4.09,4.09,1.0225,7.1575,,,,
,Tropical Montane | Dry | Western Asia | Other Land (Non-Vegetated),Tropical Montane,Dry,Western Asia,Other Land (Non-Vegetated),0,0,#N/A,#N/A,,,,
,Tropical Montane | Dry | Western Asia | Settlement,Tropical Montane,Dry,Western Asia,Settlement,0,0,#N/A,#N/A,,,,
,Tropical Montane | Dry | Western Asia | Agroforestry - Default,Tropical Montane,Dry,Western Asia,Agroforestry - Default,2.956875,2.956875,1.215,4.69875,,,,
,Tropical Montane | Dry | Western Asia | Alley Cropping,Tropical Montane,Dry,Western Asia,Alley Cropping,2.92,2.92,2.6119,3.2281,,,,
,Tropical Montane | Dry | Western Asia | Perennial Fallow,Tropical Montane,Dry,Western Asia,Perennial Fallow,5.91,5.91,5.247,6.573,,,,
,Tropical Montane | Dry | Western Asia | Hedgerow,Tropical Montane,Dry,Western Asia,Hedgerow,0.84,0.84,0.5117,1.1683,,,,
,Tropical Montane | Dry | Western Asia | Multistrata,Tropical Montane,Dry,Western Asia,Multistrata,4.05,4.05,3.3675,4.7325,,,,
,Tropical Montane | Dry | Western Asia | Parkland,Tropical Montane,Dry,Western Asia,Parkland,0.8,0.8,0.4578,1.1422,,,,
,Tropical Montane | Dry | Western Asia | Shaded Perennial,Tropical Montane,Dry,Western Asia,Shaded Perennial,2.95,2.95,2.374,3.526,,,,
,Tropical Montane | Dry | Western Asia | Silvoarable,Tropical Montane,Dry,Western Asia,Silvoarable,2.82,2.82,1.5996,4.0404,,,,
,Tropical Montane | Dry | Western Asia | Silvopasture,Tropical Montane,Dry,Western Asia,Silvopasture,3.365,3.365,1.7144,5.0156,,,,
,Tropical Montane | Dry | Western Asia | Other Land,Tropical Montane,Dry,Western Asia,Other Land,0,0,#N/A,#N/A,,,,
,Tropical Montane | Dry | Western Asia | Olive,Tropical Montane,Dry,Western Asia,Olive,0,0,#N/A,#N/A,,,,
,Tropical Montane | Dry | Western Asia | Orchard,Tropical Montane,Dry,Western Asia,Orchard,0,0,#N/A,#N/A,,,,
,Tropical Montane | Dry | Western Asia | Short Rotation Coppice,Tropical Montane,Dry,Western Asia,Short Rotation Coppice,0,0,#N/A,#N/A,,,,
,Tropical Montane | Dry | Western Asia | Tea,Tropical Montane,Dry,Western Asia,Tea,0.7,0.7,0.525,0.875,,,,
,Tropical Montane | Dry | Western Asia | Vine,Tropical Montane,Dry,Western Asia,Vine,0,0,#N/A,#N/A,,,,
,Tropical Montane | Dry | Western Asia | Oil Palm,Tropical Montane,Dry,Western Asia,Oil Palm,2.4,2.4,1.416,3.384,,,,
,Tropical Montane | Dry | Western Asia | Rubber,Tropical Montane,Dry,Western Asia,Rubber,3,3,2.61,3.39,,,,
,Tropical Montane | Dry | Europe | Grains,Tropical Montane,Dry,Europe,Grains,4.7,4.7,1.175,8.225,,,,
,Tropical Montane | Dry | Europe | Maize,Tropical Montane,Dry,Europe,Maize,4.7,4.7,1.175,8.225,,,,
,Tropical Montane | Dry | Europe | Sugarcane,Tropical Montane,Dry,Europe,Sugarcane,4.7,4.7,1.175,8.225,,,,
,Tropical Montane | Dry | Europe | Wheat,Tropical Montane,Dry,Europe,Wheat,4.7,4.7,1.175,8.225,,,,
,Tropical Montane | Dry | Europe | Beans & Pulses,Tropical Montane,Dry,Europe,Beans & Pulses,4.7,4.7,1.175,8.225,,,,
,Tropical Montane | Dry | Europe | Tubers,Tropical Montane,Dry,Europe,Tubers,4.7,4.7,1.175,8.225,,,,
,Tropical Montane | Dry | Europe | Root Crops,Tropical Montane,Dry,Europe,Root Crops,4.7,4.7,1.175,8.225,,,,
,Tropical Montane | Dry | Europe | Barley,Tropical Montane,Dry,Europe,Barley,4.7,4.7,1.175,8.225,,,,
,Tropical Montane | Dry | Europe | Oats,Tropical Montane,Dry,Europe,Oats,4.7,4.7,1.175,8.225,,,,
,Tropical Montane | Dry | Europe | Millet,Tropical Montane,Dry,Europe,Millet,4.7,4.7,1.175,8.225,,,,
,Tropical Montane | Dry | Europe | Sorghum,Tropical Montane,Dry,Europe,Sorghum,4.7,4.7,1.175,8.225,,,,
,Tropical Montane | Dry | Europe | Rye,Tropical Montane,Dry,Europe,Rye,4.7,4.7,1.175,8.225,,,,
,Tropical Montane | Dry | Europe | Soybeans,Tropical Montane,Dry,Europe,Soybeans,4.7,4.7,1.175,8.225,,,,
,Tropical Montane | Dry | Europe | Dry Bean,Tropical Montane,Dry,Europe,Dry Bean,4.7,4.7,1.175,8.225,,,,
,Tropical Montane | Dry | Europe | Potatoes,Tropical Montane,Dry,Europe,Potatoes,4.7,4.7,1.175,8.225,,,,
,Tropical Montane | Dry | Europe | Peanuts,Tropical Montane,Dry,Europe,Peanuts,4.7,4.7,1.175,8.225,,,,
,Tropical Montane | Dry | Europe | Vegetables,Tropical Montane,Dry,Europe,Vegetables,4.7,4.7,1.175,8.225,,,,
,Tropical Montane | Dry | Europe | Oilseeds,Tropical Montane,Dry,Europe,Oilseeds,4.7,4.7,1.175,8.225,,,,
,Tropical Montane | Dry | Europe | Groundnuts,Tropical Montane,Dry,Europe,Groundnuts,4.7,4.7,1.175,8.225,,,,
,Tropical Montane | Dry | Europe | Annual Cropland,Tropical Montane,Dry,Europe,Annual Cropland,4.7,4.7,1.175,8.225,,,,
,Tropical Montane | Dry | Europe | Set Aside,Tropical Montane,Dry,Europe,Set Aside,4.7,4.7,1.175,8.225,,,,
,Tropical Montane | Dry | Europe | Flooded Rice,Tropical Montane,Dry,Europe,Flooded Rice,4.7,4.7,1.175,8.225,,,,
,Tropical Montane | Dry | Europe | Grassland,Tropical Montane,Dry,Europe,Grassland,4.09,4.09,1.0225,7.1575,,,,
,Tropical Montane | Dry | Europe | Other Land (Non-Vegetated),Tropical Montane,Dry,Europe,Other Land (Non-Vegetated),0,0,#N/A,#N/A,,,,
,Tropical Montane | Dry | Europe | Settlement,Tropical Montane,Dry,Europe,Settlement,0,0,#N/A,#N/A,,,,
,Tropical Montane | Dry | Europe | Agroforestry - Default,Tropical Montane,Dry,Europe,Agroforestry - Default,2.956875,2.956875,1.215,4.69875,,,,
,Tropical Montane | Dry | Europe | Alley Cropping,Tropical Montane,Dry,Europe,Alley Cropping,2.92,2.92,2.6119,3.2281,,,,
,Tropical Montane | Dry | Europe | Perennial Fallow,Tropical Montane,Dry,Europe,Perennial Fallow,5.91,5.91,5.247,6.573,,,,
,Tropical Montane | Dry | Europe | Hedgerow,Tropical Montane,Dry,Europe,Hedgerow,0.84,0.84,0.5117,1.1683,,,,
,Tropical Montane | Dry | Europe | Multistrata,Tropical Montane,Dry,Europe,Multistrata,4.05,4.05,3.3675,4.7325,,,,
,Tropical Montane | Dry | Europe | Parkland,Tropical Montane,Dry,Europe,Parkland,0.8,0.8,0.4578,1.1422,,,,
,Tropical Montane | Dry | Europe | Shaded Perennial,Tropical Montane,Dry,Europe,Shaded Perennial,2.95,2.95,2.374,3.526,,,,
,Tropical Montane | Dry | Europe | Silvoarable,Tropical Montane,Dry,Europe,Silvoarable,2.82,2.82,1.5996,4.0404,,,,
,Tropical Montane | Dry | Europe | Silvopasture,Tropical Montane,Dry,Europe,Silvopasture,3.365,3.365,1.7144,5.0156,,,,
,Tropical Montane | Dry | Europe | Other Land,Tropical Montane,Dry,Europe,Other Land,0,0,#N/A,#N/A,,,,
,Tropical Montane | Dry | Europe | Olive,Tropical Montane,Dry,Europe,Olive,0,0,#N/A,#N/A,,,,
,Tropical Montane | Dry | Europe | Orchard,Tropical Montane,Dry,Europe,Orchard,0,0,#N/A,#N/A,,,,
,Tropical Montane | Dry | Europe | Short Rotation Coppice,Tropical Montane,Dry,Europe,Short Rotation Coppice,0,0,#N/A,#N/A,,,,
,Tropical Montane | Dry | Europe | Tea,Tropical Montane,Dry,Europe,Tea,0.7,0.7,0.525,0.875,,,,
,Tropical Montane | Dry | Europe | Vine,Tropical Montane,Dry,Europe,Vine,0,0,#N/A,#N/A,,,,
,Tropical Montane | Dry | Europe | Oil Palm,Tropical Montane,Dry,Europe,Oil Palm,2.4,2.4,1.416,3.384,,,,
,Tropical Montane | Dry | Europe | Rubber,Tropical Montane,Dry,Europe,Rubber,3,3,2.61,3.39,,,,
,Tropical Montane | Dry | Oceania | Grains,Tropical Montane,Dry,Oceania,Grains,4.7,4.7,1.175,8.225,,,,
,Tropical Montane | Dry | Oceania | Maize,Tropical Montane,Dry,Oceania,Maize,4.7,4.7,1.175,8.225,,,,
,Tropical Montane | Dry | Oceania | Sugarcane,Tropical Montane,Dry,Oceania,Sugarcane,4.7,4.7,1.175,8.225,,,,
,Tropical Montane | Dry | Oceania | Wheat,Tropical Montane,Dry,Oceania,Wheat,4.7,4.7,1.175,8.225,,,,
,Tropical Montane | Dry | Oceania | Beans & Pulses,Tropical Montane,Dry,Oceania,Beans & Pulses,4.7,4.7,1.175,8.225,,,,
,Tropical Montane | Dry | Oceania | Tubers,Tropical Montane,Dry,Oceania,Tubers,4.7,4.7,1.175,8.225,,,,
,Tropical Montane | Dry | Oceania | Root Crops,Tropical Montane,Dry,Oceania,Root Crops,4.7,4.7,1.175,8.225,,,,
,Tropical Montane | Dry | Oceania | Barley,Tropical Montane,Dry,Oceania,Barley,4.7,4.7,1.175,8.225,,,,
,Tropical Montane | Dry | Oceania | Oats,Tropical Montane,Dry,Oceania,Oats,4.7,4.7,1.175,8.225,,,,
,Tropical Montane | Dry | Oceania | Millet,Tropical Montane,Dry,Oceania,Millet,4.7,4.7,1.175,8.225,,,,
,Tropical Montane | Dry | Oceania | Sorghum,Tropical Montane,Dry,Oceania,Sorghum,4.7,4.7,1.175,8.225,,,,
,Tropical Montane | Dry | Oceania | Rye,Tropical Montane,Dry,Oceania,Rye,4.7,4.7,1.175,8.225,,,,
,Tropical Montane | Dry | Oceania | Soybeans,Tropical Montane,Dry,Oceania,Soybeans,4.7,4.7,1.175,8.225,,,,
,Tropical Montane | Dry | Oceania | Dry Bean,Tropical Montane,Dry,Oceania,Dry Bean,4.7,4.7,1.175,8.225,,,,
,Tropical Montane | Dry | Oceania | Potatoes,Tropical Montane,Dry,Oceania,Potatoes,4.7,4.7,1.175,8.225,,,,
,Tropical Montane | Dry | Oceania | Peanuts,Tropical Montane,Dry,Oceania,Peanuts,4.7,4.7,1.175,8.225,,,,
,Tropical Montane | Dry | Oceania | Vegetables,Tropical Montane,Dry,Oceania,Vegetables,4.7,4.7,1.175,8.225,,,,
,Tropical Montane | Dry | Oceania | Oilseeds,Tropical Montane,Dry,Oceania,Oilseeds,4.7,4.7,1.175,8.225,,,,
,Tropical Montane | Dry | Oceania | Groundnuts,Tropical Montane,Dry,Oceania,Groundnuts,4.7,4.7,1.175,8.225,,,,
,Tropical Montane | Dry | Oceania | Annual Cropland,Tropical Montane,Dry,Oceania,Annual Cropland,4.7,4.7,1.175,8.225,,,,
,Tropical Montane | Dry | Oceania | Set Aside,Tropical Montane,Dry,Oceania,Set Aside,4.7,4.7,1.175,8.225,,,,
,Tropical Montane | Dry | Oceania | Flooded Rice,Tropical Montane,Dry,Oceania,Flooded Rice,4.7,4.7,1.175,8.225,,,,
,Tropical Montane | Dry | Oceania | Grassland,Tropical Montane,Dry,Oceania,Grassland,4.09,4.09,1.0225,7.1575,,,,
,Tropical Montane | Dry | Oceania | Other Land (Non-Vegetated),Tropical Montane,Dry,Oceania,Other Land (Non-Vegetated),0,0,#N/A,#N/A,,,,
,Tropical Montane | Dry | Oceania | Settlement,Tropical Montane,Dry,Oceania,Settlement,0,0,#N/A,#N/A,,,,
,Tropical Montane | Dry | Oceania | Agroforestry - Default,Tropical Montane,Dry,Oceania,Agroforestry - Default,2.956875,2.956875,1.215,4.69875,,,,
,Tropical Montane | Dry | Oceania | Alley Cropping,Tropical Montane,Dry,Oceania,Alley Cropping,2.92,2.92,2.6119,3.2281,,,,
,Tropical Montane | Dry | Oceania | Perennial Fallow,Tropical Montane,Dry,Oceania,Perennial Fallow,5.91,5.91,5.247,6.573,,,,
,Tropical Montane | Dry | Oceania | Hedgerow,Tropical Montane,Dry,Oceania,Hedgerow,0.84,0.84,0.5117,1.1683,,,,
,Tropical Montane | Dry | Oceania | Multistrata,Tropical Montane,Dry,Oceania,Multistrata,4.05,4.05,3.3675,4.7325,,,,
,Tropical Montane | Dry | Oceania | Parkland,Tropical Montane,Dry,Oceania,Parkland,0.8,0.8,0.4578,1.1422,,,,
,Tropical Montane | Dry | Oceania | Shaded Perennial,Tropical Montane,Dry,Oceania,Shaded Perennial,2.95,2.95,2.374,3.526,,,,
,Tropical Montane | Dry | Oceania | Silvoarable,Tropical Montane,Dry,Oceania,Silvoarable,2.82,2.82,1.5996,4.0404,,,,
,Tropical Montane | Dry | Oceania | Silvopasture,Tropical Montane,Dry,Oceania,Silvopasture,3.365,3.365,1.7144,5.0156,,,,
,Tropical Montane | Dry | Oceania | Other Land,Tropical Montane,Dry,Oceania,Other Land,0,0,#N/A,#N/A,,,,
,Tropical Montane | Dry | Oceania | Olive,Tropical Montane,Dry,Oceania,Olive,0,0,#N/A,#N/A,,,,
,Tropical Montane | Dry | Oceania | Orchard,Tropical Montane,Dry,Oceania,Orchard,0,0,#N/A,#N/A,,,,
,Tropical Montane | Dry | Oceania | Short Rotation Coppice,Tropical Montane,Dry,Oceania,Short Rotation Coppice,0,0,#N/A,#N/A,,,,
,Tropical Montane | Dry | Oceania | Tea,Tropical Montane,Dry,Oceania,Tea,0.7,0.7,0.525,0.875,,,,
,Tropical Montane | Dry | Oceania | Vine,Tropical Montane,Dry,Oceania,Vine,0,0,#N/A,#N/A,,,,
,Tropical Montane | Dry | Oceania | Oil Palm,Tropical Montane,Dry,Oceania,Oil Palm,2.4,2.4,1.416,3.384,,,,
,Tropical Montane | Dry | Oceania | Rubber,Tropical Montane,Dry,Oceania,Rubber,3,3,2.61,3.39,,,,
,Tropical Montane | Dry | North America | Grains,Tropical Montane,Dry,North America,Grains,4.7,4.7,1.175,8.225,,,,
,Tropical Montane | Dry | North America | Maize,Tropical Montane,Dry,North America,Maize,4.7,4.7,1.175,8.225,,,,
,Tropical Montane | Dry | North America | Sugarcane,Tropical Montane,Dry,North America,Sugarcane,4.7,4.7,1.175,8.225,,,,
,Tropical Montane | Dry | North America | Wheat,Tropical Montane,Dry,North America,Wheat,4.7,4.7,1.175,8.225,,,,
,Tropical Montane | Dry | North America | Beans & Pulses,Tropical Montane,Dry,North America,Beans & Pulses,4.7,4.7,1.175,8.225,,,,
,Tropical Montane | Dry | North America | Tubers,Tropical Montane,Dry,North America,Tubers,4.7,4.7,1.175,8.225,,,,
,Tropical Montane | Dry | North America | Root Crops,Tropical Montane,Dry,North America,Root Crops,4.7,4.7,1.175,8.225,,,,
,Tropical Montane | Dry | North America | Barley,Tropical Montane,Dry,North America,Barley,4.7,4.7,1.175,8.225,,,,
,Tropical Montane | Dry | North America | Oats,Tropical Montane,Dry,North America,Oats,4.7,4.7,1.175,8.225,,,,
,Tropical Montane | Dry | North America | Millet,Tropical Montane,Dry,North America,Millet,4.7,4.7,1.175,8.225,,,,
,Tropical Montane | Dry | North America | Sorghum,Tropical Montane,Dry,North America,Sorghum,4.7,4.7,1.175,8.225,,,,
,Tropical Montane | Dry | North America | Rye,Tropical Montane,Dry,North America,Rye,4.7,4.7,1.175,8.225,,,,
,Tropical Montane | Dry | North America | Soybeans,Tropical Montane,Dry,North America,Soybeans,4.7,4.7,1.175,8.225,,,,
,Tropical Montane | Dry | North America | Dry Bean,Tropical Montane,Dry,North America,Dry Bean,4.7,4.7,1.175,8.225,,,,
,Tropical Montane | Dry | North America | Potatoes,Tropical Montane,Dry,North America,Potatoes,4.7,4.7,1.175,8.225,,,,
,Tropical Montane | Dry | North America | Peanuts,Tropical Montane,Dry,North America,Peanuts,4.7,4.7,1.175,8.225,,,,
,Tropical Montane | Dry | North America | Vegetables,Tropical Montane,Dry,North America,Vegetables,4.7,4.7,1.175,8.225,,,,
,Tropical Montane | Dry | North America | Oilseeds,Tropical Montane,Dry,North America,Oilseeds,4.7,4.7,1.175,8.225,,,,
,Tropical Montane | Dry | North America | Groundnuts,Tropical Montane,Dry,North America,Groundnuts,4.7,4.7,1.175,8.225,,,,
,Tropical Montane | Dry | North America | Annual Cropland,Tropical Montane,Dry,North America,Annual Cropland,4.7,4.7,1.175,8.225,,,,
,Tropical Montane | Dry | North America | Set Aside,Tropical Montane,Dry,North America,Set Aside,4.7,4.7,1.175,8.225,,,,
,Tropical Montane | Dry | North America | Flooded Rice,Tropical Montane,Dry,North America,Flooded Rice,4.7,4.7,1.175,8.225,,,,
,Tropical Montane | Dry | North America | Grassland,Tropical Montane,Dry,North America,Grassland,4.09,4.09,1.0225,7.1575,,,,
,Tropical Montane | Dry | North America | Other Land (Non-Vegetated),Tropical Montane,Dry,North America,Other Land (Non-Vegetated),0,0,#N/A,#N/A,,,,
,Tropical Montane | Dry | North America | Settlement,Tropical Montane,Dry,North America,Settlement,0,0,#N/A,#N/A,,,,
,Tropical Montane | Dry | North America | Agroforestry - Default,Tropical Montane,Dry,North America,Agroforestry - Default,2.956875,2.956875,1.215,4.69875,,,,
,Tropical Montane | Dry | North America | Alley Cropping,Tropical Montane,Dry,North America,Alley Cropping,2.92,2.92,2.6119,3.2281,,,,
,Tropical Montane | Dry | North America | Perennial Fallow,Tropical Montane,Dry,North America,Perennial Fallow,5.91,5.91,5.247,6.573,,,,
,Tropical Montane | Dry | North America | Hedgerow,Tropical Montane,Dry,North America,Hedgerow,0.84,0.84,0.5117,1.1683,,,,
,Tropical Montane | Dry | North America | Multistrata,Tropical Montane,Dry,North America,Multistrata,4.05,4.05,3.3675,4.7325,,,,
,Tropical Montane | Dry | North America | Parkland,Tropical Montane,Dry,North America,Parkland,0.8,0.8,0.4578,1.1422,,,,
,Tropical Montane | Dry | North America | Shaded Perennial,Tropical Montane,Dry,North America,Shaded Perennial,2.95,2.95,2.374,3.526,,,,
,Tropical Montane | Dry | North America | Silvoarable,Tropical Montane,Dry,North America,Silvoarable,2.82,2.82,1.5996,4.0404,,,,
,Tropical Montane | Dry | North America | Silvopasture,Tropical Montane,Dry,North America,Silvopasture,3.365,3.365,1.7144,5.0156,,,,
,Tropical Montane | Dry | North America | Other Land,Tropical Montane,Dry,North America,Other Land,0,0,#N/A,#N/A,,,,
,Tropical Montane | Dry | North America | Olive,Tropical Montane,Dry,North America,Olive,0,0,#N/A,#N/A,,,,
,Tropical Montane | Dry | North America | Orchard,Tropical Montane,Dry,North America,Orchard,0,0,#N/A,#N/A,,,,
,Tropical Montane | Dry | North America | Short Rotation Coppice,Tropical Montane,Dry,North America,Short Rotation Coppice,0,0,#N/A,#N/A,,,,
,Tropical Montane | Dry | North America | Tea,Tropical Montane,Dry,North America,Tea,0.7,0.7,0.525,0.875,,,,
,Tropical Montane | Dry | North America | Vine,Tropical Montane,Dry,North America,Vine,0,0,#N/A,#N/A,,,,
,Tropical Montane | Dry | North America | Oil Palm,Tropical Montane,Dry,North America,Oil Palm,2.4,2.4,1.416,3.384,,,,
,Tropical Montane | Dry | North America | Rubber,Tropical Montane,Dry,North America,Rubber,3,3,2.61,3.39,,,,
,Tropical Montane | Dry | South America | Grains,Tropical Montane,Dry,South America,Grains,4.7,4.7,1.175,8.225,,,,
,Tropical Montane | Dry | South America | Maize,Tropical Montane,Dry,South America,Maize,4.7,4.7,1.175,8.225,,,,
,Tropical Montane | Dry | South America | Sugarcane,Tropical Montane,Dry,South America,Sugarcane,4.7,4.7,1.175,8.225,,,,
,Tropical Montane | Dry | South America | Wheat,Tropical Montane,Dry,South America,Wheat,4.7,4.7,1.175,8.225,,,,
,Tropical Montane | Dry | South America | Beans & Pulses,Tropical Montane,Dry,South America,Beans & Pulses,4.7,4.7,1.175,8.225,,,,
,Tropical Montane | Dry | South America | Tubers,Tropical Montane,Dry,South America,Tubers,4.7,4.7,1.175,8.225,,,,
,Tropical Montane | Dry | South America | Root Crops,Tropical Montane,Dry,South America,Root Crops,4.7,4.7,1.175,8.225,,,,
,Tropical Montane | Dry | South America | Barley,Tropical Montane,Dry,South America,Barley,4.7,4.7,1.175,8.225,,,,
,Tropical Montane | Dry | South America | Oats,Tropical Montane,Dry,South America,Oats,4.7,4.7,1.175,8.225,,,,
,Tropical Montane | Dry | South America | Millet,Tropical Montane,Dry,South America,Millet,4.7,4.7,1.175,8.225,,,,
,Tropical Montane | Dry | South America | Sorghum,Tropical Montane,Dry,South America,Sorghum,4.7,4.7,1.175,8.225,,,,
,Tropical Montane | Dry | South America | Rye,Tropical Montane,Dry,South America,Rye,4.7,4.7,1.175,8.225,,,,
,Tropical Montane | Dry | South America | Soybeans,Tropical Montane,Dry,South America,Soybeans,4.7,4.7,1.175,8.225,,,,
,Tropical Montane | Dry | South America | Dry Bean,Tropical Montane,Dry,South America,Dry Bean,4.7,4.7,1.175,8.225,,,,
,Tropical Montane | Dry | South America | Potatoes,Tropical Montane,Dry,South America,Potatoes,4.7,4.7,1.175,8.225,,,,
,Tropical Montane | Dry | South America | Peanuts,Tropical Montane,Dry,South America,Peanuts,4.7,4.7,1.175,8.225,,,,
,Tropical Montane | Dry | South America | Vegetables,Tropical Montane,Dry,South America,Vegetables,4.7,4.7,1.175,8.225,,,,
,Tropical Montane | Dry | South America | Oilseeds,Tropical Montane,Dry,South America,Oilseeds,4.7,4.7,1.175,8.225,,,,
,Tropical Montane | Dry | South America | Groundnuts,Tropical Montane,Dry,South America,Groundnuts,4.7,4.7,1.175,8.225,,,,
,Tropical Montane | Dry | South America | Annual Cropland,Tropical Montane,Dry,South America,Annual Cropland,4.7,4.7,1.175,8.225,,,,
,Tropical Montane | Dry | South America | Set Aside,Tropical Montane,Dry,South America,Set Aside,4.7,4.7,1.175,8.225,,,,
,Tropical Montane | Dry | South America | Flooded Rice,Tropical Montane,Dry,South America,Flooded Rice,4.7,4.7,1.175,8.225,,,,
,Tropical Montane | Dry | South America | Grassland,Tropical Montane,Dry,South America,Grassland,4.09,4.09,1.0225,7.1575,,,,
,Tropical Montane | Dry | South America | Other Land (Non-Vegetated),Tropical Montane,Dry,South America,Other Land (Non-Vegetated),0,0,#N/A,#N/A,,,,
,Tropical Montane | Dry | South America | Settlement,Tropical Montane,Dry,South America,Settlement,0,0,#N/A,#N/A,,,,
,Tropical Montane | Dry | South America | Agroforestry - Default,Tropical Montane,Dry,South America,Agroforestry - Default,2.956875,2.956875,1.215,4.69875,,,,
,Tropical Montane | Dry | South America | Alley Cropping,Tropical Montane,Dry,South America,Alley Cropping,2.92,2.92,2.6119,3.2281,,,,
,Tropical Montane | Dry | South America | Perennial Fallow,Tropical Montane,Dry,South America,Perennial Fallow,5.91,5.91,5.247,6.573,,,,
,Tropical Montane | Dry | South America | Hedgerow,Tropical Montane,Dry,South America,Hedgerow,0.84,0.84,0.5117,1.1683,,,,
,Tropical Montane | Dry | South America | Multistrata,Tropical Montane,Dry,South America,Multistrata,4.05,4.05,3.3675,4.7325,,,,
,Tropical Montane | Dry | South America | Parkland,Tropical Montane,Dry,South America,Parkland,0.8,0.8,0.4578,1.1422,,,,
,Tropical Montane | Dry | South America | Shaded Perennial,Tropical Montane,Dry,South America,Shaded Perennial,2.95,2.95,2.374,3.526,,,,
,Tropical Montane | Dry | South America | Silvoarable,Tropical Montane,Dry,South America,Silvoarable,2.82,2.82,1.5996,4.0404,,,,
,Tropical Montane | Dry | South America | Silvopasture,Tropical Montane,Dry,South America,Silvopasture,3.365,3.365,1.7144,5.0156,,,,
,Tropical Montane | Dry | South America | Other Land,Tropical Montane,Dry,South America,Other Land,0,0,#N/A,#N/A,,,,
,Tropical Montane | Dry | South America | Olive,Tropical Montane,Dry,South America,Olive,0,0,#N/A,#N/A,,,,
,Tropical Montane | Dry | South America | Orchard,Tropical Montane,Dry,South America,Orchard,0,0,#N/A,#N/A,,,,
,Tropical Montane | Dry | South America | Short Rotation Coppice,Tropical Montane,Dry,South America,Short Rotation Coppice,0,0,#N/A,#N/A,,,,
,Tropical Montane | Dry | South America | Tea,Tropical Montane,Dry,South America,Tea,0.7,0.7,0.525,0.875,,,,
,Tropical Montane | Dry | South America | Vine,Tropical Montane,Dry,South America,Vine,0,0,#N/A,#N/A,,,,
,Tropical Montane | Dry | South America | Oil Palm,Tropical Montane,Dry,South America,Oil Palm,2.4,2.4,1.416,3.384,,,,
,Tropical Montane | Dry | South America | Rubber,Tropical Montane,Dry,South America,Rubber,3,3,2.61,3.39,,,,
,Tropical Montane | Dry | Central America | Grains,Tropical Montane,Dry,Central America,Grains,4.7,4.7,1.175,8.225,,,,
,Tropical Montane | Dry | Central America | Maize,Tropical Montane,Dry,Central America,Maize,4.7,4.7,1.175,8.225,,,,
,Tropical Montane | Dry | Central America | Sugarcane,Tropical Montane,Dry,Central America,Sugarcane,4.7,4.7,1.175,8.225,,,,
,Tropical Montane | Dry | Central America | Wheat,Tropical Montane,Dry,Central America,Wheat,4.7,4.7,1.175,8.225,,,,
,Tropical Montane | Dry | Central America | Beans & Pulses,Tropical Montane,Dry,Central America,Beans & Pulses,4.7,4.7,1.175,8.225,,,,
,Tropical Montane | Dry | Central America | Tubers,Tropical Montane,Dry,Central America,Tubers,4.7,4.7,1.175,8.225,,,,
,Tropical Montane | Dry | Central America | Root Crops,Tropical Montane,Dry,Central America,Root Crops,4.7,4.7,1.175,8.225,,,,
,Tropical Montane | Dry | Central America | Barley,Tropical Montane,Dry,Central America,Barley,4.7,4.7,1.175,8.225,,,,
,Tropical Montane | Dry | Central America | Oats,Tropical Montane,Dry,Central America,Oats,4.7,4.7,1.175,8.225,,,,
,Tropical Montane | Dry | Central America | Millet,Tropical Montane,Dry,Central America,Millet,4.7,4.7,1.175,8.225,,,,
,Tropical Montane | Dry | Central America | Sorghum,Tropical Montane,Dry,Central America,Sorghum,4.7,4.7,1.175,8.225,,,,
,Tropical Montane | Dry | Central America | Rye,Tropical Montane,Dry,Central America,Rye,4.7,4.7,1.175,8.225,,,,
,Tropical Montane | Dry | Central America | Soybeans,Tropical Montane,Dry,Central America,Soybeans,4.7,4.7,1.175,8.225,,,,
,Tropical Montane | Dry | Central America | Dry Bean,Tropical Montane,Dry,Central America,Dry Bean,4.7,4.7,1.175,8.225,,,,
,Tropical Montane | Dry | Central America | Potatoes,Tropical Montane,Dry,Central America,Potatoes,4.7,4.7,1.175,8.225,,,,
,Tropical Montane | Dry | Central America | Peanuts,Tropical Montane,Dry,Central America,Peanuts,4.7,4.7,1.175,8.225,,,,
,Tropical Montane | Dry | Central America | Vegetables,Tropical Montane,Dry,Central America,Vegetables,4.7,4.7,1.175,8.225,,,,
,Tropical Montane | Dry | Central America | Oilseeds,Tropical Montane,Dry,Central America,Oilseeds,4.7,4.7,1.175,8.225,,,,
,Tropical Montane | Dry | Central America | Groundnuts,Tropical Montane,Dry,Central America,Groundnuts,4.7,4.7,1.175,8.225,,,,
,Tropical Montane | Dry | Central America | Annual Cropland,Tropical Montane,Dry,Central America,Annual Cropland,4.7,4.7,1.175,8.225,,,,
,Tropical Montane | Dry | Central America | Set Aside,Tropical Montane,Dry,Central America,Set Aside,4.7,4.7,1.175,8.225,,,,
,Tropical Montane | Dry | Central America | Flooded Rice,Tropical Montane,Dry,Central America,Flooded Rice,4.7,4.7,1.175,8.225,,,,
,Tropical Montane | Dry | Central America | Grassland,Tropical Montane,Dry,Central America,Grassland,4.09,4.09,1.0225,7.1575,,,,
,Tropical Montane | Dry | Central America | Other Land (Non-Vegetated),Tropical Montane,Dry,Central America,Other Land (Non-Vegetated),0,0,#N/A,#N/A,,,,
,Tropical Montane | Dry | Central America | Settlement,Tropical Montane,Dry,Central America,Settlement,0,0,#N/A,#N/A,,,,
,Tropical Montane | Dry | Central America | Agroforestry - Default,Tropical Montane,Dry,Central America,Agroforestry - Default,2.956875,2.956875,1.215,4.69875,,,,
,Tropical Montane | Dry | Central America | Alley Cropping,Tropical Montane,Dry,Central America,Alley Cropping,2.92,2.92,2.6119,3.2281,,,,
,Tropical Montane | Dry | Central America | Perennial Fallow,Tropical Montane,Dry,Central America,Perennial Fallow,5.91,5.91,5.247,6.573,,,,
,Tropical Montane | Dry | Central America | Hedgerow,Tropical Montane,Dry,Central America,Hedgerow,0.84,0.84,0.5117,1.1683,,,,
,Tropical Montane | Dry | Central America | Multistrata,Tropical Montane,Dry,Central America,Multistrata,4.05,4.05,3.3675,4.7325,,,,
,Tropical Montane | Dry | Central America | Parkland,Tropical Montane,Dry,Central America,Parkland,0.8,0.8,0.4578,1.1422,,,,
,Tropical Montane | Dry | Central America | Shaded Perennial,Tropical Montane,Dry,Central America,Shaded Perennial,2.95,2.95,2.374,3.526,,,,
,Tropical Montane | Dry | Central America | Silvoarable,Tropical Montane,Dry,Central America,Silvoarable,2.82,2.82,1.5996,4.0404,,,,
,Tropical Montane | Dry | Central America | Silvopasture,Tropical Montane,Dry,Central America,Silvopasture,3.365,3.365,1.7144,5.0156,,,,
,Tropical Montane | Dry | Central America | Other Land,Tropical Montane,Dry,Central America,Other Land,0,0,#N/A,#N/A,,,,
,Tropical Montane | Dry | Central America | Olive,Tropical Montane,Dry,Central America,Olive,0,0,#N/A,#N/A,,,,
,Tropical Montane | Dry | Central America | Orchard,Tropical Montane,Dry,Central America,Orchard,0,0,#N/A,#N/A,,,,
,Tropical Montane | Dry | Central America | Short Rotation Coppice,Tropical Montane,Dry,Central America,Short Rotation Coppice,0,0,#N/A,#N/A,,,,
,Tropical Montane | Dry | Central America | Tea,Tropical Montane,Dry,Central America,Tea,0.7,0.7,0.525,0.875,,,,
,Tropical Montane | Dry | Central America | Vine,Tropical Montane,Dry,Central America,Vine,0,0,#N/A,#N/A,,,,
,Tropical Montane | Dry | Central America | Oil Palm,Tropical Montane,Dry,Central America,Oil Palm,2.4,2.4,1.416,3.384,,,,
,Tropical Montane | Dry | Central America | Rubber,Tropical Montane,Dry,Central America,Rubber,3,3,2.61,3.39,,,,
,Tropical Montane | Dry | Caribbean | Grains,Tropical Montane,Dry,Caribbean,Grains,4.7,4.7,1.175,8.225,,,,
,Tropical Montane | Dry | Caribbean | Maize,Tropical Montane,Dry,Caribbean,Maize,4.7,4.7,1.175,8.225,,,,
,Tropical Montane | Dry | Caribbean | Sugarcane,Tropical Montane,Dry,Caribbean,Sugarcane,4.7,4.7,1.175,8.225,,,,
,Tropical Montane | Dry | Caribbean | Wheat,Tropical Montane,Dry,Caribbean,Wheat,4.7,4.7,1.175,8.225,,,,
,Tropical Montane | Dry | Caribbean | Beans & Pulses,Tropical Montane,Dry,Caribbean,Beans & Pulses,4.7,4.7,1.175,8.225,,,,
,Tropical Montane | Dry | Caribbean | Tubers,Tropical Montane,Dry,Caribbean,Tubers,4.7,4.7,1.175,8.225,,,,
,Tropical Montane | Dry | Caribbean | Root Crops,Tropical Montane,Dry,Caribbean,Root Crops,4.7,4.7,1.175,8.225,,,,
,Tropical Montane | Dry | Caribbean | Barley,Tropical Montane,Dry,Caribbean,Barley,4.7,4.7,1.175,8.225,,,,
,Tropical Montane | Dry | Caribbean | Oats,Tropical Montane,Dry,Caribbean,Oats,4.7,4.7,1.175,8.225,,,,
,Tropical Montane | Dry | Caribbean | Millet,Tropical Montane,Dry,Caribbean,Millet,4.7,4.7,1.175,8.225,,,,
,Tropical Montane | Dry | Caribbean | Sorghum,Tropical Montane,Dry,Caribbean,Sorghum,4.7,4.7,1.175,8.225,,,,
,Tropical Montane | Dry | Caribbean | Rye,Tropical Montane,Dry,Caribbean,Rye,4.7,4.7,1.175,8.225,,,,
,Tropical Montane | Dry | Caribbean | Soybeans,Tropical Montane,Dry,Caribbean,Soybeans,4.7,4.7,1.175,8.225,,,,
,Tropical Montane | Dry | Caribbean | Dry Bean,Tropical Montane,Dry,Caribbean,Dry Bean,4.7,4.7,1.175,8.225,,,,
,Tropical Montane | Dry | Caribbean | Potatoes,Tropical Montane,Dry,Caribbean,Potatoes,4.7,4.7,1.175,8.225,,,,
,Tropical Montane | Dry | Caribbean | Peanuts,Tropical Montane,Dry,Caribbean,Peanuts,4.7,4.7,1.175,8.225,,,,
,Tropical Montane | Dry | Caribbean | Vegetables,Tropical Montane,Dry,Caribbean,Vegetables,4.7,4.7,1.175,8.225,,,,
,Tropical Montane | Dry | Caribbean | Oilseeds,Tropical Montane,Dry,Caribbean,Oilseeds,4.7,4.7,1.175,8.225,,,,
,Tropical Montane | Dry | Caribbean | Groundnuts,Tropical Montane,Dry,Caribbean,Groundnuts,4.7,4.7,1.175,8.225,,,,
,Tropical Montane | Dry | Caribbean | Annual Cropland,Tropical Montane,Dry,Caribbean,Annual Cropland,4.7,4.7,1.175,8.225,,,,
,Tropical Montane | Dry | Caribbean | Set Aside,Tropical Montane,Dry,Caribbean,Set Aside,4.7,4.7,1.175,8.225,,,,
,Tropical Montane | Dry | Caribbean | Flooded Rice,Tropical Montane,Dry,Caribbean,Flooded Rice,4.7,4.7,1.175,8.225,,,,
,Tropical Montane | Dry | Caribbean | Grassland,Tropical Montane,Dry,Caribbean,Grassland,4.09,4.09,1.0225,7.1575,,,,
,Tropical Montane | Dry | Caribbean | Other Land (Non-Vegetated),Tropical Montane,Dry,Caribbean,Other Land (Non-Vegetated),0,0,#N/A,#N/A,,,,
,Tropical Montane | Dry | Caribbean | Settlement,Tropical Montane,Dry,Caribbean,Settlement,0,0,#N/A,#N/A,,,,
,Tropical Montane | Dry | Caribbean | Agroforestry - Default,Tropical Montane,Dry,Caribbean,Agroforestry - Default,2.956875,2.956875,1.215,4.69875,,,,
,Tropical Montane | Dry | Caribbean | Alley Cropping,Tropical Montane,Dry,Caribbean,Alley Cropping,2.92,2.92,2.6119,3.2281,,,,
,Tropical Montane | Dry | Caribbean | Perennial Fallow,Tropical Montane,Dry,Caribbean,Perennial Fallow,5.91,5.91,5.247,6.573,,,,
,Tropical Montane | Dry | Caribbean | Hedgerow,Tropical Montane,Dry,Caribbean,Hedgerow,0.84,0.84,0.5117,1.1683,,,,
,Tropical Montane | Dry | Caribbean | Multistrata,Tropical Montane,Dry,Caribbean,Multistrata,4.05,4.05,3.3675,4.7325,,,,
,Tropical Montane | Dry | Caribbean | Parkland,Tropical Montane,Dry,Caribbean,Parkland,0.8,0.8,0.4578,1.1422,,,,
,Tropical Montane | Dry | Caribbean | Shaded Perennial,Tropical Montane,Dry,Caribbean,Shaded Perennial,2.95,2.95,2.374,3.526,,,,
,Tropical Montane | Dry | Caribbean | Silvoarable,Tropical Montane,Dry,Caribbean,Silvoarable,2.82,2.82,1.5996,4.0404,,,,
,Tropical Montane | Dry | Caribbean | Silvopasture,Tropical Montane,Dry,Caribbean,Silvopasture,3.365,3.365,1.7144,5.0156,,,,
,Tropical Montane | Dry | Caribbean | Other Land,Tropical Montane,Dry,Caribbean,Other Land,0,0,#N/A,#N/A,,,,
,Tropical Montane | Dry | Caribbean | Olive,Tropical Montane,Dry,Caribbean,Olive,0,0,#N/A,#N/A,,,,
,Tropical Montane | Dry | Caribbean | Orchard,Tropical Montane,Dry,Caribbean,Orchard,0,0,#N/A,#N/A,,,,
,Tropical Montane | Dry | Caribbean | Short Rotation Coppice,Tropical Montane,Dry,Caribbean,Short Rotation Coppice,0,0,#N/A,#N/A,,,,
,Tropical Montane | Dry | Caribbean | Tea,Tropical Montane,Dry,Caribbean,Tea,0.7,0.7,0.525,0.875,,,,
,Tropical Montane | Dry | Caribbean | Vine,Tropical Montane,Dry,Caribbean,Vine,0,0,#N/A,#N/A,,,,
,Tropical Montane | Dry | Caribbean | Oil Palm,Tropical Montane,Dry,Caribbean,Oil Palm,2.4,2.4,1.416,3.384,,,,
,Tropical Montane | Dry | Caribbean | Rubber,Tropical Montane,Dry,Caribbean,Rubber,3,3,2.61,3.39,,,,
,Tropical | Wet | Eastern Africa | Grains,Tropical,Wet,Eastern Africa,Grains,4.7,4.7,1.175,8.225,,,,
,Tropical | Wet | Eastern Africa | Maize,Tropical,Wet,Eastern Africa,Maize,4.7,4.7,1.175,8.225,,,,
,Tropical | Wet | Eastern Africa | Sugarcane,Tropical,Wet,Eastern Africa,Sugarcane,4.7,4.7,1.175,8.225,,,,
,Tropical | Wet | Eastern Africa | Wheat,Tropical,Wet,Eastern Africa,Wheat,4.7,4.7,1.175,8.225,,,,
,Tropical | Wet | Eastern Africa | Beans & Pulses,Tropical,Wet,Eastern Africa,Beans & Pulses,4.7,4.7,1.175,8.225,,,,
,Tropical | Wet | Eastern Africa | Tubers,Tropical,Wet,Eastern Africa,Tubers,4.7,4.7,1.175,8.225,,,,
,Tropical | Wet | Eastern Africa | Root Crops,Tropical,Wet,Eastern Africa,Root Crops,4.7,4.7,1.175,8.225,,,,
,Tropical | Wet | Eastern Africa | Barley,Tropical,Wet,Eastern Africa,Barley,4.7,4.7,1.175,8.225,,,,
,Tropical | Wet | Eastern Africa | Oats,Tropical,Wet,Eastern Africa,Oats,4.7,4.7,1.175,8.225,,,,
,Tropical | Wet | Eastern Africa | Millet,Tropical,Wet,Eastern Africa,Millet,4.7,4.7,1.175,8.225,,,,
,Tropical | Wet | Eastern Africa | Sorghum,Tropical,Wet,Eastern Africa,Sorghum,4.7,4.7,1.175,8.225,,,,
,Tropical | Wet | Eastern Africa | Rye,Tropical,Wet,Eastern Africa,Rye,4.7,4.7,1.175,8.225,,,,
,Tropical | Wet | Eastern Africa | Soybeans,Tropical,Wet,Eastern Africa,Soybeans,4.7,4.7,1.175,8.225,,,,
,Tropical | Wet | Eastern Africa | Dry Bean,Tropical,Wet,Eastern Africa,Dry Bean,4.7,4.7,1.175,8.225,,,,
,Tropical | Wet | Eastern Africa | Potatoes,Tropical,Wet,Eastern Africa,Potatoes,4.7,4.7,1.175,8.225,,,,
,Tropical | Wet | Eastern Africa | Peanuts,Tropical,Wet,Eastern Africa,Peanuts,4.7,4.7,1.175,8.225,,,,
,Tropical | Wet | Eastern Africa | Vegetables,Tropical,Wet,Eastern Africa,Vegetables,4.7,4.7,1.175,8.225,,,,
,Tropical | Wet | Eastern Africa | Oilseeds,Tropical,Wet,Eastern Africa,Oilseeds,4.7,4.7,1.175,8.225,,,,
,Tropical | Wet | Eastern Africa | Groundnuts,Tropical,Wet,Eastern Africa,Groundnuts,4.7,4.7,1.175,8.225,,,,
,Tropical | Wet | Eastern Africa | Annual Cropland,Tropical,Wet,Eastern Africa,Annual Cropland,4.7,4.7,1.175,8.225,,,,
,Tropical | Wet | Eastern Africa | Set Aside,Tropical,Wet,Eastern Africa,Set Aside,4.7,4.7,1.175,8.225,,,,
,Tropical | Wet | Eastern Africa | Flooded Rice,Tropical,Wet,Eastern Africa,Flooded Rice,4.7,4.7,1.175,8.225,,,,
,Tropical | Wet | Eastern Africa | Grassland,Tropical,Wet,Eastern Africa,Grassland,7.567,7.567,1.89175,13.24225,,,,
,Tropical | Wet | Eastern Africa | Other Land (Non-Vegetated),Tropical,Wet,Eastern Africa,Other Land (Non-Vegetated),0,0,#N/A,#N/A,,,,
,Tropical | Wet | Eastern Africa | Settlement,Tropical,Wet,Eastern Africa,Settlement,0,0,#N/A,#N/A,,,,
,Tropical | Wet | Eastern Africa | Agroforestry - Default,Tropical,Wet,Eastern Africa,Agroforestry - Default,2.9225,2.9225,1.1571875,4.6878125,,,,
,Tropical | Wet | Eastern Africa | Alley Cropping,Tropical,Wet,Eastern Africa,Alley Cropping,2.33,2.33,1.3712,3.2888,,,,
,Tropical | Wet | Eastern Africa | Perennial Fallow,Tropical,Wet,Eastern Africa,Perennial Fallow,7.7,7.7,4.4087,10.9913,,,,
,Tropical | Wet | Eastern Africa | Hedgerow,Tropical,Wet,Eastern Africa,Hedgerow,0.53,0.53,0.2075,0.8525,,,,
,Tropical | Wet | Eastern Africa | Multistrata,Tropical,Wet,Eastern Africa,Multistrata,3.58,3.58,1.4125,5.7475,,,,
,Tropical | Wet | Eastern Africa | Parkland,Tropical,Wet,Eastern Africa,Parkland,0.8,0.8,0.4578,1.1422,,,,
,Tropical | Wet | Eastern Africa | Shaded Perennial,Tropical,Wet,Eastern Africa,Shaded Perennial,3.87,3.87,1.5,6.24,,,,
,Tropical | Wet | Eastern Africa | Silvoarable,Tropical,Wet,Eastern Africa,Silvoarable,4.5,4.5,3.3087,5.6913,,,,
,Tropical | Wet | Eastern Africa | Silvopasture,Tropical,Wet,Eastern Africa,Silvopasture,0.07,0.07,0.025,0.115,,,,
,Tropical | Wet | Eastern Africa | Other Land,Tropical,Wet,Eastern Africa,Other Land,0,0,#N/A,#N/A,,,,
,Tropical | Wet | Eastern Africa | Olive,Tropical,Wet,Eastern Africa,Olive,0,0,#N/A,#N/A,,,,
,Tropical | Wet | Eastern Africa | Orchard,Tropical,Wet,Eastern Africa,Orchard,0,0,#N/A,#N/A,,,,
,Tropical | Wet | Eastern Africa | Short Rotation Coppice,Tropical,Wet,Eastern Africa,Short Rotation Coppice,0,0,#N/A,#N/A,,,,
,Tropical | Wet | Eastern Africa | Tea,Tropical,Wet,Eastern Africa,Tea,0.7,0.7,0.525,0.875,,,,
,Tropical | Wet | Eastern Africa | Vine,Tropical,Wet,Eastern Africa,Vine,0,0,#N/A,#N/A,,,,
,Tropical | Wet | Eastern Africa | Oil Palm,Tropical,Wet,Eastern Africa,Oil Palm,2.4,2.4,1.416,3.384,,,,
,Tropical | Wet | Eastern Africa | Rubber,Tropical,Wet,Eastern Africa,Rubber,3,3,2.61,3.39,,,,
,Tropical | Wet | Central Africa | Grains,Tropical,Wet,Central Africa,Grains,4.7,4.7,1.175,8.225,,,,
,Tropical | Wet | Central Africa | Maize,Tropical,Wet,Central Africa,Maize,4.7,4.7,1.175,8.225,,,,
,Tropical | Wet | Central Africa | Sugarcane,Tropical,Wet,Central Africa,Sugarcane,4.7,4.7,1.175,8.225,,,,
,Tropical | Wet | Central Africa | Wheat,Tropical,Wet,Central Africa,Wheat,4.7,4.7,1.175,8.225,,,,
,Tropical | Wet | Central Africa | Beans & Pulses,Tropical,Wet,Central Africa,Beans & Pulses,4.7,4.7,1.175,8.225,,,,
,Tropical | Wet | Central Africa | Tubers,Tropical,Wet,Central Africa,Tubers,4.7,4.7,1.175,8.225,,,,
,Tropical | Wet | Central Africa | Root Crops,Tropical,Wet,Central Africa,Root Crops,4.7,4.7,1.175,8.225,,,,
,Tropical | Wet | Central Africa | Barley,Tropical,Wet,Central Africa,Barley,4.7,4.7,1.175,8.225,,,,
,Tropical | Wet | Central Africa | Oats,Tropical,Wet,Central Africa,Oats,4.7,4.7,1.175,8.225,,,,
,Tropical | Wet | Central Africa | Millet,Tropical,Wet,Central Africa,Millet,4.7,4.7,1.175,8.225,,,,
,Tropical | Wet | Central Africa | Sorghum,Tropical,Wet,Central Africa,Sorghum,4.7,4.7,1.175,8.225,,,,
,Tropical | Wet | Central Africa | Rye,Tropical,Wet,Central Africa,Rye,4.7,4.7,1.175,8.225,,,,
,Tropical | Wet | Central Africa | Soybeans,Tropical,Wet,Central Africa,Soybeans,4.7,4.7,1.175,8.225,,,,
,Tropical | Wet | Central Africa | Dry Bean,Tropical,Wet,Central Africa,Dry Bean,4.7,4.7,1.175,8.225,,,,
,Tropical | Wet | Central Africa | Potatoes,Tropical,Wet,Central Africa,Potatoes,4.7,4.7,1.175,8.225,,,,
,Tropical | Wet | Central Africa | Peanuts,Tropical,Wet,Central Africa,Peanuts,4.7,4.7,1.175,8.225,,,,
,Tropical | Wet | Central Africa | Vegetables,Tropical,Wet,Central Africa,Vegetables,4.7,4.7,1.175,8.225,,,,
,Tropical | Wet | Central Africa | Oilseeds,Tropical,Wet,Central Africa,Oilseeds,4.7,4.7,1.175,8.225,,,,
,Tropical | Wet | Central Africa | Groundnuts,Tropical,Wet,Central Africa,Groundnuts,4.7,4.7,1.175,8.225,,,,
,Tropical | Wet | Central Africa | Annual Cropland,Tropical,Wet,Central Africa,Annual Cropland,4.7,4.7,1.175,8.225,,,,
,Tropical | Wet | Central Africa | Set Aside,Tropical,Wet,Central Africa,Set Aside,4.7,4.7,1.175,8.225,,,,
,Tropical | Wet | Central Africa | Flooded Rice,Tropical,Wet,Central Africa,Flooded Rice,4.7,4.7,1.175,8.225,,,,
,Tropical | Wet | Central Africa | Grassland,Tropical,Wet,Central Africa,Grassland,7.567,7.567,1.89175,13.24225,,,,
,Tropical | Wet | Central Africa | Other Land (Non-Vegetated),Tropical,Wet,Central Africa,Other Land (Non-Vegetated),0,0,#N/A,#N/A,,,,
,Tropical | Wet | Central Africa | Settlement,Tropical,Wet,Central Africa,Settlement,0,0,#N/A,#N/A,,,,
,Tropical | Wet | Central Africa | Agroforestry - Default,Tropical,Wet,Central Africa,Agroforestry - Default,2.9225,2.9225,1.1571875,4.6878125,,,,
,Tropical | Wet | Central Africa | Alley Cropping,Tropical,Wet,Central Africa,Alley Cropping,2.33,2.33,1.3712,3.2888,,,,
,Tropical | Wet | Central Africa | Perennial Fallow,Tropical,Wet,Central Africa,Perennial Fallow,7.7,7.7,4.4087,10.9913,,,,
,Tropical | Wet | Central Africa | Hedgerow,Tropical,Wet,Central Africa,Hedgerow,0.53,0.53,0.2075,0.8525,,,,
,Tropical | Wet | Central Africa | Multistrata,Tropical,Wet,Central Africa,Multistrata,3.58,3.58,1.4125,5.7475,,,,
,Tropical | Wet | Central Africa | Parkland,Tropical,Wet,Central Africa,Parkland,0.8,0.8,0.4578,1.1422,,,,
,Tropical | Wet | Central Africa | Shaded Perennial,Tropical,Wet,Central Africa,Shaded Perennial,3.87,3.87,1.5,6.24,,,,
,Tropical | Wet | Central Africa | Silvoarable,Tropical,Wet,Central Africa,Silvoarable,4.5,4.5,3.3087,5.6913,,,,
,Tropical | Wet | Central Africa | Silvopasture,Tropical,Wet,Central Africa,Silvopasture,0.07,0.07,0.025,0.115,,,,
,Tropical | Wet | Central Africa | Other Land,Tropical,Wet,Central Africa,Other Land,0,0,#N/A,#N/A,,,,
,Tropical | Wet | Central Africa | Olive,Tropical,Wet,Central Africa,Olive,0,0,#N/A,#N/A,,,,
,Tropical | Wet | Central Africa | Orchard,Tropical,Wet,Central Africa,Orchard,0,0,#N/A,#N/A,,,,
,Tropical | Wet | Central Africa | Short Rotation Coppice,Tropical,Wet,Central Africa,Short Rotation Coppice,0,0,#N/A,#N/A,,,,
,Tropical | Wet | Central Africa | Tea,Tropical,Wet,Central Africa,Tea,0.7,0.7,0.525,0.875,,,,
,Tropical | Wet | Central Africa | Vine,Tropical,Wet,Central Africa,Vine,0,0,#N/A,#N/A,,,,
,Tropical | Wet | Central Africa | Oil Palm,Tropical,Wet,Central Africa,Oil Palm,2.4,2.4,1.416,3.384,,,,
,Tropical | Wet | Central Africa | Rubber,Tropical,Wet,Central Africa,Rubber,3,3,2.61,3.39,,,,
,Tropical | Wet | Northern Africa | Grains,Tropical,Wet,Northern Africa,Grains,4.7,4.7,1.175,8.225,,,,
,Tropical | Wet | Northern Africa | Maize,Tropical,Wet,Northern Africa,Maize,4.7,4.7,1.175,8.225,,,,
,Tropical | Wet | Northern Africa | Sugarcane,Tropical,Wet,Northern Africa,Sugarcane,4.7,4.7,1.175,8.225,,,,
,Tropical | Wet | Northern Africa | Wheat,Tropical,Wet,Northern Africa,Wheat,4.7,4.7,1.175,8.225,,,,
,Tropical | Wet | Northern Africa | Beans & Pulses,Tropical,Wet,Northern Africa,Beans & Pulses,4.7,4.7,1.175,8.225,,,,
,Tropical | Wet | Northern Africa | Tubers,Tropical,Wet,Northern Africa,Tubers,4.7,4.7,1.175,8.225,,,,
,Tropical | Wet | Northern Africa | Root Crops,Tropical,Wet,Northern Africa,Root Crops,4.7,4.7,1.175,8.225,,,,
,Tropical | Wet | Northern Africa | Barley,Tropical,Wet,Northern Africa,Barley,4.7,4.7,1.175,8.225,,,,
,Tropical | Wet | Northern Africa | Oats,Tropical,Wet,Northern Africa,Oats,4.7,4.7,1.175,8.225,,,,
,Tropical | Wet | Northern Africa | Millet,Tropical,Wet,Northern Africa,Millet,4.7,4.7,1.175,8.225,,,,
,Tropical | Wet | Northern Africa | Sorghum,Tropical,Wet,Northern Africa,Sorghum,4.7,4.7,1.175,8.225,,,,
,Tropical | Wet | Northern Africa | Rye,Tropical,Wet,Northern Africa,Rye,4.7,4.7,1.175,8.225,,,,
,Tropical | Wet | Northern Africa | Soybeans,Tropical,Wet,Northern Africa,Soybeans,4.7,4.7,1.175,8.225,,,,
,Tropical | Wet | Northern Africa | Dry Bean,Tropical,Wet,Northern Africa,Dry Bean,4.7,4.7,1.175,8.225,,,,
,Tropical | Wet | Northern Africa | Potatoes,Tropical,Wet,Northern Africa,Potatoes,4.7,4.7,1.175,8.225,,,,
,Tropical | Wet | Northern Africa | Peanuts,Tropical,Wet,Northern Africa,Peanuts,4.7,4.7,1.175,8.225,,,,
,Tropical | Wet | Northern Africa | Vegetables,Tropical,Wet,Northern Africa,Vegetables,4.7,4.7,1.175,8.225,,,,
,Tropical | Wet | Northern Africa | Oilseeds,Tropical,Wet,Northern Africa,Oilseeds,4.7,4.7,1.175,8.225,,,,
,Tropical | Wet | Northern Africa | Groundnuts,Tropical,Wet,Northern Africa,Groundnuts,4.7,4.7,1.175,8.225,,,,
,Tropical | Wet | Northern Africa | Annual Cropland,Tropical,Wet,Northern Africa,Annual Cropland,4.7,4.7,1.175,8.225,,,,
,Tropical | Wet | Northern Africa | Set Aside,Tropical,Wet,Northern Africa,Set Aside,4.7,4.7,1.175,8.225,,,,
,Tropical | Wet | Northern Africa | Flooded Rice,Tropical,Wet,Northern Africa,Flooded Rice,4.7,4.7,1.175,8.225,,,,
,Tropical | Wet | Northern Africa | Grassland,Tropical,Wet,Northern Africa,Grassland,7.567,7.567,1.89175,13.24225,,,,
,Tropical | Wet | Northern Africa | Other Land (Non-Vegetated),Tropical,Wet,Northern Africa,Other Land (Non-Vegetated),0,0,#N/A,#N/A,,,,
,Tropical | Wet | Northern Africa | Settlement,Tropical,Wet,Northern Africa,Settlement,0,0,#N/A,#N/A,,,,
,Tropical | Wet | Northern Africa | Agroforestry - Default,Tropical,Wet,Northern Africa,Agroforestry - Default,2.9225,2.9225,1.1571875,4.6878125,,,,
,Tropical | Wet | Northern Africa | Alley Cropping,Tropical,Wet,Northern Africa,Alley Cropping,2.33,2.33,1.3712,3.2888,,,,
,Tropical | Wet | Northern Africa | Perennial Fallow,Tropical,Wet,Northern Africa,Perennial Fallow,7.7,7.7,4.4087,10.9913,,,,
,Tropical | Wet | Northern Africa | Hedgerow,Tropical,Wet,Northern Africa,Hedgerow,0.53,0.53,0.2075,0.8525,,,,
,Tropical | Wet | Northern Africa | Multistrata,Tropical,Wet,Northern Africa,Multistrata,3.58,3.58,1.4125,5.7475,,,,
,Tropical | Wet | Northern Africa | Parkland,Tropical,Wet,Northern Africa,Parkland,0.8,0.8,0.4578,1.1422,,,,
,Tropical | Wet | Northern Africa | Shaded Perennial,Tropical,Wet,Northern Africa,Shaded Perennial,3.87,3.87,1.5,6.24,,,,
,Tropical | Wet | Northern Africa | Silvoarable,Tropical,Wet,Northern Africa,Silvoarable,4.5,4.5,3.3087,5.6913,,,,
,Tropical | Wet | Northern Africa | Silvopasture,Tropical,Wet,Northern Africa,Silvopasture,0.07,0.07,0.025,0.115,,,,
,Tropical | Wet | Northern Africa | Other Land,Tropical,Wet,Northern Africa,Other Land,0,0,#N/A,#N/A,,,,
,Tropical | Wet | Northern Africa | Olive,Tropical,Wet,Northern Africa,Olive,0,0,#N/A,#N/A,,,,
,Tropical | Wet | Northern Africa | Orchard,Tropical,Wet,Northern Africa,Orchard,0,0,#N/A,#N/A,,,,
,Tropical | Wet | Northern Africa | Short Rotation Coppice,Tropical,Wet,Northern Africa,Short Rotation Coppice,0,0,#N/A,#N/A,,,,
,Tropical | Wet | Northern Africa | Tea,Tropical,Wet,Northern Africa,Tea,0.7,0.7,0.525,0.875,,,,
,Tropical | Wet | Northern Africa | Vine,Tropical,Wet,Northern Africa,Vine,0,0,#N/A,#N/A,,,,
,Tropical | Wet | Northern Africa | Oil Palm,Tropical,Wet,Northern Africa,Oil Palm,2.4,2.4,1.416,3.384,,,,
,Tropical | Wet | Northern Africa | Rubber,Tropical,Wet,Northern Africa,Rubber,3,3,2.61,3.39,,,,
,Tropical | Wet | Southern Africa | Grains,Tropical,Wet,Southern Africa,Grains,4.7,4.7,1.175,8.225,,,,
,Tropical | Wet | Southern Africa | Maize,Tropical,Wet,Southern Africa,Maize,4.7,4.7,1.175,8.225,,,,
,Tropical | Wet | Southern Africa | Sugarcane,Tropical,Wet,Southern Africa,Sugarcane,4.7,4.7,1.175,8.225,,,,
,Tropical | Wet | Southern Africa | Wheat,Tropical,Wet,Southern Africa,Wheat,4.7,4.7,1.175,8.225,,,,
,Tropical | Wet | Southern Africa | Beans & Pulses,Tropical,Wet,Southern Africa,Beans & Pulses,4.7,4.7,1.175,8.225,,,,
,Tropical | Wet | Southern Africa | Tubers,Tropical,Wet,Southern Africa,Tubers,4.7,4.7,1.175,8.225,,,,
,Tropical | Wet | Southern Africa | Root Crops,Tropical,Wet,Southern Africa,Root Crops,4.7,4.7,1.175,8.225,,,,
,Tropical | Wet | Southern Africa | Barley,Tropical,Wet,Southern Africa,Barley,4.7,4.7,1.175,8.225,,,,
,Tropical | Wet | Southern Africa | Oats,Tropical,Wet,Southern Africa,Oats,4.7,4.7,1.175,8.225,,,,
,Tropical | Wet | Southern Africa | Millet,Tropical,Wet,Southern Africa,Millet,4.7,4.7,1.175,8.225,,,,
,Tropical | Wet | Southern Africa | Sorghum,Tropical,Wet,Southern Africa,Sorghum,4.7,4.7,1.175,8.225,,,,
,Tropical | Wet | Southern Africa | Rye,Tropical,Wet,Southern Africa,Rye,4.7,4.7,1.175,8.225,,,,
,Tropical | Wet | Southern Africa | Soybeans,Tropical,Wet,Southern Africa,Soybeans,4.7,4.7,1.175,8.225,,,,
,Tropical | Wet | Southern Africa | Dry Bean,Tropical,Wet,Southern Africa,Dry Bean,4.7,4.7,1.175,8.225,,,,
,Tropical | Wet | Southern Africa | Potatoes,Tropical,Wet,Southern Africa,Potatoes,4.7,4.7,1.175,8.225,,,,
,Tropical | Wet | Southern Africa | Peanuts,Tropical,Wet,Southern Africa,Peanuts,4.7,4.7,1.175,8.225,,,,
,Tropical | Wet | Southern Africa | Vegetables,Tropical,Wet,Southern Africa,Vegetables,4.7,4.7,1.175,8.225,,,,
,Tropical | Wet | Southern Africa | Oilseeds,Tropical,Wet,Southern Africa,Oilseeds,4.7,4.7,1.175,8.225,,,,
,Tropical | Wet | Southern Africa | Groundnuts,Tropical,Wet,Southern Africa,Groundnuts,4.7,4.7,1.175,8.225,,,,
,Tropical | Wet | Southern Africa | Annual Cropland,Tropical,Wet,Southern Africa,Annual Cropland,4.7,4.7,1.175,8.225,,,,
,Tropical | Wet | Southern Africa | Set Aside,Tropical,Wet,Southern Africa,Set Aside,4.7,4.7,1.175,8.225,,,,
,Tropical | Wet | Southern Africa | Flooded Rice,Tropical,Wet,Southern Africa,Flooded Rice,4.7,4.7,1.175,8.225,,,,
,Tropical | Wet | Southern Africa | Grassland,Tropical,Wet,Southern Africa,Grassland,7.567,7.567,1.89175,13.24225,,,,
,Tropical | Wet | Southern Africa | Other Land (Non-Vegetated),Tropical,Wet,Southern Africa,Other Land (Non-Vegetated),0,0,#N/A,#N/A,,,,
,Tropical | Wet | Southern Africa | Settlement,Tropical,Wet,Southern Africa,Settlement,0,0,#N/A,#N/A,,,,
,Tropical | Wet | Southern Africa | Agroforestry - Default,Tropical,Wet,Southern Africa,Agroforestry - Default,2.9225,2.9225,1.1571875,4.6878125,,,,
,Tropical | Wet | Southern Africa | Alley Cropping,Tropical,Wet,Southern Africa,Alley Cropping,2.33,2.33,1.3712,3.2888,,,,
,Tropical | Wet | Southern Africa | Perennial Fallow,Tropical,Wet,Southern Africa,Perennial Fallow,7.7,7.7,4.4087,10.9913,,,,
,Tropical | Wet | Southern Africa | Hedgerow,Tropical,Wet,Southern Africa,Hedgerow,0.53,0.53,0.2075,0.8525,,,,
,Tropical | Wet | Southern Africa | Multistrata,Tropical,Wet,Southern Africa,Multistrata,3.58,3.58,1.4125,5.7475,,,,
,Tropical | Wet | Southern Africa | Parkland,Tropical,Wet,Southern Africa,Parkland,0.8,0.8,0.4578,1.1422,,,,
,Tropical | Wet | Southern Africa | Shaded Perennial,Tropical,Wet,Southern Africa,Shaded Perennial,3.87,3.87,1.5,6.24,,,,
,Tropical | Wet | Southern Africa | Silvoarable,Tropical,Wet,Southern Africa,Silvoarable,4.5,4.5,3.3087,5.6913,,,,
,Tropical | Wet | Southern Africa | Silvopasture,Tropical,Wet,Southern Africa,Silvopasture,0.07,0.07,0.025,0.115,,,,
,Tropical | Wet | Southern Africa | Other Land,Tropical,Wet,Southern Africa,Other Land,0,0,#N/A,#N/A,,,,
,Tropical | Wet | Southern Africa | Olive,Tropical,Wet,Southern Africa,Olive,0,0,#N/A,#N/A,,,,
,Tropical | Wet | Southern Africa | Orchard,Tropical,Wet,Southern Africa,Orchard,0,0,#N/A,#N/A,,,,
,Tropical | Wet | Southern Africa | Short Rotation Coppice,Tropical,Wet,Southern Africa,Short Rotation Coppice,0,0,#N/A,#N/A,,,,
,Tropical | Wet | Southern Africa | Tea,Tropical,Wet,Southern Africa,Tea,0.7,0.7,0.525,0.875,,,,
,Tropical | Wet | Southern Africa | Vine,Tropical,Wet,Southern Africa,Vine,0,0,#N/A,#N/A,,,,
,Tropical | Wet | Southern Africa | Oil Palm,Tropical,Wet,Southern Africa,Oil Palm,2.4,2.4,1.416,3.384,,,,
,Tropical | Wet | Southern Africa | Rubber,Tropical,Wet,Southern Africa,Rubber,3,3,2.61,3.39,,,,
,Tropical | Wet | Western Africa | Grains,Tropical,Wet,Western Africa,Grains,4.7,4.7,1.175,8.225,,,,
,Tropical | Wet | Western Africa | Maize,Tropical,Wet,Western Africa,Maize,4.7,4.7,1.175,8.225,,,,
,Tropical | Wet | Western Africa | Sugarcane,Tropical,Wet,Western Africa,Sugarcane,4.7,4.7,1.175,8.225,,,,
,Tropical | Wet | Western Africa | Wheat,Tropical,Wet,Western Africa,Wheat,4.7,4.7,1.175,8.225,,,,
,Tropical | Wet | Western Africa | Beans & Pulses,Tropical,Wet,Western Africa,Beans & Pulses,4.7,4.7,1.175,8.225,,,,
,Tropical | Wet | Western Africa | Tubers,Tropical,Wet,Western Africa,Tubers,4.7,4.7,1.175,8.225,,,,
,Tropical | Wet | Western Africa | Root Crops,Tropical,Wet,Western Africa,Root Crops,4.7,4.7,1.175,8.225,,,,
,Tropical | Wet | Western Africa | Barley,Tropical,Wet,Western Africa,Barley,4.7,4.7,1.175,8.225,,,,
,Tropical | Wet | Western Africa | Oats,Tropical,Wet,Western Africa,Oats,4.7,4.7,1.175,8.225,,,,
,Tropical | Wet | Western Africa | Millet,Tropical,Wet,Western Africa,Millet,4.7,4.7,1.175,8.225,,,,
,Tropical | Wet | Western Africa | Sorghum,Tropical,Wet,Western Africa,Sorghum,4.7,4.7,1.175,8.225,,,,
,Tropical | Wet | Western Africa | Rye,Tropical,Wet,Western Africa,Rye,4.7,4.7,1.175,8.225,,,,
,Tropical | Wet | Western Africa | Soybeans,Tropical,Wet,Western Africa,Soybeans,4.7,4.7,1.175,8.225,,,,
,Tropical | Wet | Western Africa | Dry Bean,Tropical,Wet,Western Africa,Dry Bean,4.7,4.7,1.175,8.225,,,,
,Tropical | Wet | Western Africa | Potatoes,Tropical,Wet,Western Africa,Potatoes,4.7,4.7,1.175,8.225,,,,
,Tropical | Wet | Western Africa | Peanuts,Tropical,Wet,Western Africa,Peanuts,4.7,4.7,1.175,8.225,,,,
,Tropical | Wet | Western Africa | Vegetables,Tropical,Wet,Western Africa,Vegetables,4.7,4.7,1.175,8.225,,,,
,Tropical | Wet | Western Africa | Oilseeds,Tropical,Wet,Western Africa,Oilseeds,4.7,4.7,1.175,8.225,,,,
,Tropical | Wet | Western Africa | Groundnuts,Tropical,Wet,Western Africa,Groundnuts,4.7,4.7,1.175,8.225,,,,
,Tropical | Wet | Western Africa | Annual Cropland,Tropical,Wet,Western Africa,Annual Cropland,4.7,4.7,1.175,8.225,,,,
,Tropical | Wet | Western Africa | Set Aside,Tropical,Wet,Western Africa,Set Aside,4.7,4.7,1.175,8.225,,,,
,Tropical | Wet | Western Africa | Flooded Rice,Tropical,Wet,Western Africa,Flooded Rice,4.7,4.7,1.175,8.225,,,,
,Tropical | Wet | Western Africa | Grassland,Tropical,Wet,Western Africa,Grassland,7.567,7.567,1.89175,13.24225,,,,
,Tropical | Wet | Western Africa | Other Land (Non-Vegetated),Tropical,Wet,Western Africa,Other Land (Non-Vegetated),0,0,#N/A,#N/A,,,,
,Tropical | Wet | Western Africa | Settlement,Tropical,Wet,Western Africa,Settlement,0,0,#N/A,#N/A,,,,
,Tropical | Wet | Western Africa | Agroforestry - Default,Tropical,Wet,Western Africa,Agroforestry - Default,2.9225,2.9225,1.1571875,4.6878125,,,,
,Tropical | Wet | Western Africa | Alley Cropping,Tropical,Wet,Western Africa,Alley Cropping,2.33,2.33,1.3712,3.2888,,,,
,Tropical | Wet | Western Africa | Perennial Fallow,Tropical,Wet,Western Africa,Perennial Fallow,7.7,7.7,4.4087,10.9913,,,,
,Tropical | Wet | Western Africa | Hedgerow,Tropical,Wet,Western Africa,Hedgerow,0.53,0.53,0.2075,0.8525,,,,
,Tropical | Wet | Western Africa | Multistrata,Tropical,Wet,Western Africa,Multistrata,3.58,3.58,1.4125,5.7475,,,,
,Tropical | Wet | Western Africa | Parkland,Tropical,Wet,Western Africa,Parkland,0.8,0.8,0.4578,1.1422,,,,
,Tropical | Wet | Western Africa | Shaded Perennial,Tropical,Wet,Western Africa,Shaded Perennial,3.87,3.87,1.5,6.24,,,,
,Tropical | Wet | Western Africa | Silvoarable,Tropical,Wet,Western Africa,Silvoarable,4.5,4.5,3.3087,5.6913,,,,
,Tropical | Wet | Western Africa | Silvopasture,Tropical,Wet,Western Africa,Silvopasture,0.07,0.07,0.025,0.115,,,,
,Tropical | Wet | Western Africa | Other Land,Tropical,Wet,Western Africa,Other Land,0,0,#N/A,#N/A,,,,
,Tropical | Wet | Western Africa | Olive,Tropical,Wet,Western Africa,Olive,0,0,#N/A,#N/A,,,,
,Tropical | Wet | Western Africa | Orchard,Tropical,Wet,Western Africa,Orchard,0,0,#N/A,#N/A,,,,
,Tropical | Wet | Western Africa | Short Rotation Coppice,Tropical,Wet,Western Africa,Short Rotation Coppice,0,0,#N/A,#N/A,,,,
,Tropical | Wet | Western Africa | Tea,Tropical,Wet,Western Africa,Tea,0.7,0.7,0.525,0.875,,,,
,Tropical | Wet | Western Africa | Vine,Tropical,Wet,Western Africa,Vine,0,0,#N/A,#N/A,,,,
,Tropical | Wet | Western Africa | Oil Palm,Tropical,Wet,Western Africa,Oil Palm,2.4,2.4,1.416,3.384,,,,
,Tropical | Wet | Western Africa | Rubber,Tropical,Wet,Western Africa,Rubber,3,3,2.61,3.39,,,,
,Tropical | Wet | Central Asia | Grains,Tropical,Wet,Central Asia,Grains,4.7,4.7,1.175,8.225,,,,
,Tropical | Wet | Central Asia | Maize,Tropical,Wet,Central Asia,Maize,4.7,4.7,1.175,8.225,,,,
,Tropical | Wet | Central Asia | Sugarcane,Tropical,Wet,Central Asia,Sugarcane,4.7,4.7,1.175,8.225,,,,
,Tropical | Wet | Central Asia | Wheat,Tropical,Wet,Central Asia,Wheat,4.7,4.7,1.175,8.225,,,,
,Tropical | Wet | Central Asia | Beans & Pulses,Tropical,Wet,Central Asia,Beans & Pulses,4.7,4.7,1.175,8.225,,,,
,Tropical | Wet | Central Asia | Tubers,Tropical,Wet,Central Asia,Tubers,4.7,4.7,1.175,8.225,,,,
,Tropical | Wet | Central Asia | Root Crops,Tropical,Wet,Central Asia,Root Crops,4.7,4.7,1.175,8.225,,,,
,Tropical | Wet | Central Asia | Barley,Tropical,Wet,Central Asia,Barley,4.7,4.7,1.175,8.225,,,,
,Tropical | Wet | Central Asia | Oats,Tropical,Wet,Central Asia,Oats,4.7,4.7,1.175,8.225,,,,
,Tropical | Wet | Central Asia | Millet,Tropical,Wet,Central Asia,Millet,4.7,4.7,1.175,8.225,,,,
,Tropical | Wet | Central Asia | Sorghum,Tropical,Wet,Central Asia,Sorghum,4.7,4.7,1.175,8.225,,,,
,Tropical | Wet | Central Asia | Rye,Tropical,Wet,Central Asia,Rye,4.7,4.7,1.175,8.225,,,,
,Tropical | Wet | Central Asia | Soybeans,Tropical,Wet,Central Asia,Soybeans,4.7,4.7,1.175,8.225,,,,
,Tropical | Wet | Central Asia | Dry Bean,Tropical,Wet,Central Asia,Dry Bean,4.7,4.7,1.175,8.225,,,,
,Tropical | Wet | Central Asia | Potatoes,Tropical,Wet,Central Asia,Potatoes,4.7,4.7,1.175,8.225,,,,
,Tropical | Wet | Central Asia | Peanuts,Tropical,Wet,Central Asia,Peanuts,4.7,4.7,1.175,8.225,,,,
,Tropical | Wet | Central Asia | Vegetables,Tropical,Wet,Central Asia,Vegetables,4.7,4.7,1.175,8.225,,,,
,Tropical | Wet | Central Asia | Oilseeds,Tropical,Wet,Central Asia,Oilseeds,4.7,4.7,1.175,8.225,,,,
,Tropical | Wet | Central Asia | Groundnuts,Tropical,Wet,Central Asia,Groundnuts,4.7,4.7,1.175,8.225,,,,
,Tropical | Wet | Central Asia | Annual Cropland,Tropical,Wet,Central Asia,Annual Cropland,4.7,4.7,1.175,8.225,,,,
,Tropical | Wet | Central Asia | Set Aside,Tropical,Wet,Central Asia,Set Aside,4.7,4.7,1.175,8.225,,,,
,Tropical | Wet | Central Asia | Flooded Rice,Tropical,Wet,Central Asia,Flooded Rice,4.7,4.7,1.175,8.225,,,,
,Tropical | Wet | Central Asia | Grassland,Tropical,Wet,Central Asia,Grassland,7.567,7.567,1.89175,13.24225,,,,
,Tropical | Wet | Central Asia | Other Land (Non-Vegetated),Tropical,Wet,Central Asia,Other Land (Non-Vegetated),0,0,#N/A,#N/A,,,,
,Tropical | Wet | Central Asia | Settlement,Tropical,Wet,Central Asia,Settlement,0,0,#N/A,#N/A,,,,
,Tropical | Wet | Central Asia | Agroforestry - Default,Tropical,Wet,Central Asia,Agroforestry - Default,2.36375,2.36375,0.9396875,3.7878125,,,,
,Tropical | Wet | Central Asia | Alley Cropping,Tropical,Wet,Central Asia,Alley Cropping,2.33,2.33,1.3712,3.2888,,,,
,Tropical | Wet | Central Asia | Perennial Fallow,Tropical,Wet,Central Asia,Perennial Fallow,2.48,2.48,0.98,3.98,,,,
,Tropical | Wet | Central Asia | Hedgerow,Tropical,Wet,Central Asia,Hedgerow,0.53,0.53,0.2075,0.8525,,,,
,Tropical | Wet | Central Asia | Multistrata,Tropical,Wet,Central Asia,Multistrata,5.99,5.99,3.575,8.405,,,,
,Tropical | Wet | Central Asia | Parkland,Tropical,Wet,Central Asia,Parkland,0.8,0.8,0.4578,1.1422,,,,
,Tropical | Wet | Central Asia | Shaded Perennial,Tropical,Wet,Central Asia,Shaded Perennial,2.21,2.21,0.8675,3.5525,,,,
,Tropical | Wet | Central Asia | Silvoarable,Tropical,Wet,Central Asia,Silvoarable,4.5,4.5,3.3087,5.6913,,,,
,Tropical | Wet | Central Asia | Silvopasture,Tropical,Wet,Central Asia,Silvopasture,0.07,0.07,0.025,0.115,,,,
,Tropical | Wet | Central Asia | Other Land,Tropical,Wet,Central Asia,Other Land,0,0,#N/A,#N/A,,,,
,Tropical | Wet | Central Asia | Olive,Tropical,Wet,Central Asia,Olive,0,0,#N/A,#N/A,,,,
,Tropical | Wet | Central Asia | Orchard,Tropical,Wet,Central Asia,Orchard,0,0,#N/A,#N/A,,,,
,Tropical | Wet | Central Asia | Short Rotation Coppice,Tropical,Wet,Central Asia,Short Rotation Coppice,0,0,#N/A,#N/A,,,,
,Tropical | Wet | Central Asia | Tea,Tropical,Wet,Central Asia,Tea,0.7,0.7,0.525,0.875,,,,
,Tropical | Wet | Central Asia | Vine,Tropical,Wet,Central Asia,Vine,0,0,#N/A,#N/A,,,,
,Tropical | Wet | Central Asia | Oil Palm,Tropical,Wet,Central Asia,Oil Palm,2.4,2.4,1.416,3.384,,,,
,Tropical | Wet | Central Asia | Rubber,Tropical,Wet,Central Asia,Rubber,3,3,2.61,3.39,,,,
,Tropical | Wet | Eastern Asia | Grains,Tropical,Wet,Eastern Asia,Grains,4.7,4.7,1.175,8.225,,,,
,Tropical | Wet | Eastern Asia | Maize,Tropical,Wet,Eastern Asia,Maize,4.7,4.7,1.175,8.225,,,,
,Tropical | Wet | Eastern Asia | Sugarcane,Tropical,Wet,Eastern Asia,Sugarcane,4.7,4.7,1.175,8.225,,,,
,Tropical | Wet | Eastern Asia | Wheat,Tropical,Wet,Eastern Asia,Wheat,4.7,4.7,1.175,8.225,,,,
,Tropical | Wet | Eastern Asia | Beans & Pulses,Tropical,Wet,Eastern Asia,Beans & Pulses,4.7,4.7,1.175,8.225,,,,
,Tropical | Wet | Eastern Asia | Tubers,Tropical,Wet,Eastern Asia,Tubers,4.7,4.7,1.175,8.225,,,,
,Tropical | Wet | Eastern Asia | Root Crops,Tropical,Wet,Eastern Asia,Root Crops,4.7,4.7,1.175,8.225,,,,
,Tropical | Wet | Eastern Asia | Barley,Tropical,Wet,Eastern Asia,Barley,4.7,4.7,1.175,8.225,,,,
,Tropical | Wet | Eastern Asia | Oats,Tropical,Wet,Eastern Asia,Oats,4.7,4.7,1.175,8.225,,,,
,Tropical | Wet | Eastern Asia | Millet,Tropical,Wet,Eastern Asia,Millet,4.7,4.7,1.175,8.225,,,,
,Tropical | Wet | Eastern Asia | Sorghum,Tropical,Wet,Eastern Asia,Sorghum,4.7,4.7,1.175,8.225,,,,
,Tropical | Wet | Eastern Asia | Rye,Tropical,Wet,Eastern Asia,Rye,4.7,4.7,1.175,8.225,,,,
,Tropical | Wet | Eastern Asia | Soybeans,Tropical,Wet,Eastern Asia,Soybeans,4.7,4.7,1.175,8.225,,,,
,Tropical | Wet | Eastern Asia | Dry Bean,Tropical,Wet,Eastern Asia,Dry Bean,4.7,4.7,1.175,8.225,,,,
,Tropical | Wet | Eastern Asia | Potatoes,Tropical,Wet,Eastern Asia,Potatoes,4.7,4.7,1.175,8.225,,,,
,Tropical | Wet | Eastern Asia | Peanuts,Tropical,Wet,Eastern Asia,Peanuts,4.7,4.7,1.175,8.225,,,,
,Tropical | Wet | Eastern Asia | Vegetables,Tropical,Wet,Eastern Asia,Vegetables,4.7,4.7,1.175,8.225,,,,
,Tropical | Wet | Eastern Asia | Oilseeds,Tropical,Wet,Eastern Asia,Oilseeds,4.7,4.7,1.175,8.225,,,,
,Tropical | Wet | Eastern Asia | Groundnuts,Tropical,Wet,Eastern Asia,Groundnuts,4.7,4.7,1.175,8.225,,,,
,Tropical | Wet | Eastern Asia | Annual Cropland,Tropical,Wet,Eastern Asia,Annual Cropland,4.7,4.7,1.175,8.225,,,,
,Tropical | Wet | Eastern Asia | Set Aside,Tropical,Wet,Eastern Asia,Set Aside,4.7,4.7,1.175,8.225,,,,
,Tropical | Wet | Eastern Asia | Flooded Rice,Tropical,Wet,Eastern Asia,Flooded Rice,4.7,4.7,1.175,8.225,,,,
,Tropical | Wet | Eastern Asia | Grassland,Tropical,Wet,Eastern Asia,Grassland,7.567,7.567,1.89175,13.24225,,,,
,Tropical | Wet | Eastern Asia | Other Land (Non-Vegetated),Tropical,Wet,Eastern Asia,Other Land (Non-Vegetated),0,0,#N/A,#N/A,,,,
,Tropical | Wet | Eastern Asia | Settlement,Tropical,Wet,Eastern Asia,Settlement,0,0,#N/A,#N/A,,,,
,Tropical | Wet | Eastern Asia | Agroforestry - Default,Tropical,Wet,Eastern Asia,Agroforestry - Default,2.36375,2.36375,0.9396875,3.7878125,,,,
,Tropical | Wet | Eastern Asia | Alley Cropping,Tropical,Wet,Eastern Asia,Alley Cropping,2.33,2.33,1.3712,3.2888,,,,
,Tropical | Wet | Eastern Asia | Perennial Fallow,Tropical,Wet,Eastern Asia,Perennial Fallow,2.48,2.48,0.98,3.98,,,,
,Tropical | Wet | Eastern Asia | Hedgerow,Tropical,Wet,Eastern Asia,Hedgerow,0.53,0.53,0.2075,0.8525,,,,
,Tropical | Wet | Eastern Asia | Multistrata,Tropical,Wet,Eastern Asia,Multistrata,5.99,5.99,3.575,8.405,,,,
,Tropical | Wet | Eastern Asia | Parkland,Tropical,Wet,Eastern Asia,Parkland,0.8,0.8,0.4578,1.1422,,,,
,Tropical | Wet | Eastern Asia | Shaded Perennial,Tropical,Wet,Eastern Asia,Shaded Perennial,2.21,2.21,0.8675,3.5525,,,,
,Tropical | Wet | Eastern Asia | Silvoarable,Tropical,Wet,Eastern Asia,Silvoarable,4.5,4.5,3.3087,5.6913,,,,
,Tropical | Wet | Eastern Asia | Silvopasture,Tropical,Wet,Eastern Asia,Silvopasture,0.07,0.07,0.025,0.115,,,,
,Tropical | Wet | Eastern Asia | Other Land,Tropical,Wet,Eastern Asia,Other Land,0,0,#N/A,#N/A,,,,
,Tropical | Wet | Eastern Asia | Olive,Tropical,Wet,Eastern Asia,Olive,0,0,#N/A,#N/A,,,,
,Tropical | Wet | Eastern Asia | Orchard,Tropical,Wet,Eastern Asia,Orchard,0,0,#N/A,#N/A,,,,
,Tropical | Wet | Eastern Asia | Short Rotation Coppice,Tropical,Wet,Eastern Asia,Short Rotation Coppice,0,0,#N/A,#N/A,,,,
,Tropical | Wet | Eastern Asia | Tea,Tropical,Wet,Eastern Asia,Tea,0.7,0.7,0.525,0.875,,,,
,Tropical | Wet | Eastern Asia | Vine,Tropical,Wet,Eastern Asia,Vine,0,0,#N/A,#N/A,,,,
,Tropical | Wet | Eastern Asia | Oil Palm,Tropical,Wet,Eastern Asia,Oil Palm,2.4,2.4,1.416,3.384,,,,
,Tropical | Wet | Eastern Asia | Rubber,Tropical,Wet,Eastern Asia,Rubber,3,3,2.61,3.39,,,,
,Tropical | Wet | South-Eastern Asia | Grains,Tropical,Wet,South-Eastern Asia,Grains,4.7,4.7,1.175,8.225,,,,
,Tropical | Wet | South-Eastern Asia | Maize,Tropical,Wet,South-Eastern Asia,Maize,4.7,4.7,1.175,8.225,,,,
,Tropical | Wet | South-Eastern Asia | Sugarcane,Tropical,Wet,South-Eastern Asia,Sugarcane,4.7,4.7,1.175,8.225,,,,
,Tropical | Wet | South-Eastern Asia | Wheat,Tropical,Wet,South-Eastern Asia,Wheat,4.7,4.7,1.175,8.225,,,,
,Tropical | Wet | South-Eastern Asia | Beans & Pulses,Tropical,Wet,South-Eastern Asia,Beans & Pulses,4.7,4.7,1.175,8.225,,,,
,Tropical | Wet | South-Eastern Asia | Tubers,Tropical,Wet,South-Eastern Asia,Tubers,4.7,4.7,1.175,8.225,,,,
,Tropical | Wet | South-Eastern Asia | Root Crops,Tropical,Wet,South-Eastern Asia,Root Crops,4.7,4.7,1.175,8.225,,,,
,Tropical | Wet | South-Eastern Asia | Barley,Tropical,Wet,South-Eastern Asia,Barley,4.7,4.7,1.175,8.225,,,,
,Tropical | Wet | South-Eastern Asia | Oats,Tropical,Wet,South-Eastern Asia,Oats,4.7,4.7,1.175,8.225,,,,
,Tropical | Wet | South-Eastern Asia | Millet,Tropical,Wet,South-Eastern Asia,Millet,4.7,4.7,1.175,8.225,,,,
,Tropical | Wet | South-Eastern Asia | Sorghum,Tropical,Wet,South-Eastern Asia,Sorghum,4.7,4.7,1.175,8.225,,,,
,Tropical | Wet | South-Eastern Asia | Rye,Tropical,Wet,South-Eastern Asia,Rye,4.7,4.7,1.175,8.225,,,,
,Tropical | Wet | South-Eastern Asia | Soybeans,Tropical,Wet,South-Eastern Asia,Soybeans,4.7,4.7,1.175,8.225,,,,
,Tropical | Wet | South-Eastern Asia | Dry Bean,Tropical,Wet,South-Eastern Asia,Dry Bean,4.7,4.7,1.175,8.225,,,,
,Tropical | Wet | South-Eastern Asia | Potatoes,Tropical,Wet,South-Eastern Asia,Potatoes,4.7,4.7,1.175,8.225,,,,
,Tropical | Wet | South-Eastern Asia | Peanuts,Tropical,Wet,South-Eastern Asia,Peanuts,4.7,4.7,1.175,8.225,,,,
,Tropical | Wet | South-Eastern Asia | Vegetables,Tropical,Wet,South-Eastern Asia,Vegetables,4.7,4.7,1.175,8.225,,,,
,Tropical | Wet | South-Eastern Asia | Oilseeds,Tropical,Wet,South-Eastern Asia,Oilseeds,4.7,4.7,1.175,8.225,,,,
,Tropical | Wet | South-Eastern Asia | Groundnuts,Tropical,Wet,South-Eastern Asia,Groundnuts,4.7,4.7,1.175,8.225,,,,
,Tropical | Wet | South-Eastern Asia | Annual Cropland,Tropical,Wet,South-Eastern Asia,Annual Cropland,4.7,4.7,1.175,8.225,,,,
,Tropical | Wet | South-Eastern Asia | Set Aside,Tropical,Wet,South-Eastern Asia,Set Aside,4.7,4.7,1.175,8.225,,,,
,Tropical | Wet | South-Eastern Asia | Flooded Rice,Tropical,Wet,South-Eastern Asia,Flooded Rice,4.7,4.7,1.175,8.225,,,,
,Tropical | Wet | South-Eastern Asia | Grassland,Tropical,Wet,South-Eastern Asia,Grassland,7.567,7.567,1.89175,13.24225,,,,
,Tropical | Wet | South-Eastern Asia | Other Land (Non-Vegetated),Tropical,Wet,South-Eastern Asia,Other Land (Non-Vegetated),0,0,#N/A,#N/A,,,,
,Tropical | Wet | South-Eastern Asia | Settlement,Tropical,Wet,South-Eastern Asia,Settlement,0,0,#N/A,#N/A,,,,
,Tropical | Wet | South-Eastern Asia | Agroforestry - Default,Tropical,Wet,South-Eastern Asia,Agroforestry - Default,2.36375,2.36375,0.9396875,3.7878125,,,,
,Tropical | Wet | South-Eastern Asia | Alley Cropping,Tropical,Wet,South-Eastern Asia,Alley Cropping,2.33,2.33,1.3712,3.2888,,,,
,Tropical | Wet | South-Eastern Asia | Perennial Fallow,Tropical,Wet,South-Eastern Asia,Perennial Fallow,2.48,2.48,0.98,3.98,,,,
,Tropical | Wet | South-Eastern Asia | Hedgerow,Tropical,Wet,South-Eastern Asia,Hedgerow,0.53,0.53,0.2075,0.8525,,,,
,Tropical | Wet | South-Eastern Asia | Multistrata,Tropical,Wet,South-Eastern Asia,Multistrata,5.99,5.99,3.575,8.405,,,,
,Tropical | Wet | South-Eastern Asia | Parkland,Tropical,Wet,South-Eastern Asia,Parkland,0.8,0.8,0.4578,1.1422,,,,
,Tropical | Wet | South-Eastern Asia | Shaded Perennial,Tropical,Wet,South-Eastern Asia,Shaded Perennial,2.21,2.21,0.8675,3.5525,,,,
,Tropical | Wet | South-Eastern Asia | Silvoarable,Tropical,Wet,South-Eastern Asia,Silvoarable,4.5,4.5,3.3087,5.6913,,,,
,Tropical | Wet | South-Eastern Asia | Silvopasture,Tropical,Wet,South-Eastern Asia,Silvopasture,0.07,0.07,0.025,0.115,,,,
,Tropical | Wet | South-Eastern Asia | Other Land,Tropical,Wet,South-Eastern Asia,Other Land,0,0,#N/A,#N/A,,,,
,Tropical | Wet | South-Eastern Asia | Olive,Tropical,Wet,South-Eastern Asia,Olive,0,0,#N/A,#N/A,,,,
,Tropical | Wet | South-Eastern Asia | Orchard,Tropical,Wet,South-Eastern Asia,Orchard,0,0,#N/A,#N/A,,,,
,Tropical | Wet | South-Eastern Asia | Short Rotation Coppice,Tropical,Wet,South-Eastern Asia,Short Rotation Coppice,0,0,#N/A,#N/A,,,,
,Tropical | Wet | South-Eastern Asia | Tea,Tropical,Wet,South-Eastern Asia,Tea,0.7,0.7,0.525,0.875,,,,
,Tropical | Wet | South-Eastern Asia | Vine,Tropical,Wet,South-Eastern Asia,Vine,0,0,#N/A,#N/A,,,,
,Tropical | Wet | South-Eastern Asia | Oil Palm,Tropical,Wet,South-Eastern Asia,Oil Palm,2.4,2.4,1.416,3.384,,,,
,Tropical | Wet | South-Eastern Asia | Rubber,Tropical,Wet,South-Eastern Asia,Rubber,3,3,2.61,3.39,,,,
,Tropical | Wet | Southern Asia | Grains,Tropical,Wet,Southern Asia,Grains,4.7,4.7,1.175,8.225,,,,
,Tropical | Wet | Southern Asia | Maize,Tropical,Wet,Southern Asia,Maize,4.7,4.7,1.175,8.225,,,,
,Tropical | Wet | Southern Asia | Sugarcane,Tropical,Wet,Southern Asia,Sugarcane,4.7,4.7,1.175,8.225,,,,
,Tropical | Wet | Southern Asia | Wheat,Tropical,Wet,Southern Asia,Wheat,4.7,4.7,1.175,8.225,,,,
,Tropical | Wet | Southern Asia | Beans & Pulses,Tropical,Wet,Southern Asia,Beans & Pulses,4.7,4.7,1.175,8.225,,,,
,Tropical | Wet | Southern Asia | Tubers,Tropical,Wet,Southern Asia,Tubers,4.7,4.7,1.175,8.225,,,,
,Tropical | Wet | Southern Asia | Root Crops,Tropical,Wet,Southern Asia,Root Crops,4.7,4.7,1.175,8.225,,,,
,Tropical | Wet | Southern Asia | Barley,Tropical,Wet,Southern Asia,Barley,4.7,4.7,1.175,8.225,,,,
,Tropical | Wet | Southern Asia | Oats,Tropical,Wet,Southern Asia,Oats,4.7,4.7,1.175,8.225,,,,
,Tropical | Wet | Southern Asia | Millet,Tropical,Wet,Southern Asia,Millet,4.7,4.7,1.175,8.225,,,,
,Tropical | Wet | Southern Asia | Sorghum,Tropical,Wet,Southern Asia,Sorghum,4.7,4.7,1.175,8.225,,,,
,Tropical | Wet | Southern Asia | Rye,Tropical,Wet,Southern Asia,Rye,4.7,4.7,1.175,8.225,,,,
,Tropical | Wet | Southern Asia | Soybeans,Tropical,Wet,Southern Asia,Soybeans,4.7,4.7,1.175,8.225,,,,
,Tropical | Wet | Southern Asia | Dry Bean,Tropical,Wet,Southern Asia,Dry Bean,4.7,4.7,1.175,8.225,,,,
,Tropical | Wet | Southern Asia | Potatoes,Tropical,Wet,Southern Asia,Potatoes,4.7,4.7,1.175,8.225,,,,
,Tropical | Wet | Southern Asia | Peanuts,Tropical,Wet,Southern Asia,Peanuts,4.7,4.7,1.175,8.225,,,,
,Tropical | Wet | Southern Asia | Vegetables,Tropical,Wet,Southern Asia,Vegetables,4.7,4.7,1.175,8.225,,,,
,Tropical | Wet | Southern Asia | Oilseeds,Tropical,Wet,Southern Asia,Oilseeds,4.7,4.7,1.175,8.225,,,,
,Tropical | Wet | Southern Asia | Groundnuts,Tropical,Wet,Southern Asia,Groundnuts,4.7,4.7,1.175,8.225,,,,
,Tropical | Wet | Southern Asia | Annual Cropland,Tropical,Wet,Southern Asia,Annual Cropland,4.7,4.7,1.175,8.225,,,,
,Tropical | Wet | Southern Asia | Set Aside,Tropical,Wet,Southern Asia,Set Aside,4.7,4.7,1.175,8.225,,,,
,Tropical | Wet | Southern Asia | Flooded Rice,Tropical,Wet,Southern Asia,Flooded Rice,4.7,4.7,1.175,8.225,,,,
,Tropical | Wet | Southern Asia | Grassland,Tropical,Wet,Southern Asia,Grassland,7.567,7.567,1.89175,13.24225,,,,
,Tropical | Wet | Southern Asia | Other Land (Non-Vegetated),Tropical,Wet,Southern Asia,Other Land (Non-Vegetated),0,0,#N/A,#N/A,,,,
,Tropical | Wet | Southern Asia | Settlement,Tropical,Wet,Southern Asia,Settlement,0,0,#N/A,#N/A,,,,
,Tropical | Wet | Southern Asia | Agroforestry - Default,Tropical,Wet,Southern Asia,Agroforestry - Default,2.36375,2.36375,0.9396875,3.7878125,,,,
,Tropical | Wet | Southern Asia | Alley Cropping,Tropical,Wet,Southern Asia,Alley Cropping,2.33,2.33,1.3712,3.2888,,,,
,Tropical | Wet | Southern Asia | Perennial Fallow,Tropical,Wet,Southern Asia,Perennial Fallow,2.48,2.48,0.98,3.98,,,,
,Tropical | Wet | Southern Asia | Hedgerow,Tropical,Wet,Southern Asia,Hedgerow,0.53,0.53,0.2075,0.8525,,,,
,Tropical | Wet | Southern Asia | Multistrata,Tropical,Wet,Southern Asia,Multistrata,5.99,5.99,3.575,8.405,,,,
,Tropical | Wet | Southern Asia | Parkland,Tropical,Wet,Southern Asia,Parkland,0.8,0.8,0.4578,1.1422,,,,
,Tropical | Wet | Southern Asia | Shaded Perennial,Tropical,Wet,Southern Asia,Shaded Perennial,2.21,2.21,0.8675,3.5525,,,,
,Tropical | Wet | Southern Asia | Silvoarable,Tropical,Wet,Southern Asia,Silvoarable,4.5,4.5,3.3087,5.6913,,,,
,Tropical | Wet | Southern Asia | Silvopasture,Tropical,Wet,Southern Asia,Silvopasture,0.07,0.07,0.025,0.115,,,,
,Tropical | Wet | Southern Asia | Other Land,Tropical,Wet,Southern Asia,Other Land,0,0,#N/A,#N/A,,,,
,Tropical | Wet | Southern Asia | Olive,Tropical,Wet,Southern Asia,Olive,0,0,#N/A,#N/A,,,,
,Tropical | Wet | Southern Asia | Orchard,Tropical,Wet,Southern Asia,Orchard,0,0,#N/A,#N/A,,,,
,Tropical | Wet | Southern Asia | Short Rotation Coppice,Tropical,Wet,Southern Asia,Short Rotation Coppice,0,0,#N/A,#N/A,,,,
,Tropical | Wet | Southern Asia | Tea,Tropical,Wet,Southern Asia,Tea,0.7,0.7,0.525,0.875,,,,
,Tropical | Wet | Southern Asia | Vine,Tropical,Wet,Southern Asia,Vine,0,0,#N/A,#N/A,,,,
,Tropical | Wet | Southern Asia | Oil Palm,Tropical,Wet,Southern Asia,Oil Palm,2.4,2.4,1.416,3.384,,,,
,Tropical | Wet | Southern Asia | Rubber,Tropical,Wet,Southern Asia,Rubber,3,3,2.61,3.39,,,,
,Tropical | Wet | Western Asia | Grains,Tropical,Wet,Western Asia,Grains,4.7,4.7,1.175,8.225,,,,
,Tropical | Wet | Western Asia | Maize,Tropical,Wet,Western Asia,Maize,4.7,4.7,1.175,8.225,,,,
,Tropical | Wet | Western Asia | Sugarcane,Tropical,Wet,Western Asia,Sugarcane,4.7,4.7,1.175,8.225,,,,
,Tropical | Wet | Western Asia | Wheat,Tropical,Wet,Western Asia,Wheat,4.7,4.7,1.175,8.225,,,,
,Tropical | Wet | Western Asia | Beans & Pulses,Tropical,Wet,Western Asia,Beans & Pulses,4.7,4.7,1.175,8.225,,,,
,Tropical | Wet | Western Asia | Tubers,Tropical,Wet,Western Asia,Tubers,4.7,4.7,1.175,8.225,,,,
,Tropical | Wet | Western Asia | Root Crops,Tropical,Wet,Western Asia,Root Crops,4.7,4.7,1.175,8.225,,,,
,Tropical | Wet | Western Asia | Barley,Tropical,Wet,Western Asia,Barley,4.7,4.7,1.175,8.225,,,,
,Tropical | Wet | Western Asia | Oats,Tropical,Wet,Western Asia,Oats,4.7,4.7,1.175,8.225,,,,
,Tropical | Wet | Western Asia | Millet,Tropical,Wet,Western Asia,Millet,4.7,4.7,1.175,8.225,,,,
,Tropical | Wet | Western Asia | Sorghum,Tropical,Wet,Western Asia,Sorghum,4.7,4.7,1.175,8.225,,,,
,Tropical | Wet | Western Asia | Rye,Tropical,Wet,Western Asia,Rye,4.7,4.7,1.175,8.225,,,,
,Tropical | Wet | Western Asia | Soybeans,Tropical,Wet,Western Asia,Soybeans,4.7,4.7,1.175,8.225,,,,
,Tropical | Wet | Western Asia | Dry Bean,Tropical,Wet,Western Asia,Dry Bean,4.7,4.7,1.175,8.225,,,,
,Tropical | Wet | Western Asia | Potatoes,Tropical,Wet,Western Asia,Potatoes,4.7,4.7,1.175,8.225,,,,
,Tropical | Wet | Western Asia | Peanuts,Tropical,Wet,Western Asia,Peanuts,4.7,4.7,1.175,8.225,,,,
,Tropical | Wet | Western Asia | Vegetables,Tropical,Wet,Western Asia,Vegetables,4.7,4.7,1.175,8.225,,,,
,Tropical | Wet | Western Asia | Oilseeds,Tropical,Wet,Western Asia,Oilseeds,4.7,4.7,1.175,8.225,,,,
,Tropical | Wet | Western Asia | Groundnuts,Tropical,Wet,Western Asia,Groundnuts,4.7,4.7,1.175,8.225,,,,
,Tropical | Wet | Western Asia | Annual Cropland,Tropical,Wet,Western Asia,Annual Cropland,4.7,4.7,1.175,8.225,,,,
,Tropical | Wet | Western Asia | Set Aside,Tropical,Wet,Western Asia,Set Aside,4.7,4.7,1.175,8.225,,,,
,Tropical | Wet | Western Asia | Flooded Rice,Tropical,Wet,Western Asia,Flooded Rice,4.7,4.7,1.175,8.225,,,,
,Tropical | Wet | Western Asia | Grassland,Tropical,Wet,Western Asia,Grassland,7.567,7.567,1.89175,13.24225,,,,
,Tropical | Wet | Western Asia | Other Land (Non-Vegetated),Tropical,Wet,Western Asia,Other Land (Non-Vegetated),0,0,#N/A,#N/A,,,,
,Tropical | Wet | Western Asia | Settlement,Tropical,Wet,Western Asia,Settlement,0,0,#N/A,#N/A,,,,
,Tropical | Wet | Western Asia | Agroforestry - Default,Tropical,Wet,Western Asia,Agroforestry - Default,2.36375,2.36375,0.9396875,3.7878125,,,,
,Tropical | Wet | Western Asia | Alley Cropping,Tropical,Wet,Western Asia,Alley Cropping,2.33,2.33,1.3712,3.2888,,,,
,Tropical | Wet | Western Asia | Perennial Fallow,Tropical,Wet,Western Asia,Perennial Fallow,2.48,2.48,0.98,3.98,,,,
,Tropical | Wet | Western Asia | Hedgerow,Tropical,Wet,Western Asia,Hedgerow,0.53,0.53,0.2075,0.8525,,,,
,Tropical | Wet | Western Asia | Multistrata,Tropical,Wet,Western Asia,Multistrata,5.99,5.99,3.575,8.405,,,,
,Tropical | Wet | Western Asia | Parkland,Tropical,Wet,Western Asia,Parkland,0.8,0.8,0.4578,1.1422,,,,
,Tropical | Wet | Western Asia | Shaded Perennial,Tropical,Wet,Western Asia,Shaded Perennial,2.21,2.21,0.8675,3.5525,,,,
,Tropical | Wet | Western Asia | Silvoarable,Tropical,Wet,Western Asia,Silvoarable,4.5,4.5,3.3087,5.6913,,,,
,Tropical | Wet | Western Asia | Silvopasture,Tropical,Wet,Western Asia,Silvopasture,0.07,0.07,0.025,0.115,,,,
,Tropical | Wet | Western Asia | Other Land,Tropical,Wet,Western Asia,Other Land,0,0,#N/A,#N/A,,,,
,Tropical | Wet | Western Asia | Olive,Tropical,Wet,Western Asia,Olive,0,0,#N/A,#N/A,,,,
,Tropical | Wet | Western Asia | Orchard,Tropical,Wet,Western Asia,Orchard,0,0,#N/A,#N/A,,,,
,Tropical | Wet | Western Asia | Short Rotation Coppice,Tropical,Wet,Western Asia,Short Rotation Coppice,0,0,#N/A,#N/A,,,,
,Tropical | Wet | Western Asia | Tea,Tropical,Wet,Western Asia,Tea,0.7,0.7,0.525,0.875,,,,
,Tropical | Wet | Western Asia | Vine,Tropical,Wet,Western Asia,Vine,0,0,#N/A,#N/A,,,,
,Tropical | Wet | Western Asia | Oil Palm,Tropical,Wet,Western Asia,Oil Palm,2.4,2.4,1.416,3.384,,,,
,Tropical | Wet | Western Asia | Rubber,Tropical,Wet,Western Asia,Rubber,3,3,2.61,3.39,,,,
,Tropical | Wet | Europe | Grains,Tropical,Wet,Europe,Grains,4.7,4.7,1.175,8.225,,,,
,Tropical | Wet | Europe | Maize,Tropical,Wet,Europe,Maize,4.7,4.7,1.175,8.225,,,,
,Tropical | Wet | Europe | Sugarcane,Tropical,Wet,Europe,Sugarcane,4.7,4.7,1.175,8.225,,,,
,Tropical | Wet | Europe | Wheat,Tropical,Wet,Europe,Wheat,4.7,4.7,1.175,8.225,,,,
,Tropical | Wet | Europe | Beans & Pulses,Tropical,Wet,Europe,Beans & Pulses,4.7,4.7,1.175,8.225,,,,
,Tropical | Wet | Europe | Tubers,Tropical,Wet,Europe,Tubers,4.7,4.7,1.175,8.225,,,,
,Tropical | Wet | Europe | Root Crops,Tropical,Wet,Europe,Root Crops,4.7,4.7,1.175,8.225,,,,
,Tropical | Wet | Europe | Barley,Tropical,Wet,Europe,Barley,4.7,4.7,1.175,8.225,,,,
,Tropical | Wet | Europe | Oats,Tropical,Wet,Europe,Oats,4.7,4.7,1.175,8.225,,,,
,Tropical | Wet | Europe | Millet,Tropical,Wet,Europe,Millet,4.7,4.7,1.175,8.225,,,,
,Tropical | Wet | Europe | Sorghum,Tropical,Wet,Europe,Sorghum,4.7,4.7,1.175,8.225,,,,
,Tropical | Wet | Europe | Rye,Tropical,Wet,Europe,Rye,4.7,4.7,1.175,8.225,,,,
,Tropical | Wet | Europe | Soybeans,Tropical,Wet,Europe,Soybeans,4.7,4.7,1.175,8.225,,,,
,Tropical | Wet | Europe | Dry Bean,Tropical,Wet,Europe,Dry Bean,4.7,4.7,1.175,8.225,,,,
,Tropical | Wet | Europe | Potatoes,Tropical,Wet,Europe,Potatoes,4.7,4.7,1.175,8.225,,,,
,Tropical | Wet | Europe | Peanuts,Tropical,Wet,Europe,Peanuts,4.7,4.7,1.175,8.225,,,,
,Tropical | Wet | Europe | Vegetables,Tropical,Wet,Europe,Vegetables,4.7,4.7,1.175,8.225,,,,
,Tropical | Wet | Europe | Oilseeds,Tropical,Wet,Europe,Oilseeds,4.7,4.7,1.175,8.225,,,,
,Tropical | Wet | Europe | Groundnuts,Tropical,Wet,Europe,Groundnuts,4.7,4.7,1.175,8.225,,,,
,Tropical | Wet | Europe | Annual Cropland,Tropical,Wet,Europe,Annual Cropland,4.7,4.7,1.175,8.225,,,,
,Tropical | Wet | Europe | Set Aside,Tropical,Wet,Europe,Set Aside,4.7,4.7,1.175,8.225,,,,
,Tropical | Wet | Europe | Flooded Rice,Tropical,Wet,Europe,Flooded Rice,4.7,4.7,1.175,8.225,,,,
,Tropical | Wet | Europe | Grassland,Tropical,Wet,Europe,Grassland,7.567,7.567,1.89175,13.24225,,,,
,Tropical | Wet | Europe | Other Land (Non-Vegetated),Tropical,Wet,Europe,Other Land (Non-Vegetated),0,0,#N/A,#N/A,,,,
,Tropical | Wet | Europe | Settlement,Tropical,Wet,Europe,Settlement,0,0,#N/A,#N/A,,,,
,Tropical | Wet | Europe | Agroforestry - Default,Tropical,Wet,Europe,Agroforestry - Default,2.6225,2.6225,1.0503125,4.1946875,,,,
,Tropical | Wet | Europe | Alley Cropping,Tropical,Wet,Europe,Alley Cropping,2.33,2.33,1.3712,3.2888,,,,
,Tropical | Wet | Europe | Perennial Fallow,Tropical,Wet,Europe,Perennial Fallow,5.69,5.69,3.6245,7.7555,,,,
,Tropical | Wet | Europe | Hedgerow,Tropical,Wet,Europe,Hedgerow,0.53,0.53,0.2075,0.8525,,,,
,Tropical | Wet | Europe | Multistrata,Tropical,Wet,Europe,Multistrata,4.16,4.16,3.1525,5.1675,,,,
,Tropical | Wet | Europe | Parkland,Tropical,Wet,Europe,Parkland,0.8,0.8,0.4578,1.1422,,,,
,Tropical | Wet | Europe | Shaded Perennial,Tropical,Wet,Europe,Shaded Perennial,2.9,2.9,2.2156,3.5844,,,,
,Tropical | Wet | Europe | Silvoarable,Tropical,Wet,Europe,Silvoarable,4.5,4.5,3.3087,5.6913,,,,
,Tropical | Wet | Europe | Silvopasture,Tropical,Wet,Europe,Silvopasture,0.07,0.07,0.025,0.115,,,,
,Tropical | Wet | Europe | Other Land,Tropical,Wet,Europe,Other Land,0,0,#N/A,#N/A,,,,
,Tropical | Wet | Europe | Olive,Tropical,Wet,Europe,Olive,0,0,#N/A,#N/A,,,,
,Tropical | Wet | Europe | Orchard,Tropical,Wet,Europe,Orchard,0,0,#N/A,#N/A,,,,
,Tropical | Wet | Europe | Short Rotation Coppice,Tropical,Wet,Europe,Short Rotation Coppice,0,0,#N/A,#N/A,,,,
,Tropical | Wet | Europe | Tea,Tropical,Wet,Europe,Tea,0.7,0.7,0.525,0.875,,,,
,Tropical | Wet | Europe | Vine,Tropical,Wet,Europe,Vine,0,0,#N/A,#N/A,,,,
,Tropical | Wet | Europe | Oil Palm,Tropical,Wet,Europe,Oil Palm,2.4,2.4,1.416,3.384,,,,
,Tropical | Wet | Europe | Rubber,Tropical,Wet,Europe,Rubber,3,3,2.61,3.39,,,,
,Tropical | Wet | Oceania | Grains,Tropical,Wet,Oceania,Grains,4.7,4.7,1.175,8.225,,,,
,Tropical | Wet | Oceania | Maize,Tropical,Wet,Oceania,Maize,4.7,4.7,1.175,8.225,,,,
,Tropical | Wet | Oceania | Sugarcane,Tropical,Wet,Oceania,Sugarcane,4.7,4.7,1.175,8.225,,,,
,Tropical | Wet | Oceania | Wheat,Tropical,Wet,Oceania,Wheat,4.7,4.7,1.175,8.225,,,,
,Tropical | Wet | Oceania | Beans & Pulses,Tropical,Wet,Oceania,Beans & Pulses,4.7,4.7,1.175,8.225,,,,
,Tropical | Wet | Oceania | Tubers,Tropical,Wet,Oceania,Tubers,4.7,4.7,1.175,8.225,,,,
,Tropical | Wet | Oceania | Root Crops,Tropical,Wet,Oceania,Root Crops,4.7,4.7,1.175,8.225,,,,
,Tropical | Wet | Oceania | Barley,Tropical,Wet,Oceania,Barley,4.7,4.7,1.175,8.225,,,,
,Tropical | Wet | Oceania | Oats,Tropical,Wet,Oceania,Oats,4.7,4.7,1.175,8.225,,,,
,Tropical | Wet | Oceania | Millet,Tropical,Wet,Oceania,Millet,4.7,4.7,1.175,8.225,,,,
,Tropical | Wet | Oceania | Sorghum,Tropical,Wet,Oceania,Sorghum,4.7,4.7,1.175,8.225,,,,
,Tropical | Wet | Oceania | Rye,Tropical,Wet,Oceania,Rye,4.7,4.7,1.175,8.225,,,,
,Tropical | Wet | Oceania | Soybeans,Tropical,Wet,Oceania,Soybeans,4.7,4.7,1.175,8.225,,,,
,Tropical | Wet | Oceania | Dry Bean,Tropical,Wet,Oceania,Dry Bean,4.7,4.7,1.175,8.225,,,,
,Tropical | Wet | Oceania | Potatoes,Tropical,Wet,Oceania,Potatoes,4.7,4.7,1.175,8.225,,,,
,Tropical | Wet | Oceania | Peanuts,Tropical,Wet,Oceania,Peanuts,4.7,4.7,1.175,8.225,,,,
,Tropical | Wet | Oceania | Vegetables,Tropical,Wet,Oceania,Vegetables,4.7,4.7,1.175,8.225,,,,
,Tropical | Wet | Oceania | Oilseeds,Tropical,Wet,Oceania,Oilseeds,4.7,4.7,1.175,8.225,,,,
,Tropical | Wet | Oceania | Groundnuts,Tropical,Wet,Oceania,Groundnuts,4.7,4.7,1.175,8.225,,,,
,Tropical | Wet | Oceania | Annual Cropland,Tropical,Wet,Oceania,Annual Cropland,4.7,4.7,1.175,8.225,,,,
,Tropical | Wet | Oceania | Set Aside,Tropical,Wet,Oceania,Set Aside,4.7,4.7,1.175,8.225,,,,
,Tropical | Wet | Oceania | Flooded Rice,Tropical,Wet,Oceania,Flooded Rice,4.7,4.7,1.175,8.225,,,,
,Tropical | Wet | Oceania | Grassland,Tropical,Wet,Oceania,Grassland,7.567,7.567,1.89175,13.24225,,,,
,Tropical | Wet | Oceania | Other Land (Non-Vegetated),Tropical,Wet,Oceania,Other Land (Non-Vegetated),0,0,#N/A,#N/A,,,,
,Tropical | Wet | Oceania | Settlement,Tropical,Wet,Oceania,Settlement,0,0,#N/A,#N/A,,,,
,Tropical | Wet | Oceania | Agroforestry - Default,Tropical,Wet,Oceania,Agroforestry - Default,2.6225,2.6225,1.0503125,4.1946875,,,,
,Tropical | Wet | Oceania | Alley Cropping,Tropical,Wet,Oceania,Alley Cropping,2.33,2.33,1.3712,3.2888,,,,
,Tropical | Wet | Oceania | Perennial Fallow,Tropical,Wet,Oceania,Perennial Fallow,5.69,5.69,3.6245,7.7555,,,,
,Tropical | Wet | Oceania | Hedgerow,Tropical,Wet,Oceania,Hedgerow,0.53,0.53,0.2075,0.8525,,,,
,Tropical | Wet | Oceania | Multistrata,Tropical,Wet,Oceania,Multistrata,4.16,4.16,3.1525,5.1675,,,,
,Tropical | Wet | Oceania | Parkland,Tropical,Wet,Oceania,Parkland,0.8,0.8,0.4578,1.1422,,,,
,Tropical | Wet | Oceania | Shaded Perennial,Tropical,Wet,Oceania,Shaded Perennial,2.9,2.9,2.2156,3.5844,,,,
,Tropical | Wet | Oceania | Silvoarable,Tropical,Wet,Oceania,Silvoarable,4.5,4.5,3.3087,5.6913,,,,
,Tropical | Wet | Oceania | Silvopasture,Tropical,Wet,Oceania,Silvopasture,0.07,0.07,0.025,0.115,,,,
,Tropical | Wet | Oceania | Other Land,Tropical,Wet,Oceania,Other Land,0,0,#N/A,#N/A,,,,
,Tropical | Wet | Oceania | Olive,Tropical,Wet,Oceania,Olive,0,0,#N/A,#N/A,,,,
,Tropical | Wet | Oceania | Orchard,Tropical,Wet,Oceania,Orchard,0,0,#N/A,#N/A,,,,
,Tropical | Wet | Oceania | Short Rotation Coppice,Tropical,Wet,Oceania,Short Rotation Coppice,0,0,#N/A,#N/A,,,,
,Tropical | Wet | Oceania | Tea,Tropical,Wet,Oceania,Tea,0.7,0.7,0.525,0.875,,,,
,Tropical | Wet | Oceania | Vine,Tropical,Wet,Oceania,Vine,0,0,#N/A,#N/A,,,,
,Tropical | Wet | Oceania | Oil Palm,Tropical,Wet,Oceania,Oil Palm,2.4,2.4,1.416,3.384,,,,
,Tropical | Wet | Oceania | Rubber,Tropical,Wet,Oceania,Rubber,3,3,2.61,3.39,,,,
,Tropical | Wet | North America | Grains,Tropical,Wet,North America,Grains,4.7,4.7,1.175,8.225,,,,
,Tropical | Wet | North America | Maize,Tropical,Wet,North America,Maize,4.7,4.7,1.175,8.225,,,,
,Tropical | Wet | North America | Sugarcane,Tropical,Wet,North America,Sugarcane,4.7,4.7,1.175,8.225,,,,
,Tropical | Wet | North America | Wheat,Tropical,Wet,North America,Wheat,4.7,4.7,1.175,8.225,,,,
,Tropical | Wet | North America | Beans & Pulses,Tropical,Wet,North America,Beans & Pulses,4.7,4.7,1.175,8.225,,,,
,Tropical | Wet | North America | Tubers,Tropical,Wet,North America,Tubers,4.7,4.7,1.175,8.225,,,,
,Tropical | Wet | North America | Root Crops,Tropical,Wet,North America,Root Crops,4.7,4.7,1.175,8.225,,,,
,Tropical | Wet | North America | Barley,Tropical,Wet,North America,Barley,4.7,4.7,1.175,8.225,,,,
,Tropical | Wet | North America | Oats,Tropical,Wet,North America,Oats,4.7,4.7,1.175,8.225,,,,
,Tropical | Wet | North America | Millet,Tropical,Wet,North America,Millet,4.7,4.7,1.175,8.225,,,,
,Tropical | Wet | North America | Sorghum,Tropical,Wet,North America,Sorghum,4.7,4.7,1.175,8.225,,,,
,Tropical | Wet | North America | Rye,Tropical,Wet,North America,Rye,4.7,4.7,1.175,8.225,,,,
,Tropical | Wet | North America | Soybeans,Tropical,Wet,North America,Soybeans,4.7,4.7,1.175,8.225,,,,
,Tropical | Wet | North America | Dry Bean,Tropical,Wet,North America,Dry Bean,4.7,4.7,1.175,8.225,,,,
,Tropical | Wet | North America | Potatoes,Tropical,Wet,North America,Potatoes,4.7,4.7,1.175,8.225,,,,
,Tropical | Wet | North America | Peanuts,Tropical,Wet,North America,Peanuts,4.7,4.7,1.175,8.225,,,,
,Tropical | Wet | North America | Vegetables,Tropical,Wet,North America,Vegetables,4.7,4.7,1.175,8.225,,,,
,Tropical | Wet | North America | Oilseeds,Tropical,Wet,North America,Oilseeds,4.7,4.7,1.175,8.225,,,,
,Tropical | Wet | North America | Groundnuts,Tropical,Wet,North America,Groundnuts,4.7,4.7,1.175,8.225,,,,
,Tropical | Wet | North America | Annual Cropland,Tropical,Wet,North America,Annual Cropland,4.7,4.7,1.175,8.225,,,,
,Tropical | Wet | North America | Set Aside,Tropical,Wet,North America,Set Aside,4.7,4.7,1.175,8.225,,,,
,Tropical | Wet | North America | Flooded Rice,Tropical,Wet,North America,Flooded Rice,4.7,4.7,1.175,8.225,,,,
,Tropical | Wet | North America | Grassland,Tropical,Wet,North America,Grassland,7.567,7.567,1.89175,13.24225,,,,
,Tropical | Wet | North America | Other Land (Non-Vegetated),Tropical,Wet,North America,Other Land (Non-Vegetated),0,0,#N/A,#N/A,,,,
,Tropical | Wet | North America | Settlement,Tropical,Wet,North America,Settlement,0,0,#N/A,#N/A,,,,
,Tropical | Wet | North America | Agroforestry - Default,Tropical,Wet,North America,Agroforestry - Default,2.6225,2.6225,1.0503125,4.1946875,,,,
,Tropical | Wet | North America | Alley Cropping,Tropical,Wet,North America,Alley Cropping,2.33,2.33,1.3712,3.2888,,,,
,Tropical | Wet | North America | Perennial Fallow,Tropical,Wet,North America,Perennial Fallow,5.69,5.69,3.6245,7.7555,,,,
,Tropical | Wet | North America | Hedgerow,Tropical,Wet,North America,Hedgerow,0.53,0.53,0.2075,0.8525,,,,
,Tropical | Wet | North America | Multistrata,Tropical,Wet,North America,Multistrata,4.16,4.16,1.7225,6.5975,,,,
,Tropical | Wet | North America | Parkland,Tropical,Wet,North America,Parkland,0.8,0.8,0.4578,1.1422,,,,
,Tropical | Wet | North America | Shaded Perennial,Tropical,Wet,North America,Shaded Perennial,2.9,2.9,2.2156,3.5844,,,,
,Tropical | Wet | North America | Silvoarable,Tropical,Wet,North America,Silvoarable,4.5,4.5,3.3087,5.6913,,,,
,Tropical | Wet | North America | Silvopasture,Tropical,Wet,North America,Silvopasture,0.07,0.07,0.025,0.115,,,,
,Tropical | Wet | North America | Other Land,Tropical,Wet,North America,Other Land,0,0,#N/A,#N/A,,,,
,Tropical | Wet | North America | Olive,Tropical,Wet,North America,Olive,0,0,#N/A,#N/A,,,,
,Tropical | Wet | North America | Orchard,Tropical,Wet,North America,Orchard,0,0,#N/A,#N/A,,,,
,Tropical | Wet | North America | Short Rotation Coppice,Tropical,Wet,North America,Short Rotation Coppice,0,0,#N/A,#N/A,,,,
,Tropical | Wet | North America | Tea,Tropical,Wet,North America,Tea,0.7,0.7,0.525,0.875,,,,
,Tropical | Wet | North America | Vine,Tropical,Wet,North America,Vine,0,0,#N/A,#N/A,,,,
,Tropical | Wet | North America | Oil Palm,Tropical,Wet,North America,Oil Palm,2.4,2.4,1.416,3.384,,,,
,Tropical | Wet | North America | Rubber,Tropical,Wet,North America,Rubber,3,3,2.61,3.39,,,,
,Tropical | Wet | South America | Grains,Tropical,Wet,South America,Grains,4.7,4.7,1.175,8.225,,,,
,Tropical | Wet | South America | Maize,Tropical,Wet,South America,Maize,4.7,4.7,1.175,8.225,,,,
,Tropical | Wet | South America | Sugarcane,Tropical,Wet,South America,Sugarcane,4.7,4.7,1.175,8.225,,,,
,Tropical | Wet | South America | Wheat,Tropical,Wet,South America,Wheat,4.7,4.7,1.175,8.225,,,,
,Tropical | Wet | South America | Beans & Pulses,Tropical,Wet,South America,Beans & Pulses,4.7,4.7,1.175,8.225,,,,
,Tropical | Wet | South America | Tubers,Tropical,Wet,South America,Tubers,4.7,4.7,1.175,8.225,,,,
,Tropical | Wet | South America | Root Crops,Tropical,Wet,South America,Root Crops,4.7,4.7,1.175,8.225,,,,
,Tropical | Wet | South America | Barley,Tropical,Wet,South America,Barley,4.7,4.7,1.175,8.225,,,,
,Tropical | Wet | South America | Oats,Tropical,Wet,South America,Oats,4.7,4.7,1.175,8.225,,,,
,Tropical | Wet | South America | Millet,Tropical,Wet,South America,Millet,4.7,4.7,1.175,8.225,,,,
,Tropical | Wet | South America | Sorghum,Tropical,Wet,South America,Sorghum,4.7,4.7,1.175,8.225,,,,
,Tropical | Wet | South America | Rye,Tropical,Wet,South America,Rye,4.7,4.7,1.175,8.225,,,,
,Tropical | Wet | South America | Soybeans,Tropical,Wet,South America,Soybeans,4.7,4.7,1.175,8.225,,,,
,Tropical | Wet | South America | Dry Bean,Tropical,Wet,South America,Dry Bean,4.7,4.7,1.175,8.225,,,,
,Tropical | Wet | South America | Potatoes,Tropical,Wet,South America,Potatoes,4.7,4.7,1.175,8.225,,,,
,Tropical | Wet | South America | Peanuts,Tropical,Wet,South America,Peanuts,4.7,4.7,1.175,8.225,,,,
,Tropical | Wet | South America | Vegetables,Tropical,Wet,South America,Vegetables,4.7,4.7,1.175,8.225,,,,
,Tropical | Wet | South America | Oilseeds,Tropical,Wet,South America,Oilseeds,4.7,4.7,1.175,8.225,,,,
,Tropical | Wet | South America | Groundnuts,Tropical,Wet,South America,Groundnuts,4.7,4.7,1.175,8.225,,,,
,Tropical | Wet | South America | Annual Cropland,Tropical,Wet,South America,Annual Cropland,4.7,4.7,1.175,8.225,,,,
,Tropical | Wet | South America | Set Aside,Tropical,Wet,South America,Set Aside,4.7,4.7,1.175,8.225,,,,
,Tropical | Wet | South America | Flooded Rice,Tropical,Wet,South America,Flooded Rice,4.7,4.7,1.175,8.225,,,,
,Tropical | Wet | South America | Grassland,Tropical,Wet,South America,Grassland,7.567,7.567,1.89175,13.24225,,,,
,Tropical | Wet | South America | Other Land (Non-Vegetated),Tropical,Wet,South America,Other Land (Non-Vegetated),0,0,#N/A,#N/A,,,,
,Tropical | Wet | South America | Settlement,Tropical,Wet,South America,Settlement,0,0,#N/A,#N/A,,,,
,Tropical | Wet | South America | Agroforestry - Default,Tropical,Wet,South America,Agroforestry - Default,2.6375,2.6375,1.0540625,4.2209375,,,,
,Tropical | Wet | South America | Alley Cropping,Tropical,Wet,South America,Alley Cropping,2.33,2.33,1.3712,3.2888,,,,
,Tropical | Wet | South America | Perennial Fallow,Tropical,Wet,South America,Perennial Fallow,5.9,5.9,2.33,9.47,,,,
,Tropical | Wet | South America | Hedgerow,Tropical,Wet,South America,Hedgerow,0.53,0.53,0.2075,0.8525,,,,
,Tropical | Wet | South America | Multistrata,Tropical,Wet,South America,Multistrata,3.3,3.3,2.208,4.392,,,,
,Tropical | Wet | South America | Parkland,Tropical,Wet,South America,Parkland,0.8,0.8,0.4578,1.1422,,,,
,Tropical | Wet | South America | Shaded Perennial,Tropical,Wet,South America,Shaded Perennial,3.67,3.67,1.45,5.89,,,,
,Tropical | Wet | South America | Silvoarable,Tropical,Wet,South America,Silvoarable,4.5,4.5,3.3087,5.6913,,,,
,Tropical | Wet | South America | Silvopasture,Tropical,Wet,South America,Silvopasture,0.07,0.07,0.025,0.115,,,,
,Tropical | Wet | South America | Other Land,Tropical,Wet,South America,Other Land,0,0,#N/A,#N/A,,,,
,Tropical | Wet | South America | Olive,Tropical,Wet,South America,Olive,0,0,#N/A,#N/A,,,,
,Tropical | Wet | South America | Orchard,Tropical,Wet,South America,Orchard,0,0,#N/A,#N/A,,,,
,Tropical | Wet | South America | Short Rotation Coppice,Tropical,Wet,South America,Short Rotation Coppice,0,0,#N/A,#N/A,,,,
,Tropical | Wet | South America | Tea,Tropical,Wet,South America,Tea,0.7,0.7,0.525,0.875,,,,
,Tropical | Wet | South America | Vine,Tropical,Wet,South America,Vine,0,0,#N/A,#N/A,,,,
,Tropical | Wet | South America | Oil Palm,Tropical,Wet,South America,Oil Palm,2.4,2.4,1.416,3.384,,,,
,Tropical | Wet | South America | Rubber,Tropical,Wet,South America,Rubber,3,3,2.61,3.39,,,,
,Tropical | Wet | Central America | Grains,Tropical,Wet,Central America,Grains,4.7,4.7,1.175,8.225,,,,
,Tropical | Wet | Central America | Maize,Tropical,Wet,Central America,Maize,4.7,4.7,1.175,8.225,,,,
,Tropical | Wet | Central America | Sugarcane,Tropical,Wet,Central America,Sugarcane,4.7,4.7,1.175,8.225,,,,
,Tropical | Wet | Central America | Wheat,Tropical,Wet,Central America,Wheat,4.7,4.7,1.175,8.225,,,,
,Tropical | Wet | Central America | Beans & Pulses,Tropical,Wet,Central America,Beans & Pulses,4.7,4.7,1.175,8.225,,,,
,Tropical | Wet | Central America | Tubers,Tropical,Wet,Central America,Tubers,4.7,4.7,1.175,8.225,,,,
,Tropical | Wet | Central America | Root Crops,Tropical,Wet,Central America,Root Crops,4.7,4.7,1.175,8.225,,,,
,Tropical | Wet | Central America | Barley,Tropical,Wet,Central America,Barley,4.7,4.7,1.175,8.225,,,,
,Tropical | Wet | Central America | Oats,Tropical,Wet,Central America,Oats,4.7,4.7,1.175,8.225,,,,
,Tropical | Wet | Central America | Millet,Tropical,Wet,Central America,Millet,4.7,4.7,1.175,8.225,,,,
,Tropical | Wet | Central America | Sorghum,Tropical,Wet,Central America,Sorghum,4.7,4.7,1.175,8.225,,,,
,Tropical | Wet | Central America | Rye,Tropical,Wet,Central America,Rye,4.7,4.7,1.175,8.225,,,,
,Tropical | Wet | Central America | Soybeans,Tropical,Wet,Central America,Soybeans,4.7,4.7,1.175,8.225,,,,
,Tropical | Wet | Central America | Dry Bean,Tropical,Wet,Central America,Dry Bean,4.7,4.7,1.175,8.225,,,,
,Tropical | Wet | Central America | Potatoes,Tropical,Wet,Central America,Potatoes,4.7,4.7,1.175,8.225,,,,
,Tropical | Wet | Central America | Peanuts,Tropical,Wet,Central America,Peanuts,4.7,4.7,1.175,8.225,,,,
,Tropical | Wet | Central America | Vegetables,Tropical,Wet,Central America,Vegetables,4.7,4.7,1.175,8.225,,,,
,Tropical | Wet | Central America | Oilseeds,Tropical,Wet,Central America,Oilseeds,4.7,4.7,1.175,8.225,,,,
,Tropical | Wet | Central America | Groundnuts,Tropical,Wet,Central America,Groundnuts,4.7,4.7,1.175,8.225,,,,
,Tropical | Wet | Central America | Annual Cropland,Tropical,Wet,Central America,Annual Cropland,4.7,4.7,1.175,8.225,,,,
,Tropical | Wet | Central America | Set Aside,Tropical,Wet,Central America,Set Aside,4.7,4.7,1.175,8.225,,,,
,Tropical | Wet | Central America | Flooded Rice,Tropical,Wet,Central America,Flooded Rice,4.7,4.7,1.175,8.225,,,,
,Tropical | Wet | Central America | Grassland,Tropical,Wet,Central America,Grassland,7.567,7.567,1.89175,13.24225,,,,
,Tropical | Wet | Central America | Other Land (Non-Vegetated),Tropical,Wet,Central America,Other Land (Non-Vegetated),0,0,#N/A,#N/A,,,,
,Tropical | Wet | Central America | Settlement,Tropical,Wet,Central America,Settlement,0,0,#N/A,#N/A,,,,
,Tropical | Wet | Central America | Agroforestry - Default,Tropical,Wet,Central America,Agroforestry - Default,2.5925,2.5925,1.0278125,4.1571875,,,,
,Tropical | Wet | Central America | Alley Cropping,Tropical,Wet,Central America,Alley Cropping,2.33,2.33,1.3712,3.2888,,,,
,Tropical | Wet | Central America | Perennial Fallow,Tropical,Wet,Central America,Perennial Fallow,5.69,5.69,3.6245,7.7555,,,,
,Tropical | Wet | Central America | Hedgerow,Tropical,Wet,Central America,Hedgerow,0.53,0.53,0.2075,0.8525,,,,
,Tropical | Wet | Central America | Multistrata,Tropical,Wet,Central America,Multistrata,4.03,4.03,1.5925,6.4675,,,,
,Tropical | Wet | Central America | Parkland,Tropical,Wet,Central America,Parkland,0.8,0.8,0.4578,1.1422,,,,
,Tropical | Wet | Central America | Shaded Perennial,Tropical,Wet,Central America,Shaded Perennial,2.79,2.79,1.8324,3.7476,,,,
,Tropical | Wet | Central America | Silvoarable,Tropical,Wet,Central America,Silvoarable,4.5,4.5,3.3087,5.6913,,,,
,Tropical | Wet | Central America | Silvopasture,Tropical,Wet,Central America,Silvopasture,0.07,0.07,0.025,0.115,,,,
,Tropical | Wet | Central America | Other Land,Tropical,Wet,Central America,Other Land,0,0,#N/A,#N/A,,,,
,Tropical | Wet | Central America | Olive,Tropical,Wet,Central America,Olive,0,0,#N/A,#N/A,,,,
,Tropical | Wet | Central America | Orchard,Tropical,Wet,Central America,Orchard,0,0,#N/A,#N/A,,,,
,Tropical | Wet | Central America | Short Rotation Coppice,Tropical,Wet,Central America,Short Rotation Coppice,0,0,#N/A,#N/A,,,,
,Tropical | Wet | Central America | Tea,Tropical,Wet,Central America,Tea,0.7,0.7,0.525,0.875,,,,
,Tropical | Wet | Central America | Vine,Tropical,Wet,Central America,Vine,0,0,#N/A,#N/A,,,,
,Tropical | Wet | Central America | Oil Palm,Tropical,Wet,Central America,Oil Palm,2.4,2.4,1.416,3.384,,,,
,Tropical | Wet | Central America | Rubber,Tropical,Wet,Central America,Rubber,3,3,2.61,3.39,,,,
,Tropical | Wet | Caribbean | Grains,Tropical,Wet,Caribbean,Grains,4.7,4.7,1.175,8.225,,,,
,Tropical | Wet | Caribbean | Maize,Tropical,Wet,Caribbean,Maize,4.7,4.7,1.175,8.225,,,,
,Tropical | Wet | Caribbean | Sugarcane,Tropical,Wet,Caribbean,Sugarcane,4.7,4.7,1.175,8.225,,,,
,Tropical | Wet | Caribbean | Wheat,Tropical,Wet,Caribbean,Wheat,4.7,4.7,1.175,8.225,,,,
,Tropical | Wet | Caribbean | Beans & Pulses,Tropical,Wet,Caribbean,Beans & Pulses,4.7,4.7,1.175,8.225,,,,
,Tropical | Wet | Caribbean | Tubers,Tropical,Wet,Caribbean,Tubers,4.7,4.7,1.175,8.225,,,,
,Tropical | Wet | Caribbean | Root Crops,Tropical,Wet,Caribbean,Root Crops,4.7,4.7,1.175,8.225,,,,
,Tropical | Wet | Caribbean | Barley,Tropical,Wet,Caribbean,Barley,4.7,4.7,1.175,8.225,,,,
,Tropical | Wet | Caribbean | Oats,Tropical,Wet,Caribbean,Oats,4.7,4.7,1.175,8.225,,,,
,Tropical | Wet | Caribbean | Millet,Tropical,Wet,Caribbean,Millet,4.7,4.7,1.175,8.225,,,,
,Tropical | Wet | Caribbean | Sorghum,Tropical,Wet,Caribbean,Sorghum,4.7,4.7,1.175,8.225,,,,
,Tropical | Wet | Caribbean | Rye,Tropical,Wet,Caribbean,Rye,4.7,4.7,1.175,8.225,,,,
,Tropical | Wet | Caribbean | Soybeans,Tropical,Wet,Caribbean,Soybeans,4.7,4.7,1.175,8.225,,,,
,Tropical | Wet | Caribbean | Dry Bean,Tropical,Wet,Caribbean,Dry Bean,4.7,4.7,1.175,8.225,,,,
,Tropical | Wet | Caribbean | Potatoes,Tropical,Wet,Caribbean,Potatoes,4.7,4.7,1.175,8.225,,,,
,Tropical | Wet | Caribbean | Peanuts,Tropical,Wet,Caribbean,Peanuts,4.7,4.7,1.175,8.225,,,,
,Tropical | Wet | Caribbean | Vegetables,Tropical,Wet,Caribbean,Vegetables,4.7,4.7,1.175,8.225,,,,
,Tropical | Wet | Caribbean | Oilseeds,Tropical,Wet,Caribbean,Oilseeds,4.7,4.7,1.175,8.225,,,,
,Tropical | Wet | Caribbean | Groundnuts,Tropical,Wet,Caribbean,Groundnuts,4.7,4.7,1.175,8.225,,,,
,Tropical | Wet | Caribbean | Annual Cropland,Tropical,Wet,Caribbean,Annual Cropland,4.7,4.7,1.175,8.225,,,,
,Tropical | Wet | Caribbean | Set Aside,Tropical,Wet,Caribbean,Set Aside,4.7,4.7,1.175,8.225,,,,
,Tropical | Wet | Caribbean | Flooded Rice,Tropical,Wet,Caribbean,Flooded Rice,4.7,4.7,1.175,8.225,,,,
,Tropical | Wet | Caribbean | Grassland,Tropical,Wet,Caribbean,Grassland,7.567,7.567,1.89175,13.24225,,,,
,Tropical | Wet | Caribbean | Other Land (Non-Vegetated),Tropical,Wet,Caribbean,Other Land (Non-Vegetated),0,0,#N/A,#N/A,,,,
,Tropical | Wet | Caribbean | Settlement,Tropical,Wet,Caribbean,Settlement,0,0,#N/A,#N/A,,,,
,Tropical | Wet | Caribbean | Agroforestry - Default,Tropical,Wet,Caribbean,Agroforestry - Default,2.6225,2.6225,1.0503125,4.1946875,,,,
,Tropical | Wet | Caribbean | Alley Cropping,Tropical,Wet,Caribbean,Alley Cropping,2.33,2.33,1.3712,3.2888,,,,
,Tropical | Wet | Caribbean | Perennial Fallow,Tropical,Wet,Caribbean,Perennial Fallow,5.69,5.69,3.6245,7.7555,,,,
,Tropical | Wet | Caribbean | Hedgerow,Tropical,Wet,Caribbean,Hedgerow,0.53,0.53,0.2075,0.8525,,,,
,Tropical | Wet | Caribbean | Multistrata,Tropical,Wet,Caribbean,Multistrata,4.16,4.16,3.1525,5.1675,,,,
,Tropical | Wet | Caribbean | Parkland,Tropical,Wet,Caribbean,Parkland,0.8,0.8,0.4578,1.1422,,,,
,Tropical | Wet | Caribbean | Shaded Perennial,Tropical,Wet,Caribbean,Shaded Perennial,2.9,2.9,2.2156,3.5844,,,,
,Tropical | Wet | Caribbean | Silvoarable,Tropical,Wet,Caribbean,Silvoarable,4.5,4.5,3.3087,5.6913,,,,
,Tropical | Wet | Caribbean | Silvopasture,Tropical,Wet,Caribbean,Silvopasture,0.07,0.07,0.025,0.115,,,,
,Tropical | Wet | Caribbean | Other Land,Tropical,Wet,Caribbean,Other Land,0,0,#N/A,#N/A,,,,
,Tropical | Wet | Caribbean | Olive,Tropical,Wet,Caribbean,Olive,0,0,#N/A,#N/A,,,,
,Tropical | Wet | Caribbean | Orchard,Tropical,Wet,Caribbean,Orchard,0,0,#N/A,#N/A,,,,
,Tropical | Wet | Caribbean | Short Rotation Coppice,Tropical,Wet,Caribbean,Short Rotation Coppice,0,0,#N/A,#N/A,,,,
,Tropical | Wet | Caribbean | Tea,Tropical,Wet,Caribbean,Tea,0.7,0.7,0.525,0.875,,,,
,Tropical | Wet | Caribbean | Vine,Tropical,Wet,Caribbean,Vine,0,0,#N/A,#N/A,,,,
,Tropical | Wet | Caribbean | Oil Palm,Tropical,Wet,Caribbean,Oil Palm,2.4,2.4,1.416,3.384,,,,
,Tropical | Wet | Caribbean | Rubber,Tropical,Wet,Caribbean,Rubber,3,3,2.61,3.39,,,,
,Boreal | Dry | Eastern Africa | Grains,Boreal,Dry,Eastern Africa,Grains,4.7,4.7,1.175,8.225,,,,
,Boreal | Dry | Eastern Africa | Maize,Boreal,Dry,Eastern Africa,Maize,4.7,4.7,1.175,8.225,,,,
,Boreal | Dry | Eastern Africa | Sugarcane,Boreal,Dry,Eastern Africa,Sugarcane,4.7,4.7,1.175,8.225,,,,
,Boreal | Dry | Eastern Africa | Wheat,Boreal,Dry,Eastern Africa,Wheat,4.7,4.7,1.175,8.225,,,,
,Boreal | Dry | Eastern Africa | Beans & Pulses,Boreal,Dry,Eastern Africa,Beans & Pulses,4.7,4.7,1.175,8.225,,,,
,Boreal | Dry | Eastern Africa | Tubers,Boreal,Dry,Eastern Africa,Tubers,4.7,4.7,1.175,8.225,,,,
,Boreal | Dry | Eastern Africa | Root Crops,Boreal,Dry,Eastern Africa,Root Crops,4.7,4.7,1.175,8.225,,,,
,Boreal | Dry | Eastern Africa | Barley,Boreal,Dry,Eastern Africa,Barley,4.7,4.7,1.175,8.225,,,,
,Boreal | Dry | Eastern Africa | Oats,Boreal,Dry,Eastern Africa,Oats,4.7,4.7,1.175,8.225,,,,
,Boreal | Dry | Eastern Africa | Millet,Boreal,Dry,Eastern Africa,Millet,4.7,4.7,1.175,8.225,,,,
,Boreal | Dry | Eastern Africa | Sorghum,Boreal,Dry,Eastern Africa,Sorghum,4.7,4.7,1.175,8.225,,,,
,Boreal | Dry | Eastern Africa | Rye,Boreal,Dry,Eastern Africa,Rye,4.7,4.7,1.175,8.225,,,,
,Boreal | Dry | Eastern Africa | Soybeans,Boreal,Dry,Eastern Africa,Soybeans,4.7,4.7,1.175,8.225,,,,
,Boreal | Dry | Eastern Africa | Dry Bean,Boreal,Dry,Eastern Africa,Dry Bean,4.7,4.7,1.175,8.225,,,,
,Boreal | Dry | Eastern Africa | Potatoes,Boreal,Dry,Eastern Africa,Potatoes,4.7,4.7,1.175,8.225,,,,
,Boreal | Dry | Eastern Africa | Peanuts,Boreal,Dry,Eastern Africa,Peanuts,4.7,4.7,1.175,8.225,,,,
,Boreal | Dry | Eastern Africa | Vegetables,Boreal,Dry,Eastern Africa,Vegetables,4.7,4.7,1.175,8.225,,,,
,Boreal | Dry | Eastern Africa | Oilseeds,Boreal,Dry,Eastern Africa,Oilseeds,4.7,4.7,1.175,8.225,,,,
,Boreal | Dry | Eastern Africa | Groundnuts,Boreal,Dry,Eastern Africa,Groundnuts,4.7,4.7,1.175,8.225,,,,
,Boreal | Dry | Eastern Africa | Annual Cropland,Boreal,Dry,Eastern Africa,Annual Cropland,4.7,4.7,1.175,8.225,,,,
,Boreal | Dry | Eastern Africa | Set Aside,Boreal,Dry,Eastern Africa,Set Aside,4.7,4.7,1.175,8.225,,,,
,Boreal | Dry | Eastern Africa | Flooded Rice,Boreal,Dry,Eastern Africa,Flooded Rice,4.7,4.7,1.175,8.225,,,,
,Boreal | Dry | Eastern Africa | Grassland,Boreal,Dry,Eastern Africa,Grassland,3.995,3.995,0.99875,6.99125,,,,
,Boreal | Dry | Eastern Africa | Other Land (Non-Vegetated),Boreal,Dry,Eastern Africa,Other Land (Non-Vegetated),0,0,#N/A,#N/A,,,,
,Boreal | Dry | Eastern Africa | Settlement,Boreal,Dry,Eastern Africa,Settlement,0,0,#N/A,#N/A,,,,
,Boreal | Dry | Eastern Africa | Agroforestry - Default,Boreal,Dry,Eastern Africa,Agroforestry - Default,1.756666667,2.04375,1.30395,2.78355,,,,
,Boreal | Dry | Eastern Africa | Hedgerow,Boreal,Dry,Eastern Africa,Hedgerow,1.1,0.98,0.5537,1.4063,,,,
,Boreal | Dry | Eastern Africa | Silvoarable,Boreal,Dry,Eastern Africa,Silvoarable,1.14,1.8,1.3086,2.2914,,,,
,Boreal | Dry | Eastern Africa | Silvopasture,Boreal,Dry,Eastern Africa,Silvopasture,3.03,3.12,1.9084,4.3316,,,,
,Boreal | Dry | Eastern Africa | Other Land,Boreal,Dry,Eastern Africa,Other Land,0,0,#N/A,#N/A,,,,
,Boreal | Dry | Eastern Africa | Olive,Boreal,Dry,Eastern Africa,Olive,0.46,0.46,0.3358,0.5842,,,,
,Boreal | Dry | Eastern Africa | Orchard,Boreal,Dry,Eastern Africa,Orchard,0.43,0.43,0.2322,0.6278,,,,
,Boreal | Dry | Eastern Africa | Short Rotation Coppice,Boreal,Dry,Eastern Africa,Short Rotation Coppice,3.2,3.2,1.92,4.48,,,,
,Boreal | Dry | Eastern Africa | Tea,Boreal,Dry,Eastern Africa,Tea,0.7,0.7,0.525,0.875,,,,
,Boreal | Dry | Eastern Africa | Vine,Boreal,Dry,Eastern Africa,Vine,0.28,0.28,0.2072,0.3528,,,,
,Boreal | Dry | Eastern Africa | Oil Palm,Boreal,Dry,Eastern Africa,Oil Palm,0,0,#N/A,#N/A,,,,
,Boreal | Dry | Eastern Africa | Rubber,Boreal,Dry,Eastern Africa,Rubber,0,0,#N/A,#N/A,,,,
,Boreal | Dry | Central Africa | Grains,Boreal,Dry,Central Africa,Grains,4.7,4.7,1.175,8.225,,,,
,Boreal | Dry | Central Africa | Maize,Boreal,Dry,Central Africa,Maize,4.7,4.7,1.175,8.225,,,,
,Boreal | Dry | Central Africa | Sugarcane,Boreal,Dry,Central Africa,Sugarcane,4.7,4.7,1.175,8.225,,,,
,Boreal | Dry | Central Africa | Wheat,Boreal,Dry,Central Africa,Wheat,4.7,4.7,1.175,8.225,,,,
,Boreal | Dry | Central Africa | Beans & Pulses,Boreal,Dry,Central Africa,Beans & Pulses,4.7,4.7,1.175,8.225,,,,
,Boreal | Dry | Central Africa | Tubers,Boreal,Dry,Central Africa,Tubers,4.7,4.7,1.175,8.225,,,,
,Boreal | Dry | Central Africa | Root Crops,Boreal,Dry,Central Africa,Root Crops,4.7,4.7,1.175,8.225,,,,
,Boreal | Dry | Central Africa | Barley,Boreal,Dry,Central Africa,Barley,4.7,4.7,1.175,8.225,,,,
,Boreal | Dry | Central Africa | Oats,Boreal,Dry,Central Africa,Oats,4.7,4.7,1.175,8.225,,,,
,Boreal | Dry | Central Africa | Millet,Boreal,Dry,Central Africa,Millet,4.7,4.7,1.175,8.225,,,,
,Boreal | Dry | Central Africa | Sorghum,Boreal,Dry,Central Africa,Sorghum,4.7,4.7,1.175,8.225,,,,
,Boreal | Dry | Central Africa | Rye,Boreal,Dry,Central Africa,Rye,4.7,4.7,1.175,8.225,,,,
,Boreal | Dry | Central Africa | Soybeans,Boreal,Dry,Central Africa,Soybeans,4.7,4.7,1.175,8.225,,,,
,Boreal | Dry | Central Africa | Dry Bean,Boreal,Dry,Central Africa,Dry Bean,4.7,4.7,1.175,8.225,,,,
,Boreal | Dry | Central Africa | Potatoes,Boreal,Dry,Central Africa,Potatoes,4.7,4.7,1.175,8.225,,,,
,Boreal | Dry | Central Africa | Peanuts,Boreal,Dry,Central Africa,Peanuts,4.7,4.7,1.175,8.225,,,,
,Boreal | Dry | Central Africa | Vegetables,Boreal,Dry,Central Africa,Vegetables,4.7,4.7,1.175,8.225,,,,
,Boreal | Dry | Central Africa | Oilseeds,Boreal,Dry,Central Africa,Oilseeds,4.7,4.7,1.175,8.225,,,,
,Boreal | Dry | Central Africa | Groundnuts,Boreal,Dry,Central Africa,Groundnuts,4.7,4.7,1.175,8.225,,,,
,Boreal | Dry | Central Africa | Annual Cropland,Boreal,Dry,Central Africa,Annual Cropland,4.7,4.7,1.175,8.225,,,,
,Boreal | Dry | Central Africa | Set Aside,Boreal,Dry,Central Africa,Set Aside,4.7,4.7,1.175,8.225,,,,
,Boreal | Dry | Central Africa | Flooded Rice,Boreal,Dry,Central Africa,Flooded Rice,4.7,4.7,1.175,8.225,,,,
,Boreal | Dry | Central Africa | Grassland,Boreal,Dry,Central Africa,Grassland,3.995,3.995,0.99875,6.99125,,,,
,Boreal | Dry | Central Africa | Other Land (Non-Vegetated),Boreal,Dry,Central Africa,Other Land (Non-Vegetated),0,0,#N/A,#N/A,,,,
,Boreal | Dry | Central Africa | Settlement,Boreal,Dry,Central Africa,Settlement,0,0,#N/A,#N/A,,,,
,Boreal | Dry | Central Africa | Agroforestry - Default,Boreal,Dry,Central Africa,Agroforestry - Default,1.756666667,2.04375,1.30395,2.78355,,,,
,Boreal | Dry | Central Africa | Hedgerow,Boreal,Dry,Central Africa,Hedgerow,1.1,0.98,0.5537,1.4063,,,,
,Boreal | Dry | Central Africa | Silvoarable,Boreal,Dry,Central Africa,Silvoarable,1.14,1.8,1.3086,2.2914,,,,
,Boreal | Dry | Central Africa | Silvopasture,Boreal,Dry,Central Africa,Silvopasture,3.03,3.12,1.9084,4.3316,,,,
,Boreal | Dry | Central Africa | Other Land,Boreal,Dry,Central Africa,Other Land,0,0,#N/A,#N/A,,,,
,Boreal | Dry | Central Africa | Olive,Boreal,Dry,Central Africa,Olive,0.46,0.46,0.3358,0.5842,,,,
,Boreal | Dry | Central Africa | Orchard,Boreal,Dry,Central Africa,Orchard,0.43,0.43,0.2322,0.6278,,,,
,Boreal | Dry | Central Africa | Short Rotation Coppice,Boreal,Dry,Central Africa,Short Rotation Coppice,3.2,3.2,1.92,4.48,,,,
,Boreal | Dry | Central Africa | Tea,Boreal,Dry,Central Africa,Tea,0.7,0.7,0.525,0.875,,,,
,Boreal | Dry | Central Africa | Vine,Boreal,Dry,Central Africa,Vine,0.28,0.28,0.2072,0.3528,,,,
,Boreal | Dry | Central Africa | Oil Palm,Boreal,Dry,Central Africa,Oil Palm,0,0,#N/A,#N/A,,,,
,Boreal | Dry | Central Africa | Rubber,Boreal,Dry,Central Africa,Rubber,0,0,#N/A,#N/A,,,,
,Boreal | Dry | Northern Africa | Grains,Boreal,Dry,Northern Africa,Grains,4.7,4.7,1.175,8.225,,,,
,Boreal | Dry | Northern Africa | Maize,Boreal,Dry,Northern Africa,Maize,4.7,4.7,1.175,8.225,,,,
,Boreal | Dry | Northern Africa | Sugarcane,Boreal,Dry,Northern Africa,Sugarcane,4.7,4.7,1.175,8.225,,,,
,Boreal | Dry | Northern Africa | Wheat,Boreal,Dry,Northern Africa,Wheat,4.7,4.7,1.175,8.225,,,,
,Boreal | Dry | Northern Africa | Beans & Pulses,Boreal,Dry,Northern Africa,Beans & Pulses,4.7,4.7,1.175,8.225,,,,
,Boreal | Dry | Northern Africa | Tubers,Boreal,Dry,Northern Africa,Tubers,4.7,4.7,1.175,8.225,,,,
,Boreal | Dry | Northern Africa | Root Crops,Boreal,Dry,Northern Africa,Root Crops,4.7,4.7,1.175,8.225,,,,
,Boreal | Dry | Northern Africa | Barley,Boreal,Dry,Northern Africa,Barley,4.7,4.7,1.175,8.225,,,,
,Boreal | Dry | Northern Africa | Oats,Boreal,Dry,Northern Africa,Oats,4.7,4.7,1.175,8.225,,,,
,Boreal | Dry | Northern Africa | Millet,Boreal,Dry,Northern Africa,Millet,4.7,4.7,1.175,8.225,,,,
,Boreal | Dry | Northern Africa | Sorghum,Boreal,Dry,Northern Africa,Sorghum,4.7,4.7,1.175,8.225,,,,
,Boreal | Dry | Northern Africa | Rye,Boreal,Dry,Northern Africa,Rye,4.7,4.7,1.175,8.225,,,,
,Boreal | Dry | Northern Africa | Soybeans,Boreal,Dry,Northern Africa,Soybeans,4.7,4.7,1.175,8.225,,,,
,Boreal | Dry | Northern Africa | Dry Bean,Boreal,Dry,Northern Africa,Dry Bean,4.7,4.7,1.175,8.225,,,,
,Boreal | Dry | Northern Africa | Potatoes,Boreal,Dry,Northern Africa,Potatoes,4.7,4.7,1.175,8.225,,,,
,Boreal | Dry | Northern Africa | Peanuts,Boreal,Dry,Northern Africa,Peanuts,4.7,4.7,1.175,8.225,,,,
,Boreal | Dry | Northern Africa | Vegetables,Boreal,Dry,Northern Africa,Vegetables,4.7,4.7,1.175,8.225,,,,
,Boreal | Dry | Northern Africa | Oilseeds,Boreal,Dry,Northern Africa,Oilseeds,4.7,4.7,1.175,8.225,,,,
,Boreal | Dry | Northern Africa | Groundnuts,Boreal,Dry,Northern Africa,Groundnuts,4.7,4.7,1.175,8.225,,,,
,Boreal | Dry | Northern Africa | Annual Cropland,Boreal,Dry,Northern Africa,Annual Cropland,4.7,4.7,1.175,8.225,,,,
,Boreal | Dry | Northern Africa | Set Aside,Boreal,Dry,Northern Africa,Set Aside,4.7,4.7,1.175,8.225,,,,
,Boreal | Dry | Northern Africa | Flooded Rice,Boreal,Dry,Northern Africa,Flooded Rice,4.7,4.7,1.175,8.225,,,,
,Boreal | Dry | Northern Africa | Grassland,Boreal,Dry,Northern Africa,Grassland,3.995,3.995,0.99875,6.99125,,,,
,Boreal | Dry | Northern Africa | Other Land (Non-Vegetated),Boreal,Dry,Northern Africa,Other Land (Non-Vegetated),0,0,#N/A,#N/A,,,,
,Boreal | Dry | Northern Africa | Settlement,Boreal,Dry,Northern Africa,Settlement,0,0,#N/A,#N/A,,,,
,Boreal | Dry | Northern Africa | Agroforestry - Default,Boreal,Dry,Northern Africa,Agroforestry - Default,1.756666667,2.04375,1.30395,2.78355,,,,
,Boreal | Dry | Northern Africa | Hedgerow,Boreal,Dry,Northern Africa,Hedgerow,1.1,0.98,0.5537,1.4063,,,,
,Boreal | Dry | Northern Africa | Silvoarable,Boreal,Dry,Northern Africa,Silvoarable,1.14,1.8,1.3086,2.2914,,,,
,Boreal | Dry | Northern Africa | Silvopasture,Boreal,Dry,Northern Africa,Silvopasture,3.03,3.12,1.9084,4.3316,,,,
,Boreal | Dry | Northern Africa | Other Land,Boreal,Dry,Northern Africa,Other Land,0,0,#N/A,#N/A,,,,
,Boreal | Dry | Northern Africa | Olive,Boreal,Dry,Northern Africa,Olive,0.46,0.46,0.3358,0.5842,,,,
,Boreal | Dry | Northern Africa | Orchard,Boreal,Dry,Northern Africa,Orchard,0.43,0.43,0.2322,0.6278,,,,
,Boreal | Dry | Northern Africa | Short Rotation Coppice,Boreal,Dry,Northern Africa,Short Rotation Coppice,3.2,3.2,1.92,4.48,,,,
,Boreal | Dry | Northern Africa | Tea,Boreal,Dry,Northern Africa,Tea,0.7,0.7,0.525,0.875,,,,
,Boreal | Dry | Northern Africa | Vine,Boreal,Dry,Northern Africa,Vine,0.28,0.28,0.2072,0.3528,,,,
,Boreal | Dry | Northern Africa | Oil Palm,Boreal,Dry,Northern Africa,Oil Palm,0,0,#N/A,#N/A,,,,
,Boreal | Dry | Northern Africa | Rubber,Boreal,Dry,Northern Africa,Rubber,0,0,#N/A,#N/A,,,,
,Boreal | Dry | Southern Africa | Grains,Boreal,Dry,Southern Africa,Grains,4.7,4.7,1.175,8.225,,,,
,Boreal | Dry | Southern Africa | Maize,Boreal,Dry,Southern Africa,Maize,4.7,4.7,1.175,8.225,,,,
,Boreal | Dry | Southern Africa | Sugarcane,Boreal,Dry,Southern Africa,Sugarcane,4.7,4.7,1.175,8.225,,,,
,Boreal | Dry | Southern Africa | Wheat,Boreal,Dry,Southern Africa,Wheat,4.7,4.7,1.175,8.225,,,,
,Boreal | Dry | Southern Africa | Beans & Pulses,Boreal,Dry,Southern Africa,Beans & Pulses,4.7,4.7,1.175,8.225,,,,
,Boreal | Dry | Southern Africa | Tubers,Boreal,Dry,Southern Africa,Tubers,4.7,4.7,1.175,8.225,,,,
,Boreal | Dry | Southern Africa | Root Crops,Boreal,Dry,Southern Africa,Root Crops,4.7,4.7,1.175,8.225,,,,
,Boreal | Dry | Southern Africa | Barley,Boreal,Dry,Southern Africa,Barley,4.7,4.7,1.175,8.225,,,,
,Boreal | Dry | Southern Africa | Oats,Boreal,Dry,Southern Africa,Oats,4.7,4.7,1.175,8.225,,,,
,Boreal | Dry | Southern Africa | Millet,Boreal,Dry,Southern Africa,Millet,4.7,4.7,1.175,8.225,,,,
,Boreal | Dry | Southern Africa | Sorghum,Boreal,Dry,Southern Africa,Sorghum,4.7,4.7,1.175,8.225,,,,
,Boreal | Dry | Southern Africa | Rye,Boreal,Dry,Southern Africa,Rye,4.7,4.7,1.175,8.225,,,,
,Boreal | Dry | Southern Africa | Soybeans,Boreal,Dry,Southern Africa,Soybeans,4.7,4.7,1.175,8.225,,,,
,Boreal | Dry | Southern Africa | Dry Bean,Boreal,Dry,Southern Africa,Dry Bean,4.7,4.7,1.175,8.225,,,,
,Boreal | Dry | Southern Africa | Potatoes,Boreal,Dry,Southern Africa,Potatoes,4.7,4.7,1.175,8.225,,,,
,Boreal | Dry | Southern Africa | Peanuts,Boreal,Dry,Southern Africa,Peanuts,4.7,4.7,1.175,8.225,,,,
,Boreal | Dry | Southern Africa | Vegetables,Boreal,Dry,Southern Africa,Vegetables,4.7,4.7,1.175,8.225,,,,
,Boreal | Dry | Southern Africa | Oilseeds,Boreal,Dry,Southern Africa,Oilseeds,4.7,4.7,1.175,8.225,,,,
,Boreal | Dry | Southern Africa | Groundnuts,Boreal,Dry,Southern Africa,Groundnuts,4.7,4.7,1.175,8.225,,,,
,Boreal | Dry | Southern Africa | Annual Cropland,Boreal,Dry,Southern Africa,Annual Cropland,4.7,4.7,1.175,8.225,,,,
,Boreal | Dry | Southern Africa | Set Aside,Boreal,Dry,Southern Africa,Set Aside,4.7,4.7,1.175,8.225,,,,
,Boreal | Dry | Southern Africa | Flooded Rice,Boreal,Dry,Southern Africa,Flooded Rice,4.7,4.7,1.175,8.225,,,,
,Boreal | Dry | Southern Africa | Grassland,Boreal,Dry,Southern Africa,Grassland,3.995,3.995,0.99875,6.99125,,,,
,Boreal | Dry | Southern Africa | Other Land (Non-Vegetated),Boreal,Dry,Southern Africa,Other Land (Non-Vegetated),0,0,#N/A,#N/A,,,,
,Boreal | Dry | Southern Africa | Settlement,Boreal,Dry,Southern Africa,Settlement,0,0,#N/A,#N/A,,,,
,Boreal | Dry | Southern Africa | Agroforestry - Default,Boreal,Dry,Southern Africa,Agroforestry - Default,1.756666667,2.04375,1.30395,2.78355,,,,
,Boreal | Dry | Southern Africa | Hedgerow,Boreal,Dry,Southern Africa,Hedgerow,1.1,0.98,0.5537,1.4063,,,,
,Boreal | Dry | Southern Africa | Silvoarable,Boreal,Dry,Southern Africa,Silvoarable,1.14,1.8,1.3086,2.2914,,,,
,Boreal | Dry | Southern Africa | Silvopasture,Boreal,Dry,Southern Africa,Silvopasture,3.03,3.12,1.9084,4.3316,,,,
,Boreal | Dry | Southern Africa | Other Land,Boreal,Dry,Southern Africa,Other Land,0,0,#N/A,#N/A,,,,
,Boreal | Dry | Southern Africa | Olive,Boreal,Dry,Southern Africa,Olive,0.46,0.46,0.3358,0.5842,,,,
,Boreal | Dry | Southern Africa | Orchard,Boreal,Dry,Southern Africa,Orchard,0.43,0.43,0.2322,0.6278,,,,
,Boreal | Dry | Southern Africa | Short Rotation Coppice,Boreal,Dry,Southern Africa,Short Rotation Coppice,3.2,3.2,1.92,4.48,,,,
,Boreal | Dry | Southern Africa | Tea,Boreal,Dry,Southern Africa,Tea,0.7,0.7,0.525,0.875,,,,
,Boreal | Dry | Southern Africa | Vine,Boreal,Dry,Southern Africa,Vine,0.28,0.28,0.2072,0.3528,,,,
,Boreal | Dry | Southern Africa | Oil Palm,Boreal,Dry,Southern Africa,Oil Palm,0,0,#N/A,#N/A,,,,
,Boreal | Dry | Southern Africa | Rubber,Boreal,Dry,Southern Africa,Rubber,0,0,#N/A,#N/A,,,,
,Boreal | Dry | Western Africa | Grains,Boreal,Dry,Western Africa,Grains,4.7,4.7,1.175,8.225,,,,
,Boreal | Dry | Western Africa | Maize,Boreal,Dry,Western Africa,Maize,4.7,4.7,1.175,8.225,,,,
,Boreal | Dry | Western Africa | Sugarcane,Boreal,Dry,Western Africa,Sugarcane,4.7,4.7,1.175,8.225,,,,
,Boreal | Dry | Western Africa | Wheat,Boreal,Dry,Western Africa,Wheat,4.7,4.7,1.175,8.225,,,,
,Boreal | Dry | Western Africa | Beans & Pulses,Boreal,Dry,Western Africa,Beans & Pulses,4.7,4.7,1.175,8.225,,,,
,Boreal | Dry | Western Africa | Tubers,Boreal,Dry,Western Africa,Tubers,4.7,4.7,1.175,8.225,,,,
,Boreal | Dry | Western Africa | Root Crops,Boreal,Dry,Western Africa,Root Crops,4.7,4.7,1.175,8.225,,,,
,Boreal | Dry | Western Africa | Barley,Boreal,Dry,Western Africa,Barley,4.7,4.7,1.175,8.225,,,,
,Boreal | Dry | Western Africa | Oats,Boreal,Dry,Western Africa,Oats,4.7,4.7,1.175,8.225,,,,
,Boreal | Dry | Western Africa | Millet,Boreal,Dry,Western Africa,Millet,4.7,4.7,1.175,8.225,,,,
,Boreal | Dry | Western Africa | Sorghum,Boreal,Dry,Western Africa,Sorghum,4.7,4.7,1.175,8.225,,,,
,Boreal | Dry | Western Africa | Rye,Boreal,Dry,Western Africa,Rye,4.7,4.7,1.175,8.225,,,,
,Boreal | Dry | Western Africa | Soybeans,Boreal,Dry,Western Africa,Soybeans,4.7,4.7,1.175,8.225,,,,
,Boreal | Dry | Western Africa | Dry Bean,Boreal,Dry,Western Africa,Dry Bean,4.7,4.7,1.175,8.225,,,,
,Boreal | Dry | Western Africa | Potatoes,Boreal,Dry,Western Africa,Potatoes,4.7,4.7,1.175,8.225,,,,
,Boreal | Dry | Western Africa | Peanuts,Boreal,Dry,Western Africa,Peanuts,4.7,4.7,1.175,8.225,,,,
,Boreal | Dry | Western Africa | Vegetables,Boreal,Dry,Western Africa,Vegetables,4.7,4.7,1.175,8.225,,,,
,Boreal | Dry | Western Africa | Oilseeds,Boreal,Dry,Western Africa,Oilseeds,4.7,4.7,1.175,8.225,,,,
,Boreal | Dry | Western Africa | Groundnuts,Boreal,Dry,Western Africa,Groundnuts,4.7,4.7,1.175,8.225,,,,
,Boreal | Dry | Western Africa | Annual Cropland,Boreal,Dry,Western Africa,Annual Cropland,4.7,4.7,1.175,8.225,,,,
,Boreal | Dry | Western Africa | Set Aside,Boreal,Dry,Western Africa,Set Aside,4.7,4.7,1.175,8.225,,,,
,Boreal | Dry | Western Africa | Flooded Rice,Boreal,Dry,Western Africa,Flooded Rice,4.7,4.7,1.175,8.225,,,,
,Boreal | Dry | Western Africa | Grassland,Boreal,Dry,Western Africa,Grassland,3.995,3.995,0.99875,6.99125,,,,
,Boreal | Dry | Western Africa | Other Land (Non-Vegetated),Boreal,Dry,Western Africa,Other Land (Non-Vegetated),0,0,#N/A,#N/A,,,,
,Boreal | Dry | Western Africa | Settlement,Boreal,Dry,Western Africa,Settlement,0,0,#N/A,#N/A,,,,
,Boreal | Dry | Western Africa | Agroforestry - Default,Boreal,Dry,Western Africa,Agroforestry - Default,1.756666667,2.04375,1.30395,2.78355,,,,
,Boreal | Dry | Western Africa | Hedgerow,Boreal,Dry,Western Africa,Hedgerow,1.1,0.98,0.5537,1.4063,,,,
,Boreal | Dry | Western Africa | Silvoarable,Boreal,Dry,Western Africa,Silvoarable,1.14,1.8,1.3086,2.2914,,,,
,Boreal | Dry | Western Africa | Silvopasture,Boreal,Dry,Western Africa,Silvopasture,3.03,3.12,1.9084,4.3316,,,,
,Boreal | Dry | Western Africa | Other Land,Boreal,Dry,Western Africa,Other Land,0,0,#N/A,#N/A,,,,
,Boreal | Dry | Western Africa | Olive,Boreal,Dry,Western Africa,Olive,0.46,0.46,0.3358,0.5842,,,,
,Boreal | Dry | Western Africa | Orchard,Boreal,Dry,Western Africa,Orchard,0.43,0.43,0.2322,0.6278,,,,
,Boreal | Dry | Western Africa | Short Rotation Coppice,Boreal,Dry,Western Africa,Short Rotation Coppice,3.2,3.2,1.92,4.48,,,,
,Boreal | Dry | Western Africa | Tea,Boreal,Dry,Western Africa,Tea,0.7,0.7,0.525,0.875,,,,
,Boreal | Dry | Western Africa | Vine,Boreal,Dry,Western Africa,Vine,0.28,0.28,0.2072,0.3528,,,,
,Boreal | Dry | Western Africa | Oil Palm,Boreal,Dry,Western Africa,Oil Palm,0,0,#N/A,#N/A,,,,
,Boreal | Dry | Western Africa | Rubber,Boreal,Dry,Western Africa,Rubber,0,0,#N/A,#N/A,,,,
,Boreal | Dry | Central Asia | Grains,Boreal,Dry,Central Asia,Grains,4.7,4.7,1.175,8.225,,,,
,Boreal | Dry | Central Asia | Maize,Boreal,Dry,Central Asia,Maize,4.7,4.7,1.175,8.225,,,,
,Boreal | Dry | Central Asia | Sugarcane,Boreal,Dry,Central Asia,Sugarcane,4.7,4.7,1.175,8.225,,,,
,Boreal | Dry | Central Asia | Wheat,Boreal,Dry,Central Asia,Wheat,4.7,4.7,1.175,8.225,,,,
,Boreal | Dry | Central Asia | Beans & Pulses,Boreal,Dry,Central Asia,Beans & Pulses,4.7,4.7,1.175,8.225,,,,
,Boreal | Dry | Central Asia | Tubers,Boreal,Dry,Central Asia,Tubers,4.7,4.7,1.175,8.225,,,,
,Boreal | Dry | Central Asia | Root Crops,Boreal,Dry,Central Asia,Root Crops,4.7,4.7,1.175,8.225,,,,
,Boreal | Dry | Central Asia | Barley,Boreal,Dry,Central Asia,Barley,4.7,4.7,1.175,8.225,,,,
,Boreal | Dry | Central Asia | Oats,Boreal,Dry,Central Asia,Oats,4.7,4.7,1.175,8.225,,,,
,Boreal | Dry | Central Asia | Millet,Boreal,Dry,Central Asia,Millet,4.7,4.7,1.175,8.225,,,,
,Boreal | Dry | Central Asia | Sorghum,Boreal,Dry,Central Asia,Sorghum,4.7,4.7,1.175,8.225,,,,
,Boreal | Dry | Central Asia | Rye,Boreal,Dry,Central Asia,Rye,4.7,4.7,1.175,8.225,,,,
,Boreal | Dry | Central Asia | Soybeans,Boreal,Dry,Central Asia,Soybeans,4.7,4.7,1.175,8.225,,,,
,Boreal | Dry | Central Asia | Dry Bean,Boreal,Dry,Central Asia,Dry Bean,4.7,4.7,1.175,8.225,,,,
,Boreal | Dry | Central Asia | Potatoes,Boreal,Dry,Central Asia,Potatoes,4.7,4.7,1.175,8.225,,,,
,Boreal | Dry | Central Asia | Peanuts,Boreal,Dry,Central Asia,Peanuts,4.7,4.7,1.175,8.225,,,,
,Boreal | Dry | Central Asia | Vegetables,Boreal,Dry,Central Asia,Vegetables,4.7,4.7,1.175,8.225,,,,
,Boreal | Dry | Central Asia | Oilseeds,Boreal,Dry,Central Asia,Oilseeds,4.7,4.7,1.175,8.225,,,,
,Boreal | Dry | Central Asia | Groundnuts,Boreal,Dry,Central Asia,Groundnuts,4.7,4.7,1.175,8.225,,,,
,Boreal | Dry | Central Asia | Annual Cropland,Boreal,Dry,Central Asia,Annual Cropland,4.7,4.7,1.175,8.225,,,,
,Boreal | Dry | Central Asia | Set Aside,Boreal,Dry,Central Asia,Set Aside,4.7,4.7,1.175,8.225,,,,
,Boreal | Dry | Central Asia | Flooded Rice,Boreal,Dry,Central Asia,Flooded Rice,4.7,4.7,1.175,8.225,,,,
,Boreal | Dry | Central Asia | Grassland,Boreal,Dry,Central Asia,Grassland,3.995,3.995,0.99875,6.99125,,,,
,Boreal | Dry | Central Asia | Other Land (Non-Vegetated),Boreal,Dry,Central Asia,Other Land (Non-Vegetated),0,0,#N/A,#N/A,,,,
,Boreal | Dry | Central Asia | Settlement,Boreal,Dry,Central Asia,Settlement,0,0,#N/A,#N/A,,,,
,Boreal | Dry | Central Asia | Agroforestry - Default,Boreal,Dry,Central Asia,Agroforestry - Default,1.756666667,2.04375,1.30395,2.78355,,,,
,Boreal | Dry | Central Asia | Hedgerow,Boreal,Dry,Central Asia,Hedgerow,1.1,0.98,0.5537,1.4063,,,,
,Boreal | Dry | Central Asia | Silvoarable,Boreal,Dry,Central Asia,Silvoarable,1.14,1.8,1.3086,2.2914,,,,
,Boreal | Dry | Central Asia | Silvopasture,Boreal,Dry,Central Asia,Silvopasture,3.03,3.12,1.9084,4.3316,,,,
,Boreal | Dry | Central Asia | Other Land,Boreal,Dry,Central Asia,Other Land,0,0,#N/A,#N/A,,,,
,Boreal | Dry | Central Asia | Olive,Boreal,Dry,Central Asia,Olive,0.46,0.46,0.3358,0.5842,,,,
,Boreal | Dry | Central Asia | Orchard,Boreal,Dry,Central Asia,Orchard,0.43,0.43,0.2322,0.6278,,,,
,Boreal | Dry | Central Asia | Short Rotation Coppice,Boreal,Dry,Central Asia,Short Rotation Coppice,3.2,3.2,1.92,4.48,,,,
,Boreal | Dry | Central Asia | Tea,Boreal,Dry,Central Asia,Tea,0.7,0.7,0.525,0.875,,,,
,Boreal | Dry | Central Asia | Vine,Boreal,Dry,Central Asia,Vine,0.28,0.28,0.2072,0.3528,,,,
,Boreal | Dry | Central Asia | Oil Palm,Boreal,Dry,Central Asia,Oil Palm,0,0,#N/A,#N/A,,,,
,Boreal | Dry | Central Asia | Rubber,Boreal,Dry,Central Asia,Rubber,0,0,#N/A,#N/A,,,,
,Boreal | Dry | Eastern Asia | Grains,Boreal,Dry,Eastern Asia,Grains,4.7,4.7,1.175,8.225,,,,
,Boreal | Dry | Eastern Asia | Maize,Boreal,Dry,Eastern Asia,Maize,4.7,4.7,1.175,8.225,,,,
,Boreal | Dry | Eastern Asia | Sugarcane,Boreal,Dry,Eastern Asia,Sugarcane,4.7,4.7,1.175,8.225,,,,
,Boreal | Dry | Eastern Asia | Wheat,Boreal,Dry,Eastern Asia,Wheat,4.7,4.7,1.175,8.225,,,,
,Boreal | Dry | Eastern Asia | Beans & Pulses,Boreal,Dry,Eastern Asia,Beans & Pulses,4.7,4.7,1.175,8.225,,,,
,Boreal | Dry | Eastern Asia | Tubers,Boreal,Dry,Eastern Asia,Tubers,4.7,4.7,1.175,8.225,,,,
,Boreal | Dry | Eastern Asia | Root Crops,Boreal,Dry,Eastern Asia,Root Crops,4.7,4.7,1.175,8.225,,,,
,Boreal | Dry | Eastern Asia | Barley,Boreal,Dry,Eastern Asia,Barley,4.7,4.7,1.175,8.225,,,,
,Boreal | Dry | Eastern Asia | Oats,Boreal,Dry,Eastern Asia,Oats,4.7,4.7,1.175,8.225,,,,
,Boreal | Dry | Eastern Asia | Millet,Boreal,Dry,Eastern Asia,Millet,4.7,4.7,1.175,8.225,,,,
,Boreal | Dry | Eastern Asia | Sorghum,Boreal,Dry,Eastern Asia,Sorghum,4.7,4.7,1.175,8.225,,,,
,Boreal | Dry | Eastern Asia | Rye,Boreal,Dry,Eastern Asia,Rye,4.7,4.7,1.175,8.225,,,,
,Boreal | Dry | Eastern Asia | Soybeans,Boreal,Dry,Eastern Asia,Soybeans,4.7,4.7,1.175,8.225,,,,
,Boreal | Dry | Eastern Asia | Dry Bean,Boreal,Dry,Eastern Asia,Dry Bean,4.7,4.7,1.175,8.225,,,,
,Boreal | Dry | Eastern Asia | Potatoes,Boreal,Dry,Eastern Asia,Potatoes,4.7,4.7,1.175,8.225,,,,
,Boreal | Dry | Eastern Asia | Peanuts,Boreal,Dry,Eastern Asia,Peanuts,4.7,4.7,1.175,8.225,,,,
,Boreal | Dry | Eastern Asia | Vegetables,Boreal,Dry,Eastern Asia,Vegetables,4.7,4.7,1.175,8.225,,,,
,Boreal | Dry | Eastern Asia | Oilseeds,Boreal,Dry,Eastern Asia,Oilseeds,4.7,4.7,1.175,8.225,,,,
,Boreal | Dry | Eastern Asia | Groundnuts,Boreal,Dry,Eastern Asia,Groundnuts,4.7,4.7,1.175,8.225,,,,
,Boreal | Dry | Eastern Asia | Annual Cropland,Boreal,Dry,Eastern Asia,Annual Cropland,4.7,4.7,1.175,8.225,,,,
,Boreal | Dry | Eastern Asia | Set Aside,Boreal,Dry,Eastern Asia,Set Aside,4.7,4.7,1.175,8.225,,,,
,Boreal | Dry | Eastern Asia | Flooded Rice,Boreal,Dry,Eastern Asia,Flooded Rice,4.7,4.7,1.175,8.225,,,,
,Boreal | Dry | Eastern Asia | Grassland,Boreal,Dry,Eastern Asia,Grassland,3.995,3.995,0.99875,6.99125,,,,
,Boreal | Dry | Eastern Asia | Other Land (Non-Vegetated),Boreal,Dry,Eastern Asia,Other Land (Non-Vegetated),0,0,#N/A,#N/A,,,,
,Boreal | Dry | Eastern Asia | Settlement,Boreal,Dry,Eastern Asia,Settlement,0,0,#N/A,#N/A,,,,
,Boreal | Dry | Eastern Asia | Agroforestry - Default,Boreal,Dry,Eastern Asia,Agroforestry - Default,1.756666667,2.04375,1.30395,2.78355,,,,
,Boreal | Dry | Eastern Asia | Hedgerow,Boreal,Dry,Eastern Asia,Hedgerow,1.1,0.98,0.5537,1.4063,,,,
,Boreal | Dry | Eastern Asia | Silvoarable,Boreal,Dry,Eastern Asia,Silvoarable,1.14,1.8,1.3086,2.2914,,,,
,Boreal | Dry | Eastern Asia | Silvopasture,Boreal,Dry,Eastern Asia,Silvopasture,3.03,3.12,1.9084,4.3316,,,,
,Boreal | Dry | Eastern Asia | Other Land,Boreal,Dry,Eastern Asia,Other Land,0,0,#N/A,#N/A,,,,
,Boreal | Dry | Eastern Asia | Olive,Boreal,Dry,Eastern Asia,Olive,0.46,0.46,0.3358,0.5842,,,,
,Boreal | Dry | Eastern Asia | Orchard,Boreal,Dry,Eastern Asia,Orchard,0.43,0.43,0.2322,0.6278,,,,
,Boreal | Dry | Eastern Asia | Short Rotation Coppice,Boreal,Dry,Eastern Asia,Short Rotation Coppice,3.2,3.2,1.92,4.48,,,,
,Boreal | Dry | Eastern Asia | Tea,Boreal,Dry,Eastern Asia,Tea,0.7,0.7,0.525,0.875,,,,
,Boreal | Dry | Eastern Asia | Vine,Boreal,Dry,Eastern Asia,Vine,0.28,0.28,0.2072,0.3528,,,,
,Boreal | Dry | Eastern Asia | Oil Palm,Boreal,Dry,Eastern Asia,Oil Palm,0,0,#N/A,#N/A,,,,
,Boreal | Dry | Eastern Asia | Rubber,Boreal,Dry,Eastern Asia,Rubber,0,0,#N/A,#N/A,,,,
,Boreal | Dry | South-Eastern Asia | Grains,Boreal,Dry,South-Eastern Asia,Grains,4.7,4.7,1.175,8.225,,,,
,Boreal | Dry | South-Eastern Asia | Maize,Boreal,Dry,South-Eastern Asia,Maize,4.7,4.7,1.175,8.225,,,,
,Boreal | Dry | South-Eastern Asia | Sugarcane,Boreal,Dry,South-Eastern Asia,Sugarcane,4.7,4.7,1.175,8.225,,,,
,Boreal | Dry | South-Eastern Asia | Wheat,Boreal,Dry,South-Eastern Asia,Wheat,4.7,4.7,1.175,8.225,,,,
,Boreal | Dry | South-Eastern Asia | Beans & Pulses,Boreal,Dry,South-Eastern Asia,Beans & Pulses,4.7,4.7,1.175,8.225,,,,
,Boreal | Dry | South-Eastern Asia | Tubers,Boreal,Dry,South-Eastern Asia,Tubers,4.7,4.7,1.175,8.225,,,,
,Boreal | Dry | South-Eastern Asia | Root Crops,Boreal,Dry,South-Eastern Asia,Root Crops,4.7,4.7,1.175,8.225,,,,
,Boreal | Dry | South-Eastern Asia | Barley,Boreal,Dry,South-Eastern Asia,Barley,4.7,4.7,1.175,8.225,,,,
,Boreal | Dry | South-Eastern Asia | Oats,Boreal,Dry,South-Eastern Asia,Oats,4.7,4.7,1.175,8.225,,,,
,Boreal | Dry | South-Eastern Asia | Millet,Boreal,Dry,South-Eastern Asia,Millet,4.7,4.7,1.175,8.225,,,,
,Boreal | Dry | South-Eastern Asia | Sorghum,Boreal,Dry,South-Eastern Asia,Sorghum,4.7,4.7,1.175,8.225,,,,
,Boreal | Dry | South-Eastern Asia | Rye,Boreal,Dry,South-Eastern Asia,Rye,4.7,4.7,1.175,8.225,,,,
,Boreal | Dry | South-Eastern Asia | Soybeans,Boreal,Dry,South-Eastern Asia,Soybeans,4.7,4.7,1.175,8.225,,,,
,Boreal | Dry | South-Eastern Asia | Dry Bean,Boreal,Dry,South-Eastern Asia,Dry Bean,4.7,4.7,1.175,8.225,,,,
,Boreal | Dry | South-Eastern Asia | Potatoes,Boreal,Dry,South-Eastern Asia,Potatoes,4.7,4.7,1.175,8.225,,,,
,Boreal | Dry | South-Eastern Asia | Peanuts,Boreal,Dry,South-Eastern Asia,Peanuts,4.7,4.7,1.175,8.225,,,,
,Boreal | Dry | South-Eastern Asia | Vegetables,Boreal,Dry,South-Eastern Asia,Vegetables,4.7,4.7,1.175,8.225,,,,
,Boreal | Dry | South-Eastern Asia | Oilseeds,Boreal,Dry,South-Eastern Asia,Oilseeds,4.7,4.7,1.175,8.225,,,,
,Boreal | Dry | South-Eastern Asia | Groundnuts,Boreal,Dry,South-Eastern Asia,Groundnuts,4.7,4.7,1.175,8.225,,,,
,Boreal | Dry | South-Eastern Asia | Annual Cropland,Boreal,Dry,South-Eastern Asia,Annual Cropland,4.7,4.7,1.175,8.225,,,,
,Boreal | Dry | South-Eastern Asia | Set Aside,Boreal,Dry,South-Eastern Asia,Set Aside,4.7,4.7,1.175,8.225,,,,
,Boreal | Dry | South-Eastern Asia | Flooded Rice,Boreal,Dry,South-Eastern Asia,Flooded Rice,4.7,4.7,1.175,8.225,,,,
,Boreal | Dry | South-Eastern Asia | Grassland,Boreal,Dry,South-Eastern Asia,Grassland,3.995,3.995,0.99875,6.99125,,,,
,Boreal | Dry | South-Eastern Asia | Other Land (Non-Vegetated),Boreal,Dry,South-Eastern Asia,Other Land (Non-Vegetated),0,0,#N/A,#N/A,,,,
,Boreal | Dry | South-Eastern Asia | Settlement,Boreal,Dry,South-Eastern Asia,Settlement,0,0,#N/A,#N/A,,,,
,Boreal | Dry | South-Eastern Asia | Agroforestry - Default,Boreal,Dry,South-Eastern Asia,Agroforestry - Default,1.756666667,2.04375,1.30395,2.78355,,,,
,Boreal | Dry | South-Eastern Asia | Hedgerow,Boreal,Dry,South-Eastern Asia,Hedgerow,1.1,0.98,0.5537,1.4063,,,,
,Boreal | Dry | South-Eastern Asia | Silvoarable,Boreal,Dry,South-Eastern Asia,Silvoarable,1.14,1.8,1.3086,2.2914,,,,
,Boreal | Dry | South-Eastern Asia | Silvopasture,Boreal,Dry,South-Eastern Asia,Silvopasture,3.03,3.12,1.9084,4.3316,,,,
,Boreal | Dry | South-Eastern Asia | Other Land,Boreal,Dry,South-Eastern Asia,Other Land,0,0,#N/A,#N/A,,,,
,Boreal | Dry | South-Eastern Asia | Olive,Boreal,Dry,South-Eastern Asia,Olive,0.46,0.46,0.3358,0.5842,,,,
,Boreal | Dry | South-Eastern Asia | Orchard,Boreal,Dry,South-Eastern Asia,Orchard,0.43,0.43,0.2322,0.6278,,,,
,Boreal | Dry | South-Eastern Asia | Short Rotation Coppice,Boreal,Dry,South-Eastern Asia,Short Rotation Coppice,3.2,3.2,1.92,4.48,,,,
,Boreal | Dry | South-Eastern Asia | Tea,Boreal,Dry,South-Eastern Asia,Tea,0.7,0.7,0.525,0.875,,,,
,Boreal | Dry | South-Eastern Asia | Vine,Boreal,Dry,South-Eastern Asia,Vine,0.28,0.28,0.2072,0.3528,,,,
,Boreal | Dry | South-Eastern Asia | Oil Palm,Boreal,Dry,South-Eastern Asia,Oil Palm,0,0,#N/A,#N/A,,,,
,Boreal | Dry | South-Eastern Asia | Rubber,Boreal,Dry,South-Eastern Asia,Rubber,0,0,#N/A,#N/A,,,,
,Boreal | Dry | Southern Asia | Grains,Boreal,Dry,Southern Asia,Grains,4.7,4.7,1.175,8.225,,,,
,Boreal | Dry | Southern Asia | Maize,Boreal,Dry,Southern Asia,Maize,4.7,4.7,1.175,8.225,,,,
,Boreal | Dry | Southern Asia | Sugarcane,Boreal,Dry,Southern Asia,Sugarcane,4.7,4.7,1.175,8.225,,,,
,Boreal | Dry | Southern Asia | Wheat,Boreal,Dry,Southern Asia,Wheat,4.7,4.7,1.175,8.225,,,,
,Boreal | Dry | Southern Asia | Beans & Pulses,Boreal,Dry,Southern Asia,Beans & Pulses,4.7,4.7,1.175,8.225,,,,
,Boreal | Dry | Southern Asia | Tubers,Boreal,Dry,Southern Asia,Tubers,4.7,4.7,1.175,8.225,,,,
,Boreal | Dry | Southern Asia | Root Crops,Boreal,Dry,Southern Asia,Root Crops,4.7,4.7,1.175,8.225,,,,
,Boreal | Dry | Southern Asia | Barley,Boreal,Dry,Southern Asia,Barley,4.7,4.7,1.175,8.225,,,,
,Boreal | Dry | Southern Asia | Oats,Boreal,Dry,Southern Asia,Oats,4.7,4.7,1.175,8.225,,,,
,Boreal | Dry | Southern Asia | Millet,Boreal,Dry,Southern Asia,Millet,4.7,4.7,1.175,8.225,,,,
,Boreal | Dry | Southern Asia | Sorghum,Boreal,Dry,Southern Asia,Sorghum,4.7,4.7,1.175,8.225,,,,
,Boreal | Dry | Southern Asia | Rye,Boreal,Dry,Southern Asia,Rye,4.7,4.7,1.175,8.225,,,,
,Boreal | Dry | Southern Asia | Soybeans,Boreal,Dry,Southern Asia,Soybeans,4.7,4.7,1.175,8.225,,,,
,Boreal | Dry | Southern Asia | Dry Bean,Boreal,Dry,Southern Asia,Dry Bean,4.7,4.7,1.175,8.225,,,,
,Boreal | Dry | Southern Asia | Potatoes,Boreal,Dry,Southern Asia,Potatoes,4.7,4.7,1.175,8.225,,,,
,Boreal | Dry | Southern Asia | Peanuts,Boreal,Dry,Southern Asia,Peanuts,4.7,4.7,1.175,8.225,,,,
,Boreal | Dry | Southern Asia | Vegetables,Boreal,Dry,Southern Asia,Vegetables,4.7,4.7,1.175,8.225,,,,
,Boreal | Dry | Southern Asia | Oilseeds,Boreal,Dry,Southern Asia,Oilseeds,4.7,4.7,1.175,8.225,,,,
,Boreal | Dry | Southern Asia | Groundnuts,Boreal,Dry,Southern Asia,Groundnuts,4.7,4.7,1.175,8.225,,,,
,Boreal | Dry | Southern Asia | Annual Cropland,Boreal,Dry,Southern Asia,Annual Cropland,4.7,4.7,1.175,8.225,,,,
,Boreal | Dry | Southern Asia | Set Aside,Boreal,Dry,Southern Asia,Set Aside,4.7,4.7,1.175,8.225,,,,
,Boreal | Dry | Southern Asia | Flooded Rice,Boreal,Dry,Southern Asia,Flooded Rice,4.7,4.7,1.175,8.225,,,,
,Boreal | Dry | Southern Asia | Grassland,Boreal,Dry,Southern Asia,Grassland,3.995,3.995,0.99875,6.99125,,,,
,Boreal | Dry | Southern Asia | Other Land (Non-Vegetated),Boreal,Dry,Southern Asia,Other Land (Non-Vegetated),0,0,#N/A,#N/A,,,,
,Boreal | Dry | Southern Asia | Settlement,Boreal,Dry,Southern Asia,Settlement,0,0,#N/A,#N/A,,,,
,Boreal | Dry | Southern Asia | Agroforestry - Default,Boreal,Dry,Southern Asia,Agroforestry - Default,1.756666667,2.04375,1.30395,2.78355,,,,
,Boreal | Dry | Southern Asia | Hedgerow,Boreal,Dry,Southern Asia,Hedgerow,1.1,0.98,0.5537,1.4063,,,,
,Boreal | Dry | Southern Asia | Silvoarable,Boreal,Dry,Southern Asia,Silvoarable,1.14,1.8,1.3086,2.2914,,,,
,Boreal | Dry | Southern Asia | Silvopasture,Boreal,Dry,Southern Asia,Silvopasture,3.03,3.12,1.9084,4.3316,,,,
,Boreal | Dry | Southern Asia | Other Land,Boreal,Dry,Southern Asia,Other Land,0,0,#N/A,#N/A,,,,
,Boreal | Dry | Southern Asia | Olive,Boreal,Dry,Southern Asia,Olive,0.46,0.46,0.3358,0.5842,,,,
,Boreal | Dry | Southern Asia | Orchard,Boreal,Dry,Southern Asia,Orchard,0.43,0.43,0.2322,0.6278,,,,
,Boreal | Dry | Southern Asia | Short Rotation Coppice,Boreal,Dry,Southern Asia,Short Rotation Coppice,3.2,3.2,1.92,4.48,,,,
,Boreal | Dry | Southern Asia | Tea,Boreal,Dry,Southern Asia,Tea,0.7,0.7,0.525,0.875,,,,
,Boreal | Dry | Southern Asia | Vine,Boreal,Dry,Southern Asia,Vine,0.28,0.28,0.2072,0.3528,,,,
,Boreal | Dry | Southern Asia | Oil Palm,Boreal,Dry,Southern Asia,Oil Palm,0,0,#N/A,#N/A,,,,
,Boreal | Dry | Southern Asia | Rubber,Boreal,Dry,Southern Asia,Rubber,0,0,#N/A,#N/A,,,,
,Boreal | Dry | Western Asia | Grains,Boreal,Dry,Western Asia,Grains,4.7,4.7,1.175,8.225,,,,
,Boreal | Dry | Western Asia | Maize,Boreal,Dry,Western Asia,Maize,4.7,4.7,1.175,8.225,,,,
,Boreal | Dry | Western Asia | Sugarcane,Boreal,Dry,Western Asia,Sugarcane,4.7,4.7,1.175,8.225,,,,
,Boreal | Dry | Western Asia | Wheat,Boreal,Dry,Western Asia,Wheat,4.7,4.7,1.175,8.225,,,,
,Boreal | Dry | Western Asia | Beans & Pulses,Boreal,Dry,Western Asia,Beans & Pulses,4.7,4.7,1.175,8.225,,,,
,Boreal | Dry | Western Asia | Tubers,Boreal,Dry,Western Asia,Tubers,4.7,4.7,1.175,8.225,,,,
,Boreal | Dry | Western Asia | Root Crops,Boreal,Dry,Western Asia,Root Crops,4.7,4.7,1.175,8.225,,,,
,Boreal | Dry | Western Asia | Barley,Boreal,Dry,Western Asia,Barley,4.7,4.7,1.175,8.225,,,,
,Boreal | Dry | Western Asia | Oats,Boreal,Dry,Western Asia,Oats,4.7,4.7,1.175,8.225,,,,
,Boreal | Dry | Western Asia | Millet,Boreal,Dry,Western Asia,Millet,4.7,4.7,1.175,8.225,,,,
,Boreal | Dry | Western Asia | Sorghum,Boreal,Dry,Western Asia,Sorghum,4.7,4.7,1.175,8.225,,,,
,Boreal | Dry | Western Asia | Rye,Boreal,Dry,Western Asia,Rye,4.7,4.7,1.175,8.225,,,,
,Boreal | Dry | Western Asia | Soybeans,Boreal,Dry,Western Asia,Soybeans,4.7,4.7,1.175,8.225,,,,
,Boreal | Dry | Western Asia | Dry Bean,Boreal,Dry,Western Asia,Dry Bean,4.7,4.7,1.175,8.225,,,,
,Boreal | Dry | Western Asia | Potatoes,Boreal,Dry,Western Asia,Potatoes,4.7,4.7,1.175,8.225,,,,
,Boreal | Dry | Western Asia | Peanuts,Boreal,Dry,Western Asia,Peanuts,4.7,4.7,1.175,8.225,,,,
,Boreal | Dry | Western Asia | Vegetables,Boreal,Dry,Western Asia,Vegetables,4.7,4.7,1.175,8.225,,,,
,Boreal | Dry | Western Asia | Oilseeds,Boreal,Dry,Western Asia,Oilseeds,4.7,4.7,1.175,8.225,,,,
,Boreal | Dry | Western Asia | Groundnuts,Boreal,Dry,Western Asia,Groundnuts,4.7,4.7,1.175,8.225,,,,
,Boreal | Dry | Western Asia | Annual Cropland,Boreal,Dry,Western Asia,Annual Cropland,4.7,4.7,1.175,8.225,,,,
,Boreal | Dry | Western Asia | Set Aside,Boreal,Dry,Western Asia,Set Aside,4.7,4.7,1.175,8.225,,,,
,Boreal | Dry | Western Asia | Flooded Rice,Boreal,Dry,Western Asia,Flooded Rice,4.7,4.7,1.175,8.225,,,,
,Boreal | Dry | Western Asia | Grassland,Boreal,Dry,Western Asia,Grassland,3.995,3.995,0.99875,6.99125,,,,
,Boreal | Dry | Western Asia | Other Land (Non-Vegetated),Boreal,Dry,Western Asia,Other Land (Non-Vegetated),0,0,#N/A,#N/A,,,,
,Boreal | Dry | Western Asia | Settlement,Boreal,Dry,Western Asia,Settlement,0,0,#N/A,#N/A,,,,
,Boreal | Dry | Western Asia | Agroforestry - Default,Boreal,Dry,Western Asia,Agroforestry - Default,1.756666667,2.04375,1.30395,2.78355,,,,
,Boreal | Dry | Western Asia | Hedgerow,Boreal,Dry,Western Asia,Hedgerow,1.1,0.98,0.5537,1.4063,,,,
,Boreal | Dry | Western Asia | Silvoarable,Boreal,Dry,Western Asia,Silvoarable,1.14,1.8,1.3086,2.2914,,,,
,Boreal | Dry | Western Asia | Silvopasture,Boreal,Dry,Western Asia,Silvopasture,3.03,3.12,1.9084,4.3316,,,,
,Boreal | Dry | Western Asia | Other Land,Boreal,Dry,Western Asia,Other Land,0,0,#N/A,#N/A,,,,
,Boreal | Dry | Western Asia | Olive,Boreal,Dry,Western Asia,Olive,0.46,0.46,0.3358,0.5842,,,,
,Boreal | Dry | Western Asia | Orchard,Boreal,Dry,Western Asia,Orchard,0.43,0.43,0.2322,0.6278,,,,
,Boreal | Dry | Western Asia | Short Rotation Coppice,Boreal,Dry,Western Asia,Short Rotation Coppice,3.2,3.2,1.92,4.48,,,,
,Boreal | Dry | Western Asia | Tea,Boreal,Dry,Western Asia,Tea,0.7,0.7,0.525,0.875,,,,
,Boreal | Dry | Western Asia | Vine,Boreal,Dry,Western Asia,Vine,0.28,0.28,0.2072,0.3528,,,,
,Boreal | Dry | Western Asia | Oil Palm,Boreal,Dry,Western Asia,Oil Palm,0,0,#N/A,#N/A,,,,
,Boreal | Dry | Western Asia | Rubber,Boreal,Dry,Western Asia,Rubber,0,0,#N/A,#N/A,,,,
,Boreal | Dry | Europe | Grains,Boreal,Dry,Europe,Grains,4.7,4.7,1.175,8.225,,,,
,Boreal | Dry | Europe | Maize,Boreal,Dry,Europe,Maize,4.7,4.7,1.175,8.225,,,,
,Boreal | Dry | Europe | Sugarcane,Boreal,Dry,Europe,Sugarcane,4.7,4.7,1.175,8.225,,,,
,Boreal | Dry | Europe | Wheat,Boreal,Dry,Europe,Wheat,4.7,4.7,1.175,8.225,,,,
,Boreal | Dry | Europe | Beans & Pulses,Boreal,Dry,Europe,Beans & Pulses,4.7,4.7,1.175,8.225,,,,
,Boreal | Dry | Europe | Tubers,Boreal,Dry,Europe,Tubers,4.7,4.7,1.175,8.225,,,,
,Boreal | Dry | Europe | Root Crops,Boreal,Dry,Europe,Root Crops,4.7,4.7,1.175,8.225,,,,
,Boreal | Dry | Europe | Barley,Boreal,Dry,Europe,Barley,4.7,4.7,1.175,8.225,,,,
,Boreal | Dry | Europe | Oats,Boreal,Dry,Europe,Oats,4.7,4.7,1.175,8.225,,,,
,Boreal | Dry | Europe | Millet,Boreal,Dry,Europe,Millet,4.7,4.7,1.175,8.225,,,,
,Boreal | Dry | Europe | Sorghum,Boreal,Dry,Europe,Sorghum,4.7,4.7,1.175,8.225,,,,
,Boreal | Dry | Europe | Rye,Boreal,Dry,Europe,Rye,4.7,4.7,1.175,8.225,,,,
,Boreal | Dry | Europe | Soybeans,Boreal,Dry,Europe,Soybeans,4.7,4.7,1.175,8.225,,,,
,Boreal | Dry | Europe | Dry Bean,Boreal,Dry,Europe,Dry Bean,4.7,4.7,1.175,8.225,,,,
,Boreal | Dry | Europe | Potatoes,Boreal,Dry,Europe,Potatoes,4.7,4.7,1.175,8.225,,,,
,Boreal | Dry | Europe | Peanuts,Boreal,Dry,Europe,Peanuts,4.7,4.7,1.175,8.225,,,,
,Boreal | Dry | Europe | Vegetables,Boreal,Dry,Europe,Vegetables,4.7,4.7,1.175,8.225,,,,
,Boreal | Dry | Europe | Oilseeds,Boreal,Dry,Europe,Oilseeds,4.7,4.7,1.175,8.225,,,,
,Boreal | Dry | Europe | Groundnuts,Boreal,Dry,Europe,Groundnuts,4.7,4.7,1.175,8.225,,,,
,Boreal | Dry | Europe | Annual Cropland,Boreal,Dry,Europe,Annual Cropland,4.7,4.7,1.175,8.225,,,,
,Boreal | Dry | Europe | Set Aside,Boreal,Dry,Europe,Set Aside,4.7,4.7,1.175,8.225,,,,
,Boreal | Dry | Europe | Flooded Rice,Boreal,Dry,Europe,Flooded Rice,4.7,4.7,1.175,8.225,,,,
,Boreal | Dry | Europe | Grassland,Boreal,Dry,Europe,Grassland,3.995,3.995,0.99875,6.99125,,,,
,Boreal | Dry | Europe | Other Land (Non-Vegetated),Boreal,Dry,Europe,Other Land (Non-Vegetated),0,0,#N/A,#N/A,,,,
,Boreal | Dry | Europe | Settlement,Boreal,Dry,Europe,Settlement,0,0,#N/A,#N/A,,,,
,Boreal | Dry | Europe | Agroforestry - Default,Boreal,Dry,Europe,Agroforestry - Default,1.756666667,2.04375,1.30395,2.78355,,,,
,Boreal | Dry | Europe | Hedgerow,Boreal,Dry,Europe,Hedgerow,1.1,0.98,0.5537,1.4063,,,,
,Boreal | Dry | Europe | Silvoarable,Boreal,Dry,Europe,Silvoarable,1.14,1.8,1.3086,2.2914,,,,
,Boreal | Dry | Europe | Silvopasture,Boreal,Dry,Europe,Silvopasture,3.03,3.12,1.9084,4.3316,,,,
,Boreal | Dry | Europe | Other Land,Boreal,Dry,Europe,Other Land,0,0,#N/A,#N/A,,,,
,Boreal | Dry | Europe | Olive,Boreal,Dry,Europe,Olive,0.46,0.46,0.3358,0.5842,,,,
,Boreal | Dry | Europe | Orchard,Boreal,Dry,Europe,Orchard,0.43,0.43,0.2322,0.6278,,,,
,Boreal | Dry | Europe | Short Rotation Coppice,Boreal,Dry,Europe,Short Rotation Coppice,3.2,3.2,1.92,4.48,,,,
,Boreal | Dry | Europe | Tea,Boreal,Dry,Europe,Tea,0.7,0.7,0.525,0.875,,,,
,Boreal | Dry | Europe | Vine,Boreal,Dry,Europe,Vine,0.28,0.28,0.2072,0.3528,,,,
,Boreal | Dry | Europe | Oil Palm,Boreal,Dry,Europe,Oil Palm,0,0,#N/A,#N/A,,,,
,Boreal | Dry | Europe | Rubber,Boreal,Dry,Europe,Rubber,0,0,#N/A,#N/A,,,,
,Boreal | Dry | Oceania | Grains,Boreal,Dry,Oceania,Grains,4.7,4.7,1.175,8.225,,,,
,Boreal | Dry | Oceania | Maize,Boreal,Dry,Oceania,Maize,4.7,4.7,1.175,8.225,,,,
,Boreal | Dry | Oceania | Sugarcane,Boreal,Dry,Oceania,Sugarcane,4.7,4.7,1.175,8.225,,,,
,Boreal | Dry | Oceania | Wheat,Boreal,Dry,Oceania,Wheat,4.7,4.7,1.175,8.225,,,,
,Boreal | Dry | Oceania | Beans & Pulses,Boreal,Dry,Oceania,Beans & Pulses,4.7,4.7,1.175,8.225,,,,
,Boreal | Dry | Oceania | Tubers,Boreal,Dry,Oceania,Tubers,4.7,4.7,1.175,8.225,,,,
,Boreal | Dry | Oceania | Root Crops,Boreal,Dry,Oceania,Root Crops,4.7,4.7,1.175,8.225,,,,
,Boreal | Dry | Oceania | Barley,Boreal,Dry,Oceania,Barley,4.7,4.7,1.175,8.225,,,,
,Boreal | Dry | Oceania | Oats,Boreal,Dry,Oceania,Oats,4.7,4.7,1.175,8.225,,,,
,Boreal | Dry | Oceania | Millet,Boreal,Dry,Oceania,Millet,4.7,4.7,1.175,8.225,,,,
,Boreal | Dry | Oceania | Sorghum,Boreal,Dry,Oceania,Sorghum,4.7,4.7,1.175,8.225,,,,
,Boreal | Dry | Oceania | Rye,Boreal,Dry,Oceania,Rye,4.7,4.7,1.175,8.225,,,,
,Boreal | Dry | Oceania | Soybeans,Boreal,Dry,Oceania,Soybeans,4.7,4.7,1.175,8.225,,,,
,Boreal | Dry | Oceania | Dry Bean,Boreal,Dry,Oceania,Dry Bean,4.7,4.7,1.175,8.225,,,,
,Boreal | Dry | Oceania | Potatoes,Boreal,Dry,Oceania,Potatoes,4.7,4.7,1.175,8.225,,,,
,Boreal | Dry | Oceania | Peanuts,Boreal,Dry,Oceania,Peanuts,4.7,4.7,1.175,8.225,,,,
,Boreal | Dry | Oceania | Vegetables,Boreal,Dry,Oceania,Vegetables,4.7,4.7,1.175,8.225,,,,
,Boreal | Dry | Oceania | Oilseeds,Boreal,Dry,Oceania,Oilseeds,4.7,4.7,1.175,8.225,,,,
,Boreal | Dry | Oceania | Groundnuts,Boreal,Dry,Oceania,Groundnuts,4.7,4.7,1.175,8.225,,,,
,Boreal | Dry | Oceania | Annual Cropland,Boreal,Dry,Oceania,Annual Cropland,4.7,4.7,1.175,8.225,,,,
,Boreal | Dry | Oceania | Set Aside,Boreal,Dry,Oceania,Set Aside,4.7,4.7,1.175,8.225,,,,
,Boreal | Dry | Oceania | Flooded Rice,Boreal,Dry,Oceania,Flooded Rice,4.7,4.7,1.175,8.225,,,,
,Boreal | Dry | Oceania | Grassland,Boreal,Dry,Oceania,Grassland,3.995,3.995,0.99875,6.99125,,,,
,Boreal | Dry | Oceania | Other Land (Non-Vegetated),Boreal,Dry,Oceania,Other Land (Non-Vegetated),0,0,#N/A,#N/A,,,,
,Boreal | Dry | Oceania | Settlement,Boreal,Dry,Oceania,Settlement,0,0,#N/A,#N/A,,,,
,Boreal | Dry | Oceania | Agroforestry - Default,Boreal,Dry,Oceania,Agroforestry - Default,1.756666667,2.04375,1.30395,2.78355,,,,
,Boreal | Dry | Oceania | Hedgerow,Boreal,Dry,Oceania,Hedgerow,1.1,0.98,0.5537,1.4063,,,,
,Boreal | Dry | Oceania | Silvoarable,Boreal,Dry,Oceania,Silvoarable,1.14,1.8,1.3086,2.2914,,,,
,Boreal | Dry | Oceania | Silvopasture,Boreal,Dry,Oceania,Silvopasture,3.03,3.12,1.9084,4.3316,,,,
,Boreal | Dry | Oceania | Other Land,Boreal,Dry,Oceania,Other Land,0,0,#N/A,#N/A,,,,
,Boreal | Dry | Oceania | Olive,Boreal,Dry,Oceania,Olive,0.46,0.46,0.3358,0.5842,,,,
,Boreal | Dry | Oceania | Orchard,Boreal,Dry,Oceania,Orchard,0.43,0.43,0.2322,0.6278,,,,
,Boreal | Dry | Oceania | Short Rotation Coppice,Boreal,Dry,Oceania,Short Rotation Coppice,3.2,3.2,1.92,4.48,,,,
,Boreal | Dry | Oceania | Tea,Boreal,Dry,Oceania,Tea,0.7,0.7,0.525,0.875,,,,
,Boreal | Dry | Oceania | Vine,Boreal,Dry,Oceania,Vine,0.28,0.28,0.2072,0.3528,,,,
,Boreal | Dry | Oceania | Oil Palm,Boreal,Dry,Oceania,Oil Palm,0,0,#N/A,#N/A,,,,
,Boreal | Dry | Oceania | Rubber,Boreal,Dry,Oceania,Rubber,0,0,#N/A,#N/A,,,,
,Boreal | Dry | North America | Grains,Boreal,Dry,North America,Grains,4.7,4.7,1.175,8.225,,,,
,Boreal | Dry | North America | Maize,Boreal,Dry,North America,Maize,4.7,4.7,1.175,8.225,,,,
,Boreal | Dry | North America | Sugarcane,Boreal,Dry,North America,Sugarcane,4.7,4.7,1.175,8.225,,,,
,Boreal | Dry | North America | Wheat,Boreal,Dry,North America,Wheat,4.7,4.7,1.175,8.225,,,,
,Boreal | Dry | North America | Beans & Pulses,Boreal,Dry,North America,Beans & Pulses,4.7,4.7,1.175,8.225,,,,
,Boreal | Dry | North America | Tubers,Boreal,Dry,North America,Tubers,4.7,4.7,1.175,8.225,,,,
,Boreal | Dry | North America | Root Crops,Boreal,Dry,North America,Root Crops,4.7,4.7,1.175,8.225,,,,
,Boreal | Dry | North America | Barley,Boreal,Dry,North America,Barley,4.7,4.7,1.175,8.225,,,,
,Boreal | Dry | North America | Oats,Boreal,Dry,North America,Oats,4.7,4.7,1.175,8.225,,,,
,Boreal | Dry | North America | Millet,Boreal,Dry,North America,Millet,4.7,4.7,1.175,8.225,,,,
,Boreal | Dry | North America | Sorghum,Boreal,Dry,North America,Sorghum,4.7,4.7,1.175,8.225,,,,
,Boreal | Dry | North America | Rye,Boreal,Dry,North America,Rye,4.7,4.7,1.175,8.225,,,,
,Boreal | Dry | North America | Soybeans,Boreal,Dry,North America,Soybeans,4.7,4.7,1.175,8.225,,,,
,Boreal | Dry | North America | Dry Bean,Boreal,Dry,North America,Dry Bean,4.7,4.7,1.175,8.225,,,,
,Boreal | Dry | North America | Potatoes,Boreal,Dry,North America,Potatoes,4.7,4.7,1.175,8.225,,,,
,Boreal | Dry | North America | Peanuts,Boreal,Dry,North America,Peanuts,4.7,4.7,1.175,8.225,,,,
,Boreal | Dry | North America | Vegetables,Boreal,Dry,North America,Vegetables,4.7,4.7,1.175,8.225,,,,
,Boreal | Dry | North America | Oilseeds,Boreal,Dry,North America,Oilseeds,4.7,4.7,1.175,8.225,,,,
,Boreal | Dry | North America | Groundnuts,Boreal,Dry,North America,Groundnuts,4.7,4.7,1.175,8.225,,,,
,Boreal | Dry | North America | Annual Cropland,Boreal,Dry,North America,Annual Cropland,4.7,4.7,1.175,8.225,,,,
,Boreal | Dry | North America | Set Aside,Boreal,Dry,North America,Set Aside,4.7,4.7,1.175,8.225,,,,
,Boreal | Dry | North America | Flooded Rice,Boreal,Dry,North America,Flooded Rice,4.7,4.7,1.175,8.225,,,,
,Boreal | Dry | North America | Grassland,Boreal,Dry,North America,Grassland,3.995,3.995,0.99875,6.99125,,,,
,Boreal | Dry | North America | Other Land (Non-Vegetated),Boreal,Dry,North America,Other Land (Non-Vegetated),0,0,#N/A,#N/A,,,,
,Boreal | Dry | North America | Settlement,Boreal,Dry,North America,Settlement,0,0,#N/A,#N/A,,,,
,Boreal | Dry | North America | Agroforestry - Default,Boreal,Dry,North America,Agroforestry - Default,1.756666667,2.04375,1.30395,2.78355,,,,
,Boreal | Dry | North America | Hedgerow,Boreal,Dry,North America,Hedgerow,1.1,0.98,0.5537,1.4063,,,,
,Boreal | Dry | North America | Silvoarable,Boreal,Dry,North America,Silvoarable,1.14,1.8,1.3086,2.2914,,,,
,Boreal | Dry | North America | Silvopasture,Boreal,Dry,North America,Silvopasture,3.03,3.12,1.9084,4.3316,,,,
,Boreal | Dry | North America | Other Land,Boreal,Dry,North America,Other Land,0,0,#N/A,#N/A,,,,
,Boreal | Dry | North America | Olive,Boreal,Dry,North America,Olive,0.46,0.46,0.3358,0.5842,,,,
,Boreal | Dry | North America | Orchard,Boreal,Dry,North America,Orchard,0.43,0.43,0.2322,0.6278,,,,
,Boreal | Dry | North America | Short Rotation Coppice,Boreal,Dry,North America,Short Rotation Coppice,3.2,3.2,1.92,4.48,,,,
,Boreal | Dry | North America | Tea,Boreal,Dry,North America,Tea,0.7,0.7,0.525,0.875,,,,
,Boreal | Dry | North America | Vine,Boreal,Dry,North America,Vine,0.28,0.28,0.2072,0.3528,,,,
,Boreal | Dry | North America | Oil Palm,Boreal,Dry,North America,Oil Palm,0,0,#N/A,#N/A,,,,
,Boreal | Dry | North America | Rubber,Boreal,Dry,North America,Rubber,0,0,#N/A,#N/A,,,,
,Boreal | Dry | South America | Grains,Boreal,Dry,South America,Grains,4.7,4.7,1.175,8.225,,,,
,Boreal | Dry | South America | Maize,Boreal,Dry,South America,Maize,4.7,4.7,1.175,8.225,,,,
,Boreal | Dry | South America | Sugarcane,Boreal,Dry,South America,Sugarcane,4.7,4.7,1.175,8.225,,,,
,Boreal | Dry | South America | Wheat,Boreal,Dry,South America,Wheat,4.7,4.7,1.175,8.225,,,,
,Boreal | Dry | South America | Beans & Pulses,Boreal,Dry,South America,Beans & Pulses,4.7,4.7,1.175,8.225,,,,
,Boreal | Dry | South America | Tubers,Boreal,Dry,South America,Tubers,4.7,4.7,1.175,8.225,,,,
,Boreal | Dry | South America | Root Crops,Boreal,Dry,South America,Root Crops,4.7,4.7,1.175,8.225,,,,
,Boreal | Dry | South America | Barley,Boreal,Dry,South America,Barley,4.7,4.7,1.175,8.225,,,,
,Boreal | Dry | South America | Oats,Boreal,Dry,South America,Oats,4.7,4.7,1.175,8.225,,,,
,Boreal | Dry | South America | Millet,Boreal,Dry,South America,Millet,4.7,4.7,1.175,8.225,,,,
,Boreal | Dry | South America | Sorghum,Boreal,Dry,South America,Sorghum,4.7,4.7,1.175,8.225,,,,
,Boreal | Dry | South America | Rye,Boreal,Dry,South America,Rye,4.7,4.7,1.175,8.225,,,,
,Boreal | Dry | South America | Soybeans,Boreal,Dry,South America,Soybeans,4.7,4.7,1.175,8.225,,,,
,Boreal | Dry | South America | Dry Bean,Boreal,Dry,South America,Dry Bean,4.7,4.7,1.175,8.225,,,,
,Boreal | Dry | South America | Potatoes,Boreal,Dry,South America,Potatoes,4.7,4.7,1.175,8.225,,,,
,Boreal | Dry | South America | Peanuts,Boreal,Dry,South America,Peanuts,4.7,4.7,1.175,8.225,,,,
,Boreal | Dry | South America | Vegetables,Boreal,Dry,South America,Vegetables,4.7,4.7,1.175,8.225,,,,
,Boreal | Dry | South America | Oilseeds,Boreal,Dry,South America,Oilseeds,4.7,4.7,1.175,8.225,,,,
,Boreal | Dry | South America | Groundnuts,Boreal,Dry,South America,Groundnuts,4.7,4.7,1.175,8.225,,,,
,Boreal | Dry | South America | Annual Cropland,Boreal,Dry,South America,Annual Cropland,4.7,4.7,1.175,8.225,,,,
,Boreal | Dry | South America | Set Aside,Boreal,Dry,South America,Set Aside,4.7,4.7,1.175,8.225,,,,
,Boreal | Dry | South America | Flooded Rice,Boreal,Dry,South America,Flooded Rice,4.7,4.7,1.175,8.225,,,,
,Boreal | Dry | South America | Grassland,Boreal,Dry,South America,Grassland,3.995,3.995,0.99875,6.99125,,,,
,Boreal | Dry | South America | Other Land (Non-Vegetated),Boreal,Dry,South America,Other Land (Non-Vegetated),0,0,#N/A,#N/A,,,,
,Boreal | Dry | South America | Settlement,Boreal,Dry,South America,Settlement,0,0,#N/A,#N/A,,,,
,Boreal | Dry | South America | Agroforestry - Default,Boreal,Dry,South America,Agroforestry - Default,1.756666667,2.04375,1.30395,2.78355,,,,
,Boreal | Dry | South America | Hedgerow,Boreal,Dry,South America,Hedgerow,1.1,0.98,0.5537,1.4063,,,,
,Boreal | Dry | South America | Silvoarable,Boreal,Dry,South America,Silvoarable,1.14,1.8,1.3086,2.2914,,,,
,Boreal | Dry | South America | Silvopasture,Boreal,Dry,South America,Silvopasture,3.03,3.12,1.9084,4.3316,,,,
,Boreal | Dry | South America | Other Land,Boreal,Dry,South America,Other Land,0,0,#N/A,#N/A,,,,
,Boreal | Dry | South America | Olive,Boreal,Dry,South America,Olive,0.46,0.46,0.3358,0.5842,,,,
,Boreal | Dry | South America | Orchard,Boreal,Dry,South America,Orchard,0.43,0.43,0.2322,0.6278,,,,
,Boreal | Dry | South America | Short Rotation Coppice,Boreal,Dry,South America,Short Rotation Coppice,3.2,3.2,1.92,4.48,,,,
,Boreal | Dry | South America | Tea,Boreal,Dry,South America,Tea,0.7,0.7,0.525,0.875,,,,
,Boreal | Dry | South America | Vine,Boreal,Dry,South America,Vine,0.28,0.28,0.2072,0.3528,,,,
,Boreal | Dry | South America | Oil Palm,Boreal,Dry,South America,Oil Palm,0,0,#N/A,#N/A,,,,
,Boreal | Dry | South America | Rubber,Boreal,Dry,South America,Rubber,0,0,#N/A,#N/A,,,,
,Boreal | Dry | Central America | Grains,Boreal,Dry,Central America,Grains,4.7,4.7,1.175,8.225,,,,
,Boreal | Dry | Central America | Maize,Boreal,Dry,Central America,Maize,4.7,4.7,1.175,8.225,,,,
,Boreal | Dry | Central America | Sugarcane,Boreal,Dry,Central America,Sugarcane,4.7,4.7,1.175,8.225,,,,
,Boreal | Dry | Central America | Wheat,Boreal,Dry,Central America,Wheat,4.7,4.7,1.175,8.225,,,,
,Boreal | Dry | Central America | Beans & Pulses,Boreal,Dry,Central America,Beans & Pulses,4.7,4.7,1.175,8.225,,,,
,Boreal | Dry | Central America | Tubers,Boreal,Dry,Central America,Tubers,4.7,4.7,1.175,8.225,,,,
,Boreal | Dry | Central America | Root Crops,Boreal,Dry,Central America,Root Crops,4.7,4.7,1.175,8.225,,,,
,Boreal | Dry | Central America | Barley,Boreal,Dry,Central America,Barley,4.7,4.7,1.175,8.225,,,,
,Boreal | Dry | Central America | Oats,Boreal,Dry,Central America,Oats,4.7,4.7,1.175,8.225,,,,
,Boreal | Dry | Central America | Millet,Boreal,Dry,Central America,Millet,4.7,4.7,1.175,8.225,,,,
,Boreal | Dry | Central America | Sorghum,Boreal,Dry,Central America,Sorghum,4.7,4.7,1.175,8.225,,,,
,Boreal | Dry | Central America | Rye,Boreal,Dry,Central America,Rye,4.7,4.7,1.175,8.225,,,,
,Boreal | Dry | Central America | Soybeans,Boreal,Dry,Central America,Soybeans,4.7,4.7,1.175,8.225,,,,
,Boreal | Dry | Central America | Dry Bean,Boreal,Dry,Central America,Dry Bean,4.7,4.7,1.175,8.225,,,,
,Boreal | Dry | Central America | Potatoes,Boreal,Dry,Central America,Potatoes,4.7,4.7,1.175,8.225,,,,
,Boreal | Dry | Central America | Peanuts,Boreal,Dry,Central America,Peanuts,4.7,4.7,1.175,8.225,,,,
,Boreal | Dry | Central America | Vegetables,Boreal,Dry,Central America,Vegetables,4.7,4.7,1.175,8.225,,,,
,Boreal | Dry | Central America | Oilseeds,Boreal,Dry,Central America,Oilseeds,4.7,4.7,1.175,8.225,,,,
,Boreal | Dry | Central America | Groundnuts,Boreal,Dry,Central America,Groundnuts,4.7,4.7,1.175,8.225,,,,
,Boreal | Dry | Central America | Annual Cropland,Boreal,Dry,Central America,Annual Cropland,4.7,4.7,1.175,8.225,,,,
,Boreal | Dry | Central America | Set Aside,Boreal,Dry,Central America,Set Aside,4.7,4.7,1.175,8.225,,,,
,Boreal | Dry | Central America | Flooded Rice,Boreal,Dry,Central America,Flooded Rice,4.7,4.7,1.175,8.225,,,,
,Boreal | Dry | Central America | Grassland,Boreal,Dry,Central America,Grassland,3.995,3.995,0.99875,6.99125,,,,
,Boreal | Dry | Central America | Other Land (Non-Vegetated),Boreal,Dry,Central America,Other Land (Non-Vegetated),0,0,#N/A,#N/A,,,,
,Boreal | Dry | Central America | Settlement,Boreal,Dry,Central America,Settlement,0,0,#N/A,#N/A,,,,
,Boreal | Dry | Central America | Agroforestry - Default,Boreal,Dry,Central America,Agroforestry - Default,1.756666667,2.04375,1.30395,2.78355,,,,
,Boreal | Dry | Central America | Hedgerow,Boreal,Dry,Central America,Hedgerow,1.1,0.98,0.5537,1.4063,,,,
,Boreal | Dry | Central America | Silvoarable,Boreal,Dry,Central America,Silvoarable,1.14,1.8,1.3086,2.2914,,,,
,Boreal | Dry | Central America | Silvopasture,Boreal,Dry,Central America,Silvopasture,3.03,3.12,1.9084,4.3316,,,,
,Boreal | Dry | Central America | Other Land,Boreal,Dry,Central America,Other Land,0,0,#N/A,#N/A,,,,
,Boreal | Dry | Central America | Olive,Boreal,Dry,Central America,Olive,0.46,0.46,0.3358,0.5842,,,,
,Boreal | Dry | Central America | Orchard,Boreal,Dry,Central America,Orchard,0.43,0.43,0.2322,0.6278,,,,
,Boreal | Dry | Central America | Short Rotation Coppice,Boreal,Dry,Central America,Short Rotation Coppice,3.2,3.2,1.92,4.48,,,,
,Boreal | Dry | Central America | Tea,Boreal,Dry,Central America,Tea,0.7,0.7,0.525,0.875,,,,
,Boreal | Dry | Central America | Vine,Boreal,Dry,Central America,Vine,0.28,0.28,0.2072,0.3528,,,,
,Boreal | Dry | Central America | Oil Palm,Boreal,Dry,Central America,Oil Palm,0,0,#N/A,#N/A,,,,
,Boreal | Dry | Central America | Rubber,Boreal,Dry,Central America,Rubber,0,0,#N/A,#N/A,,,,
,Boreal | Dry | Caribbean | Grains,Boreal,Dry,Caribbean,Grains,4.7,4.7,1.175,8.225,,,,
,Boreal | Dry | Caribbean | Maize,Boreal,Dry,Caribbean,Maize,4.7,4.7,1.175,8.225,,,,
,Boreal | Dry | Caribbean | Sugarcane,Boreal,Dry,Caribbean,Sugarcane,4.7,4.7,1.175,8.225,,,,
,Boreal | Dry | Caribbean | Wheat,Boreal,Dry,Caribbean,Wheat,4.7,4.7,1.175,8.225,,,,
,Boreal | Dry | Caribbean | Beans & Pulses,Boreal,Dry,Caribbean,Beans & Pulses,4.7,4.7,1.175,8.225,,,,
,Boreal | Dry | Caribbean | Tubers,Boreal,Dry,Caribbean,Tubers,4.7,4.7,1.175,8.225,,,,
,Boreal | Dry | Caribbean | Root Crops,Boreal,Dry,Caribbean,Root Crops,4.7,4.7,1.175,8.225,,,,
,Boreal | Dry | Caribbean | Barley,Boreal,Dry,Caribbean,Barley,4.7,4.7,1.175,8.225,,,,
,Boreal | Dry | Caribbean | Oats,Boreal,Dry,Caribbean,Oats,4.7,4.7,1.175,8.225,,,,
,Boreal | Dry | Caribbean | Millet,Boreal,Dry,Caribbean,Millet,4.7,4.7,1.175,8.225,,,,
,Boreal | Dry | Caribbean | Sorghum,Boreal,Dry,Caribbean,Sorghum,4.7,4.7,1.175,8.225,,,,
,Boreal | Dry | Caribbean | Rye,Boreal,Dry,Caribbean,Rye,4.7,4.7,1.175,8.225,,,,
,Boreal | Dry | Caribbean | Soybeans,Boreal,Dry,Caribbean,Soybeans,4.7,4.7,1.175,8.225,,,,
,Boreal | Dry | Caribbean | Dry Bean,Boreal,Dry,Caribbean,Dry Bean,4.7,4.7,1.175,8.225,,,,
,Boreal | Dry | Caribbean | Potatoes,Boreal,Dry,Caribbean,Potatoes,4.7,4.7,1.175,8.225,,,,
,Boreal | Dry | Caribbean | Peanuts,Boreal,Dry,Caribbean,Peanuts,4.7,4.7,1.175,8.225,,,,
,Boreal | Dry | Caribbean | Vegetables,Boreal,Dry,Caribbean,Vegetables,4.7,4.7,1.175,8.225,,,,
,Boreal | Dry | Caribbean | Oilseeds,Boreal,Dry,Caribbean,Oilseeds,4.7,4.7,1.175,8.225,,,,
,Boreal | Dry | Caribbean | Groundnuts,Boreal,Dry,Caribbean,Groundnuts,4.7,4.7,1.175,8.225,,,,
,Boreal | Dry | Caribbean | Annual Cropland,Boreal,Dry,Caribbean,Annual Cropland,4.7,4.7,1.175,8.225,,,,
,Boreal | Dry | Caribbean | Set Aside,Boreal,Dry,Caribbean,Set Aside,4.7,4.7,1.175,8.225,,,,
,Boreal | Dry | Caribbean | Flooded Rice,Boreal,Dry,Caribbean,Flooded Rice,4.7,4.7,1.175,8.225,,,,
,Boreal | Dry | Caribbean | Grassland,Boreal,Dry,Caribbean,Grassland,3.995,3.995,0.99875,6.99125,,,,
,Boreal | Dry | Caribbean | Other Land (Non-Vegetated),Boreal,Dry,Caribbean,Other Land (Non-Vegetated),0,0,#N/A,#N/A,,,,
,Boreal | Dry | Caribbean | Settlement,Boreal,Dry,Caribbean,Settlement,0,0,#N/A,#N/A,,,,
,Boreal | Dry | Caribbean | Agroforestry - Default,Boreal,Dry,Caribbean,Agroforestry - Default,1.756666667,2.04375,1.30395,2.78355,,,,
,Boreal | Dry | Caribbean | Hedgerow,Boreal,Dry,Caribbean,Hedgerow,1.1,0.98,0.5537,1.4063,,,,
,Boreal | Dry | Caribbean | Silvoarable,Boreal,Dry,Caribbean,Silvoarable,1.14,1.8,1.3086,2.2914,,,,
,Boreal | Dry | Caribbean | Silvopasture,Boreal,Dry,Caribbean,Silvopasture,3.03,3.12,1.9084,4.3316,,,,
,Boreal | Dry | Caribbean | Other Land,Boreal,Dry,Caribbean,Other Land,0,0,#N/A,#N/A,,,,
,Boreal | Dry | Caribbean | Olive,Boreal,Dry,Caribbean,Olive,0.46,0.46,0.3358,0.5842,,,,
,Boreal | Dry | Caribbean | Orchard,Boreal,Dry,Caribbean,Orchard,0.43,0.43,0.2322,0.6278,,,,
,Boreal | Dry | Caribbean | Short Rotation Coppice,Boreal,Dry,Caribbean,Short Rotation Coppice,3.2,3.2,1.92,4.48,,,,
,Boreal | Dry | Caribbean | Tea,Boreal,Dry,Caribbean,Tea,0.7,0.7,0.525,0.875,,,,
,Boreal | Dry | Caribbean | Vine,Boreal,Dry,Caribbean,Vine,0.28,0.28,0.2072,0.3528,,,,
,Boreal | Dry | Caribbean | Oil Palm,Boreal,Dry,Caribbean,Oil Palm,0,0,#N/A,#N/A,,,,
,Boreal | Dry | Caribbean | Rubber,Boreal,Dry,Caribbean,Rubber,0,0,#N/A,#N/A,,,,
,Boreal | Moist | Eastern Africa | Grains,Boreal,Moist,Eastern Africa,Grains,4.7,4.7,1.175,8.225,,,,
,Boreal | Moist | Eastern Africa | Maize,Boreal,Moist,Eastern Africa,Maize,4.7,4.7,1.175,8.225,,,,
,Boreal | Moist | Eastern Africa | Sugarcane,Boreal,Moist,Eastern Africa,Sugarcane,4.7,4.7,1.175,8.225,,,,
,Boreal | Moist | Eastern Africa | Wheat,Boreal,Moist,Eastern Africa,Wheat,4.7,4.7,1.175,8.225,,,,
,Boreal | Moist | Eastern Africa | Beans & Pulses,Boreal,Moist,Eastern Africa,Beans & Pulses,4.7,4.7,1.175,8.225,,,,
,Boreal | Moist | Eastern Africa | Tubers,Boreal,Moist,Eastern Africa,Tubers,4.7,4.7,1.175,8.225,,,,
,Boreal | Moist | Eastern Africa | Root Crops,Boreal,Moist,Eastern Africa,Root Crops,4.7,4.7,1.175,8.225,,,,
,Boreal | Moist | Eastern Africa | Barley,Boreal,Moist,Eastern Africa,Barley,4.7,4.7,1.175,8.225,,,,
,Boreal | Moist | Eastern Africa | Oats,Boreal,Moist,Eastern Africa,Oats,4.7,4.7,1.175,8.225,,,,
,Boreal | Moist | Eastern Africa | Millet,Boreal,Moist,Eastern Africa,Millet,4.7,4.7,1.175,8.225,,,,
,Boreal | Moist | Eastern Africa | Sorghum,Boreal,Moist,Eastern Africa,Sorghum,4.7,4.7,1.175,8.225,,,,
,Boreal | Moist | Eastern Africa | Rye,Boreal,Moist,Eastern Africa,Rye,4.7,4.7,1.175,8.225,,,,
,Boreal | Moist | Eastern Africa | Soybeans,Boreal,Moist,Eastern Africa,Soybeans,4.7,4.7,1.175,8.225,,,,
,Boreal | Moist | Eastern Africa | Dry Bean,Boreal,Moist,Eastern Africa,Dry Bean,4.7,4.7,1.175,8.225,,,,
,Boreal | Moist | Eastern Africa | Potatoes,Boreal,Moist,Eastern Africa,Potatoes,4.7,4.7,1.175,8.225,,,,
,Boreal | Moist | Eastern Africa | Peanuts,Boreal,Moist,Eastern Africa,Peanuts,4.7,4.7,1.175,8.225,,,,
,Boreal | Moist | Eastern Africa | Vegetables,Boreal,Moist,Eastern Africa,Vegetables,4.7,4.7,1.175,8.225,,,,
,Boreal | Moist | Eastern Africa | Oilseeds,Boreal,Moist,Eastern Africa,Oilseeds,4.7,4.7,1.175,8.225,,,,
,Boreal | Moist | Eastern Africa | Groundnuts,Boreal,Moist,Eastern Africa,Groundnuts,4.7,4.7,1.175,8.225,,,,
,Boreal | Moist | Eastern Africa | Annual Cropland,Boreal,Moist,Eastern Africa,Annual Cropland,4.7,4.7,1.175,8.225,,,,
,Boreal | Moist | Eastern Africa | Set Aside,Boreal,Moist,Eastern Africa,Set Aside,4.7,4.7,1.175,8.225,,,,
,Boreal | Moist | Eastern Africa | Flooded Rice,Boreal,Moist,Eastern Africa,Flooded Rice,4.7,4.7,1.175,8.225,,,,
,Boreal | Moist | Eastern Africa | Grassland,Boreal,Moist,Eastern Africa,Grassland,3.995,3.995,0.99875,6.99125,,,,
,Boreal | Moist | Eastern Africa | Other Land (Non-Vegetated),Boreal,Moist,Eastern Africa,Other Land (Non-Vegetated),0,0,#N/A,#N/A,,,,
,Boreal | Moist | Eastern Africa | Settlement,Boreal,Moist,Eastern Africa,Settlement,0,0,#N/A,#N/A,,,,
,Boreal | Moist | Eastern Africa | Agroforestry - Default,Boreal,Moist,Eastern Africa,Agroforestry - Default,1.756666667,1.756666667,1.016866667,2.496466667,,,,
,Boreal | Moist | Eastern Africa | Hedgerow,Boreal,Moist,Eastern Africa,Hedgerow,1.1,1.1,0.6737,1.5263,,,,
,Boreal | Moist | Eastern Africa | Silvoarable,Boreal,Moist,Eastern Africa,Silvoarable,1.14,1.14,0.6486,1.6314,,,,
,Boreal | Moist | Eastern Africa | Silvopasture,Boreal,Moist,Eastern Africa,Silvopasture,3.03,3.03,1.8184,4.2416,,,,
,Boreal | Moist | Eastern Africa | Other Land,Boreal,Moist,Eastern Africa,Other Land,0,0,#N/A,#N/A,,,,
,Boreal | Moist | Eastern Africa | Olive,Boreal,Moist,Eastern Africa,Olive,0.46,0.46,0.3358,0.5842,,,,
,Boreal | Moist | Eastern Africa | Orchard,Boreal,Moist,Eastern Africa,Orchard,0.43,0.43,0.2322,0.6278,,,,
,Boreal | Moist | Eastern Africa | Short Rotation Coppice,Boreal,Moist,Eastern Africa,Short Rotation Coppice,3.2,3.2,1.92,4.48,,,,
,Boreal | Moist | Eastern Africa | Tea,Boreal,Moist,Eastern Africa,Tea,0.7,0.7,0.525,0.875,,,,
,Boreal | Moist | Eastern Africa | Vine,Boreal,Moist,Eastern Africa,Vine,0.28,0.28,0.2072,0.3528,,,,
,Boreal | Moist | Eastern Africa | Oil Palm,Boreal,Moist,Eastern Africa,Oil Palm,0,0,#N/A,#N/A,,,,
,Boreal | Moist | Eastern Africa | Rubber,Boreal,Moist,Eastern Africa,Rubber,0,0,#N/A,#N/A,,,,
,Boreal | Moist | Central Africa | Grains,Boreal,Moist,Central Africa,Grains,4.7,4.7,1.175,8.225,,,,
,Boreal | Moist | Central Africa | Maize,Boreal,Moist,Central Africa,Maize,4.7,4.7,1.175,8.225,,,,
,Boreal | Moist | Central Africa | Sugarcane,Boreal,Moist,Central Africa,Sugarcane,4.7,4.7,1.175,8.225,,,,
,Boreal | Moist | Central Africa | Wheat,Boreal,Moist,Central Africa,Wheat,4.7,4.7,1.175,8.225,,,,
,Boreal | Moist | Central Africa | Beans & Pulses,Boreal,Moist,Central Africa,Beans & Pulses,4.7,4.7,1.175,8.225,,,,
,Boreal | Moist | Central Africa | Tubers,Boreal,Moist,Central Africa,Tubers,4.7,4.7,1.175,8.225,,,,
,Boreal | Moist | Central Africa | Root Crops,Boreal,Moist,Central Africa,Root Crops,4.7,4.7,1.175,8.225,,,,
,Boreal | Moist | Central Africa | Barley,Boreal,Moist,Central Africa,Barley,4.7,4.7,1.175,8.225,,,,
,Boreal | Moist | Central Africa | Oats,Boreal,Moist,Central Africa,Oats,4.7,4.7,1.175,8.225,,,,
,Boreal | Moist | Central Africa | Millet,Boreal,Moist,Central Africa,Millet,4.7,4.7,1.175,8.225,,,,
,Boreal | Moist | Central Africa | Sorghum,Boreal,Moist,Central Africa,Sorghum,4.7,4.7,1.175,8.225,,,,
,Boreal | Moist | Central Africa | Rye,Boreal,Moist,Central Africa,Rye,4.7,4.7,1.175,8.225,,,,
,Boreal | Moist | Central Africa | Soybeans,Boreal,Moist,Central Africa,Soybeans,4.7,4.7,1.175,8.225,,,,
,Boreal | Moist | Central Africa | Dry Bean,Boreal,Moist,Central Africa,Dry Bean,4.7,4.7,1.175,8.225,,,,
,Boreal | Moist | Central Africa | Potatoes,Boreal,Moist,Central Africa,Potatoes,4.7,4.7,1.175,8.225,,,,
,Boreal | Moist | Central Africa | Peanuts,Boreal,Moist,Central Africa,Peanuts,4.7,4.7,1.175,8.225,,,,
,Boreal | Moist | Central Africa | Vegetables,Boreal,Moist,Central Africa,Vegetables,4.7,4.7,1.175,8.225,,,,
,Boreal | Moist | Central Africa | Oilseeds,Boreal,Moist,Central Africa,Oilseeds,4.7,4.7,1.175,8.225,,,,
,Boreal | Moist | Central Africa | Groundnuts,Boreal,Moist,Central Africa,Groundnuts,4.7,4.7,1.175,8.225,,,,
,Boreal | Moist | Central Africa | Annual Cropland,Boreal,Moist,Central Africa,Annual Cropland,4.7,4.7,1.175,8.225,,,,
,Boreal | Moist | Central Africa | Set Aside,Boreal,Moist,Central Africa,Set Aside,4.7,4.7,1.175,8.225,,,,
,Boreal | Moist | Central Africa | Flooded Rice,Boreal,Moist,Central Africa,Flooded Rice,4.7,4.7,1.175,8.225,,,,
,Boreal | Moist | Central Africa | Grassland,Boreal,Moist,Central Africa,Grassland,3.995,3.995,0.99875,6.99125,,,,
,Boreal | Moist | Central Africa | Other Land (Non-Vegetated),Boreal,Moist,Central Africa,Other Land (Non-Vegetated),0,0,#N/A,#N/A,,,,
,Boreal | Moist | Central Africa | Settlement,Boreal,Moist,Central Africa,Settlement,0,0,#N/A,#N/A,,,,
,Boreal | Moist | Central Africa | Agroforestry - Default,Boreal,Moist,Central Africa,Agroforestry - Default,1.756666667,1.756666667,1.016866667,2.496466667,,,,
,Boreal | Moist | Central Africa | Hedgerow,Boreal,Moist,Central Africa,Hedgerow,1.1,1.1,0.6737,1.5263,,,,
,Boreal | Moist | Central Africa | Silvoarable,Boreal,Moist,Central Africa,Silvoarable,1.14,1.14,0.6486,1.6314,,,,
,Boreal | Moist | Central Africa | Silvopasture,Boreal,Moist,Central Africa,Silvopasture,3.03,3.03,1.8184,4.2416,,,,
,Boreal | Moist | Central Africa | Other Land,Boreal,Moist,Central Africa,Other Land,0,0,#N/A,#N/A,,,,
,Boreal | Moist | Central Africa | Olive,Boreal,Moist,Central Africa,Olive,0.46,0.46,0.3358,0.5842,,,,
,Boreal | Moist | Central Africa | Orchard,Boreal,Moist,Central Africa,Orchard,0.43,0.43,0.2322,0.6278,,,,
,Boreal | Moist | Central Africa | Short Rotation Coppice,Boreal,Moist,Central Africa,Short Rotation Coppice,3.2,3.2,1.92,4.48,,,,
,Boreal | Moist | Central Africa | Tea,Boreal,Moist,Central Africa,Tea,0.7,0.7,0.525,0.875,,,,
,Boreal | Moist | Central Africa | Vine,Boreal,Moist,Central Africa,Vine,0.28,0.28,0.2072,0.3528,,,,
,Boreal | Moist | Central Africa | Oil Palm,Boreal,Moist,Central Africa,Oil Palm,0,0,#N/A,#N/A,,,,
,Boreal | Moist | Central Africa | Rubber,Boreal,Moist,Central Africa,Rubber,0,0,#N/A,#N/A,,,,
,Boreal | Moist | Northern Africa | Grains,Boreal,Moist,Northern Africa,Grains,4.7,4.7,1.175,8.225,,,,
,Boreal | Moist | Northern Africa | Maize,Boreal,Moist,Northern Africa,Maize,4.7,4.7,1.175,8.225,,,,
,Boreal | Moist | Northern Africa | Sugarcane,Boreal,Moist,Northern Africa,Sugarcane,4.7,4.7,1.175,8.225,,,,
,Boreal | Moist | Northern Africa | Wheat,Boreal,Moist,Northern Africa,Wheat,4.7,4.7,1.175,8.225,,,,
,Boreal | Moist | Northern Africa | Beans & Pulses,Boreal,Moist,Northern Africa,Beans & Pulses,4.7,4.7,1.175,8.225,,,,
,Boreal | Moist | Northern Africa | Tubers,Boreal,Moist,Northern Africa,Tubers,4.7,4.7,1.175,8.225,,,,
,Boreal | Moist | Northern Africa | Root Crops,Boreal,Moist,Northern Africa,Root Crops,4.7,4.7,1.175,8.225,,,,
,Boreal | Moist | Northern Africa | Barley,Boreal,Moist,Northern Africa,Barley,4.7,4.7,1.175,8.225,,,,
,Boreal | Moist | Northern Africa | Oats,Boreal,Moist,Northern Africa,Oats,4.7,4.7,1.175,8.225,,,,
,Boreal | Moist | Northern Africa | Millet,Boreal,Moist,Northern Africa,Millet,4.7,4.7,1.175,8.225,,,,
,Boreal | Moist | Northern Africa | Sorghum,Boreal,Moist,Northern Africa,Sorghum,4.7,4.7,1.175,8.225,,,,
,Boreal | Moist | Northern Africa | Rye,Boreal,Moist,Northern Africa,Rye,4.7,4.7,1.175,8.225,,,,
,Boreal | Moist | Northern Africa | Soybeans,Boreal,Moist,Northern Africa,Soybeans,4.7,4.7,1.175,8.225,,,,
,Boreal | Moist | Northern Africa | Dry Bean,Boreal,Moist,Northern Africa,Dry Bean,4.7,4.7,1.175,8.225,,,,
,Boreal | Moist | Northern Africa | Potatoes,Boreal,Moist,Northern Africa,Potatoes,4.7,4.7,1.175,8.225,,,,
,Boreal | Moist | Northern Africa | Peanuts,Boreal,Moist,Northern Africa,Peanuts,4.7,4.7,1.175,8.225,,,,
,Boreal | Moist | Northern Africa | Vegetables,Boreal,Moist,Northern Africa,Vegetables,4.7,4.7,1.175,8.225,,,,
,Boreal | Moist | Northern Africa | Oilseeds,Boreal,Moist,Northern Africa,Oilseeds,4.7,4.7,1.175,8.225,,,,
,Boreal | Moist | Northern Africa | Groundnuts,Boreal,Moist,Northern Africa,Groundnuts,4.7,4.7,1.175,8.225,,,,
,Boreal | Moist | Northern Africa | Annual Cropland,Boreal,Moist,Northern Africa,Annual Cropland,4.7,4.7,1.175,8.225,,,,
,Boreal | Moist | Northern Africa | Set Aside,Boreal,Moist,Northern Africa,Set Aside,4.7,4.7,1.175,8.225,,,,
,Boreal | Moist | Northern Africa | Flooded Rice,Boreal,Moist,Northern Africa,Flooded Rice,4.7,4.7,1.175,8.225,,,,
,Boreal | Moist | Northern Africa | Grassland,Boreal,Moist,Northern Africa,Grassland,3.995,3.995,0.99875,6.99125,,,,
,Boreal | Moist | Northern Africa | Other Land (Non-Vegetated),Boreal,Moist,Northern Africa,Other Land (Non-Vegetated),0,0,#N/A,#N/A,,,,
,Boreal | Moist | Northern Africa | Settlement,Boreal,Moist,Northern Africa,Settlement,0,0,#N/A,#N/A,,,,
,Boreal | Moist | Northern Africa | Agroforestry - Default,Boreal,Moist,Northern Africa,Agroforestry - Default,1.756666667,1.756666667,1.016866667,2.496466667,,,,
,Boreal | Moist | Northern Africa | Hedgerow,Boreal,Moist,Northern Africa,Hedgerow,1.1,1.1,0.6737,1.5263,,,,
,Boreal | Moist | Northern Africa | Silvoarable,Boreal,Moist,Northern Africa,Silvoarable,1.14,1.14,0.6486,1.6314,,,,
,Boreal | Moist | Northern Africa | Silvopasture,Boreal,Moist,Northern Africa,Silvopasture,3.03,3.03,1.8184,4.2416,,,,
,Boreal | Moist | Northern Africa | Other Land,Boreal,Moist,Northern Africa,Other Land,0,0,#N/A,#N/A,,,,
,Boreal | Moist | Northern Africa | Olive,Boreal,Moist,Northern Africa,Olive,0.46,0.46,0.3358,0.5842,,,,
,Boreal | Moist | Northern Africa | Orchard,Boreal,Moist,Northern Africa,Orchard,0.43,0.43,0.2322,0.6278,,,,
,Boreal | Moist | Northern Africa | Short Rotation Coppice,Boreal,Moist,Northern Africa,Short Rotation Coppice,3.2,3.2,1.92,4.48,,,,
,Boreal | Moist | Northern Africa | Tea,Boreal,Moist,Northern Africa,Tea,0.7,0.7,0.525,0.875,,,,
,Boreal | Moist | Northern Africa | Vine,Boreal,Moist,Northern Africa,Vine,0.28,0.28,0.2072,0.3528,,,,
,Boreal | Moist | Northern Africa | Oil Palm,Boreal,Moist,Northern Africa,Oil Palm,0,0,#N/A,#N/A,,,,
,Boreal | Moist | Northern Africa | Rubber,Boreal,Moist,Northern Africa,Rubber,0,0,#N/A,#N/A,,,,
,Boreal | Moist | Southern Africa | Grains,Boreal,Moist,Southern Africa,Grains,4.7,4.7,1.175,8.225,,,,
,Boreal | Moist | Southern Africa | Maize,Boreal,Moist,Southern Africa,Maize,4.7,4.7,1.175,8.225,,,,
,Boreal | Moist | Southern Africa | Sugarcane,Boreal,Moist,Southern Africa,Sugarcane,4.7,4.7,1.175,8.225,,,,
,Boreal | Moist | Southern Africa | Wheat,Boreal,Moist,Southern Africa,Wheat,4.7,4.7,1.175,8.225,,,,
,Boreal | Moist | Southern Africa | Beans & Pulses,Boreal,Moist,Southern Africa,Beans & Pulses,4.7,4.7,1.175,8.225,,,,
,Boreal | Moist | Southern Africa | Tubers,Boreal,Moist,Southern Africa,Tubers,4.7,4.7,1.175,8.225,,,,
,Boreal | Moist | Southern Africa | Root Crops,Boreal,Moist,Southern Africa,Root Crops,4.7,4.7,1.175,8.225,,,,
,Boreal | Moist | Southern Africa | Barley,Boreal,Moist,Southern Africa,Barley,4.7,4.7,1.175,8.225,,,,
,Boreal | Moist | Southern Africa | Oats,Boreal,Moist,Southern Africa,Oats,4.7,4.7,1.175,8.225,,,,
,Boreal | Moist | Southern Africa | Millet,Boreal,Moist,Southern Africa,Millet,4.7,4.7,1.175,8.225,,,,
,Boreal | Moist | Southern Africa | Sorghum,Boreal,Moist,Southern Africa,Sorghum,4.7,4.7,1.175,8.225,,,,
,Boreal | Moist | Southern Africa | Rye,Boreal,Moist,Southern Africa,Rye,4.7,4.7,1.175,8.225,,,,
,Boreal | Moist | Southern Africa | Soybeans,Boreal,Moist,Southern Africa,Soybeans,4.7,4.7,1.175,8.225,,,,
,Boreal | Moist | Southern Africa | Dry Bean,Boreal,Moist,Southern Africa,Dry Bean,4.7,4.7,1.175,8.225,,,,
,Boreal | Moist | Southern Africa | Potatoes,Boreal,Moist,Southern Africa,Potatoes,4.7,4.7,1.175,8.225,,,,
,Boreal | Moist | Southern Africa | Peanuts,Boreal,Moist,Southern Africa,Peanuts,4.7,4.7,1.175,8.225,,,,
,Boreal | Moist | Southern Africa | Vegetables,Boreal,Moist,Southern Africa,Vegetables,4.7,4.7,1.175,8.225,,,,
,Boreal | Moist | Southern Africa | Oilseeds,Boreal,Moist,Southern Africa,Oilseeds,4.7,4.7,1.175,8.225,,,,
,Boreal | Moist | Southern Africa | Groundnuts,Boreal,Moist,Southern Africa,Groundnuts,4.7,4.7,1.175,8.225,,,,
,Boreal | Moist | Southern Africa | Annual Cropland,Boreal,Moist,Southern Africa,Annual Cropland,4.7,4.7,1.175,8.225,,,,
,Boreal | Moist | Southern Africa | Set Aside,Boreal,Moist,Southern Africa,Set Aside,4.7,4.7,1.175,8.225,,,,
,Boreal | Moist | Southern Africa | Flooded Rice,Boreal,Moist,Southern Africa,Flooded Rice,4.7,4.7,1.175,8.225,,,,
,Boreal | Moist | Southern Africa | Grassland,Boreal,Moist,Southern Africa,Grassland,3.995,3.995,0.99875,6.99125,,,,
,Boreal | Moist | Southern Africa | Other Land (Non-Vegetated),Boreal,Moist,Southern Africa,Other Land (Non-Vegetated),0,0,#N/A,#N/A,,,,
,Boreal | Moist | Southern Africa | Settlement,Boreal,Moist,Southern Africa,Settlement,0,0,#N/A,#N/A,,,,
,Boreal | Moist | Southern Africa | Agroforestry - Default,Boreal,Moist,Southern Africa,Agroforestry - Default,1.756666667,1.756666667,1.016866667,2.496466667,,,,
,Boreal | Moist | Southern Africa | Hedgerow,Boreal,Moist,Southern Africa,Hedgerow,1.1,1.1,0.6737,1.5263,,,,
,Boreal | Moist | Southern Africa | Silvoarable,Boreal,Moist,Southern Africa,Silvoarable,1.14,1.14,0.6486,1.6314,,,,
,Boreal | Moist | Southern Africa | Silvopasture,Boreal,Moist,Southern Africa,Silvopasture,3.03,3.03,1.8184,4.2416,,,,
,Boreal | Moist | Southern Africa | Other Land,Boreal,Moist,Southern Africa,Other Land,0,0,#N/A,#N/A,,,,
,Boreal | Moist | Southern Africa | Olive,Boreal,Moist,Southern Africa,Olive,0.46,0.46,0.3358,0.5842,,,,
,Boreal | Moist | Southern Africa | Orchard,Boreal,Moist,Southern Africa,Orchard,0.43,0.43,0.2322,0.6278,,,,
,Boreal | Moist | Southern Africa | Short Rotation Coppice,Boreal,Moist,Southern Africa,Short Rotation Coppice,3.2,3.2,1.92,4.48,,,,
,Boreal | Moist | Southern Africa | Tea,Boreal,Moist,Southern Africa,Tea,0.7,0.7,0.525,0.875,,,,
,Boreal | Moist | Southern Africa | Vine,Boreal,Moist,Southern Africa,Vine,0.28,0.28,0.2072,0.3528,,,,
,Boreal | Moist | Southern Africa | Oil Palm,Boreal,Moist,Southern Africa,Oil Palm,0,0,#N/A,#N/A,,,,
,Boreal | Moist | Southern Africa | Rubber,Boreal,Moist,Southern Africa,Rubber,0,0,#N/A,#N/A,,,,
,Boreal | Moist | Western Africa | Grains,Boreal,Moist,Western Africa,Grains,4.7,4.7,1.175,8.225,,,,
,Boreal | Moist | Western Africa | Maize,Boreal,Moist,Western Africa,Maize,4.7,4.7,1.175,8.225,,,,
,Boreal | Moist | Western Africa | Sugarcane,Boreal,Moist,Western Africa,Sugarcane,4.7,4.7,1.175,8.225,,,,
,Boreal | Moist | Western Africa | Wheat,Boreal,Moist,Western Africa,Wheat,4.7,4.7,1.175,8.225,,,,
,Boreal | Moist | Western Africa | Beans & Pulses,Boreal,Moist,Western Africa,Beans & Pulses,4.7,4.7,1.175,8.225,,,,
,Boreal | Moist | Western Africa | Tubers,Boreal,Moist,Western Africa,Tubers,4.7,4.7,1.175,8.225,,,,
,Boreal | Moist | Western Africa | Root Crops,Boreal,Moist,Western Africa,Root Crops,4.7,4.7,1.175,8.225,,,,
,Boreal | Moist | Western Africa | Barley,Boreal,Moist,Western Africa,Barley,4.7,4.7,1.175,8.225,,,,
,Boreal | Moist | Western Africa | Oats,Boreal,Moist,Western Africa,Oats,4.7,4.7,1.175,8.225,,,,
,Boreal | Moist | Western Africa | Millet,Boreal,Moist,Western Africa,Millet,4.7,4.7,1.175,8.225,,,,
,Boreal | Moist | Western Africa | Sorghum,Boreal,Moist,Western Africa,Sorghum,4.7,4.7,1.175,8.225,,,,
,Boreal | Moist | Western Africa | Rye,Boreal,Moist,Western Africa,Rye,4.7,4.7,1.175,8.225,,,,
,Boreal | Moist | Western Africa | Soybeans,Boreal,Moist,Western Africa,Soybeans,4.7,4.7,1.175,8.225,,,,
,Boreal | Moist | Western Africa | Dry Bean,Boreal,Moist,Western Africa,Dry Bean,4.7,4.7,1.175,8.225,,,,
,Boreal | Moist | Western Africa | Potatoes,Boreal,Moist,Western Africa,Potatoes,4.7,4.7,1.175,8.225,,,,
,Boreal | Moist | Western Africa | Peanuts,Boreal,Moist,Western Africa,Peanuts,4.7,4.7,1.175,8.225,,,,
,Boreal | Moist | Western Africa | Vegetables,Boreal,Moist,Western Africa,Vegetables,4.7,4.7,1.175,8.225,,,,
,Boreal | Moist | Western Africa | Oilseeds,Boreal,Moist,Western Africa,Oilseeds,4.7,4.7,1.175,8.225,,,,
,Boreal | Moist | Western Africa | Groundnuts,Boreal,Moist,Western Africa,Groundnuts,4.7,4.7,1.175,8.225,,,,
,Boreal | Moist | Western Africa | Annual Cropland,Boreal,Moist,Western Africa,Annual Cropland,4.7,4.7,1.175,8.225,,,,
,Boreal | Moist | Western Africa | Set Aside,Boreal,Moist,Western Africa,Set Aside,4.7,4.7,1.175,8.225,,,,
,Boreal | Moist | Western Africa | Flooded Rice,Boreal,Moist,Western Africa,Flooded Rice,4.7,4.7,1.175,8.225,,,,
,Boreal | Moist | Western Africa | Grassland,Boreal,Moist,Western Africa,Grassland,3.995,3.995,0.99875,6.99125,,,,
,Boreal | Moist | Western Africa | Other Land (Non-Vegetated),Boreal,Moist,Western Africa,Other Land (Non-Vegetated),0,0,#N/A,#N/A,,,,
,Boreal | Moist | Western Africa | Settlement,Boreal,Moist,Western Africa,Settlement,0,0,#N/A,#N/A,,,,
,Boreal | Moist | Western Africa | Agroforestry - Default,Boreal,Moist,Western Africa,Agroforestry - Default,1.756666667,1.756666667,1.016866667,2.496466667,,,,
,Boreal | Moist | Western Africa | Hedgerow,Boreal,Moist,Western Africa,Hedgerow,1.1,1.1,0.6737,1.5263,,,,
,Boreal | Moist | Western Africa | Silvoarable,Boreal,Moist,Western Africa,Silvoarable,1.14,1.14,0.6486,1.6314,,,,
,Boreal | Moist | Western Africa | Silvopasture,Boreal,Moist,Western Africa,Silvopasture,3.03,3.03,1.8184,4.2416,,,,
,Boreal | Moist | Western Africa | Other Land,Boreal,Moist,Western Africa,Other Land,0,0,#N/A,#N/A,,,,
,Boreal | Moist | Western Africa | Olive,Boreal,Moist,Western Africa,Olive,0.46,0.46,0.3358,0.5842,,,,
,Boreal | Moist | Western Africa | Orchard,Boreal,Moist,Western Africa,Orchard,0.43,0.43,0.2322,0.6278,,,,
,Boreal | Moist | Western Africa | Short Rotation Coppice,Boreal,Moist,Western Africa,Short Rotation Coppice,3.2,3.2,1.92,4.48,,,,
,Boreal | Moist | Western Africa | Tea,Boreal,Moist,Western Africa,Tea,0.7,0.7,0.525,0.875,,,,
,Boreal | Moist | Western Africa | Vine,Boreal,Moist,Western Africa,Vine,0.28,0.28,0.2072,0.3528,,,,
,Boreal | Moist | Western Africa | Oil Palm,Boreal,Moist,Western Africa,Oil Palm,0,0,#N/A,#N/A,,,,
,Boreal | Moist | Western Africa | Rubber,Boreal,Moist,Western Africa,Rubber,0,0,#N/A,#N/A,,,,
,Boreal | Moist | Central Asia | Grains,Boreal,Moist,Central Asia,Grains,4.7,4.7,1.175,8.225,,,,
,Boreal | Moist | Central Asia | Maize,Boreal,Moist,Central Asia,Maize,4.7,4.7,1.175,8.225,,,,
,Boreal | Moist | Central Asia | Sugarcane,Boreal,Moist,Central Asia,Sugarcane,4.7,4.7,1.175,8.225,,,,
,Boreal | Moist | Central Asia | Wheat,Boreal,Moist,Central Asia,Wheat,4.7,4.7,1.175,8.225,,,,
,Boreal | Moist | Central Asia | Beans & Pulses,Boreal,Moist,Central Asia,Beans & Pulses,4.7,4.7,1.175,8.225,,,,
,Boreal | Moist | Central Asia | Tubers,Boreal,Moist,Central Asia,Tubers,4.7,4.7,1.175,8.225,,,,
,Boreal | Moist | Central Asia | Root Crops,Boreal,Moist,Central Asia,Root Crops,4.7,4.7,1.175,8.225,,,,
,Boreal | Moist | Central Asia | Barley,Boreal,Moist,Central Asia,Barley,4.7,4.7,1.175,8.225,,,,
,Boreal | Moist | Central Asia | Oats,Boreal,Moist,Central Asia,Oats,4.7,4.7,1.175,8.225,,,,
,Boreal | Moist | Central Asia | Millet,Boreal,Moist,Central Asia,Millet,4.7,4.7,1.175,8.225,,,,
,Boreal | Moist | Central Asia | Sorghum,Boreal,Moist,Central Asia,Sorghum,4.7,4.7,1.175,8.225,,,,
,Boreal | Moist | Central Asia | Rye,Boreal,Moist,Central Asia,Rye,4.7,4.7,1.175,8.225,,,,
,Boreal | Moist | Central Asia | Soybeans,Boreal,Moist,Central Asia,Soybeans,4.7,4.7,1.175,8.225,,,,
,Boreal | Moist | Central Asia | Dry Bean,Boreal,Moist,Central Asia,Dry Bean,4.7,4.7,1.175,8.225,,,,
,Boreal | Moist | Central Asia | Potatoes,Boreal,Moist,Central Asia,Potatoes,4.7,4.7,1.175,8.225,,,,
,Boreal | Moist | Central Asia | Peanuts,Boreal,Moist,Central Asia,Peanuts,4.7,4.7,1.175,8.225,,,,
,Boreal | Moist | Central Asia | Vegetables,Boreal,Moist,Central Asia,Vegetables,4.7,4.7,1.175,8.225,,,,
,Boreal | Moist | Central Asia | Oilseeds,Boreal,Moist,Central Asia,Oilseeds,4.7,4.7,1.175,8.225,,,,
,Boreal | Moist | Central Asia | Groundnuts,Boreal,Moist,Central Asia,Groundnuts,4.7,4.7,1.175,8.225,,,,
,Boreal | Moist | Central Asia | Annual Cropland,Boreal,Moist,Central Asia,Annual Cropland,4.7,4.7,1.175,8.225,,,,
,Boreal | Moist | Central Asia | Set Aside,Boreal,Moist,Central Asia,Set Aside,4.7,4.7,1.175,8.225,,,,
,Boreal | Moist | Central Asia | Flooded Rice,Boreal,Moist,Central Asia,Flooded Rice,4.7,4.7,1.175,8.225,,,,
,Boreal | Moist | Central Asia | Grassland,Boreal,Moist,Central Asia,Grassland,3.995,3.995,0.99875,6.99125,,,,
,Boreal | Moist | Central Asia | Other Land (Non-Vegetated),Boreal,Moist,Central Asia,Other Land (Non-Vegetated),0,0,#N/A,#N/A,,,,
,Boreal | Moist | Central Asia | Settlement,Boreal,Moist,Central Asia,Settlement,0,0,#N/A,#N/A,,,,
,Boreal | Moist | Central Asia | Agroforestry - Default,Boreal,Moist,Central Asia,Agroforestry - Default,1.756666667,1.756666667,1.016866667,2.496466667,,,,
,Boreal | Moist | Central Asia | Hedgerow,Boreal,Moist,Central Asia,Hedgerow,1.1,1.1,0.6737,1.5263,,,,
,Boreal | Moist | Central Asia | Silvoarable,Boreal,Moist,Central Asia,Silvoarable,1.14,1.14,0.6486,1.6314,,,,
,Boreal | Moist | Central Asia | Silvopasture,Boreal,Moist,Central Asia,Silvopasture,3.03,3.03,1.8184,4.2416,,,,
,Boreal | Moist | Central Asia | Other Land,Boreal,Moist,Central Asia,Other Land,0,0,#N/A,#N/A,,,,
,Boreal | Moist | Central Asia | Olive,Boreal,Moist,Central Asia,Olive,0.46,0.46,0.3358,0.5842,,,,
,Boreal | Moist | Central Asia | Orchard,Boreal,Moist,Central Asia,Orchard,0.43,0.43,0.2322,0.6278,,,,
,Boreal | Moist | Central Asia | Short Rotation Coppice,Boreal,Moist,Central Asia,Short Rotation Coppice,3.2,3.2,1.92,4.48,,,,
,Boreal | Moist | Central Asia | Tea,Boreal,Moist,Central Asia,Tea,0.7,0.7,0.525,0.875,,,,
,Boreal | Moist | Central Asia | Vine,Boreal,Moist,Central Asia,Vine,0.28,0.28,0.2072,0.3528,,,,
,Boreal | Moist | Central Asia | Oil Palm,Boreal,Moist,Central Asia,Oil Palm,0,0,#N/A,#N/A,,,,
,Boreal | Moist | Central Asia | Rubber,Boreal,Moist,Central Asia,Rubber,0,0,#N/A,#N/A,,,,
,Boreal | Moist | Eastern Asia | Grains,Boreal,Moist,Eastern Asia,Grains,4.7,4.7,1.175,8.225,,,,
,Boreal | Moist | Eastern Asia | Maize,Boreal,Moist,Eastern Asia,Maize,4.7,4.7,1.175,8.225,,,,
,Boreal | Moist | Eastern Asia | Sugarcane,Boreal,Moist,Eastern Asia,Sugarcane,4.7,4.7,1.175,8.225,,,,
,Boreal | Moist | Eastern Asia | Wheat,Boreal,Moist,Eastern Asia,Wheat,4.7,4.7,1.175,8.225,,,,
,Boreal | Moist | Eastern Asia | Beans & Pulses,Boreal,Moist,Eastern Asia,Beans & Pulses,4.7,4.7,1.175,8.225,,,,
,Boreal | Moist | Eastern Asia | Tubers,Boreal,Moist,Eastern Asia,Tubers,4.7,4.7,1.175,8.225,,,,
,Boreal | Moist | Eastern Asia | Root Crops,Boreal,Moist,Eastern Asia,Root Crops,4.7,4.7,1.175,8.225,,,,
,Boreal | Moist | Eastern Asia | Barley,Boreal,Moist,Eastern Asia,Barley,4.7,4.7,1.175,8.225,,,,
,Boreal | Moist | Eastern Asia | Oats,Boreal,Moist,Eastern Asia,Oats,4.7,4.7,1.175,8.225,,,,
,Boreal | Moist | Eastern Asia | Millet,Boreal,Moist,Eastern Asia,Millet,4.7,4.7,1.175,8.225,,,,
,Boreal | Moist | Eastern Asia | Sorghum,Boreal,Moist,Eastern Asia,Sorghum,4.7,4.7,1.175,8.225,,,,
,Boreal | Moist | Eastern Asia | Rye,Boreal,Moist,Eastern Asia,Rye,4.7,4.7,1.175,8.225,,,,
,Boreal | Moist | Eastern Asia | Soybeans,Boreal,Moist,Eastern Asia,Soybeans,4.7,4.7,1.175,8.225,,,,
,Boreal | Moist | Eastern Asia | Dry Bean,Boreal,Moist,Eastern Asia,Dry Bean,4.7,4.7,1.175,8.225,,,,
,Boreal | Moist | Eastern Asia | Potatoes,Boreal,Moist,Eastern Asia,Potatoes,4.7,4.7,1.175,8.225,,,,
,Boreal | Moist | Eastern Asia | Peanuts,Boreal,Moist,Eastern Asia,Peanuts,4.7,4.7,1.175,8.225,,,,
,Boreal | Moist | Eastern Asia | Vegetables,Boreal,Moist,Eastern Asia,Vegetables,4.7,4.7,1.175,8.225,,,,
,Boreal | Moist | Eastern Asia | Oilseeds,Boreal,Moist,Eastern Asia,Oilseeds,4.7,4.7,1.175,8.225,,,,
,Boreal | Moist | Eastern Asia | Groundnuts,Boreal,Moist,Eastern Asia,Groundnuts,4.7,4.7,1.175,8.225,,,,
,Boreal | Moist | Eastern Asia | Annual Cropland,Boreal,Moist,Eastern Asia,Annual Cropland,4.7,4.7,1.175,8.225,,,,
,Boreal | Moist | Eastern Asia | Set Aside,Boreal,Moist,Eastern Asia,Set Aside,4.7,4.7,1.175,8.225,,,,
,Boreal | Moist | Eastern Asia | Flooded Rice,Boreal,Moist,Eastern Asia,Flooded Rice,4.7,4.7,1.175,8.225,,,,
,Boreal | Moist | Eastern Asia | Grassland,Boreal,Moist,Eastern Asia,Grassland,3.995,3.995,0.99875,6.99125,,,,
,Boreal | Moist | Eastern Asia | Other Land (Non-Vegetated),Boreal,Moist,Eastern Asia,Other Land (Non-Vegetated),0,0,#N/A,#N/A,,,,
,Boreal | Moist | Eastern Asia | Settlement,Boreal,Moist,Eastern Asia,Settlement,0,0,#N/A,#N/A,,,,
,Boreal | Moist | Eastern Asia | Agroforestry - Default,Boreal,Moist,Eastern Asia,Agroforestry - Default,1.756666667,1.756666667,1.016866667,2.496466667,,,,
,Boreal | Moist | Eastern Asia | Hedgerow,Boreal,Moist,Eastern Asia,Hedgerow,1.1,1.1,0.6737,1.5263,,,,
,Boreal | Moist | Eastern Asia | Silvoarable,Boreal,Moist,Eastern Asia,Silvoarable,1.14,1.14,0.6486,1.6314,,,,
,Boreal | Moist | Eastern Asia | Silvopasture,Boreal,Moist,Eastern Asia,Silvopasture,3.03,3.03,1.8184,4.2416,,,,
,Boreal | Moist | Eastern Asia | Other Land,Boreal,Moist,Eastern Asia,Other Land,0,0,#N/A,#N/A,,,,
,Boreal | Moist | Eastern Asia | Olive,Boreal,Moist,Eastern Asia,Olive,0.46,0.46,0.3358,0.5842,,,,
,Boreal | Moist | Eastern Asia | Orchard,Boreal,Moist,Eastern Asia,Orchard,0.43,0.43,0.2322,0.6278,,,,
,Boreal | Moist | Eastern Asia | Short Rotation Coppice,Boreal,Moist,Eastern Asia,Short Rotation Coppice,3.2,3.2,1.92,4.48,,,,
,Boreal | Moist | Eastern Asia | Tea,Boreal,Moist,Eastern Asia,Tea,0.7,0.7,0.525,0.875,,,,
,Boreal | Moist | Eastern Asia | Vine,Boreal,Moist,Eastern Asia,Vine,0.28,0.28,0.2072,0.3528,,,,
,Boreal | Moist | Eastern Asia | Oil Palm,Boreal,Moist,Eastern Asia,Oil Palm,0,0,#N/A,#N/A,,,,
,Boreal | Moist | Eastern Asia | Rubber,Boreal,Moist,Eastern Asia,Rubber,0,0,#N/A,#N/A,,,,
,Boreal | Moist | South-Eastern Asia | Grains,Boreal,Moist,South-Eastern Asia,Grains,4.7,4.7,1.175,8.225,,,,
,Boreal | Moist | South-Eastern Asia | Maize,Boreal,Moist,South-Eastern Asia,Maize,4.7,4.7,1.175,8.225,,,,
,Boreal | Moist | South-Eastern Asia | Sugarcane,Boreal,Moist,South-Eastern Asia,Sugarcane,4.7,4.7,1.175,8.225,,,,
,Boreal | Moist | South-Eastern Asia | Wheat,Boreal,Moist,South-Eastern Asia,Wheat,4.7,4.7,1.175,8.225,,,,
,Boreal | Moist | South-Eastern Asia | Beans & Pulses,Boreal,Moist,South-Eastern Asia,Beans & Pulses,4.7,4.7,1.175,8.225,,,,
,Boreal | Moist | South-Eastern Asia | Tubers,Boreal,Moist,South-Eastern Asia,Tubers,4.7,4.7,1.175,8.225,,,,
,Boreal | Moist | South-Eastern Asia | Root Crops,Boreal,Moist,South-Eastern Asia,Root Crops,4.7,4.7,1.175,8.225,,,,
,Boreal | Moist | South-Eastern Asia | Barley,Boreal,Moist,South-Eastern Asia,Barley,4.7,4.7,1.175,8.225,,,,
,Boreal | Moist | South-Eastern Asia | Oats,Boreal,Moist,South-Eastern Asia,Oats,4.7,4.7,1.175,8.225,,,,
,Boreal | Moist | South-Eastern Asia | Millet,Boreal,Moist,South-Eastern Asia,Millet,4.7,4.7,1.175,8.225,,,,
,Boreal | Moist | South-Eastern Asia | Sorghum,Boreal,Moist,South-Eastern Asia,Sorghum,4.7,4.7,1.175,8.225,,,,
,Boreal | Moist | South-Eastern Asia | Rye,Boreal,Moist,South-Eastern Asia,Rye,4.7,4.7,1.175,8.225,,,,
,Boreal | Moist | South-Eastern Asia | Soybeans,Boreal,Moist,South-Eastern Asia,Soybeans,4.7,4.7,1.175,8.225,,,,
,Boreal | Moist | South-Eastern Asia | Dry Bean,Boreal,Moist,South-Eastern Asia,Dry Bean,4.7,4.7,1.175,8.225,,,,
,Boreal | Moist | South-Eastern Asia | Potatoes,Boreal,Moist,South-Eastern Asia,Potatoes,4.7,4.7,1.175,8.225,,,,
,Boreal | Moist | South-Eastern Asia | Peanuts,Boreal,Moist,South-Eastern Asia,Peanuts,4.7,4.7,1.175,8.225,,,,
,Boreal | Moist | South-Eastern Asia | Vegetables,Boreal,Moist,South-Eastern Asia,Vegetables,4.7,4.7,1.175,8.225,,,,
,Boreal | Moist | South-Eastern Asia | Oilseeds,Boreal,Moist,South-Eastern Asia,Oilseeds,4.7,4.7,1.175,8.225,,,,
,Boreal | Moist | South-Eastern Asia | Groundnuts,Boreal,Moist,South-Eastern Asia,Groundnuts,4.7,4.7,1.175,8.225,,,,
,Boreal | Moist | South-Eastern Asia | Annual Cropland,Boreal,Moist,South-Eastern Asia,Annual Cropland,4.7,4.7,1.175,8.225,,,,
,Boreal | Moist | South-Eastern Asia | Set Aside,Boreal,Moist,South-Eastern Asia,Set Aside,4.7,4.7,1.175,8.225,,,,
,Boreal | Moist | South-Eastern Asia | Flooded Rice,Boreal,Moist,South-Eastern Asia,Flooded Rice,4.7,4.7,1.175,8.225,,,,
,Boreal | Moist | South-Eastern Asia | Grassland,Boreal,Moist,South-Eastern Asia,Grassland,3.995,3.995,0.99875,6.99125,,,,
,Boreal | Moist | South-Eastern Asia | Other Land (Non-Vegetated),Boreal,Moist,South-Eastern Asia,Other Land (Non-Vegetated),0,0,#N/A,#N/A,,,,
,Boreal | Moist | South-Eastern Asia | Settlement,Boreal,Moist,South-Eastern Asia,Settlement,0,0,#N/A,#N/A,,,,
,Boreal | Moist | South-Eastern Asia | Agroforestry - Default,Boreal,Moist,South-Eastern Asia,Agroforestry - Default,1.756666667,1.756666667,1.016866667,2.496466667,,,,
,Boreal | Moist | South-Eastern Asia | Hedgerow,Boreal,Moist,South-Eastern Asia,Hedgerow,1.1,1.1,0.6737,1.5263,,,,
,Boreal | Moist | South-Eastern Asia | Silvoarable,Boreal,Moist,South-Eastern Asia,Silvoarable,1.14,1.14,0.6486,1.6314,,,,
,Boreal | Moist | South-Eastern Asia | Silvopasture,Boreal,Moist,South-Eastern Asia,Silvopasture,3.03,3.03,1.8184,4.2416,,,,
,Boreal | Moist | South-Eastern Asia | Other Land,Boreal,Moist,South-Eastern Asia,Other Land,0,0,#N/A,#N/A,,,,
,Boreal | Moist | South-Eastern Asia | Olive,Boreal,Moist,South-Eastern Asia,Olive,0.46,0.46,0.3358,0.5842,,,,
,Boreal | Moist | South-Eastern Asia | Orchard,Boreal,Moist,South-Eastern Asia,Orchard,0.43,0.43,0.2322,0.6278,,,,
,Boreal | Moist | South-Eastern Asia | Short Rotation Coppice,Boreal,Moist,South-Eastern Asia,Short Rotation Coppice,3.2,3.2,1.92,4.48,,,,
,Boreal | Moist | South-Eastern Asia | Tea,Boreal,Moist,South-Eastern Asia,Tea,0.7,0.7,0.525,0.875,,,,
,Boreal | Moist | South-Eastern Asia | Vine,Boreal,Moist,South-Eastern Asia,Vine,0.28,0.28,0.2072,0.3528,,,,
,Boreal | Moist | South-Eastern Asia | Oil Palm,Boreal,Moist,South-Eastern Asia,Oil Palm,0,0,#N/A,#N/A,,,,
,Boreal | Moist | South-Eastern Asia | Rubber,Boreal,Moist,South-Eastern Asia,Rubber,0,0,#N/A,#N/A,,,,
,Boreal | Moist | Southern Asia | Grains,Boreal,Moist,Southern Asia,Grains,4.7,4.7,1.175,8.225,,,,
,Boreal | Moist | Southern Asia | Maize,Boreal,Moist,Southern Asia,Maize,4.7,4.7,1.175,8.225,,,,
,Boreal | Moist | Southern Asia | Sugarcane,Boreal,Moist,Southern Asia,Sugarcane,4.7,4.7,1.175,8.225,,,,
,Boreal | Moist | Southern Asia | Wheat,Boreal,Moist,Southern Asia,Wheat,4.7,4.7,1.175,8.225,,,,
,Boreal | Moist | Southern Asia | Beans & Pulses,Boreal,Moist,Southern Asia,Beans & Pulses,4.7,4.7,1.175,8.225,,,,
,Boreal | Moist | Southern Asia | Tubers,Boreal,Moist,Southern Asia,Tubers,4.7,4.7,1.175,8.225,,,,
,Boreal | Moist | Southern Asia | Root Crops,Boreal,Moist,Southern Asia,Root Crops,4.7,4.7,1.175,8.225,,,,
,Boreal | Moist | Southern Asia | Barley,Boreal,Moist,Southern Asia,Barley,4.7,4.7,1.175,8.225,,,,
,Boreal | Moist | Southern Asia | Oats,Boreal,Moist,Southern Asia,Oats,4.7,4.7,1.175,8.225,,,,
,Boreal | Moist | Southern Asia | Millet,Boreal,Moist,Southern Asia,Millet,4.7,4.7,1.175,8.225,,,,
,Boreal | Moist | Southern Asia | Sorghum,Boreal,Moist,Southern Asia,Sorghum,4.7,4.7,1.175,8.225,,,,
,Boreal | Moist | Southern Asia | Rye,Boreal,Moist,Southern Asia,Rye,4.7,4.7,1.175,8.225,,,,
,Boreal | Moist | Southern Asia | Soybeans,Boreal,Moist,Southern Asia,Soybeans,4.7,4.7,1.175,8.225,,,,
,Boreal | Moist | Southern Asia | Dry Bean,Boreal,Moist,Southern Asia,Dry Bean,4.7,4.7,1.175,8.225,,,,
,Boreal | Moist | Southern Asia | Potatoes,Boreal,Moist,Southern Asia,Potatoes,4.7,4.7,1.175,8.225,,,,
,Boreal | Moist | Southern Asia | Peanuts,Boreal,Moist,Southern Asia,Peanuts,4.7,4.7,1.175,8.225,,,,
,Boreal | Moist | Southern Asia | Vegetables,Boreal,Moist,Southern Asia,Vegetables,4.7,4.7,1.175,8.225,,,,
,Boreal | Moist | Southern Asia | Oilseeds,Boreal,Moist,Southern Asia,Oilseeds,4.7,4.7,1.175,8.225,,,,
,Boreal | Moist | Southern Asia | Groundnuts,Boreal,Moist,Southern Asia,Groundnuts,4.7,4.7,1.175,8.225,,,,
,Boreal | Moist | Southern Asia | Annual Cropland,Boreal,Moist,Southern Asia,Annual Cropland,4.7,4.7,1.175,8.225,,,,
,Boreal | Moist | Southern Asia | Set Aside,Boreal,Moist,Southern Asia,Set Aside,4.7,4.7,1.175,8.225,,,,
,Boreal | Moist | Southern Asia | Flooded Rice,Boreal,Moist,Southern Asia,Flooded Rice,4.7,4.7,1.175,8.225,,,,
,Boreal | Moist | Southern Asia | Grassland,Boreal,Moist,Southern Asia,Grassland,3.995,3.995,0.99875,6.99125,,,,
,Boreal | Moist | Southern Asia | Other Land (Non-Vegetated),Boreal,Moist,Southern Asia,Other Land (Non-Vegetated),0,0,#N/A,#N/A,,,,
,Boreal | Moist | Southern Asia | Settlement,Boreal,Moist,Southern Asia,Settlement,0,0,#N/A,#N/A,,,,
,Boreal | Moist | Southern Asia | Agroforestry - Default,Boreal,Moist,Southern Asia,Agroforestry - Default,1.756666667,1.756666667,1.016866667,2.496466667,,,,
,Boreal | Moist | Southern Asia | Hedgerow,Boreal,Moist,Southern Asia,Hedgerow,1.1,1.1,0.6737,1.5263,,,,
,Boreal | Moist | Southern Asia | Silvoarable,Boreal,Moist,Southern Asia,Silvoarable,1.14,1.14,0.6486,1.6314,,,,
,Boreal | Moist | Southern Asia | Silvopasture,Boreal,Moist,Southern Asia,Silvopasture,3.03,3.03,1.8184,4.2416,,,,
,Boreal | Moist | Southern Asia | Other Land,Boreal,Moist,Southern Asia,Other Land,0,0,#N/A,#N/A,,,,
,Boreal | Moist | Southern Asia | Olive,Boreal,Moist,Southern Asia,Olive,0.46,0.46,0.3358,0.5842,,,,
,Boreal | Moist | Southern Asia | Orchard,Boreal,Moist,Southern Asia,Orchard,0.43,0.43,0.2322,0.6278,,,,
,Boreal | Moist | Southern Asia | Short Rotation Coppice,Boreal,Moist,Southern Asia,Short Rotation Coppice,3.2,3.2,1.92,4.48,,,,
,Boreal | Moist | Southern Asia | Tea,Boreal,Moist,Southern Asia,Tea,0.7,0.7,0.525,0.875,,,,
,Boreal | Moist | Southern Asia | Vine,Boreal,Moist,Southern Asia,Vine,0.28,0.28,0.2072,0.3528,,,,
,Boreal | Moist | Southern Asia | Oil Palm,Boreal,Moist,Southern Asia,Oil Palm,0,0,#N/A,#N/A,,,,
,Boreal | Moist | Southern Asia | Rubber,Boreal,Moist,Southern Asia,Rubber,0,0,#N/A,#N/A,,,,
,Boreal | Moist | Western Asia | Grains,Boreal,Moist,Western Asia,Grains,4.7,4.7,1.175,8.225,,,,
,Boreal | Moist | Western Asia | Maize,Boreal,Moist,Western Asia,Maize,4.7,4.7,1.175,8.225,,,,
,Boreal | Moist | Western Asia | Sugarcane,Boreal,Moist,Western Asia,Sugarcane,4.7,4.7,1.175,8.225,,,,
,Boreal | Moist | Western Asia | Wheat,Boreal,Moist,Western Asia,Wheat,4.7,4.7,1.175,8.225,,,,
,Boreal | Moist | Western Asia | Beans & Pulses,Boreal,Moist,Western Asia,Beans & Pulses,4.7,4.7,1.175,8.225,,,,
,Boreal | Moist | Western Asia | Tubers,Boreal,Moist,Western Asia,Tubers,4.7,4.7,1.175,8.225,,,,
,Boreal | Moist | Western Asia | Root Crops,Boreal,Moist,Western Asia,Root Crops,4.7,4.7,1.175,8.225,,,,
,Boreal | Moist | Western Asia | Barley,Boreal,Moist,Western Asia,Barley,4.7,4.7,1.175,8.225,,,,
,Boreal | Moist | Western Asia | Oats,Boreal,Moist,Western Asia,Oats,4.7,4.7,1.175,8.225,,,,
,Boreal | Moist | Western Asia | Millet,Boreal,Moist,Western Asia,Millet,4.7,4.7,1.175,8.225,,,,
,Boreal | Moist | Western Asia | Sorghum,Boreal,Moist,Western Asia,Sorghum,4.7,4.7,1.175,8.225,,,,
,Boreal | Moist | Western Asia | Rye,Boreal,Moist,Western Asia,Rye,4.7,4.7,1.175,8.225,,,,
,Boreal | Moist | Western Asia | Soybeans,Boreal,Moist,Western Asia,Soybeans,4.7,4.7,1.175,8.225,,,,
,Boreal | Moist | Western Asia | Dry Bean,Boreal,Moist,Western Asia,Dry Bean,4.7,4.7,1.175,8.225,,,,
,Boreal | Moist | Western Asia | Potatoes,Boreal,Moist,Western Asia,Potatoes,4.7,4.7,1.175,8.225,,,,
,Boreal | Moist | Western Asia | Peanuts,Boreal,Moist,Western Asia,Peanuts,4.7,4.7,1.175,8.225,,,,
,Boreal | Moist | Western Asia | Vegetables,Boreal,Moist,Western Asia,Vegetables,4.7,4.7,1.175,8.225,,,,
,Boreal | Moist | Western Asia | Oilseeds,Boreal,Moist,Western Asia,Oilseeds,4.7,4.7,1.175,8.225,,,,
,Boreal | Moist | Western Asia | Groundnuts,Boreal,Moist,Western Asia,Groundnuts,4.7,4.7,1.175,8.225,,,,
,Boreal | Moist | Western Asia | Annual Cropland,Boreal,Moist,Western Asia,Annual Cropland,4.7,4.7,1.175,8.225,,,,
,Boreal | Moist | Western Asia | Set Aside,Boreal,Moist,Western Asia,Set Aside,4.7,4.7,1.175,8.225,,,,
,Boreal | Moist | Western Asia | Flooded Rice,Boreal,Moist,Western Asia,Flooded Rice,4.7,4.7,1.175,8.225,,,,
,Boreal | Moist | Western Asia | Grassland,Boreal,Moist,Western Asia,Grassland,3.995,3.995,0.99875,6.99125,,,,
,Boreal | Moist | Western Asia | Other Land (Non-Vegetated),Boreal,Moist,Western Asia,Other Land (Non-Vegetated),0,0,#N/A,#N/A,,,,
,Boreal | Moist | Western Asia | Settlement,Boreal,Moist,Western Asia,Settlement,0,0,#N/A,#N/A,,,,
,Boreal | Moist | Western Asia | Agroforestry - Default,Boreal,Moist,Western Asia,Agroforestry - Default,1.756666667,1.756666667,1.016866667,2.496466667,,,,
,Boreal | Moist | Western Asia | Hedgerow,Boreal,Moist,Western Asia,Hedgerow,1.1,1.1,0.6737,1.5263,,,,
,Boreal | Moist | Western Asia | Silvoarable,Boreal,Moist,Western Asia,Silvoarable,1.14,1.14,0.6486,1.6314,,,,
,Boreal | Moist | Western Asia | Silvopasture,Boreal,Moist,Western Asia,Silvopasture,3.03,3.03,1.8184,4.2416,,,,
,Boreal | Moist | Western Asia | Other Land,Boreal,Moist,Western Asia,Other Land,0,0,#N/A,#N/A,,,,
,Boreal | Moist | Western Asia | Olive,Boreal,Moist,Western Asia,Olive,0.46,0.46,0.3358,0.5842,,,,
,Boreal | Moist | Western Asia | Orchard,Boreal,Moist,Western Asia,Orchard,0.43,0.43,0.2322,0.6278,,,,
,Boreal | Moist | Western Asia | Short Rotation Coppice,Boreal,Moist,Western Asia,Short Rotation Coppice,3.2,3.2,1.92,4.48,,,,
,Boreal | Moist | Western Asia | Tea,Boreal,Moist,Western Asia,Tea,0.7,0.7,0.525,0.875,,,,
,Boreal | Moist | Western Asia | Vine,Boreal,Moist,Western Asia,Vine,0.28,0.28,0.2072,0.3528,,,,
,Boreal | Moist | Western Asia | Oil Palm,Boreal,Moist,Western Asia,Oil Palm,0,0,#N/A,#N/A,,,,
,Boreal | Moist | Western Asia | Rubber,Boreal,Moist,Western Asia,Rubber,0,0,#N/A,#N/A,,,,
,Boreal | Moist | Europe | Grains,Boreal,Moist,Europe,Grains,4.7,4.7,1.175,8.225,,,,
,Boreal | Moist | Europe | Maize,Boreal,Moist,Europe,Maize,4.7,4.7,1.175,8.225,,,,
,Boreal | Moist | Europe | Sugarcane,Boreal,Moist,Europe,Sugarcane,4.7,4.7,1.175,8.225,,,,
,Boreal | Moist | Europe | Wheat,Boreal,Moist,Europe,Wheat,4.7,4.7,1.175,8.225,,,,
,Boreal | Moist | Europe | Beans & Pulses,Boreal,Moist,Europe,Beans & Pulses,4.7,4.7,1.175,8.225,,,,
,Boreal | Moist | Europe | Tubers,Boreal,Moist,Europe,Tubers,4.7,4.7,1.175,8.225,,,,
,Boreal | Moist | Europe | Root Crops,Boreal,Moist,Europe,Root Crops,4.7,4.7,1.175,8.225,,,,
,Boreal | Moist | Europe | Barley,Boreal,Moist,Europe,Barley,4.7,4.7,1.175,8.225,,,,
,Boreal | Moist | Europe | Oats,Boreal,Moist,Europe,Oats,4.7,4.7,1.175,8.225,,,,
,Boreal | Moist | Europe | Millet,Boreal,Moist,Europe,Millet,4.7,4.7,1.175,8.225,,,,
,Boreal | Moist | Europe | Sorghum,Boreal,Moist,Europe,Sorghum,4.7,4.7,1.175,8.225,,,,
,Boreal | Moist | Europe | Rye,Boreal,Moist,Europe,Rye,4.7,4.7,1.175,8.225,,,,
,Boreal | Moist | Europe | Soybeans,Boreal,Moist,Europe,Soybeans,4.7,4.7,1.175,8.225,,,,
,Boreal | Moist | Europe | Dry Bean,Boreal,Moist,Europe,Dry Bean,4.7,4.7,1.175,8.225,,,,
,Boreal | Moist | Europe | Potatoes,Boreal,Moist,Europe,Potatoes,4.7,4.7,1.175,8.225,,,,
,Boreal | Moist | Europe | Peanuts,Boreal,Moist,Europe,Peanuts,4.7,4.7,1.175,8.225,,,,
,Boreal | Moist | Europe | Vegetables,Boreal,Moist,Europe,Vegetables,4.7,4.7,1.175,8.225,,,,
,Boreal | Moist | Europe | Oilseeds,Boreal,Moist,Europe,Oilseeds,4.7,4.7,1.175,8.225,,,,
,Boreal | Moist | Europe | Groundnuts,Boreal,Moist,Europe,Groundnuts,4.7,4.7,1.175,8.225,,,,
,Boreal | Moist | Europe | Annual Cropland,Boreal,Moist,Europe,Annual Cropland,4.7,4.7,1.175,8.225,,,,
,Boreal | Moist | Europe | Set Aside,Boreal,Moist,Europe,Set Aside,4.7,4.7,1.175,8.225,,,,
,Boreal | Moist | Europe | Flooded Rice,Boreal,Moist,Europe,Flooded Rice,4.7,4.7,1.175,8.225,,,,
,Boreal | Moist | Europe | Grassland,Boreal,Moist,Europe,Grassland,3.995,3.995,0.99875,6.99125,,,,
,Boreal | Moist | Europe | Other Land (Non-Vegetated),Boreal,Moist,Europe,Other Land (Non-Vegetated),0,0,#N/A,#N/A,,,,
,Boreal | Moist | Europe | Settlement,Boreal,Moist,Europe,Settlement,0,0,#N/A,#N/A,,,,
,Boreal | Moist | Europe | Agroforestry - Default,Boreal,Moist,Europe,Agroforestry - Default,1.756666667,1.756666667,1.016866667,2.496466667,,,,
,Boreal | Moist | Europe | Hedgerow,Boreal,Moist,Europe,Hedgerow,1.1,1.1,0.6737,1.5263,,,,
,Boreal | Moist | Europe | Silvoarable,Boreal,Moist,Europe,Silvoarable,1.14,1.14,0.6486,1.6314,,,,
,Boreal | Moist | Europe | Silvopasture,Boreal,Moist,Europe,Silvopasture,3.03,3.03,1.8184,4.2416,,,,
,Boreal | Moist | Europe | Other Land,Boreal,Moist,Europe,Other Land,0,0,#N/A,#N/A,,,,
,Boreal | Moist | Europe | Olive,Boreal,Moist,Europe,Olive,0.46,0.46,0.3358,0.5842,,,,
,Boreal | Moist | Europe | Orchard,Boreal,Moist,Europe,Orchard,0.43,0.43,0.2322,0.6278,,,,
,Boreal | Moist | Europe | Short Rotation Coppice,Boreal,Moist,Europe,Short Rotation Coppice,3.2,3.2,1.92,4.48,,,,
,Boreal | Moist | Europe | Tea,Boreal,Moist,Europe,Tea,0.7,0.7,0.525,0.875,,,,
,Boreal | Moist | Europe | Vine,Boreal,Moist,Europe,Vine,0.28,0.28,0.2072,0.3528,,,,
,Boreal | Moist | Europe | Oil Palm,Boreal,Moist,Europe,Oil Palm,0,0,#N/A,#N/A,,,,
,Boreal | Moist | Europe | Rubber,Boreal,Moist,Europe,Rubber,0,0,#N/A,#N/A,,,,
,Boreal | Moist | Oceania | Grains,Boreal,Moist,Oceania,Grains,4.7,4.7,1.175,8.225,,,,
,Boreal | Moist | Oceania | Maize,Boreal,Moist,Oceania,Maize,4.7,4.7,1.175,8.225,,,,
,Boreal | Moist | Oceania | Sugarcane,Boreal,Moist,Oceania,Sugarcane,4.7,4.7,1.175,8.225,,,,
,Boreal | Moist | Oceania | Wheat,Boreal,Moist,Oceania,Wheat,4.7,4.7,1.175,8.225,,,,
,Boreal | Moist | Oceania | Beans & Pulses,Boreal,Moist,Oceania,Beans & Pulses,4.7,4.7,1.175,8.225,,,,
,Boreal | Moist | Oceania | Tubers,Boreal,Moist,Oceania,Tubers,4.7,4.7,1.175,8.225,,,,
,Boreal | Moist | Oceania | Root Crops,Boreal,Moist,Oceania,Root Crops,4.7,4.7,1.175,8.225,,,,
,Boreal | Moist | Oceania | Barley,Boreal,Moist,Oceania,Barley,4.7,4.7,1.175,8.225,,,,
,Boreal | Moist | Oceania | Oats,Boreal,Moist,Oceania,Oats,4.7,4.7,1.175,8.225,,,,
,Boreal | Moist | Oceania | Millet,Boreal,Moist,Oceania,Millet,4.7,4.7,1.175,8.225,,,,
,Boreal | Moist | Oceania | Sorghum,Boreal,Moist,Oceania,Sorghum,4.7,4.7,1.175,8.225,,,,
,Boreal | Moist | Oceania | Rye,Boreal,Moist,Oceania,Rye,4.7,4.7,1.175,8.225,,,,
,Boreal | Moist | Oceania | Soybeans,Boreal,Moist,Oceania,Soybeans,4.7,4.7,1.175,8.225,,,,
,Boreal | Moist | Oceania | Dry Bean,Boreal,Moist,Oceania,Dry Bean,4.7,4.7,1.175,8.225,,,,
,Boreal | Moist | Oceania | Potatoes,Boreal,Moist,Oceania,Potatoes,4.7,4.7,1.175,8.225,,,,
,Boreal | Moist | Oceania | Peanuts,Boreal,Moist,Oceania,Peanuts,4.7,4.7,1.175,8.225,,,,
,Boreal | Moist | Oceania | Vegetables,Boreal,Moist,Oceania,Vegetables,4.7,4.7,1.175,8.225,,,,
,Boreal | Moist | Oceania | Oilseeds,Boreal,Moist,Oceania,Oilseeds,4.7,4.7,1.175,8.225,,,,
,Boreal | Moist | Oceania | Groundnuts,Boreal,Moist,Oceania,Groundnuts,4.7,4.7,1.175,8.225,,,,
,Boreal | Moist | Oceania | Annual Cropland,Boreal,Moist,Oceania,Annual Cropland,4.7,4.7,1.175,8.225,,,,
,Boreal | Moist | Oceania | Set Aside,Boreal,Moist,Oceania,Set Aside,4.7,4.7,1.175,8.225,,,,
,Boreal | Moist | Oceania | Flooded Rice,Boreal,Moist,Oceania,Flooded Rice,4.7,4.7,1.175,8.225,,,,
,Boreal | Moist | Oceania | Grassland,Boreal,Moist,Oceania,Grassland,3.995,3.995,0.99875,6.99125,,,,
,Boreal | Moist | Oceania | Other Land (Non-Vegetated),Boreal,Moist,Oceania,Other Land (Non-Vegetated),0,0,#N/A,#N/A,,,,
,Boreal | Moist | Oceania | Settlement,Boreal,Moist,Oceania,Settlement,0,0,#N/A,#N/A,,,,
,Boreal | Moist | Oceania | Agroforestry - Default,Boreal,Moist,Oceania,Agroforestry - Default,1.756666667,1.756666667,1.016866667,2.496466667,,,,
,Boreal | Moist | Oceania | Hedgerow,Boreal,Moist,Oceania,Hedgerow,1.1,1.1,0.6737,1.5263,,,,
,Boreal | Moist | Oceania | Silvoarable,Boreal,Moist,Oceania,Silvoarable,1.14,1.14,0.6486,1.6314,,,,
,Boreal | Moist | Oceania | Silvopasture,Boreal,Moist,Oceania,Silvopasture,3.03,3.03,1.8184,4.2416,,,,
,Boreal | Moist | Oceania | Other Land,Boreal,Moist,Oceania,Other Land,0,0,#N/A,#N/A,,,,
,Boreal | Moist | Oceania | Olive,Boreal,Moist,Oceania,Olive,0.46,0.46,0.3358,0.5842,,,,
,Boreal | Moist | Oceania | Orchard,Boreal,Moist,Oceania,Orchard,0.43,0.43,0.2322,0.6278,,,,
,Boreal | Moist | Oceania | Short Rotation Coppice,Boreal,Moist,Oceania,Short Rotation Coppice,3.2,3.2,1.92,4.48,,,,
,Boreal | Moist | Oceania | Tea,Boreal,Moist,Oceania,Tea,0.7,0.7,0.525,0.875,,,,
,Boreal | Moist | Oceania | Vine,Boreal,Moist,Oceania,Vine,0.28,0.28,0.2072,0.3528,,,,
,Boreal | Moist | Oceania | Oil Palm,Boreal,Moist,Oceania,Oil Palm,0,0,#N/A,#N/A,,,,
,Boreal | Moist | Oceania | Rubber,Boreal,Moist,Oceania,Rubber,0,0,#N/A,#N/A,,,,
,Boreal | Moist | North America | Grains,Boreal,Moist,North America,Grains,4.7,4.7,1.175,8.225,,,,
,Boreal | Moist | North America | Maize,Boreal,Moist,North America,Maize,4.7,4.7,1.175,8.225,,,,
,Boreal | Moist | North America | Sugarcane,Boreal,Moist,North America,Sugarcane,4.7,4.7,1.175,8.225,,,,
,Boreal | Moist | North America | Wheat,Boreal,Moist,North America,Wheat,4.7,4.7,1.175,8.225,,,,
,Boreal | Moist | North America | Beans & Pulses,Boreal,Moist,North America,Beans & Pulses,4.7,4.7,1.175,8.225,,,,
,Boreal | Moist | North America | Tubers,Boreal,Moist,North America,Tubers,4.7,4.7,1.175,8.225,,,,
,Boreal | Moist | North America | Root Crops,Boreal,Moist,North America,Root Crops,4.7,4.7,1.175,8.225,,,,
,Boreal | Moist | North America | Barley,Boreal,Moist,North America,Barley,4.7,4.7,1.175,8.225,,,,
,Boreal | Moist | North America | Oats,Boreal,Moist,North America,Oats,4.7,4.7,1.175,8.225,,,,
,Boreal | Moist | North America | Millet,Boreal,Moist,North America,Millet,4.7,4.7,1.175,8.225,,,,
,Boreal | Moist | North America | Sorghum,Boreal,Moist,North America,Sorghum,4.7,4.7,1.175,8.225,,,,
,Boreal | Moist | North America | Rye,Boreal,Moist,North America,Rye,4.7,4.7,1.175,8.225,,,,
,Boreal | Moist | North America | Soybeans,Boreal,Moist,North America,Soybeans,4.7,4.7,1.175,8.225,,,,
,Boreal | Moist | North America | Dry Bean,Boreal,Moist,North America,Dry Bean,4.7,4.7,1.175,8.225,,,,
,Boreal | Moist | North America | Potatoes,Boreal,Moist,North America,Potatoes,4.7,4.7,1.175,8.225,,,,
,Boreal | Moist | North America | Peanuts,Boreal,Moist,North America,Peanuts,4.7,4.7,1.175,8.225,,,,
,Boreal | Moist | North America | Vegetables,Boreal,Moist,North America,Vegetables,4.7,4.7,1.175,8.225,,,,
,Boreal | Moist | North America | Oilseeds,Boreal,Moist,North America,Oilseeds,4.7,4.7,1.175,8.225,,,,
,Boreal | Moist | North America | Groundnuts,Boreal,Moist,North America,Groundnuts,4.7,4.7,1.175,8.225,,,,
,Boreal | Moist | North America | Annual Cropland,Boreal,Moist,North America,Annual Cropland,4.7,4.7,1.175,8.225,,,,
,Boreal | Moist | North America | Set Aside,Boreal,Moist,North America,Set Aside,4.7,4.7,1.175,8.225,,,,
,Boreal | Moist | North America | Flooded Rice,Boreal,Moist,North America,Flooded Rice,4.7,4.7,1.175,8.225,,,,
,Boreal | Moist | North America | Grassland,Boreal,Moist,North America,Grassland,3.995,3.995,0.99875,6.99125,,,,
,Boreal | Moist | North America | Other Land (Non-Vegetated),Boreal,Moist,North America,Other Land (Non-Vegetated),0,0,#N/A,#N/A,,,,
,Boreal | Moist | North America | Settlement,Boreal,Moist,North America,Settlement,0,0,#N/A,#N/A,,,,
,Boreal | Moist | North America | Agroforestry - Default,Boreal,Moist,North America,Agroforestry - Default,1.756666667,1.756666667,1.016866667,2.496466667,,,,
,Boreal | Moist | North America | Hedgerow,Boreal,Moist,North America,Hedgerow,1.1,1.1,0.6737,1.5263,,,,
,Boreal | Moist | North America | Silvoarable,Boreal,Moist,North America,Silvoarable,1.14,1.14,0.6486,1.6314,,,,
,Boreal | Moist | North America | Silvopasture,Boreal,Moist,North America,Silvopasture,3.03,3.03,1.8184,4.2416,,,,
,Boreal | Moist | North America | Other Land,Boreal,Moist,North America,Other Land,0,0,#N/A,#N/A,,,,
,Boreal | Moist | North America | Olive,Boreal,Moist,North America,Olive,0.46,0.46,0.3358,0.5842,,,,
,Boreal | Moist | North America | Orchard,Boreal,Moist,North America,Orchard,0.43,0.43,0.2322,0.6278,,,,
,Boreal | Moist | North America | Short Rotation Coppice,Boreal,Moist,North America,Short Rotation Coppice,3.2,3.2,1.92,4.48,,,,
,Boreal | Moist | North America | Tea,Boreal,Moist,North America,Tea,0.7,0.7,0.525,0.875,,,,
,Boreal | Moist | North America | Vine,Boreal,Moist,North America,Vine,0.28,0.28,0.2072,0.3528,,,,
,Boreal | Moist | North America | Oil Palm,Boreal,Moist,North America,Oil Palm,0,0,#N/A,#N/A,,,,
,Boreal | Moist | North America | Rubber,Boreal,Moist,North America,Rubber,0,0,#N/A,#N/A,,,,
,Boreal | Moist | South America | Grains,Boreal,Moist,South America,Grains,4.7,4.7,1.175,8.225,,,,
,Boreal | Moist | South America | Maize,Boreal,Moist,South America,Maize,4.7,4.7,1.175,8.225,,,,
,Boreal | Moist | South America | Sugarcane,Boreal,Moist,South America,Sugarcane,4.7,4.7,1.175,8.225,,,,
,Boreal | Moist | South America | Wheat,Boreal,Moist,South America,Wheat,4.7,4.7,1.175,8.225,,,,
,Boreal | Moist | South America | Beans & Pulses,Boreal,Moist,South America,Beans & Pulses,4.7,4.7,1.175,8.225,,,,
,Boreal | Moist | South America | Tubers,Boreal,Moist,South America,Tubers,4.7,4.7,1.175,8.225,,,,
,Boreal | Moist | South America | Root Crops,Boreal,Moist,South America,Root Crops,4.7,4.7,1.175,8.225,,,,
,Boreal | Moist | South America | Barley,Boreal,Moist,South America,Barley,4.7,4.7,1.175,8.225,,,,
,Boreal | Moist | South America | Oats,Boreal,Moist,South America,Oats,4.7,4.7,1.175,8.225,,,,
,Boreal | Moist | South America | Millet,Boreal,Moist,South America,Millet,4.7,4.7,1.175,8.225,,,,
,Boreal | Moist | South America | Sorghum,Boreal,Moist,South America,Sorghum,4.7,4.7,1.175,8.225,,,,
,Boreal | Moist | South America | Rye,Boreal,Moist,South America,Rye,4.7,4.7,1.175,8.225,,,,
,Boreal | Moist | South America | Soybeans,Boreal,Moist,South America,Soybeans,4.7,4.7,1.175,8.225,,,,
,Boreal | Moist | South America | Dry Bean,Boreal,Moist,South America,Dry Bean,4.7,4.7,1.175,8.225,,,,
,Boreal | Moist | South America | Potatoes,Boreal,Moist,South America,Potatoes,4.7,4.7,1.175,8.225,,,,
,Boreal | Moist | South America | Peanuts,Boreal,Moist,South America,Peanuts,4.7,4.7,1.175,8.225,,,,
,Boreal | Moist | South America | Vegetables,Boreal,Moist,South America,Vegetables,4.7,4.7,1.175,8.225,,,,
,Boreal | Moist | South America | Oilseeds,Boreal,Moist,South America,Oilseeds,4.7,4.7,1.175,8.225,,,,
,Boreal | Moist | South America | Groundnuts,Boreal,Moist,South America,Groundnuts,4.7,4.7,1.175,8.225,,,,
,Boreal | Moist | South America | Annual Cropland,Boreal,Moist,South America,Annual Cropland,4.7,4.7,1.175,8.225,,,,
,Boreal | Moist | South America | Set Aside,Boreal,Moist,South America,Set Aside,4.7,4.7,1.175,8.225,,,,
,Boreal | Moist | South America | Flooded Rice,Boreal,Moist,South America,Flooded Rice,4.7,4.7,1.175,8.225,,,,
,Boreal | Moist | South America | Grassland,Boreal,Moist,South America,Grassland,3.995,3.995,0.99875,6.99125,,,,
,Boreal | Moist | South America | Other Land (Non-Vegetated),Boreal,Moist,South America,Other Land (Non-Vegetated),0,0,#N/A,#N/A,,,,
,Boreal | Moist | South America | Settlement,Boreal,Moist,South America,Settlement,0,0,#N/A,#N/A,,,,
,Boreal | Moist | South America | Agroforestry - Default,Boreal,Moist,South America,Agroforestry - Default,1.756666667,1.756666667,1.016866667,2.496466667,,,,
,Boreal | Moist | South America | Hedgerow,Boreal,Moist,South America,Hedgerow,1.1,1.1,0.6737,1.5263,,,,
,Boreal | Moist | South America | Silvoarable,Boreal,Moist,South America,Silvoarable,1.14,1.14,0.6486,1.6314,,,,
,Boreal | Moist | South America | Silvopasture,Boreal,Moist,South America,Silvopasture,3.03,3.03,1.8184,4.2416,,,,
,Boreal | Moist | South America | Other Land,Boreal,Moist,South America,Other Land,0,0,#N/A,#N/A,,,,
,Boreal | Moist | South America | Olive,Boreal,Moist,South America,Olive,0.46,0.46,0.3358,0.5842,,,,
,Boreal | Moist | South America | Orchard,Boreal,Moist,South America,Orchard,0.43,0.43,0.2322,0.6278,,,,
,Boreal | Moist | South America | Short Rotation Coppice,Boreal,Moist,South America,Short Rotation Coppice,3.2,3.2,1.92,4.48,,,,
,Boreal | Moist | South America | Tea,Boreal,Moist,South America,Tea,0.7,0.7,0.525,0.875,,,,
,Boreal | Moist | South America | Vine,Boreal,Moist,South America,Vine,0.28,0.28,0.2072,0.3528,,,,
,Boreal | Moist | South America | Oil Palm,Boreal,Moist,South America,Oil Palm,0,0,#N/A,#N/A,,,,
,Boreal | Moist | South America | Rubber,Boreal,Moist,South America,Rubber,0,0,#N/A,#N/A,,,,
,Boreal | Moist | Central America | Grains,Boreal,Moist,Central America,Grains,4.7,4.7,1.175,8.225,,,,
,Boreal | Moist | Central America | Maize,Boreal,Moist,Central America,Maize,4.7,4.7,1.175,8.225,,,,
,Boreal | Moist | Central America | Sugarcane,Boreal,Moist,Central America,Sugarcane,4.7,4.7,1.175,8.225,,,,
,Boreal | Moist | Central America | Wheat,Boreal,Moist,Central America,Wheat,4.7,4.7,1.175,8.225,,,,
,Boreal | Moist | Central America | Beans & Pulses,Boreal,Moist,Central America,Beans & Pulses,4.7,4.7,1.175,8.225,,,,
,Boreal | Moist | Central America | Tubers,Boreal,Moist,Central America,Tubers,4.7,4.7,1.175,8.225,,,,
,Boreal | Moist | Central America | Root Crops,Boreal,Moist,Central America,Root Crops,4.7,4.7,1.175,8.225,,,,
,Boreal | Moist | Central America | Barley,Boreal,Moist,Central America,Barley,4.7,4.7,1.175,8.225,,,,
,Boreal | Moist | Central America | Oats,Boreal,Moist,Central America,Oats,4.7,4.7,1.175,8.225,,,,
,Boreal | Moist | Central America | Millet,Boreal,Moist,Central America,Millet,4.7,4.7,1.175,8.225,,,,
,Boreal | Moist | Central America | Sorghum,Boreal,Moist,Central America,Sorghum,4.7,4.7,1.175,8.225,,,,
,Boreal | Moist | Central America | Rye,Boreal,Moist,Central America,Rye,4.7,4.7,1.175,8.225,,,,
,Boreal | Moist | Central America | Soybeans,Boreal,Moist,Central America,Soybeans,4.7,4.7,1.175,8.225,,,,
,Boreal | Moist | Central America | Dry Bean,Boreal,Moist,Central America,Dry Bean,4.7,4.7,1.175,8.225,,,,
,Boreal | Moist | Central America | Potatoes,Boreal,Moist,Central America,Potatoes,4.7,4.7,1.175,8.225,,,,
,Boreal | Moist | Central America | Peanuts,Boreal,Moist,Central America,Peanuts,4.7,4.7,1.175,8.225,,,,
,Boreal | Moist | Central America | Vegetables,Boreal,Moist,Central America,Vegetables,4.7,4.7,1.175,8.225,,,,
,Boreal | Moist | Central America | Oilseeds,Boreal,Moist,Central America,Oilseeds,4.7,4.7,1.175,8.225,,,,
,Boreal | Moist | Central America | Groundnuts,Boreal,Moist,Central America,Groundnuts,4.7,4.7,1.175,8.225,,,,
,Boreal | Moist | Central America | Annual Cropland,Boreal,Moist,Central America,Annual Cropland,4.7,4.7,1.175,8.225,,,,
,Boreal | Moist | Central America | Set Aside,Boreal,Moist,Central America,Set Aside,4.7,4.7,1.175,8.225,,,,
,Boreal | Moist | Central America | Flooded Rice,Boreal,Moist,Central America,Flooded Rice,4.7,4.7,1.175,8.225,,,,
,Boreal | Moist | Central America | Grassland,Boreal,Moist,Central America,Grassland,3.995,3.995,0.99875,6.99125,,,,
,Boreal | Moist | Central America | Other Land (Non-Vegetated),Boreal,Moist,Central America,Other Land (Non-Vegetated),0,0,#N/A,#N/A,,,,
,Boreal | Moist | Central America | Settlement,Boreal,Moist,Central America,Settlement,0,0,#N/A,#N/A,,,,
,Boreal | Moist | Central America | Agroforestry - Default,Boreal,Moist,Central America,Agroforestry - Default,1.756666667,1.756666667,1.016866667,2.496466667,,,,
,Boreal | Moist | Central America | Hedgerow,Boreal,Moist,Central America,Hedgerow,1.1,1.1,0.6737,1.5263,,,,
,Boreal | Moist | Central America | Silvoarable,Boreal,Moist,Central America,Silvoarable,1.14,1.14,0.6486,1.6314,,,,
,Boreal | Moist | Central America | Silvopasture,Boreal,Moist,Central America,Silvopasture,3.03,3.03,1.8184,4.2416,,,,
,Boreal | Moist | Central America | Other Land,Boreal,Moist,Central America,Other Land,0,0,#N/A,#N/A,,,,
,Boreal | Moist | Central America | Olive,Boreal,Moist,Central America,Olive,0.46,0.46,0.3358,0.5842,,,,
,Boreal | Moist | Central America | Orchard,Boreal,Moist,Central America,Orchard,0.43,0.43,0.2322,0.6278,,,,
,Boreal | Moist | Central America | Short Rotation Coppice,Boreal,Moist,Central America,Short Rotation Coppice,3.2,3.2,1.92,4.48,,,,
,Boreal | Moist | Central America | Tea,Boreal,Moist,Central America,Tea,0.7,0.7,0.525,0.875,,,,
,Boreal | Moist | Central America | Vine,Boreal,Moist,Central America,Vine,0.28,0.28,0.2072,0.3528,,,,
,Boreal | Moist | Central America | Oil Palm,Boreal,Moist,Central America,Oil Palm,0,0,#N/A,#N/A,,,,
,Boreal | Moist | Central America | Rubber,Boreal,Moist,Central America,Rubber,0,0,#N/A,#N/A,,,,
,Boreal | Moist | Caribbean | Grains,Boreal,Moist,Caribbean,Grains,4.7,4.7,1.175,8.225,,,,
,Boreal | Moist | Caribbean | Maize,Boreal,Moist,Caribbean,Maize,4.7,4.7,1.175,8.225,,,,
,Boreal | Moist | Caribbean | Sugarcane,Boreal,Moist,Caribbean,Sugarcane,4.7,4.7,1.175,8.225,,,,
,Boreal | Moist | Caribbean | Wheat,Boreal,Moist,Caribbean,Wheat,4.7,4.7,1.175,8.225,,,,
,Boreal | Moist | Caribbean | Beans & Pulses,Boreal,Moist,Caribbean,Beans & Pulses,4.7,4.7,1.175,8.225,,,,
,Boreal | Moist | Caribbean | Tubers,Boreal,Moist,Caribbean,Tubers,4.7,4.7,1.175,8.225,,,,
,Boreal | Moist | Caribbean | Root Crops,Boreal,Moist,Caribbean,Root Crops,4.7,4.7,1.175,8.225,,,,
,Boreal | Moist | Caribbean | Barley,Boreal,Moist,Caribbean,Barley,4.7,4.7,1.175,8.225,,,,
,Boreal | Moist | Caribbean | Oats,Boreal,Moist,Caribbean,Oats,4.7,4.7,1.175,8.225,,,,
,Boreal | Moist | Caribbean | Millet,Boreal,Moist,Caribbean,Millet,4.7,4.7,1.175,8.225,,,,
,Boreal | Moist | Caribbean | Sorghum,Boreal,Moist,Caribbean,Sorghum,4.7,4.7,1.175,8.225,,,,
,Boreal | Moist | Caribbean | Rye,Boreal,Moist,Caribbean,Rye,4.7,4.7,1.175,8.225,,,,
,Boreal | Moist | Caribbean | Soybeans,Boreal,Moist,Caribbean,Soybeans,4.7,4.7,1.175,8.225,,,,
,Boreal | Moist | Caribbean | Dry Bean,Boreal,Moist,Caribbean,Dry Bean,4.7,4.7,1.175,8.225,,,,
,Boreal | Moist | Caribbean | Potatoes,Boreal,Moist,Caribbean,Potatoes,4.7,4.7,1.175,8.225,,,,
,Boreal | Moist | Caribbean | Peanuts,Boreal,Moist,Caribbean,Peanuts,4.7,4.7,1.175,8.225,,,,
,Boreal | Moist | Caribbean | Vegetables,Boreal,Moist,Caribbean,Vegetables,4.7,4.7,1.175,8.225,,,,
,Boreal | Moist | Caribbean | Oilseeds,Boreal,Moist,Caribbean,Oilseeds,4.7,4.7,1.175,8.225,,,,
,Boreal | Moist | Caribbean | Groundnuts,Boreal,Moist,Caribbean,Groundnuts,4.7,4.7,1.175,8.225,,,,
,Boreal | Moist | Caribbean | Annual Cropland,Boreal,Moist,Caribbean,Annual Cropland,4.7,4.7,1.175,8.225,,,,
,Boreal | Moist | Caribbean | Set Aside,Boreal,Moist,Caribbean,Set Aside,4.7,4.7,1.175,8.225,,,,
,Boreal | Moist | Caribbean | Flooded Rice,Boreal,Moist,Caribbean,Flooded Rice,4.7,4.7,1.175,8.225,,,,
,Boreal | Moist | Caribbean | Grassland,Boreal,Moist,Caribbean,Grassland,3.995,3.995,0.99875,6.99125,,,,
,Boreal | Moist | Caribbean | Other Land (Non-Vegetated),Boreal,Moist,Caribbean,Other Land (Non-Vegetated),0,0,#N/A,#N/A,,,,
,Boreal | Moist | Caribbean | Settlement,Boreal,Moist,Caribbean,Settlement,0,0,#N/A,#N/A,,,,
,Boreal | Moist | Caribbean | Agroforestry - Default,Boreal,Moist,Caribbean,Agroforestry - Default,1.756666667,1.756666667,1.016866667,2.496466667,,,,
,Boreal | Moist | Caribbean | Hedgerow,Boreal,Moist,Caribbean,Hedgerow,1.1,1.1,0.6737,1.5263,,,,
,Boreal | Moist | Caribbean | Silvoarable,Boreal,Moist,Caribbean,Silvoarable,1.14,1.14,0.6486,1.6314,,,,
,Boreal | Moist | Caribbean | Silvopasture,Boreal,Moist,Caribbean,Silvopasture,3.03,3.03,1.8184,4.2416,,,,
,Boreal | Moist | Caribbean | Other Land,Boreal,Moist,Caribbean,Other Land,0,0,#N/A,#N/A,,,,
,Boreal | Moist | Caribbean | Olive,Boreal,Moist,Caribbean,Olive,0.46,0.46,0.3358,0.5842,,,,
,Boreal | Moist | Caribbean | Orchard,Boreal,Moist,Caribbean,Orchard,0.43,0.43,0.2322,0.6278,,,,
,Boreal | Moist | Caribbean | Short Rotation Coppice,Boreal,Moist,Caribbean,Short Rotation Coppice,3.2,3.2,1.92,4.48,,,,
,Boreal | Moist | Caribbean | Tea,Boreal,Moist,Caribbean,Tea,0.7,0.7,0.525,0.875,,,,
,Boreal | Moist | Caribbean | Vine,Boreal,Moist,Caribbean,Vine,0.28,0.28,0.2072,0.3528,,,,
,Boreal | Moist | Caribbean | Oil Palm,Boreal,Moist,Caribbean,Oil Palm,0,0,#N/A,#N/A,,,,
,Boreal | Moist | Caribbean | Rubber,Boreal,Moist,Caribbean,Rubber,0,0,#N/A,#N/A,,,,
