id,climate,land_use_type,region,forest_condition_type,from_year,forest_type,agb_min,agb_max,agb_growth_min,agb_growth_max,agb_unit,agb_min_min,agb_max_max,agb_growth_min_min,agb_growth_max_max,"Source: 2019 Refinement to the 2006 IPCC Guidelines for National Greenhouse Gas Inventories, IPCC (2019), Volume 4 AFOLU, tables 4.7, 4.8, 4.9, 4.10, 4.12; 2006 IPCC Guidelines for National Greenhouse Gas Inventories, IPCC (2006), Volume 4 AFOLU, tables 4.12."
9884,Tropical,Rainforest,Eastern Africa,Primary,0,Natural,189.974,189.974,0.611,0.611,tC/ha,133.386,246.562,N/A,N/A,
9885,Tropical,Rainforest,Central Africa,Primary,0,Natural,189.974,189.974,0.611,0.611,tC/ha,133.386,246.562,N/A,N/A,
9886,Tropical,Rainforest,Northern Africa,Primary,0,Natural,189.974,189.974,0.611,0.611,tC/ha,133.386,246.562,N/A,N/A,
9887,Tropical,Rainforest,Southern Africa,Primary,0,Natural,189.974,189.974,0.611,0.611,tC/ha,133.386,246.562,N/A,N/A,
9888,Tropical,Rainforest,Western Africa,Primary,0,Natural,189.974,189.974,0.611,0.611,tC/ha,133.386,246.562,N/A,N/A,
9889,Tropical,Rainforest,Eastern Africa,Secondary,21,Natural,100.063,100.063,1.645,1.645,tC/ha,32.806,167.32,0.094,3.196,
9890,Tropical,Rainforest,Eastern Africa,Secondary,21,Plantation,94,141,2.35,3.76,tC/ha,7.125025481,227.8749745,N/A,N/A,
9891,Tropical,Rainforest,Central Africa,Secondary,21,Natural,100.063,100.063,1.645,1.645,tC/ha,32.806,167.32,0.094,3.196,
9892,Tropical,Rainforest,Central Africa,Secondary,21,Plantation,94,141,2.35,3.76,tC/ha,7.125025481,227.8749745,N/A,N/A,
9893,Tropical,Rainforest,Northern Africa,Secondary,21,Natural,100.063,100.063,1.645,1.645,tC/ha,32.806,167.32,0.094,3.196,
9894,Tropical,Rainforest,Northern Africa,Secondary,21,Plantation,94,141,2.35,3.76,tC/ha,7.125025481,227.8749745,N/A,N/A,
9895,Tropical,Rainforest,Southern Africa,Secondary,21,Natural,100.063,100.063,1.645,1.645,tC/ha,32.806,167.32,0.094,3.196,
9896,Tropical,Rainforest,Southern Africa,Secondary,21,Plantation,94,141,2.35,3.76,tC/ha,7.125025481,227.8749745,N/A,N/A,
9897,Tropical,Rainforest,Western Africa,Secondary,21,Natural,100.063,100.063,1.645,1.645,tC/ha,32.806,167.32,0.094,3.196,
9898,Tropical,Rainforest,Western Africa,Secondary,21,Plantation,94,141,2.35,3.76,tC/ha,7.125025481,227.8749745,N/A,N/A,
9899,Tropical,Rainforest,Eastern Africa,Secondary,0,Natural,24.816,24.816,3.572,3.572,tC/ha,8.084,41.548,0.799,6.345,
9900,Tropical,Rainforest,Eastern Africa,Secondary,0,Plantation,28.2,47,2.35,3.76,tC/ha,1.474147761,73.72585224,5.875,6.58,
9901,Tropical,Rainforest,Central Africa,Secondary,0,Natural,24.816,24.816,3.572,3.572,tC/ha,8.084,41.548,0.799,6.345,
9902,Tropical,Rainforest,Central Africa,Secondary,0,Plantation,28.2,47,2.35,3.76,tC/ha,1.474147761,73.72585224,5.875,6.58,
9903,Tropical,Rainforest,Northern Africa,Secondary,0,Natural,24.816,24.816,3.572,3.572,tC/ha,8.084,41.548,0.799,6.345,
9904,Tropical,Rainforest,Northern Africa,Secondary,0,Plantation,28.2,47,2.35,3.76,tC/ha,1.474147761,73.72585224,5.875,6.58,
9905,Tropical,Rainforest,Southern Africa,Secondary,0,Natural,24.816,24.816,3.572,3.572,tC/ha,8.084,41.548,0.799,6.345,
9906,Tropical,Rainforest,Southern Africa,Secondary,0,Plantation,28.2,47,2.35,3.76,tC/ha,1.474147761,73.72585224,5.875,6.58,
9907,Tropical,Rainforest,Western Africa,Secondary,0,Natural,24.816,24.816,3.572,3.572,tC/ha,8.084,41.548,0.799,6.345,
9908,Tropical,Rainforest,Western Africa,Secondary,0,Plantation,28.2,47,2.35,3.76,tC/ha,1.474147761,73.72585224,5.875,6.58,
9909,Tropical,Rainforest,South America,Primary,0,Natural,144.337,144.337,0.47,0.47,tC/ha,95.034,193.64,-0.47,1.41,
9910,Tropical,Rainforest,Central America,Primary,0,Natural,144.337,144.337,0.47,0.47,tC/ha,95.034,193.64,-0.47,1.41,
9911,Tropical,Rainforest,Caribbean,Primary,0,Natural,144.337,144.337,0.47,0.47,tC/ha,95.034,193.64,-0.47,1.41,
9912,Tropical,Rainforest,North America,Primary,0,Natural,144.337,144.337,0.47,0.47,tC/ha,95.034,193.64,-0.47,1.41,
9913,Tropical,Rainforest,South America,Secondary,21,Natural,97.008,97.008,1.081,1.081,tC/ha,59.22,134.796,0.564,1.598,
9914,Tropical,Rainforest,South America,Secondary,21,Plantation,70.5,141,2.35,18.8,tC/ha,4.250089833,204.8999102,3.990703136,14.6875,
9915,Tropical,Rainforest,Central America,Secondary,21,Natural,97.008,97.008,1.081,1.081,tC/ha,59.22,134.796,0.564,1.598,
9916,Tropical,Rainforest,Central America,Secondary,21,Plantation,70.5,141,2.35,18.8,tC/ha,4.250089833,204.8999102,3.990703136,14.6875,
9917,Tropical,Rainforest,Caribbean,Secondary,21,Natural,97.008,97.008,1.081,1.081,tC/ha,59.22,134.796,0.564,1.598,
9918,Tropical,Rainforest,Caribbean,Secondary,21,Plantation,70.5,141,2.35,18.8,tC/ha,4.250089833,204.8999102,3.990703136,14.6875,
9919,Tropical,Rainforest,North America,Secondary,21,Natural,97.008,97.008,1.081,1.081,tC/ha,59.22,134.796,0.564,1.598,
9920,Tropical,Rainforest,North America,Secondary,21,Plantation,70.5,141,2.35,18.8,tC/ha,4.250089833,204.8999102,3.990703136,14.6875,
9921,Tropical,Rainforest,South America,Secondary,0,Natural,35.579,35.579,2.773,2.773,tC/ha,19.364,51.794,1.598,3.948,
9922,Tropical,Rainforest,South America,Secondary,0,Plantation,70.5,141,2.35,18.8,tC/ha,2.060526138,201.6061405,3.990703136,14.6875,
9923,Tropical,Rainforest,Central America,Secondary,0,Natural,35.579,35.579,2.773,2.773,tC/ha,19.364,51.794,1.598,3.948,
9924,Tropical,Rainforest,Central America,Secondary,0,Plantation,70.5,141,2.35,18.8,tC/ha,2.060526138,201.6061405,3.990703136,14.6875,
9925,Tropical,Rainforest,Caribbean,Secondary,0,Natural,35.579,35.579,2.773,2.773,tC/ha,19.364,51.794,1.598,3.948,
9926,Tropical,Rainforest,Caribbean,Secondary,0,Plantation,70.5,141,2.35,18.8,tC/ha,2.060526138,201.6061405,3.990703136,14.6875,
9927,Tropical,Rainforest,North America,Secondary,0,Natural,35.579,35.579,2.773,2.773,tC/ha,19.364,51.794,1.598,3.948,
9928,Tropical,Rainforest,North America,Secondary,0,Plantation,70.5,141,2.35,18.8,tC/ha,2.060526138,201.6061405,3.990703136,14.6875,
9929,Tropical,Rainforest,Central Asia,Primary,0,Natural,194.157,194.157,0.329,0.329,tC/ha,133.762,254.552,-0.705,1.363,
9930,Tropical,Rainforest,Eastern Asia,Primary,0,Natural,194.157,194.157,0.329,0.329,tC/ha,133.762,254.552,-0.705,1.363,
9931,Tropical,Rainforest,South-Eastern Asia,Primary,0,Natural,194.157,194.157,0.329,0.329,tC/ha,133.762,254.552,-0.705,1.363,
9932,Tropical,Rainforest,Southern Asia,Primary,0,Natural,194.157,194.157,0.329,0.329,tC/ha,133.762,254.552,-0.705,1.363,
9933,Tropical,Rainforest,Western Asia,Primary,0,Natural,194.157,194.157,0.329,0.329,tC/ha,133.762,254.552,-0.705,1.363,
9934,Tropical,Rainforest,Central Asia,Secondary,21,Natural,61.852,61.852,1.269,1.269,tC/ha,52.123,71.581,-0.188,2.726,
9935,Tropical,Rainforest,Central Asia,Secondary,21,Plantation,22.795,241.016,0.94,3.76,tC/ha,7.663327615,220.2396724,1.60686475,3.347020561,
9936,Tropical,Rainforest,Eastern Asia,Secondary,21,Natural,61.852,61.852,1.269,1.269,tC/ha,52.123,71.581,-0.188,2.726,
9937,Tropical,Rainforest,Eastern Asia,Secondary,21,Plantation,22.795,241.016,0.94,3.76,tC/ha,7.663327615,220.2396724,1.60686475,3.347020561,
9938,Tropical,Rainforest,South-Eastern Asia,Secondary,21,Natural,61.852,61.852,1.269,1.269,tC/ha,52.123,71.581,-0.188,2.726,
9939,Tropical,Rainforest,South-Eastern Asia,Secondary,21,Plantation,22.795,241.016,0.94,3.76,tC/ha,7.663327615,220.2396724,1.60686475,3.347020561,
9940,Tropical,Rainforest,Southern Asia,Secondary,21,Natural,61.852,61.852,1.269,1.269,tC/ha,52.123,71.581,-0.188,2.726,
9941,Tropical,Rainforest,Southern Asia,Secondary,21,Plantation,22.795,241.016,0.94,3.76,tC/ha,7.663327615,220.2396724,1.60686475,3.347020561,
9942,Tropical,Rainforest,Western Asia,Secondary,21,Natural,61.852,61.852,1.269,1.269,tC/ha,52.123,71.581,-0.188,2.726,
9943,Tropical,Rainforest,Western Asia,Secondary,21,Plantation,22.795,241.016,0.94,3.76,tC/ha,7.663327615,220.2396724,1.60686475,3.347020561,
9944,Tropical,Rainforest,Central Asia,Secondary,0,Natural,21.432,21.432,1.598,1.598,tC/ha,11.75,31.114,-0.235,3.431,
9945,Tropical,Rainforest,Central Asia,Secondary,0,Plantation,6.345,75.67,0.94,3.76,tC/ha,-4.743040604,93.62526283,1.60686475,3.347020561,
9946,Tropical,Rainforest,Eastern Asia,Secondary,0,Natural,21.432,21.432,1.598,1.598,tC/ha,11.75,31.114,-0.235,3.431,
9947,Tropical,Rainforest,Eastern Asia,Secondary,0,Plantation,6.345,75.67,0.94,3.76,tC/ha,-4.743040604,93.62526283,1.60686475,3.347020561,
9948,Tropical,Rainforest,South-Eastern Asia,Secondary,0,Natural,21.432,21.432,1.598,1.598,tC/ha,11.75,31.114,-0.235,3.431,
9949,Tropical,Rainforest,South-Eastern Asia,Secondary,0,Plantation,6.345,75.67,0.94,3.76,tC/ha,-4.743040604,93.62526283,1.60686475,3.347020561,
9950,Tropical,Rainforest,Southern Asia,Secondary,0,Natural,21.432,21.432,1.598,1.598,tC/ha,11.75,31.114,-0.235,3.431,
9951,Tropical,Rainforest,Southern Asia,Secondary,0,Plantation,6.345,75.67,0.94,3.76,tC/ha,-4.743040604,93.62526283,1.60686475,3.347020561,
9952,Tropical,Rainforest,Western Asia,Secondary,0,Natural,21.432,21.432,1.598,1.598,tC/ha,11.75,31.114,-0.235,3.431,
9953,Tropical,Rainforest,Western Asia,Secondary,0,Plantation,6.345,75.67,0.94,3.76,tC/ha,-4.743040604,93.62526283,1.60686475,3.347020561,
9954,Tropical,Rainforest,Europe,Primary,0,Natural,141,141,3.29,3.29,tC/ha,N/A,N/A,N/A,N/A,
9955,Tropical,Rainforest,Europe,Secondary,21,Natural,141,141,3.29,3.29,tC/ha,N/A,N/A,N/A,N/A,
9956,Tropical,Rainforest,Europe,Secondary,21,Plantation,70.5,70.5,7.05,7.05,tC/ha,N/A,N/A,N/A,N/A,
9957,Tropical,Rainforest,Europe,Secondary,0,Natural,141,141,3.29,3.29,tC/ha,N/A,N/A,N/A,N/A,
9958,Tropical,Rainforest,Europe,Secondary,0,Plantation,70.5,70.5,7.05,7.05,tC/ha,N/A,N/A,N/A,N/A,
9959,Tropical,Rainforest,Oceania,Primary,0,Natural,141,141,3.29,3.29,tC/ha,N/A,N/A,N/A,N/A,
9960,Tropical,Rainforest,Oceania,Secondary,21,Natural,141,141,3.29,3.29,tC/ha,N/A,N/A,N/A,N/A,
9961,Tropical,Rainforest,Oceania,Secondary,21,Plantation,70.5,70.5,7.05,7.05,tC/ha,N/A,N/A,N/A,N/A,
9962,Tropical,Rainforest,Oceania,Secondary,0,Natural,141,141,3.29,3.29,tC/ha,N/A,N/A,N/A,N/A,
9963,Tropical,Rainforest,Oceania,Secondary,0,Plantation,70.5,70.5,7.05,7.05,tC/ha,N/A,N/A,N/A,N/A,
9964,Tropical,Moist Deciduous Forest,Eastern Africa,Primary,0,Natural,111.202,111.202,0.188,0.188,tC/ha,61.993,160.411,0.0188,0.3572,
9965,Tropical,Moist Deciduous Forest,Central Africa,Primary,0,Natural,111.202,111.202,0.188,0.188,tC/ha,61.993,160.411,0.0188,0.3572,
9966,Tropical,Moist Deciduous Forest,Northern Africa,Primary,0,Natural,111.202,111.202,0.188,0.188,tC/ha,61.993,160.411,0.0188,0.3572,
9967,Tropical,Moist Deciduous Forest,Southern Africa,Primary,0,Natural,111.202,111.202,0.188,0.188,tC/ha,61.993,160.411,0.0188,0.3572,
9968,Tropical,Moist Deciduous Forest,Western Africa,Primary,0,Natural,111.202,111.202,0.188,0.188,tC/ha,61.993,160.411,0.0188,0.3572,
9969,Tropical,Moist Deciduous Forest,Eastern Africa,Secondary,21,Natural,34.216,34.216,0.423,0.423,tC/ha,17.108,51.324,0.094,0.752,
9970,Tropical,Moist Deciduous Forest,Eastern Africa,Secondary,21,Plantation,56.4,227.01,1.41,7.05,tC/ha,-9.77469869,252.4239487,-,-,
9971,Tropical,Moist Deciduous Forest,Central Africa,Secondary,21,Natural,34.216,34.216,0.423,0.423,tC/ha,17.108,51.324,0.094,0.752,
9972,Tropical,Moist Deciduous Forest,Central Africa,Secondary,21,Plantation,56.4,227.01,1.41,7.05,tC/ha,-9.77469869,252.4239487,-,-,
9973,Tropical,Moist Deciduous Forest,Northern Africa,Secondary,21,Natural,34.216,34.216,0.423,0.423,tC/ha,17.108,51.324,0.094,0.752,
9974,Tropical,Moist Deciduous Forest,Northern Africa,Secondary,21,Plantation,56.4,227.01,1.41,7.05,tC/ha,-9.77469869,252.4239487,-,-,
9975,Tropical,Moist Deciduous Forest,Southern Africa,Secondary,21,Natural,34.216,34.216,0.423,0.423,tC/ha,17.108,51.324,0.094,0.752,
9976,Tropical,Moist Deciduous Forest,Southern Africa,Secondary,21,Plantation,56.4,227.01,1.41,7.05,tC/ha,-9.77469869,252.4239487,-,-,
9977,Tropical,Moist Deciduous Forest,Western Africa,Secondary,21,Natural,34.216,34.216,0.423,0.423,tC/ha,17.108,51.324,0.094,0.752,
9978,Tropical,Moist Deciduous Forest,Western Africa,Secondary,21,Plantation,56.4,227.01,1.41,7.05,tC/ha,-9.77469869,252.4239487,-,-,
9979,Tropical,Moist Deciduous Forest,Eastern Africa,Secondary,0,Natural,34.216,34.216,1.363,1.363,tC/ha,17.108,51.324,0.893,1.833,
9980,Tropical,Moist Deciduous Forest,Eastern Africa,Secondary,0,Plantation,18.8,91.65,1.41,7.05,tC/ha,-10.28307331,169.0255733,6.11,10.34,
9981,Tropical,Moist Deciduous Forest,Central Africa,Secondary,0,Natural,34.216,34.216,1.363,1.363,tC/ha,17.108,51.324,0.893,1.833,
9982,Tropical,Moist Deciduous Forest,Central Africa,Secondary,0,Plantation,18.8,91.65,1.41,7.05,tC/ha,-10.28307331,169.0255733,6.11,10.34,
9983,Tropical,Moist Deciduous Forest,Northern Africa,Secondary,0,Natural,34.216,34.216,1.363,1.363,tC/ha,17.108,51.324,0.893,1.833,
9984,Tropical,Moist Deciduous Forest,Northern Africa,Secondary,0,Plantation,18.8,91.65,1.41,7.05,tC/ha,-10.28307331,169.0255733,6.11,10.34,
9985,Tropical,Moist Deciduous Forest,Southern Africa,Secondary,0,Natural,34.216,34.216,1.363,1.363,tC/ha,17.108,51.324,0.893,1.833,
9986,Tropical,Moist Deciduous Forest,Southern Africa,Secondary,0,Plantation,18.8,91.65,1.41,7.05,tC/ha,-10.28307331,169.0255733,6.11,10.34,
9987,Tropical,Moist Deciduous Forest,Western Africa,Secondary,0,Natural,34.216,34.216,1.363,1.363,tC/ha,17.108,51.324,0.893,1.833,
9988,Tropical,Moist Deciduous Forest,Western Africa,Secondary,0,Plantation,18.8,91.65,1.41,7.05,tC/ha,-10.28307331,169.0255733,6.11,10.34,
9989,Tropical,Moist Deciduous Forest,South America,Primary,0,Natural,88.031,88.031,0.188,0.188,tC/ha,43.851,132.211,-0.799,1.175,
9990,Tropical,Moist Deciduous Forest,Central America,Primary,0,Natural,88.031,88.031,0.188,0.188,tC/ha,43.851,132.211,-0.799,1.175,
9991,Tropical,Moist Deciduous Forest,Caribbean,Primary,0,Natural,88.031,88.031,0.188,0.188,tC/ha,43.851,132.211,-0.799,1.175,
9992,Tropical,Moist Deciduous Forest,North America,Primary,0,Natural,88.031,88.031,0.188,0.188,tC/ha,43.851,132.211,-0.799,1.175,
9993,Tropical,Moist Deciduous Forest,South America,Secondary,21,Natural,61.57,61.57,1.269,1.269,tC/ha,36.096,87.044,0.47,2.068,
9994,Tropical,Moist Deciduous Forest,South America,Secondary,21,Plantation,22.043,133.48,1.88,9.4,tC/ha,-14.37348533,158.068152,4.022455574,7.570877759,
9995,Tropical,Moist Deciduous Forest,Central America,Secondary,21,Natural,61.57,61.57,1.269,1.269,tC/ha,36.096,87.044,0.47,2.068,
9996,Tropical,Moist Deciduous Forest,Central America,Secondary,21,Plantation,22.043,133.48,1.88,9.4,tC/ha,-14.37348533,158.068152,4.022455574,7.570877759,
9997,Tropical,Moist Deciduous Forest,Caribbean,Secondary,21,Natural,61.57,61.57,1.269,1.269,tC/ha,36.096,87.044,0.47,2.068,
9998,Tropical,Moist Deciduous Forest,Caribbean,Secondary,21,Plantation,22.043,133.48,1.88,9.4,tC/ha,-14.37348533,158.068152,4.022455574,7.570877759,
9999,Tropical,Moist Deciduous Forest,North America,Secondary,21,Natural,61.57,61.57,1.269,1.269,tC/ha,36.096,87.044,0.47,2.068,
10000,Tropical,Moist Deciduous Forest,North America,Secondary,21,Plantation,22.043,133.48,1.88,9.4,tC/ha,-14.37348533,158.068152,4.022455574,7.570877759,
10001,Tropical,Moist Deciduous Forest,South America,Secondary,0,Natural,26.179,26.179,2.444,2.444,tC/ha,12.69,39.668,1.363,3.525,
10002,Tropical,Moist Deciduous Forest,South America,Secondary,0,Plantation,22.043,91.65,1.88,9.4,tC/ha,0.307130784,88.84246922,4.022455574,7.570877759,
10003,Tropical,Moist Deciduous Forest,Central America,Secondary,0,Natural,26.179,26.179,2.444,2.444,tC/ha,12.69,39.668,1.363,3.525,
10004,Tropical,Moist Deciduous Forest,Central America,Secondary,0,Plantation,22.043,91.65,1.88,9.4,tC/ha,0.307130784,88.84246922,4.022455574,7.570877759,
10005,Tropical,Moist Deciduous Forest,Caribbean,Secondary,0,Natural,26.179,26.179,2.444,2.444,tC/ha,12.69,39.668,1.363,3.525,
10006,Tropical,Moist Deciduous Forest,Caribbean,Secondary,0,Plantation,22.043,91.65,1.88,9.4,tC/ha,0.307130784,88.84246922,4.022455574,7.570877759,
10007,Tropical,Moist Deciduous Forest,North America,Secondary,0,Natural,26.179,26.179,2.444,2.444,tC/ha,12.69,39.668,1.363,3.525,
10008,Tropical,Moist Deciduous Forest,North America,Secondary,0,Plantation,22.043,91.65,1.88,9.4,tC/ha,0.307130784,88.84246922,4.022455574,7.570877759,
10009,Tropical,Moist Deciduous Forest,Central Asia,Primary,0,Natural,31.819,31.819,0.188,0.188,tC/ha,-12.079,75.717,0.0188,0.3572,
10010,Tropical,Moist Deciduous Forest,Eastern Asia,Primary,0,Natural,31.819,31.819,0.188,0.188,tC/ha,-12.079,75.717,0.0188,0.3572,
10011,Tropical,Moist Deciduous Forest,South-Eastern Asia,Primary,0,Natural,31.819,31.819,0.188,0.188,tC/ha,-12.079,75.717,0.0188,0.3572,
10012,Tropical,Moist Deciduous Forest,Southern Asia,Primary,0,Natural,31.819,31.819,0.188,0.188,tC/ha,-12.079,75.717,0.0188,0.3572,
10013,Tropical,Moist Deciduous Forest,Western Asia,Primary,0,Natural,31.819,31.819,0.188,0.188,tC/ha,-12.079,75.717,0.0188,0.3572,
10014,Tropical,Moist Deciduous Forest,Central Asia,Secondary,21,Natural,31.819,31.819,0.423,0.423,tC/ha,-12.079,75.717,0.0423,0.8037,
10015,Tropical,Moist Deciduous Forest,Central Asia,Secondary,21,Plantation,44.039,122.2,3.76,3.76,tC/ha,42.37899758,118.8289881,-,-,
10016,Tropical,Moist Deciduous Forest,Eastern Asia,Secondary,21,Natural,31.819,31.819,0.423,0.423,tC/ha,-12.079,75.717,0.0423,0.8037,
10017,Tropical,Moist Deciduous Forest,Eastern Asia,Secondary,21,Plantation,44.039,122.2,3.76,3.76,tC/ha,42.37899758,118.8289881,-,-,
10018,Tropical,Moist Deciduous Forest,South-Eastern Asia,Secondary,21,Natural,31.819,31.819,0.423,0.423,tC/ha,-12.079,75.717,0.0423,0.8037,
10019,Tropical,Moist Deciduous Forest,South-Eastern Asia,Secondary,21,Plantation,44.039,122.2,3.76,3.76,tC/ha,42.37899758,118.8289881,-,-,
10020,Tropical,Moist Deciduous Forest,Southern Asia,Secondary,21,Natural,31.819,31.819,0.423,0.423,tC/ha,-12.079,75.717,0.0423,0.8037,
10021,Tropical,Moist Deciduous Forest,Southern Asia,Secondary,21,Plantation,44.039,122.2,3.76,3.76,tC/ha,42.37899758,118.8289881,-,-,
10022,Tropical,Moist Deciduous Forest,Western Asia,Secondary,21,Natural,31.819,31.819,0.423,0.423,tC/ha,-12.079,75.717,0.0423,0.8037,
10023,Tropical,Moist Deciduous Forest,Western Asia,Secondary,21,Plantation,44.039,122.2,3.76,3.76,tC/ha,42.37899758,118.8289881,-,-,
10024,Tropical,Moist Deciduous Forest,Central Asia,Secondary,0,Natural,31.819,31.819,1.128,1.128,tC/ha,-12.079,75.717,0.987,1.269,
10025,Tropical,Moist Deciduous Forest,Central Asia,Secondary,0,Plantation,2.679,94.94,3.76,3.76,tC/ha,-7.370194648,83.64649465,-,-,
10026,Tropical,Moist Deciduous Forest,Eastern Asia,Secondary,0,Natural,31.819,31.819,1.128,1.128,tC/ha,-12.079,75.717,0.987,1.269,
10027,Tropical,Moist Deciduous Forest,Eastern Asia,Secondary,0,Plantation,2.679,94.94,3.76,3.76,tC/ha,-7.370194648,83.64649465,-,-,
10028,Tropical,Moist Deciduous Forest,South-Eastern Asia,Secondary,0,Natural,31.819,31.819,1.128,1.128,tC/ha,-12.079,75.717,0.987,1.269,
10029,Tropical,Moist Deciduous Forest,South-Eastern Asia,Secondary,0,Plantation,2.679,94.94,3.76,3.76,tC/ha,-7.370194648,83.64649465,-,-,
10030,Tropical,Moist Deciduous Forest,Southern Asia,Secondary,0,Natural,31.819,31.819,1.128,1.128,tC/ha,-12.079,75.717,0.987,1.269,
10031,Tropical,Moist Deciduous Forest,Southern Asia,Secondary,0,Plantation,2.679,94.94,3.76,3.76,tC/ha,-7.370194648,83.64649465,-,-,
10032,Tropical,Moist Deciduous Forest,Western Asia,Secondary,0,Natural,31.819,31.819,1.128,1.128,tC/ha,-12.079,75.717,0.987,1.269,
10033,Tropical,Moist Deciduous Forest,Western Asia,Secondary,0,Plantation,2.679,94.94,3.76,3.76,tC/ha,-7.370194648,83.64649465,-,-,
10034,Tropical,Moist Deciduous Forest,Europe,Primary,0,Natural,84.6,84.6,2.35,2.35,tC/ha,N/A,N/A,N/A,N/A,
10035,Tropical,Moist Deciduous Forest,Europe,Secondary,21,Natural,84.6,84.6,2.35,2.35,tC/ha,N/A,N/A,N/A,N/A,
10036,Tropical,Moist Deciduous Forest,Europe,Secondary,21,Plantation,56.4,56.4,4.7,4.7,tC/ha,N/A,N/A,N/A,N/A,
10037,Tropical,Moist Deciduous Forest,Europe,Secondary,0,Natural,84.6,84.6,2.35,2.35,tC/ha,N/A,N/A,N/A,N/A,
10038,Tropical,Moist Deciduous Forest,Europe,Secondary,0,Plantation,56.4,56.4,4.7,4.7,tC/ha,N/A,N/A,N/A,N/A,
10039,Tropical,Moist Deciduous Forest,Oceania,Primary,0,Natural,84.6,84.6,2.35,2.35,tC/ha,N/A,N/A,N/A,N/A,
10040,Tropical,Moist Deciduous Forest,Oceania,Secondary,21,Natural,84.6,84.6,2.35,2.35,tC/ha,N/A,N/A,N/A,N/A,
10041,Tropical,Moist Deciduous Forest,Oceania,Secondary,21,Plantation,56.4,56.4,4.7,4.7,tC/ha,N/A,N/A,N/A,N/A,
10042,Tropical,Moist Deciduous Forest,Oceania,Secondary,0,Natural,84.6,84.6,2.35,2.35,tC/ha,N/A,N/A,N/A,N/A,
10043,Tropical,Moist Deciduous Forest,Oceania,Secondary,0,Plantation,56.4,56.4,4.7,4.7,tC/ha,N/A,N/A,N/A,N/A,
10044,Tropical,Dry Forest,Eastern Africa,Primary,0,Natural,32.712,32.712,0.752,0.752,tC/ha,10.387,55.037,N/A,N/A,
10045,Tropical,Dry Forest,Central Africa,Primary,0,Natural,32.712,32.712,0.752,0.752,tC/ha,10.387,55.037,N/A,N/A,
10046,Tropical,Dry Forest,Northern Africa,Primary,0,Natural,32.712,32.712,0.752,0.752,tC/ha,10.387,55.037,N/A,N/A,
10047,Tropical,Dry Forest,Southern Africa,Primary,0,Natural,32.712,32.712,0.752,0.752,tC/ha,10.387,55.037,N/A,N/A,
10048,Tropical,Dry Forest,Western Africa,Primary,0,Natural,32.712,32.712,0.752,0.752,tC/ha,10.387,55.037,N/A,N/A,
10049,Tropical,Dry Forest,Eastern Africa,Secondary,21,Natural,32.712,32.712,0.752,0.752,tC/ha,10.387,55.037,0.0752,1.4288,
10050,Tropical,Dry Forest,Eastern Africa,Secondary,21,Plantation,28.2,91.133,2.82,6.11,tC/ha,0.903470631,91.66302937,3.29,4.7,
10051,Tropical,Dry Forest,Central Africa,Secondary,21,Natural,32.712,32.712,0.752,0.752,tC/ha,10.387,55.037,0.0752,1.4288,
10052,Tropical,Dry Forest,Central Africa,Secondary,21,Plantation,28.2,91.133,2.82,6.11,tC/ha,0.903470631,91.66302937,3.29,4.7,
10053,Tropical,Dry Forest,Northern Africa,Secondary,21,Natural,32.712,32.712,0.752,0.752,tC/ha,10.387,55.037,0.0752,1.4288,
10054,Tropical,Dry Forest,Northern Africa,Secondary,21,Plantation,28.2,91.133,2.82,6.11,tC/ha,0.903470631,91.66302937,3.29,4.7,
10055,Tropical,Dry Forest,Southern Africa,Secondary,21,Natural,32.712,32.712,0.752,0.752,tC/ha,10.387,55.037,0.0752,1.4288,
10056,Tropical,Dry Forest,Southern Africa,Secondary,21,Plantation,28.2,91.133,2.82,6.11,tC/ha,0.903470631,91.66302937,3.29,4.7,
10057,Tropical,Dry Forest,Western Africa,Secondary,21,Natural,32.712,32.712,0.752,0.752,tC/ha,10.387,55.037,0.0752,1.4288,
10058,Tropical,Dry Forest,Western Africa,Secondary,21,Plantation,28.2,91.133,2.82,6.11,tC/ha,0.903470631,91.66302937,3.29,4.7,
10059,Tropical,Dry Forest,Eastern Africa,Secondary,0,Natural,32.712,32.712,1.833,1.833,tC/ha,10.387,55.037,0.1833,3.4827,
10060,Tropical,Dry Forest,Eastern Africa,Secondary,0,Plantation,9.4,35.532,1.88,9.4,tC/ha,3.993483977,32.39391602,3.590367204,6.141026114,
10061,Tropical,Dry Forest,Central Africa,Secondary,0,Natural,32.712,32.712,1.833,1.833,tC/ha,10.387,55.037,0.1833,3.4827,
10062,Tropical,Dry Forest,Central Africa,Secondary,0,Plantation,9.4,35.532,1.88,9.4,tC/ha,3.993483977,32.39391602,3.590367204,6.141026114,
10063,Tropical,Dry Forest,Northern Africa,Secondary,0,Natural,32.712,32.712,1.833,1.833,tC/ha,10.387,55.037,0.1833,3.4827,
10064,Tropical,Dry Forest,Northern Africa,Secondary,0,Plantation,9.4,35.532,1.88,9.4,tC/ha,3.993483977,32.39391602,3.590367204,6.141026114,
10065,Tropical,Dry Forest,Southern Africa,Secondary,0,Natural,32.712,32.712,1.833,1.833,tC/ha,10.387,55.037,0.1833,3.4827,
10066,Tropical,Dry Forest,Southern Africa,Secondary,0,Plantation,9.4,35.532,1.88,9.4,tC/ha,3.993483977,32.39391602,3.590367204,6.141026114,
10067,Tropical,Dry Forest,Western Africa,Secondary,0,Natural,32.712,32.712,1.833,1.833,tC/ha,10.387,55.037,0.1833,3.4827,
10068,Tropical,Dry Forest,Western Africa,Secondary,0,Plantation,9.4,35.532,1.88,9.4,tC/ha,3.993483977,32.39391602,3.590367204,6.141026114,
10069,Tropical,Dry Forest,South America,Primary,0,Natural,59.925,59.925,0.752,0.752,tC/ha,25.803,94.047,N/A,N/A,
10070,Tropical,Dry Forest,Central America,Primary,0,Natural,59.925,59.925,0.752,0.752,tC/ha,25.803,94.047,N/A,N/A,
10071,Tropical,Dry Forest,Caribbean,Primary,0,Natural,59.925,59.925,0.752,0.752,tC/ha,25.803,94.047,N/A,N/A,
10072,Tropical,Dry Forest,North America,Primary,0,Natural,59.925,59.925,0.752,0.752,tC/ha,25.803,94.047,N/A,N/A,
10073,Tropical,Dry Forest,South America,Secondary,21,Natural,55.883,55.883,0.752,0.752,tC/ha,17.672,94.094,0.235,1.269,
10074,Tropical,Dry Forest,South America,Secondary,21,Plantation,23.5,51.7,1.88,14.1,tC/ha,1.853173032,78.04682697,3.356777985,6.622043461,
10075,Tropical,Dry Forest,Central America,Secondary,21,Natural,55.883,55.883,0.752,0.752,tC/ha,17.672,94.094,0.235,1.269,
10076,Tropical,Dry Forest,Central America,Secondary,21,Plantation,23.5,51.7,1.88,14.1,tC/ha,1.853173032,78.04682697,3.356777985,6.622043461,
10077,Tropical,Dry Forest,Caribbean,Secondary,21,Natural,55.883,55.883,0.752,0.752,tC/ha,17.672,94.094,0.235,1.269,
10078,Tropical,Dry Forest,Caribbean,Secondary,21,Plantation,23.5,51.7,1.88,14.1,tC/ha,1.853173032,78.04682697,3.356777985,6.622043461,
10079,Tropical,Dry Forest,North America,Secondary,21,Natural,55.883,55.883,0.752,0.752,tC/ha,17.672,94.094,0.235,1.269,
10080,Tropical,Dry Forest,North America,Secondary,21,Plantation,23.5,51.7,1.88,14.1,tC/ha,1.853173032,78.04682697,3.356777985,6.622043461,
10081,Tropical,Dry Forest,South America,Secondary,0,Natural,15.134,15.134,1.833,1.833,tC/ha,3.76,26.508,0.705,2.961,
10082,Tropical,Dry Forest,South America,Secondary,0,Plantation,18.8,29.14,1.88,14.1,tC/ha,1.11446433,74.27353567,3.356777985,6.622043461,
10083,Tropical,Dry Forest,Central America,Secondary,0,Natural,15.134,15.134,1.833,1.833,tC/ha,3.76,26.508,0.705,2.961,
10084,Tropical,Dry Forest,Central America,Secondary,0,Plantation,18.8,29.14,1.88,14.1,tC/ha,1.11446433,74.27353567,3.356777985,6.622043461,
10085,Tropical,Dry Forest,Caribbean,Secondary,0,Natural,15.134,15.134,1.833,1.833,tC/ha,3.76,26.508,0.705,2.961,
10086,Tropical,Dry Forest,Caribbean,Secondary,0,Plantation,18.8,29.14,1.88,14.1,tC/ha,1.11446433,74.27353567,3.356777985,6.622043461,
10087,Tropical,Dry Forest,North America,Secondary,0,Natural,15.134,15.134,1.833,1.833,tC/ha,3.76,26.508,0.705,2.961,
10088,Tropical,Dry Forest,North America,Secondary,0,Plantation,18.8,29.14,1.88,14.1,tC/ha,1.11446433,74.27353567,3.356777985,6.622043461,
10089,Tropical,Dry Forest,Central Asia,Primary,0,Natural,86.762,86.762,0.752,0.752,tC/ha,18.847,154.677,N/A,N/A,
10090,Tropical,Dry Forest,Eastern Asia,Primary,0,Natural,86.762,86.762,0.752,0.752,tC/ha,18.847,154.677,N/A,N/A,
10091,Tropical,Dry Forest,South-Eastern Asia,Primary,0,Natural,86.762,86.762,0.752,0.752,tC/ha,18.847,154.677,N/A,N/A,
10092,Tropical,Dry Forest,Southern Asia,Primary,0,Natural,86.762,86.762,0.752,0.752,tC/ha,18.847,154.677,N/A,N/A,
10093,Tropical,Dry Forest,Western Asia,Primary,0,Natural,86.762,86.762,0.752,0.752,tC/ha,18.847,154.677,N/A,N/A,
10094,Tropical,Dry Forest,Central Asia,Secondary,21,Natural,86.762,86.762,0.752,0.752,tC/ha,18.847,154.677,0.0752,1.4288,
10095,Tropical,Dry Forest,Central Asia,Secondary,21,Plantation,21.385,41.736,0.94,11.75,tC/ha,-4.942110366,41.62717703,2.542620126,7.910547391,
10096,Tropical,Dry Forest,Eastern Asia,Secondary,21,Natural,86.762,86.762,0.752,0.752,tC/ha,18.847,154.677,0.0752,1.4288,
10097,Tropical,Dry Forest,Eastern Asia,Secondary,21,Plantation,21.385,41.736,0.94,11.75,tC/ha,-4.942110366,41.62717703,2.542620126,7.910547391,
10098,Tropical,Dry Forest,South-Eastern Asia,Secondary,21,Natural,86.762,86.762,0.752,0.752,tC/ha,18.847,154.677,0.0752,1.4288,
10099,Tropical,Dry Forest,South-Eastern Asia,Secondary,21,Plantation,21.385,41.736,0.94,11.75,tC/ha,-4.942110366,41.62717703,2.542620126,7.910547391,
10100,Tropical,Dry Forest,Southern Asia,Secondary,21,Natural,86.762,86.762,0.752,0.752,tC/ha,18.847,154.677,0.0752,1.4288,
10101,Tropical,Dry Forest,Southern Asia,Secondary,21,Plantation,21.385,41.736,0.94,11.75,tC/ha,-4.942110366,41.62717703,2.542620126,7.910547391,
10102,Tropical,Dry Forest,Western Asia,Secondary,21,Natural,86.762,86.762,0.752,0.752,tC/ha,18.847,154.677,0.0752,1.4288,
10103,Tropical,Dry Forest,Western Asia,Secondary,21,Plantation,21.385,41.736,0.94,11.75,tC/ha,-4.942110366,41.62717703,2.542620126,7.910547391,
10104,Tropical,Dry Forest,Central Asia,Secondary,0,Natural,86.762,86.762,1.833,1.833,tC/ha,18.847,154.677,0.1833,3.4827,
10105,Tropical,Dry Forest,Central Asia,Secondary,0,Plantation,1.6732,58.985,0.94,11.75,tC/ha,-5.741088703,34.60099808,2.542620126,7.910547391,
10106,Tropical,Dry Forest,Eastern Asia,Secondary,0,Natural,86.762,86.762,1.833,1.833,tC/ha,18.847,154.677,0.1833,3.4827,
10107,Tropical,Dry Forest,Eastern Asia,Secondary,0,Plantation,1.6732,58.985,0.94,11.75,tC/ha,-5.741088703,34.60099808,2.542620126,7.910547391,
10108,Tropical,Dry Forest,South-Eastern Asia,Secondary,0,Natural,86.762,86.762,1.833,1.833,tC/ha,18.847,154.677,0.1833,3.4827,
10109,Tropical,Dry Forest,South-Eastern Asia,Secondary,0,Plantation,1.6732,58.985,0.94,11.75,tC/ha,-5.741088703,34.60099808,2.542620126,7.910547391,
10110,Tropical,Dry Forest,Southern Asia,Secondary,0,Natural,86.762,86.762,1.833,1.833,tC/ha,18.847,154.677,0.1833,3.4827,
10111,Tropical,Dry Forest,Southern Asia,Secondary,0,Plantation,1.6732,58.985,0.94,11.75,tC/ha,-5.741088703,34.60099808,2.542620126,7.910547391,
10112,Tropical,Dry Forest,Western Asia,Secondary,0,Natural,86.762,86.762,1.833,1.833,tC/ha,18.847,154.677,0.1833,3.4827,
10113,Tropical,Dry Forest,Western Asia,Secondary,0,Plantation,1.6732,58.985,0.94,11.75,tC/ha,-5.741088703,34.60099808,2.542620126,7.910547391,
10114,Tropical,Dry Forest,Europe,Primary,0,Natural,61.1,61.1,1.128,1.128,tC/ha,N/A,N/A,N/A,N/A,
10115,Tropical,Dry Forest,Europe,Secondary,21,Natural,61.1,61.1,1.128,1.128,tC/ha,N/A,N/A,N/A,N/A,
10116,Tropical,Dry Forest,Europe,Secondary,21,Plantation,28.2,28.2,3.76,3.76,tC/ha,N/A,N/A,N/A,N/A,
10117,Tropical,Dry Forest,Europe,Secondary,0,Natural,61.1,61.1,1.128,1.128,tC/ha,N/A,N/A,N/A,N/A,
10118,Tropical,Dry Forest,Europe,Secondary,0,Plantation,28.2,28.2,3.76,3.76,tC/ha,N/A,N/A,N/A,N/A,
10119,Tropical,Dry Forest,Oceania,Primary,0,Natural,61.1,61.1,1.128,1.128,tC/ha,N/A,N/A,N/A,N/A,
10120,Tropical,Dry Forest,Oceania,Secondary,21,Natural,61.1,61.1,1.128,1.128,tC/ha,N/A,N/A,N/A,N/A,
10121,Tropical,Dry Forest,Oceania,Secondary,21,Plantation,28.2,28.2,3.76,3.76,tC/ha,N/A,N/A,N/A,N/A,
10122,Tropical,Dry Forest,Oceania,Secondary,0,Natural,61.1,61.1,1.128,1.128,tC/ha,N/A,N/A,N/A,N/A,
10123,Tropical,Dry Forest,Oceania,Secondary,0,Plantation,28.2,28.2,3.76,3.76,tC/ha,N/A,N/A,N/A,N/A,
10124,Tropical,Shrubland,Eastern Africa,Primary,0,Natural,22.748,22.748,0.423,0.423,tC/ha,1.222,44.274,0.0423,0.8037,
10125,Tropical,Shrubland,Central Africa,Primary,0,Natural,22.748,22.748,0.423,0.423,tC/ha,1.222,44.274,0.0423,0.8037,
10126,Tropical,Shrubland,Northern Africa,Primary,0,Natural,22.748,22.748,0.423,0.423,tC/ha,1.222,44.274,0.0423,0.8037,
10127,Tropical,Shrubland,Southern Africa,Primary,0,Natural,22.748,22.748,0.423,0.423,tC/ha,1.222,44.274,0.0423,0.8037,
10128,Tropical,Shrubland,Western Africa,Primary,0,Natural,22.748,22.748,0.423,0.423,tC/ha,1.222,44.274,0.0423,0.8037,
10129,Tropical,Shrubland,Eastern Africa,Secondary,21,Natural,22.748,22.748,0.423,0.423,tC/ha,1.222,44.274,0.0423,0.8037,
10130,Tropical,Shrubland,Eastern Africa,Secondary,21,Plantation,9.4,9.4,1.175,6.58,tC/ha,0.94,17.86,2.741666667,4.151666667,
10131,Tropical,Shrubland,Central Africa,Secondary,21,Natural,22.748,22.748,0.423,0.423,tC/ha,1.222,44.274,0.0423,0.8037,
10132,Tropical,Shrubland,Central Africa,Secondary,21,Plantation,9.4,9.4,1.175,6.58,tC/ha,0.94,17.86,2.741666667,4.151666667,
10133,Tropical,Shrubland,Northern Africa,Secondary,21,Natural,22.748,22.748,0.423,0.423,tC/ha,1.222,44.274,0.0423,0.8037,
10134,Tropical,Shrubland,Northern Africa,Secondary,21,Plantation,9.4,9.4,1.175,6.58,tC/ha,0.94,17.86,2.741666667,4.151666667,
10135,Tropical,Shrubland,Southern Africa,Secondary,21,Natural,22.748,22.748,0.423,0.423,tC/ha,1.222,44.274,0.0423,0.8037,
10136,Tropical,Shrubland,Southern Africa,Secondary,21,Plantation,9.4,9.4,1.175,6.58,tC/ha,0.94,17.86,2.741666667,4.151666667,
10137,Tropical,Shrubland,Western Africa,Secondary,21,Natural,22.748,22.748,0.423,0.423,tC/ha,1.222,44.274,0.0423,0.8037,
10138,Tropical,Shrubland,Western Africa,Secondary,21,Plantation,9.4,9.4,1.175,6.58,tC/ha,0.94,17.86,2.741666667,4.151666667,
10139,Tropical,Shrubland,Eastern Africa,Secondary,0,Natural,22.748,22.748,0.094,0.329,tC/ha,1.222,44.274,0.02115,0.40185,
10140,Tropical,Shrubland,Eastern Africa,Secondary,0,Plantation,7.05,9.4,1.41,3.29,tC/ha,0.655591998,15.794408,3.101755268,4.168203033,
10141,Tropical,Shrubland,Central Africa,Secondary,0,Natural,22.748,22.748,0.094,0.329,tC/ha,1.222,44.274,0.02115,0.40185,
10142,Tropical,Shrubland,Central Africa,Secondary,0,Plantation,7.05,9.4,1.41,3.29,tC/ha,0.655591998,15.794408,3.101755268,4.168203033,
10143,Tropical,Shrubland,Northern Africa,Secondary,0,Natural,22.748,22.748,0.094,0.329,tC/ha,1.222,44.274,0.02115,0.40185,
10144,Tropical,Shrubland,Northern Africa,Secondary,0,Plantation,7.05,9.4,1.41,3.29,tC/ha,0.655591998,15.794408,3.101755268,4.168203033,
10145,Tropical,Shrubland,Southern Africa,Secondary,0,Natural,22.748,22.748,0.094,0.329,tC/ha,1.222,44.274,0.02115,0.40185,
10146,Tropical,Shrubland,Southern Africa,Secondary,0,Plantation,7.05,9.4,1.41,3.29,tC/ha,0.655591998,15.794408,3.101755268,4.168203033,
10147,Tropical,Shrubland,Western Africa,Secondary,0,Natural,22.748,22.748,0.094,0.329,tC/ha,1.222,44.274,0.02115,0.40185,
10148,Tropical,Shrubland,Western Africa,Secondary,0,Plantation,7.05,9.4,1.41,3.29,tC/ha,0.655591998,15.794408,3.101755268,4.168203033,
10149,Tropical,Shrubland,South America,Primary,0,Natural,33.605,33.605,0.47,0.47,tC/ha,11.797,55.413,0.047,0.893,
10150,Tropical,Shrubland,Central America,Primary,0,Natural,33.605,33.605,0.47,0.47,tC/ha,11.797,55.413,0.047,0.893,
10151,Tropical,Shrubland,Caribbean,Primary,0,Natural,33.605,33.605,0.47,0.47,tC/ha,11.797,55.413,0.047,0.893,
10152,Tropical,Shrubland,North America,Primary,0,Natural,33.605,33.605,0.47,0.47,tC/ha,11.797,55.413,0.047,0.893,
10153,Tropical,Shrubland,South America,Secondary,21,Natural,33.605,33.605,0.47,0.47,tC/ha,11.797,55.413,0.047,0.893,
10154,Tropical,Shrubland,South America,Secondary,21,Plantation,14.1,28.2,2.35,9.4,tC/ha,0.976748681,46.02325132,-,-,
10155,Tropical,Shrubland,Central America,Secondary,21,Natural,33.605,33.605,0.47,0.47,tC/ha,11.797,55.413,0.047,0.893,
10156,Tropical,Shrubland,Central America,Secondary,21,Plantation,14.1,28.2,2.35,9.4,tC/ha,0.976748681,46.02325132,-,-,
10157,Tropical,Shrubland,Caribbean,Secondary,21,Natural,33.605,33.605,0.47,0.47,tC/ha,11.797,55.413,0.047,0.893,
10158,Tropical,Shrubland,Caribbean,Secondary,21,Plantation,14.1,28.2,2.35,9.4,tC/ha,0.976748681,46.02325132,-,-,
10159,Tropical,Shrubland,North America,Secondary,21,Natural,33.605,33.605,0.47,0.47,tC/ha,11.797,55.413,0.047,0.893,
10160,Tropical,Shrubland,North America,Secondary,21,Plantation,14.1,28.2,2.35,9.4,tC/ha,0.976748681,46.02325132,-,-,
10161,Tropical,Shrubland,South America,Secondary,0,Natural,33.605,33.605,1.88,1.88,tC/ha,11.797,55.413,0.188,3.572,
10162,Tropical,Shrubland,South America,Secondary,0,Plantation,14.1,28.2,2.35,9.4,tC/ha,0.976748681,46.02325132,-,-,
10163,Tropical,Shrubland,Central America,Secondary,0,Natural,33.605,33.605,1.88,1.88,tC/ha,11.797,55.413,0.188,3.572,
10164,Tropical,Shrubland,Central America,Secondary,0,Plantation,14.1,28.2,2.35,9.4,tC/ha,0.976748681,46.02325132,-,-,
10165,Tropical,Shrubland,Caribbean,Secondary,0,Natural,33.605,33.605,1.88,1.88,tC/ha,11.797,55.413,0.188,3.572,
10166,Tropical,Shrubland,Caribbean,Secondary,0,Plantation,14.1,28.2,2.35,9.4,tC/ha,0.976748681,46.02325132,-,-,
10167,Tropical,Shrubland,North America,Secondary,0,Natural,33.605,33.605,1.88,1.88,tC/ha,11.797,55.413,0.188,3.572,
10168,Tropical,Shrubland,North America,Secondary,0,Plantation,14.1,28.2,2.35,9.4,tC/ha,0.976748681,46.02325132,-,-,
10169,Tropical,Shrubland,Central Asia,Primary,0,Natural,18.001,18.001,0.47,0.611,tC/ha,2.491,33.511,0.05405,1.02695,
10170,Tropical,Shrubland,Eastern Asia,Primary,0,Natural,18.001,18.001,0.47,0.611,tC/ha,2.491,33.511,0.05405,1.02695,
10171,Tropical,Shrubland,South-Eastern Asia,Primary,0,Natural,18.001,18.001,0.47,0.611,tC/ha,2.491,33.511,0.05405,1.02695,
10172,Tropical,Shrubland,Southern Asia,Primary,0,Natural,18.001,18.001,0.47,0.611,tC/ha,2.491,33.511,0.05405,1.02695,
10173,Tropical,Shrubland,Western Asia,Primary,0,Natural,18.001,18.001,0.47,0.611,tC/ha,2.491,33.511,0.05405,1.02695,
10174,Tropical,Shrubland,Central Asia,Secondary,21,Natural,18.001,18.001,0.47,0.611,tC/ha,2.491,33.511,0.05405,1.02695,
10175,Tropical,Shrubland,Central Asia,Secondary,21,Plantation,14.1,123.751,0.47,5.64,tC/ha,-30.52482404,134.958824,0.47,5.64,
10176,Tropical,Shrubland,Eastern Asia,Secondary,21,Natural,18.001,18.001,0.47,0.611,tC/ha,2.491,33.511,0.05405,1.02695,
10177,Tropical,Shrubland,Eastern Asia,Secondary,21,Plantation,14.1,123.751,0.47,5.64,tC/ha,-30.52482404,134.958824,0.47,5.64,
10178,Tropical,Shrubland,South-Eastern Asia,Secondary,21,Natural,18.001,18.001,0.47,0.611,tC/ha,2.491,33.511,0.05405,1.02695,
10179,Tropical,Shrubland,South-Eastern Asia,Secondary,21,Plantation,14.1,123.751,0.47,5.64,tC/ha,-30.52482404,134.958824,0.47,5.64,
10180,Tropical,Shrubland,Southern Asia,Secondary,21,Natural,18.001,18.001,0.47,0.611,tC/ha,2.491,33.511,0.05405,1.02695,
10181,Tropical,Shrubland,Southern Asia,Secondary,21,Plantation,14.1,123.751,0.47,5.64,tC/ha,-30.52482404,134.958824,0.47,5.64,
10182,Tropical,Shrubland,Western Asia,Secondary,21,Natural,18.001,18.001,0.47,0.611,tC/ha,2.491,33.511,0.05405,1.02695,
10183,Tropical,Shrubland,Western Asia,Secondary,21,Plantation,14.1,123.751,0.47,5.64,tC/ha,-30.52482404,134.958824,0.47,5.64,
10184,Tropical,Shrubland,Central Asia,Secondary,0,Natural,18.001,18.001,0.94,2.35,tC/ha,2.491,33.511,0.1645,3.1255,
10185,Tropical,Shrubland,Central Asia,Secondary,0,Plantation,4.23,25.051,0.47,5.64,tC/ha,-1.765588824,29.02760311,0.47,5.64,
10186,Tropical,Shrubland,Eastern Asia,Secondary,0,Natural,18.001,18.001,0.94,2.35,tC/ha,2.491,33.511,0.1645,3.1255,
10187,Tropical,Shrubland,Eastern Asia,Secondary,0,Plantation,4.23,25.051,0.47,5.64,tC/ha,-1.765588824,29.02760311,0.47,5.64,
10188,Tropical,Shrubland,South-Eastern Asia,Secondary,0,Natural,18.001,18.001,0.94,2.35,tC/ha,2.491,33.511,0.1645,3.1255,
10189,Tropical,Shrubland,South-Eastern Asia,Secondary,0,Plantation,4.23,25.051,0.47,5.64,tC/ha,-1.765588824,29.02760311,0.47,5.64,
10190,Tropical,Shrubland,Southern Asia,Secondary,0,Natural,18.001,18.001,0.94,2.35,tC/ha,2.491,33.511,0.1645,3.1255,
10191,Tropical,Shrubland,Southern Asia,Secondary,0,Plantation,4.23,25.051,0.47,5.64,tC/ha,-1.765588824,29.02760311,0.47,5.64,
10192,Tropical,Shrubland,Western Asia,Secondary,0,Natural,18.001,18.001,0.94,2.35,tC/ha,2.491,33.511,0.1645,3.1255,
10193,Tropical,Shrubland,Western Asia,Secondary,0,Plantation,4.23,25.051,0.47,5.64,tC/ha,-1.765588824,29.02760311,0.47,5.64,
10194,Tropical,Shrubland,Europe,Primary,0,Natural,32.9,32.9,0.47,0.47,tC/ha,N/A,N/A,N/A,N/A,
10195,Tropical,Shrubland,Europe,Secondary,21,Natural,32.9,32.9,0.47,0.47,tC/ha,N/A,N/A,N/A,N/A,
10196,Tropical,Shrubland,Europe,Secondary,21,Plantation,14.1,14.1,2.35,2.35,tC/ha,N/A,N/A,N/A,N/A,
10197,Tropical,Shrubland,Europe,Secondary,0,Natural,32.9,32.9,0.47,0.47,tC/ha,N/A,N/A,N/A,N/A,
10198,Tropical,Shrubland,Europe,Secondary,0,Plantation,14.1,14.1,2.35,2.35,tC/ha,N/A,N/A,N/A,N/A,
10199,Tropical,Shrubland,Oceania,Primary,0,Natural,32.9,32.9,0.47,0.47,tC/ha,N/A,N/A,N/A,N/A,
10200,Tropical,Shrubland,Oceania,Secondary,21,Natural,32.9,32.9,0.47,0.47,tC/ha,N/A,N/A,N/A,N/A,
10201,Tropical,Shrubland,Oceania,Secondary,21,Plantation,14.1,14.1,2.35,2.35,tC/ha,N/A,N/A,N/A,N/A,
10202,Tropical,Shrubland,Oceania,Secondary,0,Natural,32.9,32.9,0.47,0.47,tC/ha,N/A,N/A,N/A,N/A,
10203,Tropical,Shrubland,Oceania,Secondary,0,Plantation,14.1,14.1,2.35,2.35,tC/ha,N/A,N/A,N/A,N/A,
10204,Tropical Montane,Mountain System,Eastern Africa,Primary,0,Natural,89.3,89.3,0.235,0.235,tC/ha,27.636,150.964,0.0235,0.4465,
10205,Tropical Montane,Mountain System,Central Africa,Primary,0,Natural,89.3,89.3,0.235,0.235,tC/ha,27.636,150.964,0.0235,0.4465,
10206,Tropical Montane,Mountain System,Northern Africa,Primary,0,Natural,89.3,89.3,0.235,0.235,tC/ha,27.636,150.964,0.0235,0.4465,
10207,Tropical Montane,Mountain System,Southern Africa,Primary,0,Natural,89.3,89.3,0.235,0.235,tC/ha,27.636,150.964,0.0235,0.4465,
10208,Tropical Montane,Mountain System,Western Africa,Primary,0,Natural,89.3,89.3,0.235,0.235,tC/ha,27.636,150.964,0.0235,0.4465,
10209,Tropical Montane,Mountain System,Eastern Africa,Secondary,21,Natural,89.3,89.3,0.846,0.846,tC/ha,27.636,150.964,0.0846,1.6074,
10210,Tropical Montane,Mountain System,Eastern Africa,Secondary,21,Plantation,14.1,70.5,4.7,4.7,tC/ha,1.835781852,78.06421815,-,-,
10211,Tropical Montane,Mountain System,Central Africa,Secondary,21,Natural,89.3,89.3,0.846,0.846,tC/ha,27.636,150.964,0.0846,1.6074,
10212,Tropical Montane,Mountain System,Central Africa,Secondary,21,Plantation,14.1,70.5,4.7,4.7,tC/ha,1.835781852,78.06421815,-,-,
10213,Tropical Montane,Mountain System,Northern Africa,Secondary,21,Natural,89.3,89.3,0.846,0.846,tC/ha,27.636,150.964,0.0846,1.6074,
10214,Tropical Montane,Mountain System,Northern Africa,Secondary,21,Plantation,14.1,70.5,4.7,4.7,tC/ha,1.835781852,78.06421815,-,-,
10215,Tropical Montane,Mountain System,Southern Africa,Secondary,21,Natural,89.3,89.3,0.846,0.846,tC/ha,27.636,150.964,0.0846,1.6074,
10216,Tropical Montane,Mountain System,Southern Africa,Secondary,21,Plantation,14.1,70.5,4.7,4.7,tC/ha,1.835781852,78.06421815,-,-,
10217,Tropical Montane,Mountain System,Western Africa,Secondary,21,Natural,89.3,89.3,0.846,0.846,tC/ha,27.636,150.964,0.0846,1.6074,
10218,Tropical Montane,Mountain System,Western Africa,Secondary,21,Plantation,14.1,70.5,4.7,4.7,tC/ha,1.835781852,78.06421815,-,-,
10219,Tropical Montane,Mountain System,Eastern Africa,Secondary,0,Natural,89.3,89.3,2.585,2.585,tC/ha,27.636,150.964,-0.611,5.781,
10220,Tropical Montane,Mountain System,Eastern Africa,Secondary,0,Plantation,14.1,47,4.7,4.7,tC/ha,-0.136704647,49.48670465,-,-,
10221,Tropical Montane,Mountain System,Central Africa,Secondary,0,Natural,89.3,89.3,2.585,2.585,tC/ha,27.636,150.964,-0.611,5.781,
10222,Tropical Montane,Mountain System,Central Africa,Secondary,0,Plantation,14.1,47,4.7,4.7,tC/ha,-0.136704647,49.48670465,-,-,
10223,Tropical Montane,Mountain System,Northern Africa,Secondary,0,Natural,89.3,89.3,2.585,2.585,tC/ha,27.636,150.964,-0.611,5.781,
10224,Tropical Montane,Mountain System,Northern Africa,Secondary,0,Plantation,14.1,47,4.7,4.7,tC/ha,-0.136704647,49.48670465,-,-,
10225,Tropical Montane,Mountain System,Southern Africa,Secondary,0,Natural,89.3,89.3,2.585,2.585,tC/ha,27.636,150.964,-0.611,5.781,
10226,Tropical Montane,Mountain System,Southern Africa,Secondary,0,Plantation,14.1,47,4.7,4.7,tC/ha,-0.136704647,49.48670465,-,-,
10227,Tropical Montane,Mountain System,Western Africa,Secondary,0,Natural,89.3,89.3,2.585,2.585,tC/ha,27.636,150.964,-0.611,5.781,
10228,Tropical Montane,Mountain System,Western Africa,Secondary,0,Plantation,14.1,47,4.7,4.7,tC/ha,-0.136704647,49.48670465,-,-,
10229,Tropical Montane,Mountain System,South America,Primary,0,Natural,91.65,91.65,0.235,0.235,tC/ha,46.718,136.582,-0.658,1.128,
10230,Tropical Montane,Mountain System,Central America,Primary,0,Natural,91.65,91.65,0.235,0.235,tC/ha,46.718,136.582,-0.658,1.128,
10231,Tropical Montane,Mountain System,Caribbean,Primary,0,Natural,91.65,91.65,0.235,0.235,tC/ha,46.718,136.582,-0.658,1.128,
10232,Tropical Montane,Mountain System,North America,Primary,0,Natural,91.65,91.65,0.235,0.235,tC/ha,46.718,136.582,-0.658,1.128,
10233,Tropical Montane,Mountain System,South America,Secondary,21,Natural,86.668,86.668,0.846,0.846,tC/ha,34.498,138.838,0.47,1.222,
10234,Tropical Montane,Mountain System,South America,Secondary,21,Plantation,14.1,79.9,3.76,8.46,tC/ha,1.200933689,75.17406631,4.23,6.58,
10235,Tropical Montane,Mountain System,Central America,Secondary,21,Natural,86.668,86.668,0.846,0.846,tC/ha,34.498,138.838,0.47,1.222,
10236,Tropical Montane,Mountain System,Central America,Secondary,21,Plantation,14.1,79.9,3.76,8.46,tC/ha,1.200933689,75.17406631,4.23,6.58,
10237,Tropical Montane,Mountain System,Caribbean,Secondary,21,Natural,86.668,86.668,0.846,0.846,tC/ha,34.498,138.838,0.47,1.222,
10238,Tropical Montane,Mountain System,Caribbean,Secondary,21,Plantation,14.1,79.9,3.76,8.46,tC/ha,1.200933689,75.17406631,4.23,6.58,
10239,Tropical Montane,Mountain System,North America,Secondary,21,Natural,86.668,86.668,0.846,0.846,tC/ha,34.498,138.838,0.47,1.222,
10240,Tropical Montane,Mountain System,North America,Secondary,21,Plantation,14.1,79.9,3.76,8.46,tC/ha,1.200933689,75.17406631,4.23,6.58,
10241,Tropical Montane,Mountain System,South America,Secondary,0,Natural,35.673,35.673,2.068,2.068,tC/ha,11.656,59.69,1.316,2.82,
10242,Tropical Montane,Mountain System,South America,Secondary,0,Plantation,14.1,79.9,3.76,8.46,tC/ha,1.200933689,75.17406631,4.23,6.58,
10243,Tropical Montane,Mountain System,Central America,Secondary,0,Natural,35.673,35.673,2.068,2.068,tC/ha,11.656,59.69,1.316,2.82,
10244,Tropical Montane,Mountain System,Central America,Secondary,0,Plantation,14.1,79.9,3.76,8.46,tC/ha,1.200933689,75.17406631,4.23,6.58,
10245,Tropical Montane,Mountain System,Caribbean,Secondary,0,Natural,35.673,35.673,2.068,2.068,tC/ha,11.656,59.69,1.316,2.82,
10246,Tropical Montane,Mountain System,Caribbean,Secondary,0,Plantation,14.1,79.9,3.76,8.46,tC/ha,1.200933689,75.17406631,4.23,6.58,
10247,Tropical Montane,Mountain System,North America,Secondary,0,Natural,35.673,35.673,2.068,2.068,tC/ha,11.656,59.69,1.316,2.82,
10248,Tropical Montane,Mountain System,North America,Secondary,0,Plantation,14.1,79.9,3.76,8.46,tC/ha,1.200933689,75.17406631,4.23,6.58,
10249,Tropical Montane,Mountain System,Central Asia,Primary,0,Natural,203.745,203.745,-0.329,-0.329,tC/ha,134.42,273.07,-1.786,1.128,
10250,Tropical Montane,Mountain System,Eastern Asia,Primary,0,Natural,203.745,203.745,-0.329,-0.329,tC/ha,134.42,273.07,-1.786,1.128,
10251,Tropical Montane,Mountain System,South-Eastern Asia,Primary,0,Natural,203.745,203.745,-0.329,-0.329,tC/ha,134.42,273.07,-1.786,1.128,
10252,Tropical Montane,Mountain System,Southern Asia,Primary,0,Natural,203.745,203.745,-0.329,-0.329,tC/ha,134.42,273.07,-1.786,1.128,
10253,Tropical Montane,Mountain System,Western Asia,Primary,0,Natural,203.745,203.745,-0.329,-0.329,tC/ha,134.42,273.07,-1.786,1.128,
10254,Tropical Montane,Mountain System,Central Asia,Secondary,21,Natural,31.208,31.208,0.517,0.517,tC/ha,2.538,59.878,0.329,0.705,
10255,Tropical Montane,Mountain System,Central Asia,Secondary,21,Plantation,11.75,70.5,0.47,4.7,tC/ha,0.695548461,68.62945154,1.175,2.2325,
10256,Tropical Montane,Mountain System,Eastern Asia,Secondary,21,Natural,31.208,31.208,0.517,0.517,tC/ha,2.538,59.878,0.329,0.705,
10257,Tropical Montane,Mountain System,Eastern Asia,Secondary,21,Plantation,11.75,70.5,0.47,4.7,tC/ha,0.695548461,68.62945154,1.175,2.2325,
10258,Tropical Montane,Mountain System,South-Eastern Asia,Secondary,21,Natural,31.208,31.208,0.517,0.517,tC/ha,2.538,59.878,0.329,0.705,
10259,Tropical Montane,Mountain System,South-Eastern Asia,Secondary,21,Plantation,11.75,70.5,0.47,4.7,tC/ha,0.695548461,68.62945154,1.175,2.2325,
10260,Tropical Montane,Mountain System,Southern Asia,Secondary,21,Natural,31.208,31.208,0.517,0.517,tC/ha,2.538,59.878,0.329,0.705,
10261,Tropical Montane,Mountain System,Southern Asia,Secondary,21,Plantation,11.75,70.5,0.47,4.7,tC/ha,0.695548461,68.62945154,1.175,2.2325,
10262,Tropical Montane,Mountain System,Western Asia,Secondary,21,Natural,31.208,31.208,0.517,0.517,tC/ha,2.538,59.878,0.329,0.705,
10263,Tropical Montane,Mountain System,Western Asia,Secondary,21,Plantation,11.75,70.5,0.47,4.7,tC/ha,0.695548461,68.62945154,1.175,2.2325,
10264,Tropical Montane,Mountain System,Central Asia,Secondary,0,Natural,31.208,31.208,1.363,1.363,tC/ha,2.538,59.878,1.316,1.41,
10265,Tropical Montane,Mountain System,Central Asia,Secondary,0,Plantation,11.75,70.5,0.47,4.7,tC/ha,0.695548461,68.62945154,1.175,2.2325,
10266,Tropical Montane,Mountain System,Eastern Asia,Secondary,0,Natural,31.208,31.208,1.363,1.363,tC/ha,2.538,59.878,1.316,1.41,
10267,Tropical Montane,Mountain System,Eastern Asia,Secondary,0,Plantation,11.75,70.5,0.47,4.7,tC/ha,0.695548461,68.62945154,1.175,2.2325,
10268,Tropical Montane,Mountain System,South-Eastern Asia,Secondary,0,Natural,31.208,31.208,1.363,1.363,tC/ha,2.538,59.878,1.316,1.41,
10269,Tropical Montane,Mountain System,South-Eastern Asia,Secondary,0,Plantation,11.75,70.5,0.47,4.7,tC/ha,0.695548461,68.62945154,1.175,2.2325,
10270,Tropical Montane,Mountain System,Southern Asia,Secondary,0,Natural,31.208,31.208,1.363,1.363,tC/ha,2.538,59.878,1.316,1.41,
10271,Tropical Montane,Mountain System,Southern Asia,Secondary,0,Plantation,11.75,70.5,0.47,4.7,tC/ha,0.695548461,68.62945154,1.175,2.2325,
10272,Tropical Montane,Mountain System,Western Asia,Secondary,0,Natural,31.208,31.208,1.363,1.363,tC/ha,2.538,59.878,1.316,1.41,
10273,Tropical Montane,Mountain System,Western Asia,Secondary,0,Plantation,11.75,70.5,0.47,4.7,tC/ha,0.695548461,68.62945154,1.175,2.2325,
10274,Tropical Montane,Mountain System,Europe,Primary,0,Natural,65.8,65.8,0.47,0.47,tC/ha,N/A,N/A,N/A,N/A,
10275,Tropical Montane,Mountain System,Europe,Secondary,21,Natural,65.8,65.8,0.47,0.47,tC/ha,N/A,N/A,N/A,N/A,
10276,Tropical Montane,Mountain System,Europe,Secondary,21,Plantation,42.3,42.3,2.35,2.35,tC/ha,N/A,N/A,N/A,N/A,
10277,Tropical Montane,Mountain System,Europe,Secondary,0,Natural,65.8,65.8,0.47,0.47,tC/ha,N/A,N/A,N/A,N/A,
10278,Tropical Montane,Mountain System,Europe,Secondary,0,Plantation,42.3,42.3,2.35,2.35,tC/ha,N/A,N/A,N/A,N/A,
10279,Tropical Montane,Mountain System,Oceania,Primary,0,Natural,65.8,65.8,0.47,0.47,tC/ha,N/A,N/A,N/A,N/A,
10280,Tropical Montane,Mountain System,Oceania,Secondary,21,Natural,65.8,65.8,0.47,0.47,tC/ha,N/A,N/A,N/A,N/A,
10281,Tropical Montane,Mountain System,Oceania,Secondary,21,Plantation,42.3,42.3,2.35,2.35,tC/ha,N/A,N/A,N/A,N/A,
10282,Tropical Montane,Mountain System,Oceania,Secondary,0,Natural,65.8,65.8,0.47,0.47,tC/ha,N/A,N/A,N/A,N/A,
10283,Tropical Montane,Mountain System,Oceania,Secondary,0,Plantation,42.3,42.3,2.35,2.35,tC/ha,N/A,N/A,N/A,N/A,
10284,Warm Temperate,Humid Forest,Eastern Africa,Primary,0,Natural,25.427,25.427,0.47,0.47,tC/ha,15.745,35.109,N/A,N/A,
10285,Warm Temperate,Humid Forest,Central Africa,Primary,0,Natural,25.427,25.427,0.47,0.47,tC/ha,15.745,35.109,N/A,N/A,
10286,Warm Temperate,Humid Forest,Northern Africa,Primary,0,Natural,25.427,25.427,0.47,0.47,tC/ha,15.745,35.109,N/A,N/A,
10287,Warm Temperate,Humid Forest,Southern Africa,Primary,0,Natural,25.427,25.427,0.47,0.47,tC/ha,15.745,35.109,N/A,N/A,
10288,Warm Temperate,Humid Forest,Western Africa,Primary,0,Natural,25.427,25.427,0.47,0.47,tC/ha,15.745,35.109,N/A,N/A,
10289,Warm Temperate,Humid Forest,Eastern Africa,Secondary,21,Natural,25.427,25.427,0.47,0.47,tC/ha,15.745,35.109,0.047,0.893,
10290,Warm Temperate,Humid Forest,Eastern Africa,Secondary,21,Plantation,42.3,42.3,4.7,4.7,tC/ha,N/A,N/A,N/A,N/A,
10291,Warm Temperate,Humid Forest,Central Africa,Secondary,21,Natural,25.427,25.427,0.47,0.47,tC/ha,15.745,35.109,0.047,0.893,
10292,Warm Temperate,Humid Forest,Central Africa,Secondary,21,Plantation,42.3,42.3,4.7,4.7,tC/ha,N/A,N/A,N/A,N/A,
10293,Warm Temperate,Humid Forest,Northern Africa,Secondary,21,Natural,25.427,25.427,0.47,0.47,tC/ha,15.745,35.109,0.047,0.893,
10294,Warm Temperate,Humid Forest,Northern Africa,Secondary,21,Plantation,42.3,42.3,4.7,4.7,tC/ha,N/A,N/A,N/A,N/A,
10295,Warm Temperate,Humid Forest,Southern Africa,Secondary,21,Natural,25.427,25.427,0.47,0.47,tC/ha,15.745,35.109,0.047,0.893,
10296,Warm Temperate,Humid Forest,Southern Africa,Secondary,21,Plantation,42.3,42.3,4.7,4.7,tC/ha,N/A,N/A,N/A,N/A,
10297,Warm Temperate,Humid Forest,Western Africa,Secondary,21,Natural,25.427,25.427,0.47,0.47,tC/ha,15.745,35.109,0.047,0.893,
10298,Warm Temperate,Humid Forest,Western Africa,Secondary,21,Plantation,42.3,42.3,4.7,4.7,tC/ha,N/A,N/A,N/A,N/A,
10299,Warm Temperate,Humid Forest,Eastern Africa,Secondary,0,Natural,25.427,25.427,1.175,1.175,tC/ha,15.745,35.109,0.1175,2.2325,
10300,Warm Temperate,Humid Forest,Eastern Africa,Secondary,0,Plantation,42.3,42.3,4.7,4.7,tC/ha,N/A,N/A,N/A,N/A,
10301,Warm Temperate,Humid Forest,Central Africa,Secondary,0,Natural,25.427,25.427,1.175,1.175,tC/ha,15.745,35.109,0.1175,2.2325,
10302,Warm Temperate,Humid Forest,Central Africa,Secondary,0,Plantation,42.3,42.3,4.7,4.7,tC/ha,N/A,N/A,N/A,N/A,
10303,Warm Temperate,Humid Forest,Northern Africa,Secondary,0,Natural,25.427,25.427,1.175,1.175,tC/ha,15.745,35.109,0.1175,2.2325,
10304,Warm Temperate,Humid Forest,Northern Africa,Secondary,0,Plantation,42.3,42.3,4.7,4.7,tC/ha,N/A,N/A,N/A,N/A,
10305,Warm Temperate,Humid Forest,Southern Africa,Secondary,0,Natural,25.427,25.427,1.175,1.175,tC/ha,15.745,35.109,0.1175,2.2325,
10306,Warm Temperate,Humid Forest,Southern Africa,Secondary,0,Plantation,42.3,42.3,4.7,4.7,tC/ha,N/A,N/A,N/A,N/A,
10307,Warm Temperate,Humid Forest,Western Africa,Secondary,0,Natural,25.427,25.427,1.175,1.175,tC/ha,15.745,35.109,0.1175,2.2325,
10308,Warm Temperate,Humid Forest,Western Africa,Secondary,0,Plantation,42.3,42.3,4.7,4.7,tC/ha,N/A,N/A,N/A,N/A,
10309,Warm Temperate,Humid Forest,South America,Primary,0,Natural,39.715,39.715,0.47,0.47,tC/ha,19.552,59.878,N/A,N/A,
10310,Warm Temperate,Humid Forest,Central America,Primary,0,Natural,39.715,39.715,0.47,0.47,tC/ha,19.552,59.878,N/A,N/A,
10311,Warm Temperate,Humid Forest,Caribbean,Primary,0,Natural,39.715,39.715,0.47,0.47,tC/ha,19.552,59.878,N/A,N/A,
10312,Warm Temperate,Humid Forest,North America,Primary,0,Natural,39.715,39.715,0.47,0.47,tC/ha,19.552,59.878,N/A,N/A,
10313,Warm Temperate,Humid Forest,South America,Secondary,21,Natural,39.715,39.715,0.47,0.47,tC/ha,19.552,59.878,0.047,0.893,
10314,Warm Temperate,Humid Forest,South America,Secondary,21,Plantation,42.3,42.3,1.41,15.04,tC/ha,-4.748738644,152.7987386,3.356777985,6.832971206,
10315,Warm Temperate,Humid Forest,Central America,Secondary,21,Natural,39.715,39.715,0.47,0.47,tC/ha,19.552,59.878,0.047,0.893,
10316,Warm Temperate,Humid Forest,Central America,Secondary,21,Plantation,42.3,42.3,1.41,15.04,tC/ha,-4.748738644,152.7987386,3.356777985,6.832971206,
10317,Warm Temperate,Humid Forest,Caribbean,Secondary,21,Natural,39.715,39.715,0.47,0.47,tC/ha,19.552,59.878,0.047,0.893,
10318,Warm Temperate,Humid Forest,Caribbean,Secondary,21,Plantation,42.3,42.3,1.41,15.04,tC/ha,-4.748738644,152.7987386,3.356777985,6.832971206,
10319,Warm Temperate,Humid Forest,North America,Secondary,21,Natural,39.715,39.715,0.47,0.47,tC/ha,19.552,59.878,0.047,0.893,
10320,Warm Temperate,Humid Forest,North America,Secondary,21,Plantation,42.3,42.3,1.41,15.04,tC/ha,-4.748738644,152.7987386,3.356777985,6.832971206,
10321,Warm Temperate,Humid Forest,South America,Secondary,0,Natural,39.715,39.715,1.175,1.175,tC/ha,19.552,59.878,0.1175,2.2325,
10322,Warm Temperate,Humid Forest,South America,Secondary,0,Plantation,42.3,42.3,1.41,15.04,tC/ha,-4.748738644,152.7987386,3.356777985,6.832971206,
10323,Warm Temperate,Humid Forest,Central America,Secondary,0,Natural,39.715,39.715,1.175,1.175,tC/ha,19.552,59.878,0.1175,2.2325,
10324,Warm Temperate,Humid Forest,Central America,Secondary,0,Plantation,42.3,42.3,1.41,15.04,tC/ha,-4.748738644,152.7987386,3.356777985,6.832971206,
10325,Warm Temperate,Humid Forest,Caribbean,Secondary,0,Natural,39.715,39.715,1.175,1.175,tC/ha,19.552,59.878,0.1175,2.2325,
10326,Warm Temperate,Humid Forest,Caribbean,Secondary,0,Plantation,42.3,42.3,1.41,15.04,tC/ha,-4.748738644,152.7987386,3.356777985,6.832971206,
10327,Warm Temperate,Humid Forest,North America,Secondary,0,Natural,39.715,39.715,1.175,1.175,tC/ha,19.552,59.878,0.1175,2.2325,
10328,Warm Temperate,Humid Forest,North America,Secondary,0,Plantation,42.3,42.3,1.41,15.04,tC/ha,-4.748738644,152.7987386,3.356777985,6.832971206,
10329,Warm Temperate,Humid Forest,Central Asia,Primary,0,Natural,151.81,151.81,0.47,0.47,tC/ha,77.691,225.929,N/A,N/A,
10330,Warm Temperate,Humid Forest,Eastern Asia,Primary,0,Natural,151.81,151.81,0.47,0.47,tC/ha,77.691,225.929,N/A,N/A,
10331,Warm Temperate,Humid Forest,South-Eastern Asia,Primary,0,Natural,151.81,151.81,0.47,0.47,tC/ha,77.691,225.929,N/A,N/A,
10332,Warm Temperate,Humid Forest,Southern Asia,Primary,0,Natural,151.81,151.81,0.47,0.47,tC/ha,77.691,225.929,N/A,N/A,
10333,Warm Temperate,Humid Forest,Western Asia,Primary,0,Natural,151.81,151.81,0.47,0.47,tC/ha,77.691,225.929,N/A,N/A,
10334,Warm Temperate,Humid Forest,Central Asia,Secondary,21,Natural,121.448,121.448,0.47,0.47,tC/ha,61.241,181.655,0.047,0.893,
10335,Warm Temperate,Humid Forest,Central Asia,Secondary,21,Plantation,47,84.6,3.76,3.76,tC/ha,1.40485422,130.1951458,-,-,
10336,Warm Temperate,Humid Forest,Eastern Asia,Secondary,21,Natural,121.448,121.448,0.47,0.47,tC/ha,61.241,181.655,0.047,0.893,
10337,Warm Temperate,Humid Forest,Eastern Asia,Secondary,21,Plantation,47,84.6,3.76,3.76,tC/ha,1.40485422,130.1951458,-,-,
10338,Warm Temperate,Humid Forest,South-Eastern Asia,Secondary,21,Natural,121.448,121.448,0.47,0.47,tC/ha,61.241,181.655,0.047,0.893,
10339,Warm Temperate,Humid Forest,South-Eastern Asia,Secondary,21,Plantation,47,84.6,3.76,3.76,tC/ha,1.40485422,130.1951458,-,-,
10340,Warm Temperate,Humid Forest,Southern Asia,Secondary,21,Natural,121.448,121.448,0.47,0.47,tC/ha,61.241,181.655,0.047,0.893,
10341,Warm Temperate,Humid Forest,Southern Asia,Secondary,21,Plantation,47,84.6,3.76,3.76,tC/ha,1.40485422,130.1951458,-,-,
10342,Warm Temperate,Humid Forest,Western Asia,Secondary,21,Natural,121.448,121.448,0.47,0.47,tC/ha,61.241,181.655,0.047,0.893,
10343,Warm Temperate,Humid Forest,Western Asia,Secondary,21,Plantation,47,84.6,3.76,3.76,tC/ha,1.40485422,130.1951458,-,-,
10344,Warm Temperate,Humid Forest,Central Asia,Secondary,0,Natural,121.448,121.448,1.175,1.175,tC/ha,61.241,181.655,0.799,1.551,
10345,Warm Temperate,Humid Forest,Central Asia,Secondary,0,Plantation,47,84.6,3.76,3.76,tC/ha,1.40485422,130.1951458,-,-,
10346,Warm Temperate,Humid Forest,Eastern Asia,Secondary,0,Natural,121.448,121.448,1.175,1.175,tC/ha,61.241,181.655,0.799,1.551,
10347,Warm Temperate,Humid Forest,Eastern Asia,Secondary,0,Plantation,47,84.6,3.76,3.76,tC/ha,1.40485422,130.1951458,-,-,
10348,Warm Temperate,Humid Forest,South-Eastern Asia,Secondary,0,Natural,121.448,121.448,1.175,1.175,tC/ha,61.241,181.655,0.799,1.551,
10349,Warm Temperate,Humid Forest,South-Eastern Asia,Secondary,0,Plantation,47,84.6,3.76,3.76,tC/ha,1.40485422,130.1951458,-,-,
10350,Warm Temperate,Humid Forest,Southern Asia,Secondary,0,Natural,121.448,121.448,1.175,1.175,tC/ha,61.241,181.655,0.799,1.551,
10351,Warm Temperate,Humid Forest,Southern Asia,Secondary,0,Plantation,47,84.6,3.76,3.76,tC/ha,1.40485422,130.1951458,-,-,
10352,Warm Temperate,Humid Forest,Western Asia,Secondary,0,Natural,121.448,121.448,1.175,1.175,tC/ha,61.241,181.655,0.799,1.551,
10353,Warm Temperate,Humid Forest,Western Asia,Secondary,0,Plantation,47,84.6,3.76,3.76,tC/ha,1.40485422,130.1951458,-,-,
10354,Warm Temperate,Humid Forest,Europe,Primary,0,Natural,103.4,103.4,2.35,2.35,tC/ha,N/A,N/A,N/A,N/A,
10355,Warm Temperate,Humid Forest,Europe,Secondary,21,Natural,103.4,103.4,2.35,2.35,tC/ha,N/A,N/A,N/A,N/A,
10356,Warm Temperate,Humid Forest,Europe,Secondary,21,Plantation,65.8,65.8,4.7,4.7,tC/ha,N/A,N/A,N/A,N/A,
10357,Warm Temperate,Humid Forest,Europe,Secondary,0,Natural,103.4,103.4,2.35,2.35,tC/ha,N/A,N/A,N/A,N/A,
10358,Warm Temperate,Humid Forest,Europe,Secondary,0,Plantation,65.8,65.8,4.7,4.7,tC/ha,N/A,N/A,N/A,N/A,
10359,Warm Temperate,Dry Forest,Eastern Africa,Primary,0,Natural,30.644,30.644,0.846,0.846,tC/ha,17.907,43.381,0.0846,1.6074,
10360,Warm Temperate,Dry Forest,Central Africa,Primary,0,Natural,30.644,30.644,0.846,0.846,tC/ha,17.907,43.381,0.0846,1.6074,
10361,Warm Temperate,Dry Forest,Northern Africa,Primary,0,Natural,30.644,30.644,0.846,0.846,tC/ha,17.907,43.381,0.0846,1.6074,
10362,Warm Temperate,Dry Forest,Southern Africa,Primary,0,Natural,30.644,30.644,0.846,0.846,tC/ha,17.907,43.381,0.0846,1.6074,
10363,Warm Temperate,Dry Forest,Western Africa,Primary,0,Natural,30.644,30.644,0.846,0.846,tC/ha,17.907,43.381,0.0846,1.6074,
10364,Warm Temperate,Dry Forest,Eastern Africa,Secondary,21,Natural,30.644,30.644,0.846,0.846,tC/ha,17.907,43.381,0.0846,1.6074,
10365,Warm Temperate,Dry Forest,Eastern Africa,Secondary,21,Plantation,42.3,42.3,3.76,3.76,tC/ha,2.873823422,58.22617658,-,-,
10366,Warm Temperate,Dry Forest,Central Africa,Secondary,21,Natural,30.644,30.644,0.846,0.846,tC/ha,17.907,43.381,0.0846,1.6074,
10367,Warm Temperate,Dry Forest,Central Africa,Secondary,21,Plantation,42.3,42.3,3.76,3.76,tC/ha,2.873823422,58.22617658,-,-,
10368,Warm Temperate,Dry Forest,Northern Africa,Secondary,21,Natural,30.644,30.644,0.846,0.846,tC/ha,17.907,43.381,0.0846,1.6074,
10369,Warm Temperate,Dry Forest,Northern Africa,Secondary,21,Plantation,42.3,42.3,3.76,3.76,tC/ha,2.873823422,58.22617658,-,-,
10370,Warm Temperate,Dry Forest,Southern Africa,Secondary,21,Natural,30.644,30.644,0.846,0.846,tC/ha,17.907,43.381,0.0846,1.6074,
10371,Warm Temperate,Dry Forest,Southern Africa,Secondary,21,Plantation,42.3,42.3,3.76,3.76,tC/ha,2.873823422,58.22617658,-,-,
10372,Warm Temperate,Dry Forest,Western Africa,Secondary,21,Natural,30.644,30.644,0.846,0.846,tC/ha,17.907,43.381,0.0846,1.6074,
10373,Warm Temperate,Dry Forest,Western Africa,Secondary,21,Plantation,42.3,42.3,3.76,3.76,tC/ha,2.873823422,58.22617658,-,-,
10374,Warm Temperate,Dry Forest,Eastern Africa,Secondary,0,Natural,30.644,30.644,1.128,1.128,tC/ha,17.907,43.381,0.1128,2.1432,
10375,Warm Temperate,Dry Forest,Eastern Africa,Secondary,0,Plantation,42.3,42.3,1.88,9.4,tC/ha,0.712502548,22.78749745,3.916666667,6.423333333,
10376,Warm Temperate,Dry Forest,Central Africa,Secondary,0,Natural,30.644,30.644,1.128,1.128,tC/ha,17.907,43.381,0.1128,2.1432,
10377,Warm Temperate,Dry Forest,Central Africa,Secondary,0,Plantation,42.3,42.3,1.88,9.4,tC/ha,0.712502548,22.78749745,3.916666667,6.423333333,
10378,Warm Temperate,Dry Forest,Northern Africa,Secondary,0,Natural,30.644,30.644,1.128,1.128,tC/ha,17.907,43.381,0.1128,2.1432,
10379,Warm Temperate,Dry Forest,Northern Africa,Secondary,0,Plantation,42.3,42.3,1.88,9.4,tC/ha,0.712502548,22.78749745,3.916666667,6.423333333,
10380,Warm Temperate,Dry Forest,Southern Africa,Secondary,0,Natural,30.644,30.644,1.128,1.128,tC/ha,17.907,43.381,0.1128,2.1432,
10381,Warm Temperate,Dry Forest,Southern Africa,Secondary,0,Plantation,42.3,42.3,1.88,9.4,tC/ha,0.712502548,22.78749745,3.916666667,6.423333333,
10382,Warm Temperate,Dry Forest,Western Africa,Secondary,0,Natural,30.644,30.644,1.128,1.128,tC/ha,17.907,43.381,0.1128,2.1432,
10383,Warm Temperate,Dry Forest,Western Africa,Secondary,0,Plantation,42.3,42.3,1.88,9.4,tC/ha,0.712502548,22.78749745,3.916666667,6.423333333,
10384,Warm Temperate,Dry Forest,South America,Primary,0,Natural,54.473,54.473,0.47,0.47,tC/ha,32.759,76.187,0.047,0.893,
10385,Warm Temperate,Dry Forest,Central America,Primary,0,Natural,54.473,54.473,0.47,0.47,tC/ha,32.759,76.187,0.047,0.893,
10386,Warm Temperate,Dry Forest,Caribbean,Primary,0,Natural,54.473,54.473,0.47,0.47,tC/ha,32.759,76.187,0.047,0.893,
10387,Warm Temperate,Dry Forest,North America,Primary,0,Natural,54.473,54.473,0.47,0.47,tC/ha,32.759,76.187,0.047,0.893,
10388,Warm Temperate,Dry Forest,South America,Secondary,21,Natural,54.473,54.473,0.47,0.47,tC/ha,32.759,76.187,0.047,0.893,
10389,Warm Temperate,Dry Forest,South America,Secondary,21,Plantation,28.2,51.7,1.41,14.1,tC/ha,2.263476733,84.68652327,3.356777985,6.622043461,
10390,Warm Temperate,Dry Forest,Central America,Secondary,21,Natural,54.473,54.473,0.47,0.47,tC/ha,32.759,76.187,0.047,0.893,
10391,Warm Temperate,Dry Forest,Central America,Secondary,21,Plantation,28.2,51.7,1.41,14.1,tC/ha,2.263476733,84.68652327,3.356777985,6.622043461,
10392,Warm Temperate,Dry Forest,Caribbean,Secondary,21,Natural,54.473,54.473,0.47,0.47,tC/ha,32.759,76.187,0.047,0.893,
10393,Warm Temperate,Dry Forest,Caribbean,Secondary,21,Plantation,28.2,51.7,1.41,14.1,tC/ha,2.263476733,84.68652327,3.356777985,6.622043461,
10394,Warm Temperate,Dry Forest,North America,Secondary,21,Natural,54.473,54.473,0.47,0.47,tC/ha,32.759,76.187,0.047,0.893,
10395,Warm Temperate,Dry Forest,North America,Secondary,21,Plantation,28.2,51.7,1.41,14.1,tC/ha,2.263476733,84.68652327,3.356777985,6.622043461,
10396,Warm Temperate,Dry Forest,South America,Secondary,0,Natural,54.473,54.473,1.88,1.88,tC/ha,32.759,76.187,0.188,3.572,
10397,Warm Temperate,Dry Forest,South America,Secondary,0,Plantation,28.2,51.7,1.41,14.1,tC/ha,2.263476733,84.68652327,3.356777985,6.622043461,
10398,Warm Temperate,Dry Forest,Central America,Secondary,0,Natural,54.473,54.473,1.88,1.88,tC/ha,32.759,76.187,0.188,3.572,
10399,Warm Temperate,Dry Forest,Central America,Secondary,0,Plantation,28.2,51.7,1.41,14.1,tC/ha,2.263476733,84.68652327,3.356777985,6.622043461,
10400,Warm Temperate,Dry Forest,Caribbean,Secondary,0,Natural,54.473,54.473,1.88,1.88,tC/ha,32.759,76.187,0.188,3.572,
10401,Warm Temperate,Dry Forest,Caribbean,Secondary,0,Plantation,28.2,51.7,1.41,14.1,tC/ha,2.263476733,84.68652327,3.356777985,6.622043461,
10402,Warm Temperate,Dry Forest,North America,Secondary,0,Natural,54.473,54.473,1.88,1.88,tC/ha,32.759,76.187,0.188,3.572,
10403,Warm Temperate,Dry Forest,North America,Secondary,0,Plantation,28.2,51.7,1.41,14.1,tC/ha,2.263476733,84.68652327,3.356777985,6.622043461,
10404,Warm Temperate,Dry Forest,Central Asia,Primary,0,Natural,33.323,33.323,0.705,0.94,tC/ha,21.009,45.637,0.08225,1.56275,
10405,Warm Temperate,Dry Forest,Eastern Asia,Primary,0,Natural,33.323,33.323,0.705,0.94,tC/ha,21.009,45.637,0.08225,1.56275,
10406,Warm Temperate,Dry Forest,South-Eastern Asia,Primary,0,Natural,33.323,33.323,0.705,0.94,tC/ha,21.009,45.637,0.08225,1.56275,
10407,Warm Temperate,Dry Forest,Southern Asia,Primary,0,Natural,33.323,33.323,0.705,0.94,tC/ha,21.009,45.637,0.08225,1.56275,
10408,Warm Temperate,Dry Forest,Western Asia,Primary,0,Natural,33.323,33.323,0.705,0.94,tC/ha,21.009,45.637,0.08225,1.56275,
10409,Warm Temperate,Dry Forest,Central Asia,Secondary,21,Natural,33.323,33.323,0.705,0.94,tC/ha,21.009,45.637,0.08225,1.56275,
10410,Warm Temperate,Dry Forest,Central Asia,Secondary,21,Plantation,28.2,76.845,0.94,11.75,tC/ha,26.8384837,94.6612163,2.542620126,7.910547391,
10411,Warm Temperate,Dry Forest,Eastern Asia,Secondary,21,Natural,33.323,33.323,0.705,0.94,tC/ha,21.009,45.637,0.08225,1.56275,
10412,Warm Temperate,Dry Forest,Eastern Asia,Secondary,21,Plantation,28.2,76.845,0.94,11.75,tC/ha,26.8384837,94.6612163,2.542620126,7.910547391,
10413,Warm Temperate,Dry Forest,South-Eastern Asia,Secondary,21,Natural,33.323,33.323,0.705,0.94,tC/ha,21.009,45.637,0.08225,1.56275,
10414,Warm Temperate,Dry Forest,South-Eastern Asia,Secondary,21,Plantation,28.2,76.845,0.94,11.75,tC/ha,26.8384837,94.6612163,2.542620126,7.910547391,
10415,Warm Temperate,Dry Forest,Southern Asia,Secondary,21,Natural,33.323,33.323,0.705,0.94,tC/ha,21.009,45.637,0.08225,1.56275,
10416,Warm Temperate,Dry Forest,Southern Asia,Secondary,21,Plantation,28.2,76.845,0.94,11.75,tC/ha,26.8384837,94.6612163,2.542620126,7.910547391,
10417,Warm Temperate,Dry Forest,Western Asia,Secondary,21,Natural,33.323,33.323,0.705,0.94,tC/ha,21.009,45.637,0.08225,1.56275,
10418,Warm Temperate,Dry Forest,Western Asia,Secondary,21,Plantation,28.2,76.845,0.94,11.75,tC/ha,26.8384837,94.6612163,2.542620126,7.910547391,
10419,Warm Temperate,Dry Forest,Central Asia,Secondary,0,Natural,33.323,33.323,2.82,3.29,tC/ha,21.009,45.637,0.3055,5.8045,
10420,Warm Temperate,Dry Forest,Central Asia,Secondary,0,Plantation,25.756,32.665,0.94,11.75,tC/ha,7.833522024,51.55254464,2.542620126,7.910547391,
10421,Warm Temperate,Dry Forest,Eastern Asia,Secondary,0,Natural,33.323,33.323,2.82,3.29,tC/ha,21.009,45.637,0.3055,5.8045,
10422,Warm Temperate,Dry Forest,Eastern Asia,Secondary,0,Plantation,25.756,32.665,0.94,11.75,tC/ha,7.833522024,51.55254464,2.542620126,7.910547391,
10423,Warm Temperate,Dry Forest,South-Eastern Asia,Secondary,0,Natural,33.323,33.323,2.82,3.29,tC/ha,21.009,45.637,0.3055,5.8045,
10424,Warm Temperate,Dry Forest,South-Eastern Asia,Secondary,0,Plantation,25.756,32.665,0.94,11.75,tC/ha,7.833522024,51.55254464,2.542620126,7.910547391,
10425,Warm Temperate,Dry Forest,Southern Asia,Secondary,0,Natural,33.323,33.323,2.82,3.29,tC/ha,21.009,45.637,0.3055,5.8045,
10426,Warm Temperate,Dry Forest,Southern Asia,Secondary,0,Plantation,25.756,32.665,0.94,11.75,tC/ha,7.833522024,51.55254464,2.542620126,7.910547391,
10427,Warm Temperate,Dry Forest,Western Asia,Secondary,0,Natural,33.323,33.323,2.82,3.29,tC/ha,21.009,45.637,0.3055,5.8045,
10428,Warm Temperate,Dry Forest,Western Asia,Secondary,0,Plantation,25.756,32.665,0.94,11.75,tC/ha,7.833522024,51.55254464,2.542620126,7.910547391,
10429,Warm Temperate,Dry Forest,Europe,Primary,0,Natural,61.1,61.1,1.128,1.128,tC/ha,N/A,N/A,N/A,N/A,
10430,Warm Temperate,Dry Forest,Europe,Secondary,21,Natural,61.1,61.1,1.128,1.128,tC/ha,N/A,N/A,N/A,N/A,
10431,Warm Temperate,Dry Forest,Europe,Secondary,21,Plantation,28.2,28.2,3.76,3.76,tC/ha,N/A,N/A,N/A,N/A,
10432,Warm Temperate,Dry Forest,Europe,Secondary,0,Natural,61.1,61.1,1.128,1.128,tC/ha,N/A,N/A,N/A,N/A,
10433,Warm Temperate,Dry Forest,Europe,Secondary,0,Plantation,28.2,28.2,3.76,3.76,tC/ha,N/A,N/A,N/A,N/A,
10434,Warm Temperate,Steppe,Eastern Africa,Primary,0,Natural,23.735,23.735,0.423,0.423,tC/ha,12.502,34.968,0.0423,0.8037,
10435,Warm Temperate,Steppe,Central Africa,Primary,0,Natural,23.735,23.735,0.423,0.423,tC/ha,12.502,34.968,0.0423,0.8037,
10436,Warm Temperate,Steppe,Northern Africa,Primary,0,Natural,23.735,23.735,0.423,0.423,tC/ha,12.502,34.968,0.0423,0.8037,
10437,Warm Temperate,Steppe,Southern Africa,Primary,0,Natural,23.735,23.735,0.423,0.423,tC/ha,12.502,34.968,0.0423,0.8037,
10438,Warm Temperate,Steppe,Western Africa,Primary,0,Natural,23.735,23.735,0.423,0.423,tC/ha,12.502,34.968,0.0423,0.8037,
10439,Warm Temperate,Steppe,Eastern Africa,Secondary,21,Natural,23.735,23.735,0.423,0.423,tC/ha,12.502,34.968,0.0423,0.8037,
10440,Warm Temperate,Steppe,Eastern Africa,Secondary,21,Plantation,7.05,9.4,1.175,6.58,tC/ha,0.94,17.86,2.741666667,4.151666667,
10441,Warm Temperate,Steppe,Central Africa,Secondary,21,Natural,23.735,23.735,0.423,0.423,tC/ha,12.502,34.968,0.0423,0.8037,
10442,Warm Temperate,Steppe,Central Africa,Secondary,21,Plantation,7.05,9.4,1.175,6.58,tC/ha,0.94,17.86,2.741666667,4.151666667,
10443,Warm Temperate,Steppe,Northern Africa,Secondary,21,Natural,23.735,23.735,0.423,0.423,tC/ha,12.502,34.968,0.0423,0.8037,
10444,Warm Temperate,Steppe,Northern Africa,Secondary,21,Plantation,7.05,9.4,1.175,6.58,tC/ha,0.94,17.86,2.741666667,4.151666667,
10445,Warm Temperate,Steppe,Southern Africa,Secondary,21,Natural,23.735,23.735,0.423,0.423,tC/ha,12.502,34.968,0.0423,0.8037,
10446,Warm Temperate,Steppe,Southern Africa,Secondary,21,Plantation,7.05,9.4,1.175,6.58,tC/ha,0.94,17.86,2.741666667,4.151666667,
10447,Warm Temperate,Steppe,Western Africa,Secondary,21,Natural,23.735,23.735,0.423,0.423,tC/ha,12.502,34.968,0.0423,0.8037,
10448,Warm Temperate,Steppe,Western Africa,Secondary,21,Plantation,7.05,9.4,1.175,6.58,tC/ha,0.94,17.86,2.741666667,4.151666667,
10449,Warm Temperate,Steppe,Eastern Africa,Secondary,0,Natural,23.735,23.735,0.564,0.564,tC/ha,12.502,34.968,0.0564,1.0716,
10450,Warm Temperate,Steppe,Eastern Africa,Secondary,0,Plantation,7.05,9.4,0.235,7.05,tC/ha,0.655591998,15.794408,3.101755268,4.168203033,
10451,Warm Temperate,Steppe,Central Africa,Secondary,0,Natural,23.735,23.735,0.564,0.564,tC/ha,12.502,34.968,0.0564,1.0716,
10452,Warm Temperate,Steppe,Central Africa,Secondary,0,Plantation,7.05,9.4,0.235,7.05,tC/ha,0.655591998,15.794408,3.101755268,4.168203033,
10453,Warm Temperate,Steppe,Northern Africa,Secondary,0,Natural,23.735,23.735,0.564,0.564,tC/ha,12.502,34.968,0.0564,1.0716,
10454,Warm Temperate,Steppe,Northern Africa,Secondary,0,Plantation,7.05,9.4,0.235,7.05,tC/ha,0.655591998,15.794408,3.101755268,4.168203033,
10455,Warm Temperate,Steppe,Southern Africa,Secondary,0,Natural,23.735,23.735,0.564,0.564,tC/ha,12.502,34.968,0.0564,1.0716,
10456,Warm Temperate,Steppe,Southern Africa,Secondary,0,Plantation,7.05,9.4,0.235,7.05,tC/ha,0.655591998,15.794408,3.101755268,4.168203033,
10457,Warm Temperate,Steppe,Western Africa,Secondary,0,Natural,23.735,23.735,0.564,0.564,tC/ha,12.502,34.968,0.0564,1.0716,
10458,Warm Temperate,Steppe,Western Africa,Secondary,0,Plantation,7.05,9.4,0.235,7.05,tC/ha,0.655591998,15.794408,3.101755268,4.168203033,
10459,Warm Temperate,Steppe,South America,Primary,0,Natural,20.68,20.68,0.47,0.47,tC/ha,8.46,32.9,0.047,0.893,
10460,Warm Temperate,Steppe,Central America,Primary,0,Natural,20.68,20.68,0.47,0.47,tC/ha,8.46,32.9,0.047,0.893,
10461,Warm Temperate,Steppe,Caribbean,Primary,0,Natural,20.68,20.68,0.47,0.47,tC/ha,8.46,32.9,0.047,0.893,
10462,Warm Temperate,Steppe,North America,Primary,0,Natural,20.68,20.68,0.47,0.47,tC/ha,8.46,32.9,0.047,0.893,
10463,Warm Temperate,Steppe,South America,Secondary,21,Natural,20.68,20.68,0.47,0.47,tC/ha,8.46,32.9,0.047,0.893,
10464,Warm Temperate,Steppe,South America,Secondary,21,Plantation,14.1,28.2,2.35,9.4,tC/ha,0.976748681,46.02325132,-,-,
10465,Warm Temperate,Steppe,Central America,Secondary,21,Natural,20.68,20.68,0.47,0.47,tC/ha,8.46,32.9,0.047,0.893,
10466,Warm Temperate,Steppe,Central America,Secondary,21,Plantation,14.1,28.2,2.35,9.4,tC/ha,0.976748681,46.02325132,-,-,
10467,Warm Temperate,Steppe,Caribbean,Secondary,21,Natural,20.68,20.68,0.47,0.47,tC/ha,8.46,32.9,0.047,0.893,
10468,Warm Temperate,Steppe,Caribbean,Secondary,21,Plantation,14.1,28.2,2.35,9.4,tC/ha,0.976748681,46.02325132,-,-,
10469,Warm Temperate,Steppe,North America,Secondary,21,Natural,20.68,20.68,0.47,0.47,tC/ha,8.46,32.9,0.047,0.893,
10470,Warm Temperate,Steppe,North America,Secondary,21,Plantation,14.1,28.2,2.35,9.4,tC/ha,0.976748681,46.02325132,-,-,
10471,Warm Temperate,Steppe,South America,Secondary,0,Natural,20.68,20.68,1.88,1.88,tC/ha,8.46,32.9,0.188,3.572,
10472,Warm Temperate,Steppe,South America,Secondary,0,Plantation,1.692,28.2,2.35,9.4,tC/ha,0.976748681,46.02325132,-,-,
10473,Warm Temperate,Steppe,Central America,Secondary,0,Natural,20.68,20.68,1.88,1.88,tC/ha,8.46,32.9,0.188,3.572,
10474,Warm Temperate,Steppe,Central America,Secondary,0,Plantation,1.692,28.2,2.35,9.4,tC/ha,0.976748681,46.02325132,-,-,
10475,Warm Temperate,Steppe,Caribbean,Secondary,0,Natural,20.68,20.68,1.88,1.88,tC/ha,8.46,32.9,0.188,3.572,
10476,Warm Temperate,Steppe,Caribbean,Secondary,0,Plantation,1.692,28.2,2.35,9.4,tC/ha,0.976748681,46.02325132,-,-,
10477,Warm Temperate,Steppe,North America,Secondary,0,Natural,20.68,20.68,1.88,1.88,tC/ha,8.46,32.9,0.188,3.572,
10478,Warm Temperate,Steppe,North America,Secondary,0,Plantation,1.692,28.2,2.35,9.4,tC/ha,0.976748681,46.02325132,-,-,
10479,Warm Temperate,Steppe,Central Asia,Primary,0,Natural,19.552,19.552,0.47,0.611,tC/ha,7.943,31.161,0.05405,1.02695,
10480,Warm Temperate,Steppe,Eastern Asia,Primary,0,Natural,19.552,19.552,0.47,0.611,tC/ha,7.943,31.161,0.05405,1.02695,
10481,Warm Temperate,Steppe,South-Eastern Asia,Primary,0,Natural,19.552,19.552,0.47,0.611,tC/ha,7.943,31.161,0.05405,1.02695,
10482,Warm Temperate,Steppe,Southern Asia,Primary,0,Natural,19.552,19.552,0.47,0.611,tC/ha,7.943,31.161,0.05405,1.02695,
10483,Warm Temperate,Steppe,Western Asia,Primary,0,Natural,19.552,19.552,0.47,0.611,tC/ha,7.943,31.161,0.05405,1.02695,
10484,Warm Temperate,Steppe,Central Asia,Secondary,21,Natural,19.552,19.552,0.47,0.611,tC/ha,7.943,31.161,0.05405,1.02695,
10485,Warm Temperate,Steppe,Central Asia,Secondary,21,Plantation,9.4,37.6,0.47,5.64,tC/ha,-4.910712768,51.91071277,0.47,5.64,
10486,Warm Temperate,Steppe,Eastern Asia,Secondary,21,Natural,19.552,19.552,0.47,0.611,tC/ha,7.943,31.161,0.05405,1.02695,
10487,Warm Temperate,Steppe,Eastern Asia,Secondary,21,Plantation,9.4,37.6,0.47,5.64,tC/ha,-4.910712768,51.91071277,0.47,5.64,
10488,Warm Temperate,Steppe,South-Eastern Asia,Secondary,21,Natural,19.552,19.552,0.47,0.611,tC/ha,7.943,31.161,0.05405,1.02695,
10489,Warm Temperate,Steppe,South-Eastern Asia,Secondary,21,Plantation,9.4,37.6,0.47,5.64,tC/ha,-4.910712768,51.91071277,0.47,5.64,
10490,Warm Temperate,Steppe,Southern Asia,Secondary,21,Natural,19.552,19.552,0.47,0.611,tC/ha,7.943,31.161,0.05405,1.02695,
10491,Warm Temperate,Steppe,Southern Asia,Secondary,21,Plantation,9.4,37.6,0.47,5.64,tC/ha,-4.910712768,51.91071277,0.47,5.64,
10492,Warm Temperate,Steppe,Western Asia,Secondary,21,Natural,19.552,19.552,0.47,0.611,tC/ha,7.943,31.161,0.05405,1.02695,
10493,Warm Temperate,Steppe,Western Asia,Secondary,21,Plantation,9.4,37.6,0.47,5.64,tC/ha,-4.910712768,51.91071277,0.47,5.64,
10494,Warm Temperate,Steppe,Central Asia,Secondary,0,Natural,19.552,19.552,0.94,2.35,tC/ha,7.943,31.161,0.1645,3.1255,
10495,Warm Temperate,Steppe,Central Asia,Secondary,0,Plantation,4.7,56.4,0.47,5.64,tC/ha,-12.34277864,68.74277864,0.47,5.64,
10496,Warm Temperate,Steppe,Eastern Asia,Secondary,0,Natural,19.552,19.552,0.94,2.35,tC/ha,7.943,31.161,0.1645,3.1255,
10497,Warm Temperate,Steppe,Eastern Asia,Secondary,0,Plantation,4.7,56.4,0.47,5.64,tC/ha,-12.34277864,68.74277864,0.47,5.64,
10498,Warm Temperate,Steppe,South-Eastern Asia,Secondary,0,Natural,19.552,19.552,0.94,2.35,tC/ha,7.943,31.161,0.1645,3.1255,
10499,Warm Temperate,Steppe,South-Eastern Asia,Secondary,0,Plantation,4.7,56.4,0.47,5.64,tC/ha,-12.34277864,68.74277864,0.47,5.64,
10500,Warm Temperate,Steppe,Southern Asia,Secondary,0,Natural,19.552,19.552,0.94,2.35,tC/ha,7.943,31.161,0.1645,3.1255,
10501,Warm Temperate,Steppe,Southern Asia,Secondary,0,Plantation,4.7,56.4,0.47,5.64,tC/ha,-12.34277864,68.74277864,0.47,5.64,
10502,Warm Temperate,Steppe,Western Asia,Secondary,0,Natural,19.552,19.552,0.94,2.35,tC/ha,7.943,31.161,0.1645,3.1255,
10503,Warm Temperate,Steppe,Western Asia,Secondary,0,Plantation,4.7,56.4,0.47,5.64,tC/ha,-12.34277864,68.74277864,0.47,5.64,
10504,Warm Temperate,Steppe,Europe,Primary,0,Natural,32.9,32.9,0.47,0.47,tC/ha,N/A,N/A,N/A,N/A,
10505,Warm Temperate,Steppe,Europe,Secondary,21,Natural,32.9,32.9,0.47,0.47,tC/ha,N/A,N/A,N/A,N/A,
10506,Warm Temperate,Steppe,Europe,Secondary,21,Plantation,14.1,14.1,2.35,2.35,tC/ha,N/A,N/A,N/A,N/A,
10507,Warm Temperate,Steppe,Europe,Secondary,0,Natural,32.9,32.9,0.47,0.47,tC/ha,N/A,N/A,N/A,N/A,
10508,Warm Temperate,Steppe,Europe,Secondary,0,Plantation,14.1,14.1,2.35,2.35,tC/ha,N/A,N/A,N/A,N/A,
10509,Warm Temperate,Steppe,Oceania,Primary,0,Natural,32.9,32.9,0.47,0.47,tC/ha,N/A,N/A,N/A,N/A,
10510,Warm Temperate,Steppe,Oceania,Secondary,21,Natural,32.9,32.9,0.47,0.47,tC/ha,N/A,N/A,N/A,N/A,
10511,Warm Temperate,Steppe,Oceania,Secondary,21,Plantation,14.1,14.1,2.35,2.35,tC/ha,N/A,N/A,N/A,N/A,
10512,Warm Temperate,Steppe,Oceania,Secondary,0,Natural,32.9,32.9,0.47,0.47,tC/ha,N/A,N/A,N/A,N/A,
10513,Warm Temperate,Steppe,Oceania,Secondary,0,Plantation,14.1,14.1,2.35,2.35,tC/ha,N/A,N/A,N/A,N/A,
10514,Warm Temperate,Mountain System,Eastern Africa,Primary,0,Natural,16.497,16.497,0.235,0.235,tC/ha,6.063,26.931,N/A,N/A,
10515,Warm Temperate,Mountain System,Central Africa,Primary,0,Natural,16.497,16.497,0.235,0.235,tC/ha,6.063,26.931,N/A,N/A,
10516,Warm Temperate,Mountain System,Northern Africa,Primary,0,Natural,16.497,16.497,0.235,0.235,tC/ha,6.063,26.931,N/A,N/A,
10517,Warm Temperate,Mountain System,Southern Africa,Primary,0,Natural,16.497,16.497,0.235,0.235,tC/ha,6.063,26.931,N/A,N/A,
10518,Warm Temperate,Mountain System,Western Africa,Primary,0,Natural,16.497,16.497,0.235,0.235,tC/ha,6.063,26.931,N/A,N/A,
10519,Warm Temperate,Mountain System,Eastern Africa,Secondary,21,Natural,16.497,16.497,0.235,0.235,tC/ha,6.063,26.931,0.0235,0.4465,
10520,Warm Temperate,Mountain System,Eastern Africa,Secondary,21,Plantation,14.1,70.5,4.7,4.7,tC/ha,1.835781852,78.06421815,-,-,
10521,Warm Temperate,Mountain System,Central Africa,Secondary,21,Natural,16.497,16.497,0.235,0.235,tC/ha,6.063,26.931,0.0235,0.4465,
10522,Warm Temperate,Mountain System,Central Africa,Secondary,21,Plantation,14.1,70.5,4.7,4.7,tC/ha,1.835781852,78.06421815,-,-,
10523,Warm Temperate,Mountain System,Northern Africa,Secondary,21,Natural,16.497,16.497,0.235,0.235,tC/ha,6.063,26.931,0.0235,0.4465,
10524,Warm Temperate,Mountain System,Northern Africa,Secondary,21,Plantation,14.1,70.5,4.7,4.7,tC/ha,1.835781852,78.06421815,-,-,
10525,Warm Temperate,Mountain System,Southern Africa,Secondary,21,Natural,16.497,16.497,0.235,0.235,tC/ha,6.063,26.931,0.0235,0.4465,
10526,Warm Temperate,Mountain System,Southern Africa,Secondary,21,Plantation,14.1,70.5,4.7,4.7,tC/ha,1.835781852,78.06421815,-,-,
10527,Warm Temperate,Mountain System,Western Africa,Secondary,21,Natural,16.497,16.497,0.235,0.235,tC/ha,6.063,26.931,0.0235,0.4465,
10528,Warm Temperate,Mountain System,Western Africa,Secondary,21,Plantation,14.1,70.5,4.7,4.7,tC/ha,1.835781852,78.06421815,-,-,
10529,Warm Temperate,Mountain System,Eastern Africa,Secondary,0,Natural,16.497,16.497,1.175,1.175,tC/ha,6.063,26.931,0.1175,2.2325,
10530,Warm Temperate,Mountain System,Eastern Africa,Secondary,0,Plantation,4.7,47,4.7,4.7,tC/ha,-2.294544827,46.94454483,-,-,
10531,Warm Temperate,Mountain System,Central Africa,Secondary,0,Natural,16.497,16.497,1.175,1.175,tC/ha,6.063,26.931,0.1175,2.2325,
10532,Warm Temperate,Mountain System,Central Africa,Secondary,0,Plantation,4.7,47,4.7,4.7,tC/ha,-2.294544827,46.94454483,-,-,
10533,Warm Temperate,Mountain System,Northern Africa,Secondary,0,Natural,16.497,16.497,1.175,1.175,tC/ha,6.063,26.931,0.1175,2.2325,
10534,Warm Temperate,Mountain System,Northern Africa,Secondary,0,Plantation,4.7,47,4.7,4.7,tC/ha,-2.294544827,46.94454483,-,-,
10535,Warm Temperate,Mountain System,Southern Africa,Secondary,0,Natural,16.497,16.497,1.175,1.175,tC/ha,6.063,26.931,0.1175,2.2325,
10536,Warm Temperate,Mountain System,Southern Africa,Secondary,0,Plantation,4.7,47,4.7,4.7,tC/ha,-2.294544827,46.94454483,-,-,
10537,Warm Temperate,Mountain System,Western Africa,Secondary,0,Natural,16.497,16.497,1.175,1.175,tC/ha,6.063,26.931,0.1175,2.2325,
10538,Warm Temperate,Mountain System,Western Africa,Secondary,0,Plantation,4.7,47,4.7,4.7,tC/ha,-2.294544827,46.94454483,-,-,
10539,Warm Temperate,Mountain System,South America,Primary,0,Natural,35.062,35.062,0.235,0.235,tC/ha,16.215,53.909,N/A,N/A,
10540,Warm Temperate,Mountain System,Central America,Primary,0,Natural,35.062,35.062,0.235,0.235,tC/ha,16.215,53.909,N/A,N/A,
10541,Warm Temperate,Mountain System,Caribbean,Primary,0,Natural,35.062,35.062,0.235,0.235,tC/ha,16.215,53.909,N/A,N/A,
10542,Warm Temperate,Mountain System,North America,Primary,0,Natural,35.062,35.062,0.235,0.235,tC/ha,16.215,53.909,N/A,N/A,
10543,Warm Temperate,Mountain System,South America,Secondary,21,Natural,35.062,35.062,0.235,0.235,tC/ha,16.215,53.909,0.0235,0.4465,
10544,Warm Temperate,Mountain System,South America,Secondary,21,Plantation,11.703,79.9,0.94,8.46,tC/ha,-0.4606,23.8384,2.82,3.995,
10545,Warm Temperate,Mountain System,Central America,Secondary,21,Natural,35.062,35.062,0.235,0.235,tC/ha,16.215,53.909,0.0235,0.4465,
10546,Warm Temperate,Mountain System,Central America,Secondary,21,Plantation,11.703,79.9,0.94,8.46,tC/ha,-0.4606,23.8384,2.82,3.995,
10547,Warm Temperate,Mountain System,Caribbean,Secondary,21,Natural,35.062,35.062,0.235,0.235,tC/ha,16.215,53.909,0.0235,0.4465,
10548,Warm Temperate,Mountain System,Caribbean,Secondary,21,Plantation,11.703,79.9,0.94,8.46,tC/ha,-0.4606,23.8384,2.82,3.995,
10549,Warm Temperate,Mountain System,North America,Secondary,21,Natural,35.062,35.062,0.235,0.235,tC/ha,16.215,53.909,0.0235,0.4465,
10550,Warm Temperate,Mountain System,North America,Secondary,21,Plantation,11.703,79.9,0.94,8.46,tC/ha,-0.4606,23.8384,2.82,3.995,
10551,Warm Temperate,Mountain System,South America,Secondary,0,Natural,35.062,35.062,1.175,1.175,tC/ha,16.215,53.909,0.1175,2.2325,
10552,Warm Temperate,Mountain System,South America,Secondary,0,Plantation,1.739,79.9,0.94,8.46,tC/ha,-5.83426438,28.43186438,2.82,3.995,
10553,Warm Temperate,Mountain System,Central America,Secondary,0,Natural,35.062,35.062,1.175,1.175,tC/ha,16.215,53.909,0.1175,2.2325,
10554,Warm Temperate,Mountain System,Central America,Secondary,0,Plantation,1.739,79.9,0.94,8.46,tC/ha,-5.83426438,28.43186438,2.82,3.995,
10555,Warm Temperate,Mountain System,Caribbean,Secondary,0,Natural,35.062,35.062,1.175,1.175,tC/ha,16.215,53.909,0.1175,2.2325,
10556,Warm Temperate,Mountain System,Caribbean,Secondary,0,Plantation,1.739,79.9,0.94,8.46,tC/ha,-5.83426438,28.43186438,2.82,3.995,
10557,Warm Temperate,Mountain System,North America,Secondary,0,Natural,35.062,35.062,1.175,1.175,tC/ha,16.215,53.909,0.1175,2.2325,
10558,Warm Temperate,Mountain System,North America,Secondary,0,Plantation,1.739,79.9,0.94,8.46,tC/ha,-5.83426438,28.43186438,2.82,3.995,
10559,Warm Temperate,Mountain System,Central Asia,Primary,0,Natural,117.594,117.594,0.235,0.235,tC/ha,89.676,145.512,N/A,N/A,
10560,Warm Temperate,Mountain System,Eastern Asia,Primary,0,Natural,117.594,117.594,0.235,0.235,tC/ha,89.676,145.512,N/A,N/A,
10561,Warm Temperate,Mountain System,South-Eastern Asia,Primary,0,Natural,117.594,117.594,0.235,0.235,tC/ha,89.676,145.512,N/A,N/A,
10562,Warm Temperate,Mountain System,Southern Asia,Primary,0,Natural,117.594,117.594,0.235,0.235,tC/ha,89.676,145.512,N/A,N/A,
10563,Warm Temperate,Mountain System,Western Asia,Primary,0,Natural,117.594,117.594,0.235,0.235,tC/ha,89.676,145.512,N/A,N/A,
10564,Warm Temperate,Mountain System,Central Asia,Secondary,21,Natural,72.944,72.944,0.235,0.235,tC/ha,53.345,92.543,0.094,0.376,
10565,Warm Temperate,Mountain System,Central Asia,Secondary,21,Plantation,4.183,48.645,0.47,5.64,tC/ha,0.695548461,68.62945154,0.94,3.055,
10566,Warm Temperate,Mountain System,Eastern Asia,Secondary,21,Natural,72.944,72.944,0.235,0.235,tC/ha,53.345,92.543,0.094,0.376,
10567,Warm Temperate,Mountain System,Eastern Asia,Secondary,21,Plantation,4.183,48.645,0.47,5.64,tC/ha,0.695548461,68.62945154,0.94,3.055,
10568,Warm Temperate,Mountain System,South-Eastern Asia,Secondary,21,Natural,72.944,72.944,0.235,0.235,tC/ha,53.345,92.543,0.094,0.376,
10569,Warm Temperate,Mountain System,South-Eastern Asia,Secondary,21,Plantation,4.183,48.645,0.47,5.64,tC/ha,0.695548461,68.62945154,0.94,3.055,
10570,Warm Temperate,Mountain System,Southern Asia,Secondary,21,Natural,72.944,72.944,0.235,0.235,tC/ha,53.345,92.543,0.094,0.376,
10571,Warm Temperate,Mountain System,Southern Asia,Secondary,21,Plantation,4.183,48.645,0.47,5.64,tC/ha,0.695548461,68.62945154,0.94,3.055,
10572,Warm Temperate,Mountain System,Western Asia,Secondary,21,Natural,72.944,72.944,0.235,0.235,tC/ha,53.345,92.543,0.094,0.376,
10573,Warm Temperate,Mountain System,Western Asia,Secondary,21,Plantation,4.183,48.645,0.47,5.64,tC/ha,0.695548461,68.62945154,0.94,3.055,
10574,Warm Temperate,Mountain System,Central Asia,Secondary,0,Natural,72.944,72.944,1.175,1.175,tC/ha,53.345,92.543,1.1609,1.1891,
10575,Warm Temperate,Mountain System,Central Asia,Secondary,0,Plantation,4.183,48.645,0.47,5.64,tC/ha,-3.88132746,51.44233655,0.94,3.055,
10576,Warm Temperate,Mountain System,Eastern Asia,Secondary,0,Natural,72.944,72.944,1.175,1.175,tC/ha,53.345,92.543,1.1609,1.1891,
10577,Warm Temperate,Mountain System,Eastern Asia,Secondary,0,Plantation,4.183,48.645,0.47,5.64,tC/ha,-3.88132746,51.44233655,0.94,3.055,
10578,Warm Temperate,Mountain System,South-Eastern Asia,Secondary,0,Natural,72.944,72.944,1.175,1.175,tC/ha,53.345,92.543,1.1609,1.1891,
10579,Warm Temperate,Mountain System,South-Eastern Asia,Secondary,0,Plantation,4.183,48.645,0.47,5.64,tC/ha,-3.88132746,51.44233655,0.94,3.055,
10580,Warm Temperate,Mountain System,Southern Asia,Secondary,0,Natural,72.944,72.944,1.175,1.175,tC/ha,53.345,92.543,1.1609,1.1891,
10581,Warm Temperate,Mountain System,Southern Asia,Secondary,0,Plantation,4.183,48.645,0.47,5.64,tC/ha,-3.88132746,51.44233655,0.94,3.055,
10582,Warm Temperate,Mountain System,Western Asia,Secondary,0,Natural,72.944,72.944,1.175,1.175,tC/ha,53.345,92.543,1.1609,1.1891,
10583,Warm Temperate,Mountain System,Western Asia,Secondary,0,Plantation,4.183,48.645,0.47,5.64,tC/ha,-3.88132746,51.44233655,0.94,3.055,
10584,Warm Temperate,Mountain System,Europe,Primary,0,Natural,65.8,65.8,0.47,0.47,tC/ha,N/A,N/A,N/A,N/A,
10585,Warm Temperate,Mountain System,Europe,Secondary,21,Natural,65.8,65.8,0.47,0.47,tC/ha,N/A,N/A,N/A,N/A,
10586,Warm Temperate,Mountain System,Europe,Secondary,21,Plantation,42.3,42.3,2.35,2.35,tC/ha,N/A,N/A,N/A,N/A,
10587,Warm Temperate,Mountain System,Europe,Secondary,0,Natural,65.8,65.8,0.47,0.47,tC/ha,N/A,N/A,N/A,N/A,
10588,Warm Temperate,Mountain System,Europe,Secondary,0,Plantation,42.3,42.3,2.35,2.35,tC/ha,N/A,N/A,N/A,N/A,
10589,Warm Temperate,Mountain System,Oceania,Primary,0,Natural,65.8,65.8,0.47,0.47,tC/ha,N/A,N/A,N/A,N/A,
10590,Warm Temperate,Mountain System,Oceania,Secondary,21,Natural,65.8,65.8,0.47,0.47,tC/ha,N/A,N/A,N/A,N/A,
10591,Warm Temperate,Mountain System,Oceania,Secondary,21,Plantation,42.3,42.3,2.35,2.35,tC/ha,N/A,N/A,N/A,N/A,
10592,Warm Temperate,Mountain System,Oceania,Secondary,0,Natural,65.8,65.8,0.47,0.47,tC/ha,N/A,N/A,N/A,N/A,
10593,Warm Temperate,Mountain System,Oceania,Secondary,0,Plantation,42.3,42.3,2.35,2.35,tC/ha,N/A,N/A,N/A,N/A,
10594,Cool Temperate,Mountain System,Central Asia,Primary,0,Natural,80.088,80.088,1.41,1.41,tC/ha,N/A,N/A,N/A,N/A,
10595,Cool Temperate,Mountain System,Eastern Asia,Primary,0,Natural,80.088,80.088,1.41,1.41,tC/ha,N/A,N/A,N/A,N/A,
10596,Cool Temperate,Mountain System,South-Eastern Asia,Primary,0,Natural,80.088,80.088,1.41,1.41,tC/ha,N/A,N/A,N/A,N/A,
10597,Cool Temperate,Mountain System,Southern Asia,Primary,0,Natural,80.088,80.088,1.41,1.41,tC/ha,N/A,N/A,N/A,N/A,
10598,Cool Temperate,Mountain System,Western Asia,Primary,0,Natural,80.088,80.088,1.41,1.41,tC/ha,N/A,N/A,N/A,N/A,
10599,Cool Temperate,Mountain System,Central Asia,Secondary,21,Natural,80.088,80.088,1.41,1.41,tC/ha,52.8985,107.2775,N/A,N/A,
10600,Cool Temperate,Mountain System,Central Asia,Secondary,21,Plantation,7.802,16.262,1.41,1.41,tC/ha,0.14611393,23.80038607,N/A,N/A,
10601,Cool Temperate,Mountain System,Eastern Asia,Secondary,21,Natural,80.088,80.088,1.41,1.41,tC/ha,52.8985,107.2775,N/A,N/A,
10602,Cool Temperate,Mountain System,Eastern Asia,Secondary,21,Plantation,7.802,16.262,1.41,1.41,tC/ha,0.14611393,23.80038607,N/A,N/A,
10603,Cool Temperate,Mountain System,South-Eastern Asia,Secondary,21,Natural,80.088,80.088,1.41,1.41,tC/ha,52.8985,107.2775,N/A,N/A,
10604,Cool Temperate,Mountain System,South-Eastern Asia,Secondary,21,Plantation,7.802,16.262,1.41,1.41,tC/ha,0.14611393,23.80038607,N/A,N/A,
10605,Cool Temperate,Mountain System,Southern Asia,Secondary,21,Natural,80.088,80.088,1.41,1.41,tC/ha,52.8985,107.2775,N/A,N/A,
10606,Cool Temperate,Mountain System,Southern Asia,Secondary,21,Plantation,7.802,16.262,1.41,1.41,tC/ha,0.14611393,23.80038607,N/A,N/A,
10607,Cool Temperate,Mountain System,Western Asia,Secondary,21,Natural,80.088,80.088,1.41,1.41,tC/ha,52.8985,107.2775,N/A,N/A,
10608,Cool Temperate,Mountain System,Western Asia,Secondary,21,Plantation,7.802,16.262,1.41,1.41,tC/ha,0.14611393,23.80038607,N/A,N/A,
10609,Cool Temperate,Mountain System,Central Asia,Secondary,0,Natural,80.088,80.088,1.41,1.41,tC/ha,N/A,N/A,N/A,N/A,
10610,Cool Temperate,Mountain System,Central Asia,Secondary,0,Plantation,7.802,16.262,1.41,1.41,tC/ha,0.14611393,23.80038607,N/A,N/A,
10611,Cool Temperate,Mountain System,Eastern Asia,Secondary,0,Natural,80.088,80.088,1.41,1.41,tC/ha,N/A,N/A,N/A,N/A,
10612,Cool Temperate,Mountain System,Eastern Asia,Secondary,0,Plantation,7.802,16.262,1.41,1.41,tC/ha,0.14611393,23.80038607,N/A,N/A,
10613,Cool Temperate,Mountain System,South-Eastern Asia,Secondary,0,Natural,80.088,80.088,1.41,1.41,tC/ha,N/A,N/A,N/A,N/A,
10614,Cool Temperate,Mountain System,South-Eastern Asia,Secondary,0,Plantation,7.802,16.262,1.41,1.41,tC/ha,0.14611393,23.80038607,N/A,N/A,
10615,Cool Temperate,Mountain System,Southern Asia,Secondary,0,Natural,80.088,80.088,1.41,1.41,tC/ha,N/A,N/A,N/A,N/A,
10616,Cool Temperate,Mountain System,Southern Asia,Secondary,0,Plantation,7.802,16.262,1.41,1.41,tC/ha,0.14611393,23.80038607,N/A,N/A,
10617,Cool Temperate,Mountain System,Western Asia,Secondary,0,Natural,80.088,80.088,1.41,1.41,tC/ha,N/A,N/A,N/A,N/A,
10618,Cool Temperate,Mountain System,Western Asia,Secondary,0,Plantation,7.802,16.262,1.41,1.41,tC/ha,0.14611393,23.80038607,N/A,N/A,
10619,Cool Temperate,Mountain System,Europe,Primary,0,Natural,141.517,141.517,1.41,1.41,tC/ha,14.1517,268.8823,N/A,N/A,
10620,Cool Temperate,Mountain System,Europe,Secondary,21,Natural,100.909,100.909,1.41,1.41,tC/ha,10.0909,191.7271,N/A,N/A,
10621,Cool Temperate,Mountain System,Europe,Secondary,21,Plantation,47,47,1.41,1.41,tC/ha,8.419630435,167.8303696,N/A,N/A,
10622,Cool Temperate,Mountain System,Europe,Secondary,0,Natural,13.066,13.066,1.41,1.41,tC/ha,1.3066,24.8254,N/A,N/A,
10623,Cool Temperate,Mountain System,Europe,Secondary,0,Plantation,47,47,1.41,1.41,tC/ha,0.168337771,19.80666223,N/A,N/A,
10624,Cool Temperate,Mountain System,South America,Primary,0,Natural,87.373,87.373,2.068,2.068,tC/ha,N/A,N/A,N/A,N/A,
10625,Cool Temperate,Mountain System,Central America,Primary,0,Natural,87.373,87.373,2.068,2.068,tC/ha,N/A,N/A,N/A,N/A,
10626,Cool Temperate,Mountain System,Caribbean,Primary,0,Natural,87.373,87.373,2.068,2.068,tC/ha,N/A,N/A,N/A,N/A,
10627,Cool Temperate,Mountain System,North America,Primary,0,Natural,87.373,87.373,2.068,2.068,tC/ha,N/A,N/A,N/A,N/A,
10628,Cool Temperate,Mountain System,South America,Secondary,21,Natural,87.373,87.373,2.068,2.068,tC/ha,15.087,159.659,0.9729,0.9917,
10629,Cool Temperate,Mountain System,South America,Secondary,21,Plantation,13.677,41.924,4.23,4.23,tC/ha,-4.238939142,53.36333914,3.572,3.666,
10630,Cool Temperate,Mountain System,Central America,Secondary,21,Natural,87.373,87.373,2.068,2.068,tC/ha,15.087,159.659,0.9729,0.9917,
10631,Cool Temperate,Mountain System,Central America,Secondary,21,Plantation,13.677,41.924,4.23,4.23,tC/ha,-4.238939142,53.36333914,3.572,3.666,
10632,Cool Temperate,Mountain System,Caribbean,Secondary,21,Natural,87.373,87.373,2.068,2.068,tC/ha,15.087,159.659,0.9729,0.9917,
10633,Cool Temperate,Mountain System,Caribbean,Secondary,21,Plantation,13.677,41.924,4.23,4.23,tC/ha,-4.238939142,53.36333914,3.572,3.666,
10634,Cool Temperate,Mountain System,North America,Secondary,21,Natural,87.373,87.373,2.068,2.068,tC/ha,15.087,159.659,0.9729,0.9917,
10635,Cool Temperate,Mountain System,North America,Secondary,21,Plantation,13.677,41.924,4.23,4.23,tC/ha,-4.238939142,53.36333914,3.572,3.666,
10636,Cool Temperate,Mountain System,South America,Secondary,0,Natural,27.213,27.213,1.457,1.457,tC/ha,-9.729,64.155,0.6157,0.6815,
10637,Cool Temperate,Mountain System,South America,Secondary,0,Plantation,1.41,26.32,4.7,4.7,tC/ha,-7.066432106,21.03796544,2.444,2.726,
10638,Cool Temperate,Mountain System,Central America,Secondary,0,Natural,27.213,27.213,1.457,1.457,tC/ha,-9.729,64.155,0.6157,0.6815,
10639,Cool Temperate,Mountain System,Central America,Secondary,0,Plantation,1.41,26.32,4.7,4.7,tC/ha,-7.066432106,21.03796544,2.444,2.726,
10640,Cool Temperate,Mountain System,Caribbean,Secondary,0,Natural,27.213,27.213,1.457,1.457,tC/ha,-9.729,64.155,0.6157,0.6815,
10641,Cool Temperate,Mountain System,Caribbean,Secondary,0,Plantation,1.41,26.32,4.7,4.7,tC/ha,-7.066432106,21.03796544,2.444,2.726,
10642,Cool Temperate,Mountain System,North America,Secondary,0,Natural,27.213,27.213,1.457,1.457,tC/ha,-9.729,64.155,0.6157,0.6815,
10643,Cool Temperate,Mountain System,North America,Secondary,0,Plantation,1.41,26.32,4.7,4.7,tC/ha,-7.066432106,21.03796544,2.444,2.726,
10644,Cool Temperate,Mountain System,Eastern Africa,Primary,0,Natural,47,47,1.41,1.41,tC/ha,N/A,N/A,N/A,N/A,
10645,Cool Temperate,Mountain System,Central Africa,Primary,0,Natural,47,47,1.41,1.41,tC/ha,N/A,N/A,N/A,N/A,
10646,Cool Temperate,Mountain System,Northern Africa,Primary,0,Natural,47,47,1.41,1.41,tC/ha,N/A,N/A,N/A,N/A,
10647,Cool Temperate,Mountain System,Southern Africa,Primary,0,Natural,47,47,1.41,1.41,tC/ha,N/A,N/A,N/A,N/A,
10648,Cool Temperate,Mountain System,Western Africa,Primary,0,Natural,47,47,1.41,1.41,tC/ha,N/A,N/A,N/A,N/A,
10649,Cool Temperate,Mountain System,Eastern Africa,Secondary,21,Natural,47,47,1.41,1.41,tC/ha,N/A,N/A,N/A,N/A,
10650,Cool Temperate,Mountain System,Eastern Africa,Secondary,21,Plantation,47,47,1.41,1.41,tC/ha,N/A,N/A,N/A,N/A,
10651,Cool Temperate,Mountain System,Central Africa,Secondary,21,Natural,47,47,1.41,1.41,tC/ha,N/A,N/A,N/A,N/A,
10652,Cool Temperate,Mountain System,Central Africa,Secondary,21,Plantation,47,47,1.41,1.41,tC/ha,N/A,N/A,N/A,N/A,
10653,Cool Temperate,Mountain System,Northern Africa,Secondary,21,Natural,47,47,1.41,1.41,tC/ha,N/A,N/A,N/A,N/A,
10654,Cool Temperate,Mountain System,Northern Africa,Secondary,21,Plantation,47,47,1.41,1.41,tC/ha,N/A,N/A,N/A,N/A,
10655,Cool Temperate,Mountain System,Southern Africa,Secondary,21,Natural,47,47,1.41,1.41,tC/ha,N/A,N/A,N/A,N/A,
10656,Cool Temperate,Mountain System,Southern Africa,Secondary,21,Plantation,47,47,1.41,1.41,tC/ha,N/A,N/A,N/A,N/A,
10657,Cool Temperate,Mountain System,Western Africa,Secondary,21,Natural,47,47,1.41,1.41,tC/ha,N/A,N/A,N/A,N/A,
10658,Cool Temperate,Mountain System,Western Africa,Secondary,21,Plantation,47,47,1.41,1.41,tC/ha,N/A,N/A,N/A,N/A,
10659,Cool Temperate,Mountain System,Eastern Africa,Secondary,0,Natural,47,47,1.41,1.41,tC/ha,N/A,N/A,N/A,N/A,
10660,Cool Temperate,Mountain System,Eastern Africa,Secondary,0,Plantation,47,47,1.41,1.41,tC/ha,N/A,N/A,N/A,N/A,
10661,Cool Temperate,Mountain System,Central Africa,Secondary,0,Natural,47,47,1.41,1.41,tC/ha,N/A,N/A,N/A,N/A,
10662,Cool Temperate,Mountain System,Central Africa,Secondary,0,Plantation,47,47,1.41,1.41,tC/ha,N/A,N/A,N/A,N/A,
10663,Cool Temperate,Mountain System,Northern Africa,Secondary,0,Natural,47,47,1.41,1.41,tC/ha,N/A,N/A,N/A,N/A,
10664,Cool Temperate,Mountain System,Northern Africa,Secondary,0,Plantation,47,47,1.41,1.41,tC/ha,N/A,N/A,N/A,N/A,
10665,Cool Temperate,Mountain System,Southern Africa,Secondary,0,Natural,47,47,1.41,1.41,tC/ha,N/A,N/A,N/A,N/A,
10666,Cool Temperate,Mountain System,Southern Africa,Secondary,0,Plantation,47,47,1.41,1.41,tC/ha,N/A,N/A,N/A,N/A,
10667,Cool Temperate,Mountain System,Western Africa,Secondary,0,Natural,47,47,1.41,1.41,tC/ha,N/A,N/A,N/A,N/A,
10668,Cool Temperate,Mountain System,Western Africa,Secondary,0,Plantation,47,47,1.41,1.41,tC/ha,N/A,N/A,N/A,N/A,
10669,Cool Temperate,Mountain System,Oceania,Primary,0,Natural,47,47,1.41,1.41,tC/ha,N/A,N/A,N/A,N/A,
10670,Cool Temperate,Mountain System,Oceania,Secondary,21,Natural,47,47,1.41,1.41,tC/ha,N/A,N/A,N/A,N/A,
10671,Cool Temperate,Mountain System,Oceania,Secondary,21,Plantation,47,47,1.41,1.41,tC/ha,N/A,N/A,N/A,N/A,
10672,Cool Temperate,Mountain System,Oceania,Secondary,0,Natural,47,47,1.41,1.41,tC/ha,N/A,N/A,N/A,N/A,
10673,Cool Temperate,Mountain System,Oceania,Secondary,0,Plantation,47,47,1.41,1.41,tC/ha,N/A,N/A,N/A,N/A,
10674,Cool Temperate,Continental Forest,Central Asia,Primary,0,Natural,54.52,54.52,1.88,1.88,tC/ha,N/A,N/A,N/A,N/A,
10675,Cool Temperate,Continental Forest,Eastern Asia,Primary,0,Natural,54.52,54.52,1.88,1.88,tC/ha,N/A,N/A,N/A,N/A,
10676,Cool Temperate,Continental Forest,South-Eastern Asia,Primary,0,Natural,54.52,54.52,1.88,1.88,tC/ha,N/A,N/A,N/A,N/A,
10677,Cool Temperate,Continental Forest,Southern Asia,Primary,0,Natural,54.52,54.52,1.88,1.88,tC/ha,N/A,N/A,N/A,N/A,
10678,Cool Temperate,Continental Forest,Western Asia,Primary,0,Natural,54.52,54.52,1.88,1.88,tC/ha,N/A,N/A,N/A,N/A,
10679,Cool Temperate,Continental Forest,Central Asia,Secondary,21,Natural,54.52,54.52,1.88,1.88,tC/ha,45.8861,63.1539,N/A,N/A,
10680,Cool Temperate,Continental Forest,Central Asia,Secondary,21,Plantation,25.615,62.087,1.88,1.88,tC/ha,13.05673577,65.42574423,N/A,N/A,
10681,Cool Temperate,Continental Forest,Eastern Asia,Secondary,21,Natural,54.52,54.52,1.88,1.88,tC/ha,45.8861,63.1539,N/A,N/A,
10682,Cool Temperate,Continental Forest,Eastern Asia,Secondary,21,Plantation,25.615,62.087,1.88,1.88,tC/ha,13.05673577,65.42574423,N/A,N/A,
10683,Cool Temperate,Continental Forest,South-Eastern Asia,Secondary,21,Natural,54.52,54.52,1.88,1.88,tC/ha,45.8861,63.1539,N/A,N/A,
10684,Cool Temperate,Continental Forest,South-Eastern Asia,Secondary,21,Plantation,25.615,62.087,1.88,1.88,tC/ha,13.05673577,65.42574423,N/A,N/A,
10685,Cool Temperate,Continental Forest,Southern Asia,Secondary,21,Natural,54.52,54.52,1.88,1.88,tC/ha,45.8861,63.1539,N/A,N/A,
10686,Cool Temperate,Continental Forest,Southern Asia,Secondary,21,Plantation,25.615,62.087,1.88,1.88,tC/ha,13.05673577,65.42574423,N/A,N/A,
10687,Cool Temperate,Continental Forest,Western Asia,Secondary,21,Natural,54.52,54.52,1.88,1.88,tC/ha,45.8861,63.1539,N/A,N/A,
10688,Cool Temperate,Continental Forest,Western Asia,Secondary,21,Plantation,25.615,62.087,1.88,1.88,tC/ha,13.05673577,65.42574423,N/A,N/A,
10689,Cool Temperate,Continental Forest,Central Asia,Secondary,0,Natural,42.723,42.723,1.88,1.88,tC/ha,23.7209,61.7251,N/A,N/A,
10690,Cool Temperate,Continental Forest,Central Asia,Secondary,0,Plantation,8.46,31.349,1.88,1.88,tC/ha,6.07731822,35.27014845,N/A,N/A,
10691,Cool Temperate,Continental Forest,Eastern Asia,Secondary,0,Natural,42.723,42.723,1.88,1.88,tC/ha,23.7209,61.7251,N/A,N/A,
10692,Cool Temperate,Continental Forest,Eastern Asia,Secondary,0,Plantation,8.46,31.349,1.88,1.88,tC/ha,6.07731822,35.27014845,N/A,N/A,
10693,Cool Temperate,Continental Forest,South-Eastern Asia,Secondary,0,Natural,42.723,42.723,1.88,1.88,tC/ha,23.7209,61.7251,N/A,N/A,
10694,Cool Temperate,Continental Forest,South-Eastern Asia,Secondary,0,Plantation,8.46,31.349,1.88,1.88,tC/ha,6.07731822,35.27014845,N/A,N/A,
10695,Cool Temperate,Continental Forest,Southern Asia,Secondary,0,Natural,42.723,42.723,1.88,1.88,tC/ha,23.7209,61.7251,N/A,N/A,
10696,Cool Temperate,Continental Forest,Southern Asia,Secondary,0,Plantation,8.46,31.349,1.88,1.88,tC/ha,6.07731822,35.27014845,N/A,N/A,
10697,Cool Temperate,Continental Forest,Western Asia,Secondary,0,Natural,42.723,42.723,1.88,1.88,tC/ha,23.7209,61.7251,N/A,N/A,
10698,Cool Temperate,Continental Forest,Western Asia,Secondary,0,Plantation,8.46,31.349,1.88,1.88,tC/ha,6.07731822,35.27014845,N/A,N/A,
10699,Cool Temperate,Continental Forest,Europe,Primary,0,Natural,156.228,156.228,1.88,1.88,tC/ha,15.6228,296.8332,N/A,N/A,
10700,Cool Temperate,Continental Forest,Europe,Secondary,21,Natural,76.14,76.14,1.88,1.88,tC/ha,7.614,144.666,N/A,N/A,
10701,Cool Temperate,Continental Forest,Europe,Secondary,21,Plantation,47,47,1.88,1.88,tC/ha,8.419630435,167.8303696,N/A,N/A,
10702,Cool Temperate,Continental Forest,Europe,Secondary,0,Natural,24.252,24.252,1.88,1.88,tC/ha,2.4252,46.0788,N/A,N/A,
10703,Cool Temperate,Continental Forest,Europe,Secondary,0,Plantation,47,47,1.88,1.88,tC/ha,0.168337771,19.80666223,N/A,N/A,
10704,Cool Temperate,Continental Forest,South America,Primary,0,Natural,60.583,60.583,1.692,1.692,tC/ha,N/A,N/A,N/A,N/A,
10705,Cool Temperate,Continental Forest,Central America,Primary,0,Natural,60.583,60.583,1.692,1.692,tC/ha,N/A,N/A,N/A,N/A,
10706,Cool Temperate,Continental Forest,Caribbean,Primary,0,Natural,60.583,60.583,1.692,1.692,tC/ha,N/A,N/A,N/A,N/A,
10707,Cool Temperate,Continental Forest,North America,Primary,0,Natural,60.583,60.583,1.692,1.692,tC/ha,N/A,N/A,N/A,N/A,
10708,Cool Temperate,Continental Forest,South America,Secondary,21,Natural,60.583,60.583,1.692,1.692,tC/ha,-52.358,173.524,0.9212,0.9306,
10709,Cool Temperate,Continental Forest,South America,Secondary,21,Plantation,10.105,45.449,1.88,1.88,tC/ha,-8.522172767,60.0396561,1.316,1.41,
10710,Cool Temperate,Continental Forest,Central America,Secondary,21,Natural,60.583,60.583,1.692,1.692,tC/ha,-52.358,173.524,0.9212,0.9306,
10711,Cool Temperate,Continental Forest,Central America,Secondary,21,Plantation,10.105,45.449,1.88,1.88,tC/ha,-8.522172767,60.0396561,1.316,1.41,
10712,Cool Temperate,Continental Forest,Caribbean,Secondary,21,Natural,60.583,60.583,1.692,1.692,tC/ha,-52.358,173.524,0.9212,0.9306,
10713,Cool Temperate,Continental Forest,Caribbean,Secondary,21,Plantation,10.105,45.449,1.88,1.88,tC/ha,-8.522172767,60.0396561,1.316,1.41,
10714,Cool Temperate,Continental Forest,North America,Secondary,21,Natural,60.583,60.583,1.692,1.692,tC/ha,-52.358,173.524,0.9212,0.9306,
10715,Cool Temperate,Continental Forest,North America,Secondary,21,Plantation,10.105,45.449,1.88,1.88,tC/ha,-8.522172767,60.0396561,1.316,1.41,
10716,Cool Temperate,Continental Forest,South America,Secondary,0,Natural,21.62,21.62,1.551,1.551,tC/ha,-25.145,68.385,0.9024,0.94,
10717,Cool Temperate,Continental Forest,South America,Secondary,0,Plantation,2.6696,3.9245,2.35,2.35,tC/ha,-10.02059149,36.71847149,1.833,2.021,
10718,Cool Temperate,Continental Forest,Central America,Secondary,0,Natural,21.62,21.62,1.551,1.551,tC/ha,-25.145,68.385,0.9024,0.94,
10719,Cool Temperate,Continental Forest,Central America,Secondary,0,Plantation,2.6696,3.9245,2.35,2.35,tC/ha,-10.02059149,36.71847149,1.833,2.021,
10720,Cool Temperate,Continental Forest,Caribbean,Secondary,0,Natural,21.62,21.62,1.551,1.551,tC/ha,-25.145,68.385,0.9024,0.94,
10721,Cool Temperate,Continental Forest,Caribbean,Secondary,0,Plantation,2.6696,3.9245,2.35,2.35,tC/ha,-10.02059149,36.71847149,1.833,2.021,
10722,Cool Temperate,Continental Forest,North America,Secondary,0,Natural,21.62,21.62,1.551,1.551,tC/ha,-25.145,68.385,0.9024,0.94,
10723,Cool Temperate,Continental Forest,North America,Secondary,0,Plantation,2.6696,3.9245,2.35,2.35,tC/ha,-10.02059149,36.71847149,1.833,2.021,
10724,Cool Temperate,Continental Forest,Eastern Africa,Primary,0,Natural,56.4,56.4,1.88,1.88,tC/ha,N/A,N/A,N/A,N/A,
10725,Cool Temperate,Continental Forest,Central Africa,Primary,0,Natural,56.4,56.4,1.88,1.88,tC/ha,N/A,N/A,N/A,N/A,
10726,Cool Temperate,Continental Forest,Northern Africa,Primary,0,Natural,56.4,56.4,1.88,1.88,tC/ha,N/A,N/A,N/A,N/A,
10727,Cool Temperate,Continental Forest,Southern Africa,Primary,0,Natural,56.4,56.4,1.88,1.88,tC/ha,N/A,N/A,N/A,N/A,
10728,Cool Temperate,Continental Forest,Western Africa,Primary,0,Natural,56.4,56.4,1.88,1.88,tC/ha,N/A,N/A,N/A,N/A,
10729,Cool Temperate,Continental Forest,Eastern Africa,Secondary,21,Natural,56.4,56.4,1.88,1.88,tC/ha,N/A,N/A,N/A,N/A,
10730,Cool Temperate,Continental Forest,Eastern Africa,Secondary,21,Plantation,47,47,1.88,1.88,tC/ha,N/A,N/A,N/A,N/A,
10731,Cool Temperate,Continental Forest,Central Africa,Secondary,21,Natural,56.4,56.4,1.88,1.88,tC/ha,N/A,N/A,N/A,N/A,
10732,Cool Temperate,Continental Forest,Central Africa,Secondary,21,Plantation,47,47,1.88,1.88,tC/ha,N/A,N/A,N/A,N/A,
10733,Cool Temperate,Continental Forest,Northern Africa,Secondary,21,Natural,56.4,56.4,1.88,1.88,tC/ha,N/A,N/A,N/A,N/A,
10734,Cool Temperate,Continental Forest,Northern Africa,Secondary,21,Plantation,47,47,1.88,1.88,tC/ha,N/A,N/A,N/A,N/A,
10735,Cool Temperate,Continental Forest,Southern Africa,Secondary,21,Natural,56.4,56.4,1.88,1.88,tC/ha,N/A,N/A,N/A,N/A,
10736,Cool Temperate,Continental Forest,Southern Africa,Secondary,21,Plantation,47,47,1.88,1.88,tC/ha,N/A,N/A,N/A,N/A,
10737,Cool Temperate,Continental Forest,Western Africa,Secondary,21,Natural,56.4,56.4,1.88,1.88,tC/ha,N/A,N/A,N/A,N/A,
10738,Cool Temperate,Continental Forest,Western Africa,Secondary,21,Plantation,47,47,1.88,1.88,tC/ha,N/A,N/A,N/A,N/A,
10739,Cool Temperate,Continental Forest,Eastern Africa,Secondary,0,Natural,56.4,56.4,1.88,1.88,tC/ha,N/A,N/A,N/A,N/A,
10740,Cool Temperate,Continental Forest,Eastern Africa,Secondary,0,Plantation,47,47,1.88,1.88,tC/ha,N/A,N/A,N/A,N/A,
10741,Cool Temperate,Continental Forest,Central Africa,Secondary,0,Natural,56.4,56.4,1.88,1.88,tC/ha,N/A,N/A,N/A,N/A,
10742,Cool Temperate,Continental Forest,Central Africa,Secondary,0,Plantation,47,47,1.88,1.88,tC/ha,N/A,N/A,N/A,N/A,
10743,Cool Temperate,Continental Forest,Northern Africa,Secondary,0,Natural,56.4,56.4,1.88,1.88,tC/ha,N/A,N/A,N/A,N/A,
10744,Cool Temperate,Continental Forest,Northern Africa,Secondary,0,Plantation,47,47,1.88,1.88,tC/ha,N/A,N/A,N/A,N/A,
10745,Cool Temperate,Continental Forest,Southern Africa,Secondary,0,Natural,56.4,56.4,1.88,1.88,tC/ha,N/A,N/A,N/A,N/A,
10746,Cool Temperate,Continental Forest,Southern Africa,Secondary,0,Plantation,47,47,1.88,1.88,tC/ha,N/A,N/A,N/A,N/A,
10747,Cool Temperate,Continental Forest,Western Africa,Secondary,0,Natural,56.4,56.4,1.88,1.88,tC/ha,N/A,N/A,N/A,N/A,
10748,Cool Temperate,Continental Forest,Western Africa,Secondary,0,Plantation,47,47,1.88,1.88,tC/ha,N/A,N/A,N/A,N/A,
10749,Cool Temperate,Continental Forest,Oceania,Primary,0,Natural,56.4,56.4,1.88,1.88,tC/ha,N/A,N/A,N/A,N/A,
10750,Cool Temperate,Continental Forest,Oceania,Secondary,21,Natural,56.4,56.4,1.88,1.88,tC/ha,N/A,N/A,N/A,N/A,
10751,Cool Temperate,Continental Forest,Oceania,Secondary,21,Plantation,47,47,1.88,1.88,tC/ha,N/A,N/A,N/A,N/A,
10752,Cool Temperate,Continental Forest,Oceania,Secondary,0,Natural,56.4,56.4,1.88,1.88,tC/ha,N/A,N/A,N/A,N/A,
10753,Cool Temperate,Continental Forest,Oceania,Secondary,0,Plantation,47,47,1.88,1.88,tC/ha,N/A,N/A,N/A,N/A,
10754,Cool Temperate,Oceanic Forest,Central Asia,Primary,0,Natural,136.206,136.206,2.068,2.068,tC/ha,13.6206,258.7914,N/A,N/A,
10755,Cool Temperate,Oceanic Forest,Eastern Asia,Primary,0,Natural,136.206,136.206,2.068,2.068,tC/ha,13.6206,258.7914,N/A,N/A,
10756,Cool Temperate,Oceanic Forest,South-Eastern Asia,Primary,0,Natural,136.206,136.206,2.068,2.068,tC/ha,13.6206,258.7914,N/A,N/A,
10757,Cool Temperate,Oceanic Forest,Southern Asia,Primary,0,Natural,136.206,136.206,2.068,2.068,tC/ha,13.6206,258.7914,N/A,N/A,
10758,Cool Temperate,Oceanic Forest,Western Asia,Primary,0,Natural,136.206,136.206,2.068,2.068,tC/ha,13.6206,258.7914,N/A,N/A,
10759,Cool Temperate,Oceanic Forest,Central Asia,Secondary,21,Natural,136.206,136.206,2.068,2.068,tC/ha,N/A,N/A,N/A,N/A,
10760,Cool Temperate,Oceanic Forest,Central Asia,Secondary,21,Plantation,70.5,94,2.068,2.068,tC/ha,9.4,178.6,N/A,N/A,
10761,Cool Temperate,Oceanic Forest,Eastern Asia,Secondary,21,Natural,136.206,136.206,2.068,2.068,tC/ha,N/A,N/A,N/A,N/A,
10762,Cool Temperate,Oceanic Forest,Eastern Asia,Secondary,21,Plantation,70.5,94,2.068,2.068,tC/ha,9.4,178.6,N/A,N/A,
10763,Cool Temperate,Oceanic Forest,South-Eastern Asia,Secondary,21,Natural,136.206,136.206,2.068,2.068,tC/ha,N/A,N/A,N/A,N/A,
10764,Cool Temperate,Oceanic Forest,South-Eastern Asia,Secondary,21,Plantation,70.5,94,2.068,2.068,tC/ha,9.4,178.6,N/A,N/A,
10765,Cool Temperate,Oceanic Forest,Southern Asia,Secondary,21,Natural,136.206,136.206,2.068,2.068,tC/ha,N/A,N/A,N/A,N/A,
10766,Cool Temperate,Oceanic Forest,Southern Asia,Secondary,21,Plantation,70.5,94,2.068,2.068,tC/ha,9.4,178.6,N/A,N/A,
10767,Cool Temperate,Oceanic Forest,Western Asia,Secondary,21,Natural,136.206,136.206,2.068,2.068,tC/ha,N/A,N/A,N/A,N/A,
10768,Cool Temperate,Oceanic Forest,Western Asia,Secondary,21,Plantation,70.5,94,2.068,2.068,tC/ha,9.4,178.6,N/A,N/A,
10769,Cool Temperate,Oceanic Forest,Central Asia,Secondary,0,Natural,136.206,136.206,2.068,2.068,tC/ha,N/A,N/A,N/A,N/A,
10770,Cool Temperate,Oceanic Forest,Central Asia,Secondary,0,Plantation,14.1,18.8,2.068,2.068,tC/ha,1.311183996,31.588816,N/A,N/A,
10771,Cool Temperate,Oceanic Forest,Eastern Asia,Secondary,0,Natural,136.206,136.206,2.068,2.068,tC/ha,N/A,N/A,N/A,N/A,
10772,Cool Temperate,Oceanic Forest,Eastern Asia,Secondary,0,Plantation,14.1,18.8,2.068,2.068,tC/ha,1.311183996,31.588816,N/A,N/A,
10773,Cool Temperate,Oceanic Forest,South-Eastern Asia,Secondary,0,Natural,136.206,136.206,2.068,2.068,tC/ha,N/A,N/A,N/A,N/A,
10774,Cool Temperate,Oceanic Forest,South-Eastern Asia,Secondary,0,Plantation,14.1,18.8,2.068,2.068,tC/ha,1.311183996,31.588816,N/A,N/A,
10775,Cool Temperate,Oceanic Forest,Southern Asia,Secondary,0,Natural,136.206,136.206,2.068,2.068,tC/ha,N/A,N/A,N/A,N/A,
10776,Cool Temperate,Oceanic Forest,Southern Asia,Secondary,0,Plantation,14.1,18.8,2.068,2.068,tC/ha,1.311183996,31.588816,N/A,N/A,
10777,Cool Temperate,Oceanic Forest,Western Asia,Secondary,0,Natural,136.206,136.206,2.068,2.068,tC/ha,N/A,N/A,N/A,N/A,
10778,Cool Temperate,Oceanic Forest,Western Asia,Secondary,0,Plantation,14.1,18.8,2.068,2.068,tC/ha,1.311183996,31.588816,N/A,N/A,
10779,Cool Temperate,Oceanic Forest,Europe,Primary,0,Natural,59.267,59.267,1.081,1.081,tC/ha,5.9267,112.6073,N/A,N/A,
10780,Cool Temperate,Oceanic Forest,Europe,Secondary,21,Natural,72.333,72.333,1.081,1.081,tC/ha,7.2333,137.4327,N/A,N/A,
10781,Cool Temperate,Oceanic Forest,Europe,Secondary,21,Plantation,70.5,94,2.068,2.068,tC/ha,9.4,178.6,N/A,N/A,
10782,Cool Temperate,Oceanic Forest,Europe,Secondary,0,Natural,10.481,10.481,1.081,1.081,tC/ha,1.0481,19.9139,N/A,N/A,
10783,Cool Temperate,Oceanic Forest,Europe,Secondary,0,Plantation,14.1,18.8,2.068,2.068,tC/ha,1.311183996,31.588816,N/A,N/A,
10784,Cool Temperate,Oceanic Forest,Oceania,Primary,0,Natural,165.769,165.769,0.1739,0.1739,tC/ha,157.779,173.759,-0.2256,0.5734,
10785,Cool Temperate,Oceanic Forest,Oceania,Secondary,21,Natural,56.635,56.635,0.9964,0.9964,tC/ha,46.154,67.116,0.611,1.3818,
10786,Cool Temperate,Oceanic Forest,Oceania,Secondary,21,Plantation,75.2,75.2,2.068,2.068,tC/ha,N/A,N/A,N/A,N/A,
10787,Cool Temperate,Oceanic Forest,Oceania,Secondary,0,Natural,27.025,27.025,1.4664,1.4664,tC/ha,20.3134,33.7366,1.0763,1.8565,
10788,Cool Temperate,Oceanic Forest,Oceania,Secondary,0,Plantation,75.2,75.2,2.068,2.068,tC/ha,N/A,N/A,N/A,N/A,
10789,Cool Temperate,Oceanic Forest,South America,Primary,0,Natural,84.6,84.6,2.068,2.068,tC/ha,N/A,N/A,N/A,N/A,
10790,Cool Temperate,Oceanic Forest,Central America,Primary,0,Natural,84.6,84.6,2.068,2.068,tC/ha,N/A,N/A,N/A,N/A,
10791,Cool Temperate,Oceanic Forest,Caribbean,Primary,0,Natural,84.6,84.6,2.068,2.068,tC/ha,N/A,N/A,N/A,N/A,
10792,Cool Temperate,Oceanic Forest,North America,Primary,0,Natural,84.6,84.6,2.068,2.068,tC/ha,N/A,N/A,N/A,N/A,
10793,Cool Temperate,Oceanic Forest,South America,Secondary,21,Natural,166.427,166.427,4.277,4.277,tC/ha,-47.752,380.606,2.2043,2.4393,
10794,Cool Temperate,Oceanic Forest,South America,Secondary,21,Plantation,35.814,61.711,4.7,4.7,tC/ha,0.288837889,94.73262878,3.666,4.136,
10795,Cool Temperate,Oceanic Forest,Central America,Secondary,21,Natural,166.427,166.427,4.277,4.277,tC/ha,-47.752,380.606,2.2043,2.4393,
10796,Cool Temperate,Oceanic Forest,Central America,Secondary,21,Plantation,35.814,61.711,4.7,4.7,tC/ha,0.288837889,94.73262878,3.666,4.136,
10797,Cool Temperate,Oceanic Forest,Caribbean,Secondary,21,Natural,166.427,166.427,4.277,4.277,tC/ha,-47.752,380.606,2.2043,2.4393,
10798,Cool Temperate,Oceanic Forest,Caribbean,Secondary,21,Plantation,35.814,61.711,4.7,4.7,tC/ha,0.288837889,94.73262878,3.666,4.136,
10799,Cool Temperate,Oceanic Forest,North America,Secondary,21,Natural,166.427,166.427,4.277,4.277,tC/ha,-47.752,380.606,2.2043,2.4393,
10800,Cool Temperate,Oceanic Forest,North America,Secondary,21,Plantation,35.814,61.711,4.7,4.7,tC/ha,0.288837889,94.73262878,3.666,4.136,
10801,Cool Temperate,Oceanic Forest,South America,Secondary,0,Natural,100.533,100.533,2.961,2.961,tC/ha,-6.204,207.27,1.2361,2.0539,
10802,Cool Temperate,Oceanic Forest,South America,Secondary,0,Plantation,1.833,56.4,2.82,2.82,tC/ha,-2.404647162,11.43804716,1.692,2.256,
10803,Cool Temperate,Oceanic Forest,Central America,Secondary,0,Natural,100.533,100.533,2.961,2.961,tC/ha,-6.204,207.27,1.2361,2.0539,
10804,Cool Temperate,Oceanic Forest,Central America,Secondary,0,Plantation,1.833,56.4,2.82,2.82,tC/ha,-2.404647162,11.43804716,1.692,2.256,
10805,Cool Temperate,Oceanic Forest,Caribbean,Secondary,0,Natural,100.533,100.533,2.961,2.961,tC/ha,-6.204,207.27,1.2361,2.0539,
10806,Cool Temperate,Oceanic Forest,Caribbean,Secondary,0,Plantation,1.833,56.4,2.82,2.82,tC/ha,-2.404647162,11.43804716,1.692,2.256,
10807,Cool Temperate,Oceanic Forest,North America,Secondary,0,Natural,100.533,100.533,2.961,2.961,tC/ha,-6.204,207.27,1.2361,2.0539,
10808,Cool Temperate,Oceanic Forest,North America,Secondary,0,Plantation,1.833,56.4,2.82,2.82,tC/ha,-2.404647162,11.43804716,1.692,2.256,
10809,Cool Temperate,Oceanic Forest,Eastern Africa,Primary,0,Natural,84.6,84.6,2.068,2.068,tC/ha,N/A,N/A,N/A,N/A,
10810,Cool Temperate,Oceanic Forest,Central Africa,Primary,0,Natural,84.6,84.6,2.068,2.068,tC/ha,N/A,N/A,N/A,N/A,
10811,Cool Temperate,Oceanic Forest,Northern Africa,Primary,0,Natural,84.6,84.6,2.068,2.068,tC/ha,N/A,N/A,N/A,N/A,
10812,Cool Temperate,Oceanic Forest,Southern Africa,Primary,0,Natural,84.6,84.6,2.068,2.068,tC/ha,N/A,N/A,N/A,N/A,
10813,Cool Temperate,Oceanic Forest,Western Africa,Primary,0,Natural,84.6,84.6,2.068,2.068,tC/ha,N/A,N/A,N/A,N/A,
10814,Cool Temperate,Oceanic Forest,Eastern Africa,Secondary,21,Natural,84.6,84.6,2.068,2.068,tC/ha,N/A,N/A,N/A,N/A,
10815,Cool Temperate,Oceanic Forest,Eastern Africa,Secondary,21,Plantation,75.2,75.2,2.068,2.068,tC/ha,N/A,N/A,N/A,N/A,
10816,Cool Temperate,Oceanic Forest,Central Africa,Secondary,21,Natural,84.6,84.6,2.068,2.068,tC/ha,N/A,N/A,N/A,N/A,
10817,Cool Temperate,Oceanic Forest,Central Africa,Secondary,21,Plantation,75.2,75.2,2.068,2.068,tC/ha,N/A,N/A,N/A,N/A,
10818,Cool Temperate,Oceanic Forest,Northern Africa,Secondary,21,Natural,84.6,84.6,2.068,2.068,tC/ha,N/A,N/A,N/A,N/A,
10819,Cool Temperate,Oceanic Forest,Northern Africa,Secondary,21,Plantation,75.2,75.2,2.068,2.068,tC/ha,N/A,N/A,N/A,N/A,
10820,Cool Temperate,Oceanic Forest,Southern Africa,Secondary,21,Natural,84.6,84.6,2.068,2.068,tC/ha,N/A,N/A,N/A,N/A,
10821,Cool Temperate,Oceanic Forest,Southern Africa,Secondary,21,Plantation,75.2,75.2,2.068,2.068,tC/ha,N/A,N/A,N/A,N/A,
10822,Cool Temperate,Oceanic Forest,Western Africa,Secondary,21,Natural,84.6,84.6,2.068,2.068,tC/ha,N/A,N/A,N/A,N/A,
10823,Cool Temperate,Oceanic Forest,Western Africa,Secondary,21,Plantation,75.2,75.2,2.068,2.068,tC/ha,N/A,N/A,N/A,N/A,
10824,Cool Temperate,Oceanic Forest,Eastern Africa,Secondary,0,Natural,84.6,84.6,2.068,2.068,tC/ha,N/A,N/A,N/A,N/A,
10825,Cool Temperate,Oceanic Forest,Eastern Africa,Secondary,0,Plantation,75.2,75.2,2.068,2.068,tC/ha,N/A,N/A,N/A,N/A,
10826,Cool Temperate,Oceanic Forest,Central Africa,Secondary,0,Natural,84.6,84.6,2.068,2.068,tC/ha,N/A,N/A,N/A,N/A,
10827,Cool Temperate,Oceanic Forest,Central Africa,Secondary,0,Plantation,75.2,75.2,2.068,2.068,tC/ha,N/A,N/A,N/A,N/A,
10828,Cool Temperate,Oceanic Forest,Northern Africa,Secondary,0,Natural,84.6,84.6,2.068,2.068,tC/ha,N/A,N/A,N/A,N/A,
10829,Cool Temperate,Oceanic Forest,Northern Africa,Secondary,0,Plantation,75.2,75.2,2.068,2.068,tC/ha,N/A,N/A,N/A,N/A,
10830,Cool Temperate,Oceanic Forest,Southern Africa,Secondary,0,Natural,84.6,84.6,2.068,2.068,tC/ha,N/A,N/A,N/A,N/A,
10831,Cool Temperate,Oceanic Forest,Southern Africa,Secondary,0,Plantation,75.2,75.2,2.068,2.068,tC/ha,N/A,N/A,N/A,N/A,
10832,Cool Temperate,Oceanic Forest,Western Africa,Secondary,0,Natural,84.6,84.6,2.068,2.068,tC/ha,N/A,N/A,N/A,N/A,
10833,Cool Temperate,Oceanic Forest,Western Africa,Secondary,0,Plantation,75.2,75.2,2.068,2.068,tC/ha,N/A,N/A,N/A,N/A,
10834,Cool Temperate,Desert,Central Asia,Primary,0,Natural,20.68,20.68,0.282,0.282,tC/ha,N/A,N/A,N/A,N/A,
10835,Cool Temperate,Desert,Eastern Asia,Primary,0,Natural,20.68,20.68,0.282,0.282,tC/ha,N/A,N/A,N/A,N/A,
10836,Cool Temperate,Desert,South-Eastern Asia,Primary,0,Natural,20.68,20.68,0.282,0.282,tC/ha,N/A,N/A,N/A,N/A,
10837,Cool Temperate,Desert,Southern Asia,Primary,0,Natural,20.68,20.68,0.282,0.282,tC/ha,N/A,N/A,N/A,N/A,
10838,Cool Temperate,Desert,Western Asia,Primary,0,Natural,20.68,20.68,0.282,0.282,tC/ha,N/A,N/A,N/A,N/A,
10839,Cool Temperate,Desert,Central Asia,Secondary,21,Natural,20.68,20.68,0.282,0.282,tC/ha,N/A,N/A,N/A,N/A,
10840,Cool Temperate,Desert,Eastern Asia,Secondary,21,Natural,20.68,20.68,0.282,0.282,tC/ha,N/A,N/A,N/A,N/A,
10841,Cool Temperate,Desert,South-Eastern Asia,Secondary,21,Natural,20.68,20.68,0.282,0.282,tC/ha,N/A,N/A,N/A,N/A,
10842,Cool Temperate,Desert,Southern Asia,Secondary,21,Natural,20.68,20.68,0.282,0.282,tC/ha,N/A,N/A,N/A,N/A,
10843,Cool Temperate,Desert,Western Asia,Secondary,21,Natural,20.68,20.68,0.282,0.282,tC/ha,N/A,N/A,N/A,N/A,
10844,Cool Temperate,Desert,Central Asia,Secondary,0,Natural,12.032,12.032,0.235,0.235,tC/ha,N/A,N/A,N/A,N/A,
10845,Cool Temperate,Desert,Eastern Asia,Secondary,0,Natural,12.032,12.032,0.235,0.235,tC/ha,N/A,N/A,N/A,N/A,
10846,Cool Temperate,Desert,South-Eastern Asia,Secondary,0,Natural,12.032,12.032,0.235,0.235,tC/ha,N/A,N/A,N/A,N/A,
10847,Cool Temperate,Desert,Southern Asia,Secondary,0,Natural,12.032,12.032,0.235,0.235,tC/ha,N/A,N/A,N/A,N/A,
10848,Cool Temperate,Desert,Western Asia,Secondary,0,Natural,12.032,12.032,0.235,0.235,tC/ha,N/A,N/A,N/A,N/A,
10849,Cool Temperate,Steppe,Central Asia,Primary,0,Natural,55.695,55.695,1.645,1.645,tC/ha,N/A,N/A,N/A,N/A,
10850,Cool Temperate,Steppe,Eastern Asia,Primary,0,Natural,55.695,55.695,1.645,1.645,tC/ha,N/A,N/A,N/A,N/A,
10851,Cool Temperate,Steppe,South-Eastern Asia,Primary,0,Natural,55.695,55.695,1.645,1.645,tC/ha,N/A,N/A,N/A,N/A,
10852,Cool Temperate,Steppe,Southern Asia,Primary,0,Natural,55.695,55.695,1.645,1.645,tC/ha,N/A,N/A,N/A,N/A,
10853,Cool Temperate,Steppe,Western Asia,Primary,0,Natural,55.695,55.695,1.645,1.645,tC/ha,N/A,N/A,N/A,N/A,
10854,Cool Temperate,Steppe,Central Asia,Secondary,21,Natural,55.695,55.695,1.645,1.645,tC/ha,N/A,N/A,N/A,N/A,
10855,Cool Temperate,Steppe,Central Asia,Secondary,21,Plantation,1.692,39.903,5.17,5.17,tC/ha,N/A,N/A,N/A,N/A,
10856,Cool Temperate,Steppe,Eastern Asia,Secondary,21,Natural,55.695,55.695,1.645,1.645,tC/ha,N/A,N/A,N/A,N/A,
10857,Cool Temperate,Steppe,Eastern Asia,Secondary,21,Plantation,1.692,39.903,5.17,5.17,tC/ha,N/A,N/A,N/A,N/A,
10858,Cool Temperate,Steppe,South-Eastern Asia,Secondary,21,Natural,55.695,55.695,1.645,1.645,tC/ha,N/A,N/A,N/A,N/A,
10859,Cool Temperate,Steppe,South-Eastern Asia,Secondary,21,Plantation,1.692,39.903,5.17,5.17,tC/ha,N/A,N/A,N/A,N/A,
10860,Cool Temperate,Steppe,Southern Asia,Secondary,21,Natural,55.695,55.695,1.645,1.645,tC/ha,N/A,N/A,N/A,N/A,
10861,Cool Temperate,Steppe,Southern Asia,Secondary,21,Plantation,1.692,39.903,5.17,5.17,tC/ha,N/A,N/A,N/A,N/A,
10862,Cool Temperate,Steppe,Western Asia,Secondary,21,Natural,55.695,55.695,1.645,1.645,tC/ha,N/A,N/A,N/A,N/A,
10863,Cool Temperate,Steppe,Western Asia,Secondary,21,Plantation,1.692,39.903,5.17,5.17,tC/ha,N/A,N/A,N/A,N/A,
10864,Cool Temperate,Steppe,Central Asia,Secondary,0,Natural,20.163,20.163,1.081,1.081,tC/ha,N/A,N/A,N/A,N/A,
10865,Cool Temperate,Steppe,Central Asia,Secondary,0,Plantation,2.256,22.936,1.88,1.88,tC/ha,N/A,N/A,N/A,N/A,
10866,Cool Temperate,Steppe,Eastern Asia,Secondary,0,Natural,20.163,20.163,1.081,1.081,tC/ha,N/A,N/A,N/A,N/A,
10867,Cool Temperate,Steppe,Eastern Asia,Secondary,0,Plantation,2.256,22.936,1.88,1.88,tC/ha,N/A,N/A,N/A,N/A,
10868,Cool Temperate,Steppe,South-Eastern Asia,Secondary,0,Natural,20.163,20.163,1.081,1.081,tC/ha,N/A,N/A,N/A,N/A,
10869,Cool Temperate,Steppe,South-Eastern Asia,Secondary,0,Plantation,2.256,22.936,1.88,1.88,tC/ha,N/A,N/A,N/A,N/A,
10870,Cool Temperate,Steppe,Southern Asia,Secondary,0,Natural,20.163,20.163,1.081,1.081,tC/ha,N/A,N/A,N/A,N/A,
10871,Cool Temperate,Steppe,Southern Asia,Secondary,0,Plantation,2.256,22.936,1.88,1.88,tC/ha,N/A,N/A,N/A,N/A,
10872,Cool Temperate,Steppe,Western Asia,Secondary,0,Natural,20.163,20.163,1.081,1.081,tC/ha,N/A,N/A,N/A,N/A,
10873,Cool Temperate,Steppe,Western Asia,Secondary,0,Plantation,2.256,22.936,1.88,1.88,tC/ha,N/A,N/A,N/A,N/A,
10874,Boreal,Coniferous Forest,Central Asia,Primary,0,Natural,29.563,29.563,0.047,0.987,tC/ha,N/A,N/A,N/A,N/A,
10875,Boreal,Coniferous Forest,Eastern Asia,Primary,0,Natural,29.563,29.563,0.047,0.987,tC/ha,N/A,N/A,N/A,N/A,
10876,Boreal,Coniferous Forest,South-Eastern Asia,Primary,0,Natural,29.563,29.563,0.047,0.987,tC/ha,N/A,N/A,N/A,N/A,
10877,Boreal,Coniferous Forest,Southern Asia,Primary,0,Natural,29.563,29.563,0.047,0.987,tC/ha,N/A,N/A,N/A,N/A,
10878,Boreal,Coniferous Forest,Western Asia,Primary,0,Natural,29.563,29.563,0.047,0.987,tC/ha,N/A,N/A,N/A,N/A,
10879,Boreal,Coniferous Forest,Central Asia,Secondary,21,Natural,29.563,29.563,0.047,1.034,tC/ha,N/A,N/A,N/A,N/A,
10880,Boreal,Coniferous Forest,Central Asia,Secondary,21,Plantation,18.8,23.5,0.47,0.47,tC/ha,N/A,N/A,N/A,N/A,
10881,Boreal,Coniferous Forest,Eastern Asia,Secondary,21,Natural,29.563,29.563,0.047,1.034,tC/ha,N/A,N/A,N/A,N/A,
10882,Boreal,Coniferous Forest,Eastern Asia,Secondary,21,Plantation,18.8,23.5,0.47,0.47,tC/ha,N/A,N/A,N/A,N/A,
10883,Boreal,Coniferous Forest,South-Eastern Asia,Secondary,21,Natural,29.563,29.563,0.047,1.034,tC/ha,N/A,N/A,N/A,N/A,
10884,Boreal,Coniferous Forest,South-Eastern Asia,Secondary,21,Plantation,18.8,23.5,0.47,0.47,tC/ha,N/A,N/A,N/A,N/A,
10885,Boreal,Coniferous Forest,Southern Asia,Secondary,21,Natural,29.563,29.563,0.047,1.034,tC/ha,N/A,N/A,N/A,N/A,
10886,Boreal,Coniferous Forest,Southern Asia,Secondary,21,Plantation,18.8,23.5,0.47,0.47,tC/ha,N/A,N/A,N/A,N/A,
10887,Boreal,Coniferous Forest,Western Asia,Secondary,21,Natural,29.563,29.563,0.047,1.034,tC/ha,N/A,N/A,N/A,N/A,
10888,Boreal,Coniferous Forest,Western Asia,Secondary,21,Plantation,18.8,23.5,0.47,0.47,tC/ha,N/A,N/A,N/A,N/A,
10889,Boreal,Coniferous Forest,Central Asia,Secondary,0,Natural,29.563,29.563,0.047,1.081,tC/ha,N/A,N/A,N/A,N/A,
10890,Boreal,Coniferous Forest,Central Asia,Secondary,0,Plantation,2.35,23.5,0.47,0.47,tC/ha,N/A,N/A,N/A,N/A,
10891,Boreal,Coniferous Forest,Eastern Asia,Secondary,0,Natural,29.563,29.563,0.047,1.081,tC/ha,N/A,N/A,N/A,N/A,
10892,Boreal,Coniferous Forest,Eastern Asia,Secondary,0,Plantation,2.35,23.5,0.47,0.47,tC/ha,N/A,N/A,N/A,N/A,
10893,Boreal,Coniferous Forest,South-Eastern Asia,Secondary,0,Natural,29.563,29.563,0.047,1.081,tC/ha,N/A,N/A,N/A,N/A,
10894,Boreal,Coniferous Forest,South-Eastern Asia,Secondary,0,Plantation,2.35,23.5,0.47,0.47,tC/ha,N/A,N/A,N/A,N/A,
10895,Boreal,Coniferous Forest,Southern Asia,Secondary,0,Natural,29.563,29.563,0.047,1.081,tC/ha,N/A,N/A,N/A,N/A,
10896,Boreal,Coniferous Forest,Southern Asia,Secondary,0,Plantation,2.35,23.5,0.47,0.47,tC/ha,N/A,N/A,N/A,N/A,
10897,Boreal,Coniferous Forest,Western Asia,Secondary,0,Natural,29.563,29.563,0.047,1.081,tC/ha,N/A,N/A,N/A,N/A,
10898,Boreal,Coniferous Forest,Western Asia,Secondary,0,Plantation,2.35,23.5,0.47,0.47,tC/ha,N/A,N/A,N/A,N/A,
10899,Boreal,Tundra Woodland,Central Asia,Primary,0,Natural,29.939,29.939,0.188,0.188,tC/ha,N/A,N/A,0.094,0.235,
10900,Boreal,Tundra Woodland,Eastern Asia,Primary,0,Natural,29.939,29.939,0.188,0.188,tC/ha,N/A,N/A,0.094,0.235,
10901,Boreal,Tundra Woodland,South-Eastern Asia,Primary,0,Natural,29.939,29.939,0.188,0.188,tC/ha,N/A,N/A,0.094,0.235,
10902,Boreal,Tundra Woodland,Southern Asia,Primary,0,Natural,29.939,29.939,0.188,0.188,tC/ha,N/A,N/A,0.094,0.235,
10903,Boreal,Tundra Woodland,Western Asia,Primary,0,Natural,29.939,29.939,0.188,0.188,tC/ha,N/A,N/A,0.094,0.235,
10904,Boreal,Tundra Woodland,Central Asia,Secondary,21,Natural,29.939,29.939,0.188,0.188,tC/ha,N/A,N/A,0.094,0.235,
10905,Boreal,Tundra Woodland,Central Asia,Secondary,21,Plantation,11.75,11.75,0.188,0.188,tC/ha,N/A,N/A,N/A,N/A,
10906,Boreal,Tundra Woodland,Eastern Asia,Secondary,21,Natural,29.939,29.939,0.188,0.188,tC/ha,N/A,N/A,0.094,0.235,
10907,Boreal,Tundra Woodland,Eastern Asia,Secondary,21,Plantation,11.75,11.75,0.188,0.188,tC/ha,N/A,N/A,N/A,N/A,
10908,Boreal,Tundra Woodland,South-Eastern Asia,Secondary,21,Natural,29.939,29.939,0.188,0.188,tC/ha,N/A,N/A,0.094,0.235,
10909,Boreal,Tundra Woodland,South-Eastern Asia,Secondary,21,Plantation,11.75,11.75,0.188,0.188,tC/ha,N/A,N/A,N/A,N/A,
10910,Boreal,Tundra Woodland,Southern Asia,Secondary,21,Natural,29.939,29.939,0.188,0.188,tC/ha,N/A,N/A,0.094,0.235,
10911,Boreal,Tundra Woodland,Southern Asia,Secondary,21,Plantation,11.75,11.75,0.188,0.188,tC/ha,N/A,N/A,N/A,N/A,
10912,Boreal,Tundra Woodland,Western Asia,Secondary,21,Natural,29.939,29.939,0.188,0.188,tC/ha,N/A,N/A,0.094,0.235,
10913,Boreal,Tundra Woodland,Western Asia,Secondary,21,Plantation,11.75,11.75,0.188,0.188,tC/ha,N/A,N/A,N/A,N/A,
10914,Boreal,Tundra Woodland,Central Asia,Secondary,0,Natural,48.974,48.974,0.188,0.188,tC/ha,N/A,N/A,0.094,0.235,
10915,Boreal,Tundra Woodland,Central Asia,Secondary,0,Plantation,2.35,2.35,0.188,0.188,tC/ha,N/A,N/A,N/A,N/A,
10916,Boreal,Tundra Woodland,Eastern Asia,Secondary,0,Natural,48.974,48.974,0.188,0.188,tC/ha,N/A,N/A,0.094,0.235,
10917,Boreal,Tundra Woodland,Eastern Asia,Secondary,0,Plantation,2.35,2.35,0.188,0.188,tC/ha,N/A,N/A,N/A,N/A,
10918,Boreal,Tundra Woodland,South-Eastern Asia,Secondary,0,Natural,48.974,48.974,0.188,0.188,tC/ha,N/A,N/A,0.094,0.235,
10919,Boreal,Tundra Woodland,South-Eastern Asia,Secondary,0,Plantation,2.35,2.35,0.188,0.188,tC/ha,N/A,N/A,N/A,N/A,
10920,Boreal,Tundra Woodland,Southern Asia,Secondary,0,Natural,48.974,48.974,0.188,0.188,tC/ha,N/A,N/A,0.094,0.235,
10921,Boreal,Tundra Woodland,Southern Asia,Secondary,0,Plantation,2.35,2.35,0.188,0.188,tC/ha,N/A,N/A,N/A,N/A,
10922,Boreal,Tundra Woodland,Western Asia,Secondary,0,Natural,48.974,48.974,0.188,0.188,tC/ha,N/A,N/A,0.094,0.235,
10923,Boreal,Tundra Woodland,Western Asia,Secondary,0,Plantation,2.35,2.35,0.188,0.188,tC/ha,N/A,N/A,N/A,N/A,
10924,Boreal,Mountain System,Central Asia,Primary,0,Natural,0.893,0.893,0.517,0.705,tC/ha,N/A,N/A,N/A,N/A,
10925,Boreal,Mountain System,Eastern Asia,Primary,0,Natural,0.893,0.893,0.517,0.705,tC/ha,N/A,N/A,N/A,N/A,
10926,Boreal,Mountain System,South-Eastern Asia,Primary,0,Natural,0.893,0.893,0.517,0.705,tC/ha,N/A,N/A,N/A,N/A,
10927,Boreal,Mountain System,Southern Asia,Primary,0,Natural,0.893,0.893,0.517,0.705,tC/ha,N/A,N/A,N/A,N/A,
10928,Boreal,Mountain System,Western Asia,Primary,0,Natural,0.893,0.893,0.517,0.705,tC/ha,N/A,N/A,N/A,N/A,
10929,Boreal,Mountain System,Central Asia,Secondary,21,Natural,0.893,0.893,0.517,0.705,tC/ha,N/A,N/A,N/A,N/A,
10930,Boreal,Mountain System,Central Asia,Secondary,21,Plantation,18.8,23.5,0.47,0.47,tC/ha,N/A,N/A,N/A,N/A,
10931,Boreal,Mountain System,Eastern Asia,Secondary,21,Natural,0.893,0.893,0.517,0.705,tC/ha,N/A,N/A,N/A,N/A,
10932,Boreal,Mountain System,Eastern Asia,Secondary,21,Plantation,18.8,23.5,0.47,0.47,tC/ha,N/A,N/A,N/A,N/A,
10933,Boreal,Mountain System,South-Eastern Asia,Secondary,21,Natural,0.893,0.893,0.517,0.705,tC/ha,N/A,N/A,N/A,N/A,
10934,Boreal,Mountain System,South-Eastern Asia,Secondary,21,Plantation,18.8,23.5,0.47,0.47,tC/ha,N/A,N/A,N/A,N/A,
10935,Boreal,Mountain System,Southern Asia,Secondary,21,Natural,0.893,0.893,0.517,0.705,tC/ha,N/A,N/A,N/A,N/A,
10936,Boreal,Mountain System,Southern Asia,Secondary,21,Plantation,18.8,23.5,0.47,0.47,tC/ha,N/A,N/A,N/A,N/A,
10937,Boreal,Mountain System,Western Asia,Secondary,21,Natural,0.893,0.893,0.517,0.705,tC/ha,N/A,N/A,N/A,N/A,
10938,Boreal,Mountain System,Western Asia,Secondary,21,Plantation,18.8,23.5,0.47,0.47,tC/ha,N/A,N/A,N/A,N/A,
10939,Boreal,Mountain System,Central Asia,Secondary,0,Natural,0.893,0.893,0.47,0.517,tC/ha,N/A,N/A,N/A,N/A,
10940,Boreal,Mountain System,Central Asia,Secondary,0,Plantation,2.35,23.5,0.47,0.47,tC/ha,N/A,N/A,N/A,N/A,
10941,Boreal,Mountain System,Eastern Asia,Secondary,0,Natural,0.893,0.893,0.47,0.517,tC/ha,N/A,N/A,N/A,N/A,
10942,Boreal,Mountain System,Eastern Asia,Secondary,0,Plantation,2.35,23.5,0.47,0.47,tC/ha,N/A,N/A,N/A,N/A,
10943,Boreal,Mountain System,South-Eastern Asia,Secondary,0,Natural,0.893,0.893,0.47,0.517,tC/ha,N/A,N/A,N/A,N/A,
10944,Boreal,Mountain System,South-Eastern Asia,Secondary,0,Plantation,2.35,23.5,0.47,0.47,tC/ha,N/A,N/A,N/A,N/A,
10945,Boreal,Mountain System,Southern Asia,Secondary,0,Natural,0.893,0.893,0.47,0.517,tC/ha,N/A,N/A,N/A,N/A,
10946,Boreal,Mountain System,Southern Asia,Secondary,0,Plantation,2.35,23.5,0.47,0.47,tC/ha,N/A,N/A,N/A,N/A,
10947,Boreal,Mountain System,Western Asia,Secondary,0,Natural,0.893,0.893,0.47,0.517,tC/ha,N/A,N/A,N/A,N/A,
10948,Boreal,Mountain System,Western Asia,Secondary,0,Plantation,2.35,23.5,0.47,0.47,tC/ha,N/A,N/A,N/A,N/A,
10949,Tropical,Rainforest,Eastern Africa,Primary,21,Natural,189.974,189.974,0.611,0.611,tC/ha,N/A,N/A,N/A,N/A,
10950,Tropical,Rainforest,Central Africa,Primary,21,Natural,189.974,189.974,0.611,0.611,tC/ha,N/A,N/A,N/A,N/A,
10951,Tropical,Rainforest,Northern Africa,Primary,21,Natural,189.974,189.974,0.611,0.611,tC/ha,N/A,N/A,N/A,N/A,
10952,Tropical,Rainforest,Southern Africa,Primary,21,Natural,189.974,189.974,0.611,0.611,tC/ha,N/A,N/A,N/A,N/A,
10953,Tropical,Rainforest,Western Africa,Primary,21,Natural,189.974,189.974,0.611,0.611,tC/ha,N/A,N/A,N/A,N/A,
10954,Tropical,Rainforest,South America,Primary,21,Natural,144.337,144.337,0.47,0.47,tC/ha,N/A,N/A,N/A,N/A,
10955,Tropical,Rainforest,Central America,Primary,21,Natural,144.337,144.337,0.47,0.47,tC/ha,N/A,N/A,N/A,N/A,
10956,Tropical,Rainforest,Caribbean,Primary,21,Natural,144.337,144.337,0.47,0.47,tC/ha,N/A,N/A,N/A,N/A,
10957,Tropical,Rainforest,North America,Primary,21,Natural,144.337,144.337,0.47,0.47,tC/ha,N/A,N/A,N/A,N/A,
10958,Tropical,Rainforest,Central Asia,Primary,21,Natural,194.157,194.157,0.329,0.329,tC/ha,N/A,N/A,N/A,N/A,
10959,Tropical,Rainforest,Eastern Asia,Primary,21,Natural,194.157,194.157,0.329,0.329,tC/ha,N/A,N/A,N/A,N/A,
10960,Tropical,Rainforest,South-Eastern Asia,Primary,21,Natural,194.157,194.157,0.329,0.329,tC/ha,N/A,N/A,N/A,N/A,
10961,Tropical,Rainforest,Southern Asia,Primary,21,Natural,194.157,194.157,0.329,0.329,tC/ha,N/A,N/A,N/A,N/A,
10962,Tropical,Rainforest,Western Asia,Primary,21,Natural,194.157,194.157,0.329,0.329,tC/ha,N/A,N/A,N/A,N/A,
10963,Tropical,Rainforest,Europe,Primary,21,Natural,141,141,3.29,3.29,tC/ha,N/A,N/A,N/A,N/A,
10964,Tropical,Rainforest,Oceania,Primary,21,Natural,141,141,3.29,3.29,tC/ha,N/A,N/A,N/A,N/A,
10965,Tropical,Moist Deciduous Forest,Eastern Africa,Primary,21,Natural,111.202,111.202,0.188,0.188,tC/ha,N/A,N/A,N/A,N/A,
10966,Tropical,Moist Deciduous Forest,Central Africa,Primary,21,Natural,111.202,111.202,0.188,0.188,tC/ha,N/A,N/A,N/A,N/A,
10967,Tropical,Moist Deciduous Forest,Northern Africa,Primary,21,Natural,111.202,111.202,0.188,0.188,tC/ha,N/A,N/A,N/A,N/A,
10968,Tropical,Moist Deciduous Forest,Southern Africa,Primary,21,Natural,111.202,111.202,0.188,0.188,tC/ha,N/A,N/A,N/A,N/A,
10969,Tropical,Moist Deciduous Forest,Western Africa,Primary,21,Natural,111.202,111.202,0.188,0.188,tC/ha,N/A,N/A,N/A,N/A,
10970,Tropical,Moist Deciduous Forest,South America,Primary,21,Natural,88.031,88.031,0.188,0.188,tC/ha,N/A,N/A,N/A,N/A,
10971,Tropical,Moist Deciduous Forest,Central America,Primary,21,Natural,88.031,88.031,0.188,0.188,tC/ha,N/A,N/A,N/A,N/A,
10972,Tropical,Moist Deciduous Forest,Caribbean,Primary,21,Natural,88.031,88.031,0.188,0.188,tC/ha,N/A,N/A,N/A,N/A,
10973,Tropical,Moist Deciduous Forest,North America,Primary,21,Natural,88.031,88.031,0.188,0.188,tC/ha,N/A,N/A,N/A,N/A,
10974,Tropical,Moist Deciduous Forest,Central Asia,Primary,21,Natural,31.819,31.819,0.188,0.188,tC/ha,N/A,N/A,N/A,N/A,
10975,Tropical,Moist Deciduous Forest,Eastern Asia,Primary,21,Natural,31.819,31.819,0.188,0.188,tC/ha,N/A,N/A,N/A,N/A,
10976,Tropical,Moist Deciduous Forest,South-Eastern Asia,Primary,21,Natural,31.819,31.819,0.188,0.188,tC/ha,N/A,N/A,N/A,N/A,
10977,Tropical,Moist Deciduous Forest,Southern Asia,Primary,21,Natural,31.819,31.819,0.188,0.188,tC/ha,N/A,N/A,N/A,N/A,
10978,Tropical,Moist Deciduous Forest,Western Asia,Primary,21,Natural,31.819,31.819,0.188,0.188,tC/ha,N/A,N/A,N/A,N/A,
10979,Tropical,Moist Deciduous Forest,Europe,Primary,21,Natural,84.6,84.6,2.35,2.35,tC/ha,N/A,N/A,N/A,N/A,
10980,Tropical,Moist Deciduous Forest,Oceania,Primary,21,Natural,84.6,84.6,2.35,2.35,tC/ha,N/A,N/A,N/A,N/A,
10981,Tropical,Dry Forest,Eastern Africa,Primary,21,Natural,32.712,32.712,0.752,0.752,tC/ha,N/A,N/A,N/A,N/A,
10982,Tropical,Dry Forest,Central Africa,Primary,21,Natural,32.712,32.712,0.752,0.752,tC/ha,N/A,N/A,N/A,N/A,
10983,Tropical,Dry Forest,Northern Africa,Primary,21,Natural,32.712,32.712,0.752,0.752,tC/ha,N/A,N/A,N/A,N/A,
10984,Tropical,Dry Forest,Southern Africa,Primary,21,Natural,32.712,32.712,0.752,0.752,tC/ha,N/A,N/A,N/A,N/A,
10985,Tropical,Dry Forest,Western Africa,Primary,21,Natural,32.712,32.712,0.752,0.752,tC/ha,N/A,N/A,N/A,N/A,
10986,Tropical,Dry Forest,South America,Primary,21,Natural,59.925,59.925,0.752,0.752,tC/ha,N/A,N/A,N/A,N/A,
10987,Tropical,Dry Forest,Central America,Primary,21,Natural,59.925,59.925,0.752,0.752,tC/ha,N/A,N/A,N/A,N/A,
10988,Tropical,Dry Forest,Caribbean,Primary,21,Natural,59.925,59.925,0.752,0.752,tC/ha,N/A,N/A,N/A,N/A,
10989,Tropical,Dry Forest,North America,Primary,21,Natural,59.925,59.925,0.752,0.752,tC/ha,N/A,N/A,N/A,N/A,
10990,Tropical,Dry Forest,Central Asia,Primary,21,Natural,86.762,86.762,0.752,0.752,tC/ha,N/A,N/A,N/A,N/A,
10991,Tropical,Dry Forest,Eastern Asia,Primary,21,Natural,86.762,86.762,0.752,0.752,tC/ha,N/A,N/A,N/A,N/A,
10992,Tropical,Dry Forest,South-Eastern Asia,Primary,21,Natural,86.762,86.762,0.752,0.752,tC/ha,N/A,N/A,N/A,N/A,
10993,Tropical,Dry Forest,Southern Asia,Primary,21,Natural,86.762,86.762,0.752,0.752,tC/ha,N/A,N/A,N/A,N/A,
10994,Tropical,Dry Forest,Western Asia,Primary,21,Natural,86.762,86.762,0.752,0.752,tC/ha,N/A,N/A,N/A,N/A,
10995,Tropical,Dry Forest,Europe,Primary,21,Natural,61.1,61.1,1.128,1.128,tC/ha,N/A,N/A,N/A,N/A,
10996,Tropical,Dry Forest,Oceania,Primary,21,Natural,61.1,61.1,1.128,1.128,tC/ha,N/A,N/A,N/A,N/A,
10997,Tropical,Shrubland,Eastern Africa,Primary,21,Natural,22.748,22.748,0.423,0.423,tC/ha,N/A,N/A,N/A,N/A,
10998,Tropical,Shrubland,Central Africa,Primary,21,Natural,22.748,22.748,0.423,0.423,tC/ha,N/A,N/A,N/A,N/A,
10999,Tropical,Shrubland,Northern Africa,Primary,21,Natural,22.748,22.748,0.423,0.423,tC/ha,N/A,N/A,N/A,N/A,
11000,Tropical,Shrubland,Southern Africa,Primary,21,Natural,22.748,22.748,0.423,0.423,tC/ha,N/A,N/A,N/A,N/A,
11001,Tropical,Shrubland,Western Africa,Primary,21,Natural,22.748,22.748,0.423,0.423,tC/ha,N/A,N/A,N/A,N/A,
11002,Tropical,Shrubland,South America,Primary,21,Natural,33.605,33.605,0.47,0.47,tC/ha,N/A,N/A,N/A,N/A,
11003,Tropical,Shrubland,Central America,Primary,21,Natural,33.605,33.605,0.47,0.47,tC/ha,N/A,N/A,N/A,N/A,
11004,Tropical,Shrubland,Caribbean,Primary,21,Natural,33.605,33.605,0.47,0.47,tC/ha,N/A,N/A,N/A,N/A,
11005,Tropical,Shrubland,North America,Primary,21,Natural,33.605,33.605,0.47,0.47,tC/ha,N/A,N/A,N/A,N/A,
11006,Tropical,Shrubland,Central Asia,Primary,21,Natural,18.001,18.001,0.47,0.611,tC/ha,N/A,N/A,N/A,N/A,
11007,Tropical,Shrubland,Eastern Asia,Primary,21,Natural,18.001,18.001,0.47,0.611,tC/ha,N/A,N/A,N/A,N/A,
11008,Tropical,Shrubland,South-Eastern Asia,Primary,21,Natural,18.001,18.001,0.47,0.611,tC/ha,N/A,N/A,N/A,N/A,
11009,Tropical,Shrubland,Southern Asia,Primary,21,Natural,18.001,18.001,0.47,0.611,tC/ha,N/A,N/A,N/A,N/A,
11010,Tropical,Shrubland,Western Asia,Primary,21,Natural,18.001,18.001,0.47,0.611,tC/ha,N/A,N/A,N/A,N/A,
11011,Tropical,Shrubland,Europe,Primary,21,Natural,32.9,32.9,0.47,0.47,tC/ha,N/A,N/A,N/A,N/A,
11012,Tropical,Shrubland,Oceania,Primary,21,Natural,32.9,32.9,0.47,0.47,tC/ha,N/A,N/A,N/A,N/A,
11013,Warm Temperate,Humid Forest,Eastern Africa,Primary,21,Natural,25.427,25.427,0.47,0.47,tC/ha,N/A,N/A,N/A,N/A,
11014,Warm Temperate,Humid Forest,Central Africa,Primary,21,Natural,25.427,25.427,0.47,0.47,tC/ha,N/A,N/A,N/A,N/A,
11015,Warm Temperate,Humid Forest,Northern Africa,Primary,21,Natural,25.427,25.427,0.47,0.47,tC/ha,N/A,N/A,N/A,N/A,
11016,Warm Temperate,Humid Forest,Southern Africa,Primary,21,Natural,25.427,25.427,0.47,0.47,tC/ha,N/A,N/A,N/A,N/A,
11017,Warm Temperate,Humid Forest,Western Africa,Primary,21,Natural,25.427,25.427,0.47,0.47,tC/ha,N/A,N/A,N/A,N/A,
11018,Warm Temperate,Humid Forest,South America,Primary,21,Natural,39.715,39.715,0.47,0.47,tC/ha,N/A,N/A,N/A,N/A,
11019,Warm Temperate,Humid Forest,Central America,Primary,21,Natural,39.715,39.715,0.47,0.47,tC/ha,N/A,N/A,N/A,N/A,
11020,Warm Temperate,Humid Forest,Caribbean,Primary,21,Natural,39.715,39.715,0.47,0.47,tC/ha,N/A,N/A,N/A,N/A,
11021,Warm Temperate,Humid Forest,North America,Primary,21,Natural,39.715,39.715,0.47,0.47,tC/ha,N/A,N/A,N/A,N/A,
11022,Warm Temperate,Humid Forest,Central Asia,Primary,21,Natural,151.81,151.81,0.47,0.47,tC/ha,N/A,N/A,N/A,N/A,
11023,Warm Temperate,Humid Forest,Eastern Asia,Primary,21,Natural,151.81,151.81,0.47,0.47,tC/ha,N/A,N/A,N/A,N/A,
11024,Warm Temperate,Humid Forest,South-Eastern Asia,Primary,21,Natural,151.81,151.81,0.47,0.47,tC/ha,N/A,N/A,N/A,N/A,
11025,Warm Temperate,Humid Forest,Southern Asia,Primary,21,Natural,151.81,151.81,0.47,0.47,tC/ha,N/A,N/A,N/A,N/A,
11026,Warm Temperate,Humid Forest,Western Asia,Primary,21,Natural,151.81,151.81,0.47,0.47,tC/ha,N/A,N/A,N/A,N/A,
11027,Warm Temperate,Humid Forest,Europe,Primary,21,Natural,103.4,103.4,2.35,2.35,tC/ha,N/A,N/A,N/A,N/A,
11028,Warm Temperate,Dry Forest,Eastern Africa,Primary,21,Natural,30.644,30.644,0.846,0.846,tC/ha,N/A,N/A,N/A,N/A,
11029,Warm Temperate,Dry Forest,Central Africa,Primary,21,Natural,30.644,30.644,0.846,0.846,tC/ha,N/A,N/A,N/A,N/A,
11030,Warm Temperate,Dry Forest,Northern Africa,Primary,21,Natural,30.644,30.644,0.846,0.846,tC/ha,N/A,N/A,N/A,N/A,
11031,Warm Temperate,Dry Forest,Southern Africa,Primary,21,Natural,30.644,30.644,0.846,0.846,tC/ha,N/A,N/A,N/A,N/A,
11032,Warm Temperate,Dry Forest,Western Africa,Primary,21,Natural,30.644,30.644,0.846,0.846,tC/ha,N/A,N/A,N/A,N/A,
11033,Warm Temperate,Dry Forest,South America,Primary,21,Natural,54.473,54.473,0.47,0.47,tC/ha,N/A,N/A,N/A,N/A,
11034,Warm Temperate,Dry Forest,Central America,Primary,21,Natural,54.473,54.473,0.47,0.47,tC/ha,N/A,N/A,N/A,N/A,
11035,Warm Temperate,Dry Forest,Caribbean,Primary,21,Natural,54.473,54.473,0.47,0.47,tC/ha,N/A,N/A,N/A,N/A,
11036,Warm Temperate,Dry Forest,North America,Primary,21,Natural,54.473,54.473,0.47,0.47,tC/ha,N/A,N/A,N/A,N/A,
11037,Warm Temperate,Dry Forest,Central Asia,Primary,21,Natural,33.323,33.323,0.705,0.94,tC/ha,N/A,N/A,N/A,N/A,
11038,Warm Temperate,Dry Forest,Eastern Asia,Primary,21,Natural,33.323,33.323,0.705,0.94,tC/ha,N/A,N/A,N/A,N/A,
11039,Warm Temperate,Dry Forest,South-Eastern Asia,Primary,21,Natural,33.323,33.323,0.705,0.94,tC/ha,N/A,N/A,N/A,N/A,
11040,Warm Temperate,Dry Forest,Southern Asia,Primary,21,Natural,33.323,33.323,0.705,0.94,tC/ha,N/A,N/A,N/A,N/A,
11041,Warm Temperate,Dry Forest,Western Asia,Primary,21,Natural,33.323,33.323,0.705,0.94,tC/ha,N/A,N/A,N/A,N/A,
11042,Warm Temperate,Dry Forest,Europe,Primary,21,Natural,61.1,61.1,1.128,1.128,tC/ha,N/A,N/A,N/A,N/A,
11043,Warm Temperate,Steppe,Eastern Africa,Primary,21,Natural,23.735,23.735,0.423,0.423,tC/ha,N/A,N/A,N/A,N/A,
11044,Warm Temperate,Steppe,Central Africa,Primary,21,Natural,23.735,23.735,0.423,0.423,tC/ha,N/A,N/A,N/A,N/A,
11045,Warm Temperate,Steppe,Northern Africa,Primary,21,Natural,23.735,23.735,0.423,0.423,tC/ha,N/A,N/A,N/A,N/A,
11046,Warm Temperate,Steppe,Southern Africa,Primary,21,Natural,23.735,23.735,0.423,0.423,tC/ha,N/A,N/A,N/A,N/A,
11047,Warm Temperate,Steppe,Western Africa,Primary,21,Natural,23.735,23.735,0.423,0.423,tC/ha,N/A,N/A,N/A,N/A,
11048,Warm Temperate,Steppe,South America,Primary,21,Natural,20.68,20.68,0.47,0.47,tC/ha,N/A,N/A,N/A,N/A,
11049,Warm Temperate,Steppe,Central America,Primary,21,Natural,20.68,20.68,0.47,0.47,tC/ha,N/A,N/A,N/A,N/A,
11050,Warm Temperate,Steppe,Caribbean,Primary,21,Natural,20.68,20.68,0.47,0.47,tC/ha,N/A,N/A,N/A,N/A,
11051,Warm Temperate,Steppe,North America,Primary,21,Natural,20.68,20.68,0.47,0.47,tC/ha,N/A,N/A,N/A,N/A,
11052,Warm Temperate,Steppe,Central Asia,Primary,21,Natural,19.552,19.552,0.47,0.611,tC/ha,N/A,N/A,N/A,N/A,
11053,Warm Temperate,Steppe,Eastern Asia,Primary,21,Natural,19.552,19.552,0.47,0.611,tC/ha,N/A,N/A,N/A,N/A,
11054,Warm Temperate,Steppe,South-Eastern Asia,Primary,21,Natural,19.552,19.552,0.47,0.611,tC/ha,N/A,N/A,N/A,N/A,
11055,Warm Temperate,Steppe,Southern Asia,Primary,21,Natural,19.552,19.552,0.47,0.611,tC/ha,N/A,N/A,N/A,N/A,
11056,Warm Temperate,Steppe,Western Asia,Primary,21,Natural,19.552,19.552,0.47,0.611,tC/ha,N/A,N/A,N/A,N/A,
11057,Warm Temperate,Steppe,Europe,Primary,21,Natural,32.9,32.9,0.47,0.47,tC/ha,N/A,N/A,N/A,N/A,
11058,Warm Temperate,Steppe,Oceania,Primary,21,Natural,32.9,32.9,0.47,0.47,tC/ha,N/A,N/A,N/A,N/A,
11059,Warm Temperate,Mountain System,Eastern Africa,Primary,21,Natural,16.497,16.497,0.235,0.235,tC/ha,N/A,N/A,N/A,N/A,
11060,Warm Temperate,Mountain System,Central Africa,Primary,21,Natural,16.497,16.497,0.235,0.235,tC/ha,N/A,N/A,N/A,N/A,
11061,Warm Temperate,Mountain System,Northern Africa,Primary,21,Natural,16.497,16.497,0.235,0.235,tC/ha,N/A,N/A,N/A,N/A,
11062,Warm Temperate,Mountain System,Southern Africa,Primary,21,Natural,16.497,16.497,0.235,0.235,tC/ha,N/A,N/A,N/A,N/A,
11063,Warm Temperate,Mountain System,Western Africa,Primary,21,Natural,16.497,16.497,0.235,0.235,tC/ha,N/A,N/A,N/A,N/A,
11064,Warm Temperate,Mountain System,South America,Primary,21,Natural,35.062,35.062,0.235,0.235,tC/ha,N/A,N/A,N/A,N/A,
11065,Warm Temperate,Mountain System,Central America,Primary,21,Natural,35.062,35.062,0.235,0.235,tC/ha,N/A,N/A,N/A,N/A,
11066,Warm Temperate,Mountain System,Caribbean,Primary,21,Natural,35.062,35.062,0.235,0.235,tC/ha,N/A,N/A,N/A,N/A,
11067,Warm Temperate,Mountain System,North America,Primary,21,Natural,35.062,35.062,0.235,0.235,tC/ha,N/A,N/A,N/A,N/A,
11068,Warm Temperate,Mountain System,Central Asia,Primary,21,Natural,117.594,117.594,0.235,0.235,tC/ha,N/A,N/A,N/A,N/A,
11069,Warm Temperate,Mountain System,Eastern Asia,Primary,21,Natural,117.594,117.594,0.235,0.235,tC/ha,N/A,N/A,N/A,N/A,
11070,Warm Temperate,Mountain System,South-Eastern Asia,Primary,21,Natural,117.594,117.594,0.235,0.235,tC/ha,N/A,N/A,N/A,N/A,
11071,Warm Temperate,Mountain System,Southern Asia,Primary,21,Natural,117.594,117.594,0.235,0.235,tC/ha,N/A,N/A,N/A,N/A,
11072,Warm Temperate,Mountain System,Western Asia,Primary,21,Natural,117.594,117.594,0.235,0.235,tC/ha,N/A,N/A,N/A,N/A,
11073,Warm Temperate,Mountain System,Europe,Primary,21,Natural,65.8,65.8,0.47,0.47,tC/ha,N/A,N/A,N/A,N/A,
11074,Warm Temperate,Mountain System,Oceania,Primary,21,Natural,65.8,65.8,0.47,0.47,tC/ha,N/A,N/A,N/A,N/A,
11075,Cool Temperate,Mountain System,Central Asia,Primary,21,Natural,80.088,80.088,1.41,1.41,tC/ha,N/A,N/A,N/A,N/A,
11076,Cool Temperate,Mountain System,Eastern Asia,Primary,21,Natural,80.088,80.088,1.41,1.41,tC/ha,N/A,N/A,N/A,N/A,
11077,Cool Temperate,Mountain System,South-Eastern Asia,Primary,21,Natural,80.088,80.088,1.41,1.41,tC/ha,N/A,N/A,N/A,N/A,
11078,Cool Temperate,Mountain System,Southern Asia,Primary,21,Natural,80.088,80.088,1.41,1.41,tC/ha,N/A,N/A,N/A,N/A,
11079,Cool Temperate,Mountain System,Western Asia,Primary,21,Natural,80.088,80.088,1.41,1.41,tC/ha,N/A,N/A,N/A,N/A,
11080,Cool Temperate,Mountain System,Europe,Primary,21,Natural,141.517,141.517,1.41,1.41,tC/ha,N/A,N/A,N/A,N/A,
11081,Cool Temperate,Mountain System,South America,Primary,21,Natural,87.373,87.373,2.068,2.068,tC/ha,N/A,N/A,N/A,N/A,
11082,Cool Temperate,Mountain System,Central America,Primary,21,Natural,87.373,87.373,2.068,2.068,tC/ha,N/A,N/A,N/A,N/A,
11083,Cool Temperate,Mountain System,Caribbean,Primary,21,Natural,87.373,87.373,2.068,2.068,tC/ha,N/A,N/A,N/A,N/A,
11084,Cool Temperate,Mountain System,North America,Primary,21,Natural,87.373,87.373,2.068,2.068,tC/ha,N/A,N/A,N/A,N/A,
11085,Cool Temperate,Mountain System,Eastern Africa,Primary,21,Natural,47,47,1.41,1.41,tC/ha,N/A,N/A,N/A,N/A,
11086,Cool Temperate,Mountain System,Central Africa,Primary,21,Natural,47,47,1.41,1.41,tC/ha,N/A,N/A,N/A,N/A,
11087,Cool Temperate,Mountain System,Northern Africa,Primary,21,Natural,47,47,1.41,1.41,tC/ha,N/A,N/A,N/A,N/A,
11088,Cool Temperate,Mountain System,Southern Africa,Primary,21,Natural,47,47,1.41,1.41,tC/ha,N/A,N/A,N/A,N/A,
11089,Cool Temperate,Mountain System,Western Africa,Primary,21,Natural,47,47,1.41,1.41,tC/ha,N/A,N/A,N/A,N/A,
11090,Cool Temperate,Mountain System,Oceania,Primary,21,Natural,47,47,1.41,1.41,tC/ha,N/A,N/A,N/A,N/A,
11091,Cool Temperate,Continental Forest,Central Asia,Primary,21,Natural,54.52,54.52,1.88,1.88,tC/ha,N/A,N/A,N/A,N/A,
11092,Cool Temperate,Continental Forest,Eastern Asia,Primary,21,Natural,54.52,54.52,1.88,1.88,tC/ha,N/A,N/A,N/A,N/A,
11093,Cool Temperate,Continental Forest,South-Eastern Asia,Primary,21,Natural,54.52,54.52,1.88,1.88,tC/ha,N/A,N/A,N/A,N/A,
11094,Cool Temperate,Continental Forest,Southern Asia,Primary,21,Natural,54.52,54.52,1.88,1.88,tC/ha,N/A,N/A,N/A,N/A,
11095,Cool Temperate,Continental Forest,Western Asia,Primary,21,Natural,54.52,54.52,1.88,1.88,tC/ha,N/A,N/A,N/A,N/A,
11096,Cool Temperate,Continental Forest,Europe,Primary,21,Natural,156.228,156.228,1.88,1.88,tC/ha,N/A,N/A,N/A,N/A,
11097,Cool Temperate,Continental Forest,South America,Primary,21,Natural,60.583,60.583,1.692,1.692,tC/ha,N/A,N/A,N/A,N/A,
11098,Cool Temperate,Continental Forest,Central America,Primary,21,Natural,60.583,60.583,1.692,1.692,tC/ha,N/A,N/A,N/A,N/A,
11099,Cool Temperate,Continental Forest,Caribbean,Primary,21,Natural,60.583,60.583,1.692,1.692,tC/ha,N/A,N/A,N/A,N/A,
11100,Cool Temperate,Continental Forest,North America,Primary,21,Natural,60.583,60.583,1.692,1.692,tC/ha,N/A,N/A,N/A,N/A,
11101,Cool Temperate,Continental Forest,Eastern Africa,Primary,21,Natural,56.4,56.4,1.88,1.88,tC/ha,N/A,N/A,N/A,N/A,
11102,Cool Temperate,Continental Forest,Central Africa,Primary,21,Natural,56.4,56.4,1.88,1.88,tC/ha,N/A,N/A,N/A,N/A,
11103,Cool Temperate,Continental Forest,Northern Africa,Primary,21,Natural,56.4,56.4,1.88,1.88,tC/ha,N/A,N/A,N/A,N/A,
11104,Cool Temperate,Continental Forest,Southern Africa,Primary,21,Natural,56.4,56.4,1.88,1.88,tC/ha,N/A,N/A,N/A,N/A,
11105,Cool Temperate,Continental Forest,Western Africa,Primary,21,Natural,56.4,56.4,1.88,1.88,tC/ha,N/A,N/A,N/A,N/A,
11106,Cool Temperate,Continental Forest,Oceania,Primary,21,Natural,56.4,56.4,1.88,1.88,tC/ha,N/A,N/A,N/A,N/A,
11107,Cool Temperate,Oceanic Forest,Central Asia,Primary,21,Natural,136.206,136.206,2.068,2.068,tC/ha,N/A,N/A,N/A,N/A,
11108,Cool Temperate,Oceanic Forest,Eastern Asia,Primary,21,Natural,136.206,136.206,2.068,2.068,tC/ha,N/A,N/A,N/A,N/A,
11109,Cool Temperate,Oceanic Forest,South-Eastern Asia,Primary,21,Natural,136.206,136.206,2.068,2.068,tC/ha,N/A,N/A,N/A,N/A,
11110,Cool Temperate,Oceanic Forest,Southern Asia,Primary,21,Natural,136.206,136.206,2.068,2.068,tC/ha,N/A,N/A,N/A,N/A,
11111,Cool Temperate,Oceanic Forest,Western Asia,Primary,21,Natural,136.206,136.206,2.068,2.068,tC/ha,N/A,N/A,N/A,N/A,
11112,Cool Temperate,Oceanic Forest,Europe,Primary,21,Natural,59.267,59.267,1.081,1.081,tC/ha,N/A,N/A,N/A,N/A,
11113,Cool Temperate,Oceanic Forest,Oceania,Primary,21,Natural,165.769,165.769,0.1739,0.1739,tC/ha,N/A,N/A,N/A,N/A,
11114,Cool Temperate,Oceanic Forest,South America,Primary,21,Natural,84.6,84.6,2.068,2.068,tC/ha,N/A,N/A,N/A,N/A,
11115,Cool Temperate,Oceanic Forest,Central America,Primary,21,Natural,84.6,84.6,2.068,2.068,tC/ha,N/A,N/A,N/A,N/A,
11116,Cool Temperate,Oceanic Forest,Caribbean,Primary,21,Natural,84.6,84.6,2.068,2.068,tC/ha,N/A,N/A,N/A,N/A,
11117,Cool Temperate,Oceanic Forest,North America,Primary,21,Natural,84.6,84.6,2.068,2.068,tC/ha,N/A,N/A,N/A,N/A,
11118,Cool Temperate,Oceanic Forest,Eastern Africa,Primary,21,Natural,84.6,84.6,2.068,2.068,tC/ha,N/A,N/A,N/A,N/A,
11119,Cool Temperate,Oceanic Forest,Central Africa,Primary,21,Natural,84.6,84.6,2.068,2.068,tC/ha,N/A,N/A,N/A,N/A,
11120,Cool Temperate,Oceanic Forest,Northern Africa,Primary,21,Natural,84.6,84.6,2.068,2.068,tC/ha,N/A,N/A,N/A,N/A,
11121,Cool Temperate,Oceanic Forest,Southern Africa,Primary,21,Natural,84.6,84.6,2.068,2.068,tC/ha,N/A,N/A,N/A,N/A,
11122,Cool Temperate,Oceanic Forest,Western Africa,Primary,21,Natural,84.6,84.6,2.068,2.068,tC/ha,N/A,N/A,N/A,N/A,
11123,Cool Temperate,Desert,Central Asia,Primary,21,Natural,20.68,20.68,0.282,0.282,tC/ha,N/A,N/A,N/A,N/A,
11124,Cool Temperate,Desert,Eastern Asia,Primary,21,Natural,20.68,20.68,0.282,0.282,tC/ha,N/A,N/A,N/A,N/A,
11125,Cool Temperate,Desert,South-Eastern Asia,Primary,21,Natural,20.68,20.68,0.282,0.282,tC/ha,N/A,N/A,N/A,N/A,
11126,Cool Temperate,Desert,Southern Asia,Primary,21,Natural,20.68,20.68,0.282,0.282,tC/ha,N/A,N/A,N/A,N/A,
11127,Cool Temperate,Desert,Western Asia,Primary,21,Natural,20.68,20.68,0.282,0.282,tC/ha,N/A,N/A,N/A,N/A,
11128,Cool Temperate,Steppe,Central Asia,Primary,21,Natural,55.695,55.695,1.645,1.645,tC/ha,N/A,N/A,N/A,N/A,
11129,Cool Temperate,Steppe,Eastern Asia,Primary,21,Natural,55.695,55.695,1.645,1.645,tC/ha,N/A,N/A,N/A,N/A,
11130,Cool Temperate,Steppe,South-Eastern Asia,Primary,21,Natural,55.695,55.695,1.645,1.645,tC/ha,N/A,N/A,N/A,N/A,
11131,Cool Temperate,Steppe,Southern Asia,Primary,21,Natural,55.695,55.695,1.645,1.645,tC/ha,N/A,N/A,N/A,N/A,
11132,Cool Temperate,Steppe,Western Asia,Primary,21,Natural,55.695,55.695,1.645,1.645,tC/ha,N/A,N/A,N/A,N/A,
11133,Boreal,Coniferous Forest,Central Asia,Primary,21,Natural,29.563,29.563,0.047,0.987,tC/ha,N/A,N/A,N/A,N/A,
11134,Boreal,Coniferous Forest,Eastern Asia,Primary,21,Natural,29.563,29.563,0.047,0.987,tC/ha,N/A,N/A,N/A,N/A,
11135,Boreal,Coniferous Forest,South-Eastern Asia,Primary,21,Natural,29.563,29.563,0.047,0.987,tC/ha,N/A,N/A,N/A,N/A,
11136,Boreal,Coniferous Forest,Southern Asia,Primary,21,Natural,29.563,29.563,0.047,0.987,tC/ha,N/A,N/A,N/A,N/A,
11137,Boreal,Coniferous Forest,Western Asia,Primary,21,Natural,29.563,29.563,0.047,0.987,tC/ha,N/A,N/A,N/A,N/A,
11138,Boreal,Tundra Woodland,Central Asia,Primary,21,Natural,29.939,29.939,0.188,0.188,tC/ha,N/A,N/A,N/A,N/A,
11139,Boreal,Tundra Woodland,Eastern Asia,Primary,21,Natural,29.939,29.939,0.188,0.188,tC/ha,N/A,N/A,N/A,N/A,
11140,Boreal,Tundra Woodland,South-Eastern Asia,Primary,21,Natural,29.939,29.939,0.188,0.188,tC/ha,N/A,N/A,N/A,N/A,
11141,Boreal,Tundra Woodland,Southern Asia,Primary,21,Natural,29.939,29.939,0.188,0.188,tC/ha,N/A,N/A,N/A,N/A,
11142,Boreal,Tundra Woodland,Western Asia,Primary,21,Natural,29.939,29.939,0.188,0.188,tC/ha,N/A,N/A,N/A,N/A,
11143,Boreal,Mountain System,Central Asia,Primary,21,Natural,0.893,0.893,0.517,0.705,tC/ha,N/A,N/A,N/A,N/A,
11144,Boreal,Mountain System,Eastern Asia,Primary,21,Natural,0.893,0.893,0.517,0.705,tC/ha,N/A,N/A,N/A,N/A,
11145,Boreal,Mountain System,South-Eastern Asia,Primary,21,Natural,0.893,0.893,0.517,0.705,tC/ha,N/A,N/A,N/A,N/A,
11146,Boreal,Mountain System,Southern Asia,Primary,21,Natural,0.893,0.893,0.517,0.705,tC/ha,N/A,N/A,N/A,N/A,
11147,Boreal,Mountain System,Western Asia,Primary,21,Natural,0.893,0.893,0.517,0.705,tC/ha,N/A,N/A,N/A,N/A,
11148,Cool Temperate,Desert,Europe,Primary,0,Natural,20.68,20.68,0.282,0.282,tC/ha,N/A,N/A,N/A,N/A,
11149,Cool Temperate,Desert,Europe,Secondary,21,Natural,20.68,20.68,0.282,0.282,tC/ha,N/A,N/A,N/A,N/A,
11150,Cool Temperate,Desert,Europe,Secondary,0,Natural,12.032,12.032,0.235,0.235,tC/ha,N/A,N/A,N/A,N/A,
11151,Cool Temperate,Steppe,Europe,Primary,0,Natural,55.695,55.695,1.645,1.645,tC/ha,N/A,N/A,N/A,N/A,
11152,Cool Temperate,Steppe,Europe,Secondary,21,Natural,55.695,55.695,1.645,1.645,tC/ha,N/A,N/A,N/A,N/A,
11153,Cool Temperate,Steppe,Europe,Secondary,21,Plantation,1.692,39.903,5.17,5.17,tC/ha,N/A,N/A,N/A,N/A,
11154,Cool Temperate,Steppe,Europe,Secondary,0,Natural,20.163,20.163,1.081,1.081,tC/ha,N/A,N/A,N/A,N/A,
11155,Cool Temperate,Steppe,Europe,Secondary,0,Plantation,2.256,22.936,1.88,1.88,tC/ha,N/A,N/A,N/A,N/A,
11156,Boreal,Coniferous Forest,Europe,Primary,0,Natural,29.563,29.563,0.047,0.987,tC/ha,N/A,N/A,N/A,N/A,
11157,Boreal,Coniferous Forest,Europe,Secondary,21,Natural,29.563,29.563,0.047,1.034,tC/ha,N/A,N/A,N/A,N/A,
11158,Boreal,Coniferous Forest,Europe,Secondary,21,Plantation,18.8,23.5,0.47,0.47,tC/ha,N/A,N/A,N/A,N/A,
11159,Boreal,Coniferous Forest,Europe,Secondary,0,Natural,29.563,29.563,0.047,1.081,tC/ha,N/A,N/A,N/A,N/A,
11160,Boreal,Coniferous Forest,Europe,Secondary,0,Plantation,2.35,23.5,0.47,0.47,tC/ha,N/A,N/A,N/A,N/A,
11161,Boreal,Tundra Woodland,Europe,Primary,0,Natural,29.939,29.939,0.188,0.188,tC/ha,N/A,N/A,0.094,0.235,
11162,Boreal,Tundra Woodland,Europe,Secondary,21,Natural,29.939,29.939,0.188,0.188,tC/ha,N/A,N/A,0.094,0.235,
11163,Boreal,Tundra Woodland,Europe,Secondary,21,Plantation,11.75,11.75,0.188,0.188,tC/ha,N/A,N/A,N/A,N/A,
11164,Boreal,Tundra Woodland,Europe,Secondary,0,Natural,48.974,48.974,0.188,0.188,tC/ha,N/A,N/A,0.094,0.235,
11165,Boreal,Tundra Woodland,Europe,Secondary,0,Plantation,2.35,2.35,0.188,0.188,tC/ha,N/A,N/A,N/A,N/A,
11166,Boreal,Mountain System,Europe,Primary,0,Natural,0.893,0.893,0.517,0.705,tC/ha,N/A,N/A,N/A,N/A,
11167,Boreal,Mountain System,Europe,Secondary,21,Natural,0.893,0.893,0.517,0.705,tC/ha,N/A,N/A,N/A,N/A,
11168,Boreal,Mountain System,Europe,Secondary,21,Plantation,18.8,23.5,0.47,0.47,tC/ha,N/A,N/A,N/A,N/A,
11169,Boreal,Mountain System,Europe,Secondary,0,Natural,0.893,0.893,0.47,0.517,tC/ha,N/A,N/A,N/A,N/A,
11170,Boreal,Mountain System,Europe,Secondary,0,Plantation,2.35,23.5,0.47,0.47,tC/ha,N/A,N/A,N/A,N/A,
11171,Cool Temperate,Desert,North America,Primary,0,Natural,20.68,20.68,0.282,0.282,tC/ha,N/A,N/A,N/A,N/A,
11172,Cool Temperate,Desert,North America,Secondary,21,Natural,20.68,20.68,0.282,0.282,tC/ha,N/A,N/A,N/A,N/A,
11173,Cool Temperate,Desert,North America,Secondary,0,Natural,12.032,12.032,0.235,0.235,tC/ha,N/A,N/A,N/A,N/A,
11174,Cool Temperate,Steppe,North America,Primary,0,Natural,55.695,55.695,1.645,1.645,tC/ha,N/A,N/A,N/A,N/A,
11175,Cool Temperate,Steppe,North America,Secondary,21,Natural,55.695,55.695,1.645,1.645,tC/ha,N/A,N/A,N/A,N/A,
11176,Cool Temperate,Steppe,North America,Secondary,21,Plantation,1.692,39.903,5.17,5.17,tC/ha,N/A,N/A,N/A,N/A,
11177,Cool Temperate,Steppe,North America,Secondary,0,Natural,20.163,20.163,1.081,1.081,tC/ha,N/A,N/A,N/A,N/A,
11178,Cool Temperate,Steppe,North America,Secondary,0,Plantation,2.256,22.936,1.88,1.88,tC/ha,N/A,N/A,N/A,N/A,
11179,Boreal,Coniferous Forest,North America,Primary,0,Natural,29.563,29.563,0.047,0.987,tC/ha,N/A,N/A,N/A,N/A,
11180,Boreal,Coniferous Forest,North America,Secondary,21,Natural,29.563,29.563,0.047,1.034,tC/ha,N/A,N/A,N/A,N/A,
11181,Boreal,Coniferous Forest,North America,Secondary,21,Plantation,18.8,23.5,0.47,0.47,tC/ha,N/A,N/A,N/A,N/A,
11182,Boreal,Coniferous Forest,North America,Secondary,0,Natural,29.563,29.563,0.047,1.081,tC/ha,N/A,N/A,N/A,N/A,
11183,Boreal,Coniferous Forest,North America,Secondary,0,Plantation,2.35,23.5,0.47,0.47,tC/ha,N/A,N/A,N/A,N/A,
11184,Boreal,Tundra Woodland,North America,Primary,0,Natural,29.939,29.939,0.188,0.188,tC/ha,N/A,N/A,0.094,0.235,
11185,Boreal,Tundra Woodland,North America,Secondary,21,Natural,29.939,29.939,0.188,0.188,tC/ha,N/A,N/A,0.094,0.235,
11186,Boreal,Tundra Woodland,North America,Secondary,21,Plantation,11.75,11.75,0.188,0.188,tC/ha,N/A,N/A,N/A,N/A,
11187,Boreal,Tundra Woodland,North America,Secondary,0,Natural,48.974,48.974,0.188,0.188,tC/ha,N/A,N/A,0.094,0.235,
11188,Boreal,Tundra Woodland,North America,Secondary,0,Plantation,2.35,2.35,0.188,0.188,tC/ha,N/A,N/A,N/A,N/A,
11189,Boreal,Mountain System,North America,Primary,0,Natural,0.893,0.893,0.517,0.705,tC/ha,N/A,N/A,N/A,N/A,
11190,Boreal,Mountain System,North America,Secondary,21,Natural,0.893,0.893,0.517,0.705,tC/ha,N/A,N/A,N/A,N/A,
11191,Boreal,Mountain System,North America,Secondary,21,Plantation,18.8,23.5,0.47,0.47,tC/ha,N/A,N/A,N/A,N/A,
11192,Boreal,Mountain System,North America,Secondary,0,Natural,0.893,0.893,0.47,0.517,tC/ha,N/A,N/A,N/A,N/A,
11193,Boreal,Mountain System,North America,Secondary,0,Plantation,2.35,23.5,0.47,0.47,tC/ha,N/A,N/A,N/A,N/A,
11194,Cool Temperate,Desert,Europe,Primary,21,Natural,20.68,20.68,0.282,0.282,tC/ha,N/A,N/A,N/A,N/A,
11195,Cool Temperate,Steppe,Europe,Primary,21,Natural,55.695,55.695,1.645,1.645,tC/ha,N/A,N/A,N/A,N/A,
11196,Boreal,Coniferous Forest,Europe,Primary,21,Natural,29.563,29.563,0.047,0.987,tC/ha,N/A,N/A,N/A,N/A,
11197,Boreal,Tundra Woodland,Europe,Primary,21,Natural,29.939,29.939,0.188,0.188,tC/ha,N/A,N/A,N/A,N/A,
11198,Boreal,Mountain System,Europe,Primary,21,Natural,0.893,0.893,0.517,0.705,tC/ha,N/A,N/A,N/A,N/A,
11199,Cool Temperate,Desert,North America,Primary,21,Natural,20.68,20.68,0.282,0.282,tC/ha,N/A,N/A,N/A,N/A,
11200,Cool Temperate,Steppe,North America,Primary,21,Natural,55.695,55.695,1.645,1.645,tC/ha,N/A,N/A,N/A,N/A,
11201,Boreal,Coniferous Forest,North America,Primary,21,Natural,29.563,29.563,0.047,0.987,tC/ha,N/A,N/A,N/A,N/A,
11202,Boreal,Tundra Woodland,North America,Primary,21,Natural,29.939,29.939,0.188,0.188,tC/ha,N/A,N/A,N/A,N/A,
11203,Boreal,Mountain System,North America,Primary,21,Natural,0.893,0.893,0.517,0.705,tC/ha,N/A,N/A,N/A,N/A,
11204,Tropical Montane,Mountain System,Oceania,Primary,21,Natural,65.8,65.8,0.47,0.47,tC/ha,N/A,N/A,N/A,N/A,
11205,Tropical Montane,Mountain System,Eastern Africa,Primary,21,Natural,89.3,89.3,0.235,0.235,tC/ha,N/A,N/A,N/A,N/A,
11206,Tropical Montane,Mountain System,Central Africa,Primary,21,Natural,89.3,89.3,0.235,0.235,tC/ha,N/A,N/A,N/A,N/A,
11207,Tropical Montane,Mountain System,Northern Africa,Primary,21,Natural,89.3,89.3,0.235,0.235,tC/ha,N/A,N/A,N/A,N/A,
11208,Tropical Montane,Mountain System,Southern Africa,Primary,21,Natural,89.3,89.3,0.235,0.235,tC/ha,N/A,N/A,N/A,N/A,
11209,Tropical Montane,Mountain System,Western Africa,Primary,21,Natural,89.3,89.3,0.235,0.235,tC/ha,N/A,N/A,N/A,N/A,
11210,Tropical Montane,Mountain System,South America,Primary,21,Natural,91.65,91.65,0.235,0.235,tC/ha,N/A,N/A,N/A,N/A,
11211,Tropical Montane,Mountain System,Central America,Primary,21,Natural,91.65,91.65,0.235,0.235,tC/ha,N/A,N/A,N/A,N/A,
11212,Tropical Montane,Mountain System,Caribbean,Primary,21,Natural,91.65,91.65,0.235,0.235,tC/ha,N/A,N/A,N/A,N/A,
11213,Tropical Montane,Mountain System,North America,Primary,21,Natural,91.65,91.65,0.235,0.235,tC/ha,N/A,N/A,N/A,N/A,
11214,Tropical Montane,Mountain System,Central Asia,Primary,21,Natural,203.745,203.745,-0.329,-0.329,tC/ha,N/A,N/A,N/A,N/A,
11215,Tropical Montane,Mountain System,Eastern Asia,Primary,21,Natural,203.745,203.745,-0.329,-0.329,tC/ha,N/A,N/A,N/A,N/A,
11216,Tropical Montane,Mountain System,South-Eastern Asia,Primary,21,Natural,203.745,203.745,-0.329,-0.329,tC/ha,N/A,N/A,N/A,N/A,
11217,Tropical Montane,Mountain System,Southern Asia,Primary,21,Natural,203.745,203.745,-0.329,-0.329,tC/ha,N/A,N/A,N/A,N/A,
11218,Tropical Montane,Mountain System,Western Asia,Primary,21,Natural,203.745,203.745,-0.329,-0.329,tC/ha,N/A,N/A,N/A,N/A,
11219,Tropical Montane,Mountain System,Europe,Primary,21,Natural,65.8,65.8,0.47,0.47,tC/ha,N/A,N/A,N/A,N/A,
