id,climate,moisture,continent,land_use_type,value,value_min,value_max,"Source: 2019 Refinement to the 2006 IPCC Guidelines for National Greenhouse Gas Inventories, IPCC (2019), Volume 4 AFOLU, table 5.2."
13395,Cool Temperate,Dry,Eastern Africa,Agroforestry - Default,0.33,N/A,N/A,
13396,Cool Temperate,Dry,Eastern Africa,Hedgerow,0.23,N/A,N/A,
13397,Cool Temperate,Dry,Eastern Africa,Silvoarable,0.28,N/A,N/A,
13398,Cool Temperate,Dry,Eastern Africa,Silvopasture,0.48,N/A,N/A,
13399,Cool Temperate,Dry,Eastern Africa,Olive,0,N/A,N/A,
13400,Cool Temperate,Dry,Eastern Africa,Orchard,0,N/A,N/A,
13401,Cool Temperate,Dry,Eastern Africa,Vine,0,N/A,N/A,
13402,Cool Temperate,Dry,Eastern Africa,Short Rotation Coppice,0,N/A,N/A,
13403,Cool Temperate,Dry,Eastern Africa,Oil Palm,0,N/A,N/A,
13404,Cool Temperate,Dry,Eastern Africa,Rubber,0,N/A,N/A,
13405,Cool Temperate,Dry,Eastern Africa,Tea,0,N/A,N/A,
13406,Cool Temperate,Dry,Central Africa,Agroforestry - Default,0.33,N/A,N/A,
13407,Cool Temperate,Dry,Central Africa,Hedgerow,0.23,N/A,N/A,
13408,Cool Temperate,Dry,Central Africa,Silvoarable,0.28,N/A,N/A,
13409,Cool Temperate,Dry,Central Africa,Silvopasture,0.48,N/A,N/A,
13410,Cool Temperate,Dry,Central Africa,Olive,0,N/A,N/A,
13411,Cool Temperate,Dry,Central Africa,Orchard,0,N/A,N/A,
13412,Cool Temperate,Dry,Central Africa,Vine,0,N/A,N/A,
13413,Cool Temperate,Dry,Central Africa,Short Rotation Coppice,0,N/A,N/A,
13414,Cool Temperate,Dry,Central Africa,Oil Palm,0,N/A,N/A,
13415,Cool Temperate,Dry,Central Africa,Rubber,0,N/A,N/A,
13416,Cool Temperate,Dry,Central Africa,Tea,0,N/A,N/A,
13417,Cool Temperate,Dry,Northern Africa,Agroforestry - Default,0.33,N/A,N/A,
13418,Cool Temperate,Dry,Northern Africa,Hedgerow,0.23,N/A,N/A,
13419,Cool Temperate,Dry,Northern Africa,Silvoarable,0.28,N/A,N/A,
13420,Cool Temperate,Dry,Northern Africa,Silvopasture,0.48,N/A,N/A,
13421,Cool Temperate,Dry,Northern Africa,Olive,0,N/A,N/A,
13422,Cool Temperate,Dry,Northern Africa,Orchard,0,N/A,N/A,
13423,Cool Temperate,Dry,Northern Africa,Vine,0,N/A,N/A,
13424,Cool Temperate,Dry,Northern Africa,Short Rotation Coppice,0,N/A,N/A,
13425,Cool Temperate,Dry,Northern Africa,Oil Palm,0,N/A,N/A,
13426,Cool Temperate,Dry,Northern Africa,Rubber,0,N/A,N/A,
13427,Cool Temperate,Dry,Northern Africa,Tea,0,N/A,N/A,
13428,Cool Temperate,Dry,Southern Africa,Agroforestry - Default,0.33,N/A,N/A,
13429,Cool Temperate,Dry,Southern Africa,Hedgerow,0.23,N/A,N/A,
13430,Cool Temperate,Dry,Southern Africa,Silvoarable,0.28,N/A,N/A,
13431,Cool Temperate,Dry,Southern Africa,Silvopasture,0.48,N/A,N/A,
13432,Cool Temperate,Dry,Southern Africa,Olive,0,N/A,N/A,
13433,Cool Temperate,Dry,Southern Africa,Orchard,0,N/A,N/A,
13434,Cool Temperate,Dry,Southern Africa,Vine,0,N/A,N/A,
13435,Cool Temperate,Dry,Southern Africa,Short Rotation Coppice,0,N/A,N/A,
13436,Cool Temperate,Dry,Southern Africa,Oil Palm,0,N/A,N/A,
13437,Cool Temperate,Dry,Southern Africa,Rubber,0,N/A,N/A,
13438,Cool Temperate,Dry,Southern Africa,Tea,0,N/A,N/A,
13439,Cool Temperate,Dry,Western Africa,Agroforestry - Default,0.33,N/A,N/A,
13440,Cool Temperate,Dry,Western Africa,Hedgerow,0.23,N/A,N/A,
13441,Cool Temperate,Dry,Western Africa,Silvoarable,0.28,N/A,N/A,
13442,Cool Temperate,Dry,Western Africa,Silvopasture,0.48,N/A,N/A,
13443,Cool Temperate,Dry,Western Africa,Olive,0,N/A,N/A,
13444,Cool Temperate,Dry,Western Africa,Orchard,0,N/A,N/A,
13445,Cool Temperate,Dry,Western Africa,Vine,0,N/A,N/A,
13446,Cool Temperate,Dry,Western Africa,Short Rotation Coppice,0,N/A,N/A,
13447,Cool Temperate,Dry,Western Africa,Oil Palm,0,N/A,N/A,
13448,Cool Temperate,Dry,Western Africa,Rubber,0,N/A,N/A,
13449,Cool Temperate,Dry,Western Africa,Tea,0,N/A,N/A,
13450,Cool Temperate,Dry,Central Asia,Agroforestry - Default,0.493333333,N/A,N/A,
13451,Cool Temperate,Dry,Central Asia,Hedgerow,0.23,N/A,N/A,
13452,Cool Temperate,Dry,Central Asia,Silvoarable,0.77,N/A,N/A,
13453,Cool Temperate,Dry,Central Asia,Silvopasture,0.48,N/A,N/A,
13454,Cool Temperate,Dry,Central Asia,Olive,0,N/A,N/A,
13455,Cool Temperate,Dry,Central Asia,Orchard,0,N/A,N/A,
13456,Cool Temperate,Dry,Central Asia,Vine,0,N/A,N/A,
13457,Cool Temperate,Dry,Central Asia,Short Rotation Coppice,0,N/A,N/A,
13458,Cool Temperate,Dry,Central Asia,Oil Palm,0,N/A,N/A,
13459,Cool Temperate,Dry,Central Asia,Rubber,0,N/A,N/A,
13460,Cool Temperate,Dry,Central Asia,Tea,0,N/A,N/A,
13461,Cool Temperate,Dry,Eastern Asia,Agroforestry - Default,0.493333333,N/A,N/A,
13462,Cool Temperate,Dry,Eastern Asia,Hedgerow,0.23,N/A,N/A,
13463,Cool Temperate,Dry,Eastern Asia,Silvoarable,0.77,N/A,N/A,
13464,Cool Temperate,Dry,Eastern Asia,Silvopasture,0.48,N/A,N/A,
13465,Cool Temperate,Dry,Eastern Asia,Olive,0,N/A,N/A,
13466,Cool Temperate,Dry,Eastern Asia,Orchard,0,N/A,N/A,
13467,Cool Temperate,Dry,Eastern Asia,Vine,0,N/A,N/A,
13468,Cool Temperate,Dry,Eastern Asia,Short Rotation Coppice,0,N/A,N/A,
13469,Cool Temperate,Dry,Eastern Asia,Oil Palm,0,N/A,N/A,
13470,Cool Temperate,Dry,Eastern Asia,Rubber,0,N/A,N/A,
13471,Cool Temperate,Dry,Eastern Asia,Tea,0,N/A,N/A,
13472,Cool Temperate,Dry,South-Eastern Asia,Agroforestry - Default,0.493333333,N/A,N/A,
13473,Cool Temperate,Dry,South-Eastern Asia,Hedgerow,0.23,N/A,N/A,
13474,Cool Temperate,Dry,South-Eastern Asia,Silvoarable,0.77,N/A,N/A,
13475,Cool Temperate,Dry,South-Eastern Asia,Silvopasture,0.48,N/A,N/A,
13476,Cool Temperate,Dry,South-Eastern Asia,Olive,0,N/A,N/A,
13477,Cool Temperate,Dry,South-Eastern Asia,Orchard,0,N/A,N/A,
13478,Cool Temperate,Dry,South-Eastern Asia,Vine,0,N/A,N/A,
13479,Cool Temperate,Dry,South-Eastern Asia,Short Rotation Coppice,0,N/A,N/A,
13480,Cool Temperate,Dry,South-Eastern Asia,Oil Palm,0,N/A,N/A,
13481,Cool Temperate,Dry,South-Eastern Asia,Rubber,0,N/A,N/A,
13482,Cool Temperate,Dry,South-Eastern Asia,Tea,0,N/A,N/A,
13483,Cool Temperate,Dry,Southern Asia,Agroforestry - Default,0.493333333,N/A,N/A,
13484,Cool Temperate,Dry,Southern Asia,Hedgerow,0.23,N/A,N/A,
13485,Cool Temperate,Dry,Southern Asia,Silvoarable,0.77,N/A,N/A,
13486,Cool Temperate,Dry,Southern Asia,Silvopasture,0.48,N/A,N/A,
13487,Cool Temperate,Dry,Southern Asia,Olive,0,N/A,N/A,
13488,Cool Temperate,Dry,Southern Asia,Orchard,0,N/A,N/A,
13489,Cool Temperate,Dry,Southern Asia,Vine,0,N/A,N/A,
13490,Cool Temperate,Dry,Southern Asia,Short Rotation Coppice,0,N/A,N/A,
13491,Cool Temperate,Dry,Southern Asia,Oil Palm,0,N/A,N/A,
13492,Cool Temperate,Dry,Southern Asia,Rubber,0,N/A,N/A,
13493,Cool Temperate,Dry,Southern Asia,Tea,0,N/A,N/A,
13494,Cool Temperate,Dry,Western Asia,Agroforestry - Default,0.493333333,N/A,N/A,
13495,Cool Temperate,Dry,Western Asia,Hedgerow,0.23,N/A,N/A,
13496,Cool Temperate,Dry,Western Asia,Silvoarable,0.77,N/A,N/A,
13497,Cool Temperate,Dry,Western Asia,Silvopasture,0.48,N/A,N/A,
13498,Cool Temperate,Dry,Western Asia,Olive,0,N/A,N/A,
13499,Cool Temperate,Dry,Western Asia,Orchard,0,N/A,N/A,
13500,Cool Temperate,Dry,Western Asia,Vine,0,N/A,N/A,
13501,Cool Temperate,Dry,Western Asia,Short Rotation Coppice,0,N/A,N/A,
13502,Cool Temperate,Dry,Western Asia,Oil Palm,0,N/A,N/A,
13503,Cool Temperate,Dry,Western Asia,Rubber,0,N/A,N/A,
13504,Cool Temperate,Dry,Western Asia,Tea,0,N/A,N/A,
13505,Cool Temperate,Dry,Europe,Agroforestry - Default,0.356666667,N/A,N/A,
13506,Cool Temperate,Dry,Europe,Hedgerow,0.23,N/A,N/A,
13507,Cool Temperate,Dry,Europe,Silvoarable,0.28,N/A,N/A,
13508,Cool Temperate,Dry,Europe,Silvopasture,0.56,N/A,N/A,
13509,Cool Temperate,Dry,Europe,Olive,0,N/A,N/A,
13510,Cool Temperate,Dry,Europe,Orchard,0,N/A,N/A,
13511,Cool Temperate,Dry,Europe,Vine,0,N/A,N/A,
13512,Cool Temperate,Dry,Europe,Short Rotation Coppice,0,N/A,N/A,
13513,Cool Temperate,Dry,Europe,Oil Palm,0,N/A,N/A,
13514,Cool Temperate,Dry,Europe,Rubber,0,N/A,N/A,
13515,Cool Temperate,Dry,Europe,Tea,0,N/A,N/A,
13516,Cool Temperate,Dry,Oceania,Agroforestry - Default,0.33,N/A,N/A,
13517,Cool Temperate,Dry,Oceania,Hedgerow,0.23,N/A,N/A,
13518,Cool Temperate,Dry,Oceania,Silvoarable,0.28,N/A,N/A,
13519,Cool Temperate,Dry,Oceania,Silvopasture,0.48,N/A,N/A,
13520,Cool Temperate,Dry,Oceania,Olive,0,N/A,N/A,
13521,Cool Temperate,Dry,Oceania,Orchard,0,N/A,N/A,
13522,Cool Temperate,Dry,Oceania,Vine,0,N/A,N/A,
13523,Cool Temperate,Dry,Oceania,Short Rotation Coppice,0,N/A,N/A,
13524,Cool Temperate,Dry,Oceania,Oil Palm,0,N/A,N/A,
13525,Cool Temperate,Dry,Oceania,Rubber,0,N/A,N/A,
13526,Cool Temperate,Dry,Oceania,Tea,0,N/A,N/A,
13527,Cool Temperate,Dry,North America,Agroforestry - Default,0.16,N/A,N/A,
13528,Cool Temperate,Dry,North America,Hedgerow,0.23,N/A,N/A,
13529,Cool Temperate,Dry,North America,Silvoarable,0.14,N/A,N/A,
13530,Cool Temperate,Dry,North America,Silvopasture,0.11,N/A,N/A,
13531,Cool Temperate,Dry,North America,Olive,0,N/A,N/A,
13532,Cool Temperate,Dry,North America,Orchard,0,N/A,N/A,
13533,Cool Temperate,Dry,North America,Vine,0,N/A,N/A,
13534,Cool Temperate,Dry,North America,Short Rotation Coppice,0,N/A,N/A,
13535,Cool Temperate,Dry,North America,Oil Palm,0,N/A,N/A,
13536,Cool Temperate,Dry,North America,Rubber,0,N/A,N/A,
13537,Cool Temperate,Dry,North America,Tea,0,N/A,N/A,
13538,Cool Temperate,Dry,South America,Agroforestry - Default,0.343333333,N/A,N/A,
13539,Cool Temperate,Dry,South America,Hedgerow,0.23,N/A,N/A,
13540,Cool Temperate,Dry,South America,Silvoarable,0.28,N/A,N/A,
13541,Cool Temperate,Dry,South America,Silvopasture,0.52,N/A,N/A,
13542,Cool Temperate,Dry,South America,Olive,0,N/A,N/A,
13543,Cool Temperate,Dry,South America,Orchard,0,N/A,N/A,
13544,Cool Temperate,Dry,South America,Vine,0,N/A,N/A,
13545,Cool Temperate,Dry,South America,Short Rotation Coppice,0,N/A,N/A,
13546,Cool Temperate,Dry,South America,Oil Palm,0,N/A,N/A,
13547,Cool Temperate,Dry,South America,Rubber,0,N/A,N/A,
13548,Cool Temperate,Dry,South America,Tea,0,N/A,N/A,
13549,Cool Temperate,Dry,Central America,Agroforestry - Default,0.343333333,N/A,N/A,
13550,Cool Temperate,Dry,Central America,Hedgerow,0.23,N/A,N/A,
13551,Cool Temperate,Dry,Central America,Silvoarable,0.28,N/A,N/A,
13552,Cool Temperate,Dry,Central America,Silvopasture,0.52,N/A,N/A,
13553,Cool Temperate,Dry,Central America,Olive,0,N/A,N/A,
13554,Cool Temperate,Dry,Central America,Orchard,0,N/A,N/A,
13555,Cool Temperate,Dry,Central America,Vine,0,N/A,N/A,
13556,Cool Temperate,Dry,Central America,Short Rotation Coppice,0,N/A,N/A,
13557,Cool Temperate,Dry,Central America,Oil Palm,0,N/A,N/A,
13558,Cool Temperate,Dry,Central America,Rubber,0,N/A,N/A,
13559,Cool Temperate,Dry,Central America,Tea,0,N/A,N/A,
13560,Cool Temperate,Dry,Caribbean,Agroforestry - Default,0.343333333,N/A,N/A,
13561,Cool Temperate,Dry,Caribbean,Hedgerow,0.23,N/A,N/A,
13562,Cool Temperate,Dry,Caribbean,Silvoarable,0.28,N/A,N/A,
13563,Cool Temperate,Dry,Caribbean,Silvopasture,0.52,N/A,N/A,
13564,Cool Temperate,Dry,Caribbean,Olive,0,N/A,N/A,
13565,Cool Temperate,Dry,Caribbean,Orchard,0,N/A,N/A,
13566,Cool Temperate,Dry,Caribbean,Vine,0,N/A,N/A,
13567,Cool Temperate,Dry,Caribbean,Short Rotation Coppice,0,N/A,N/A,
13568,Cool Temperate,Dry,Caribbean,Oil Palm,0,N/A,N/A,
13569,Cool Temperate,Dry,Caribbean,Rubber,0,N/A,N/A,
13570,Cool Temperate,Dry,Caribbean,Tea,0,N/A,N/A,
13571,Cool Temperate,Moist,Eastern Africa,Agroforestry - Default,0.33,N/A,N/A,
13572,Cool Temperate,Moist,Eastern Africa,Hedgerow,0.23,N/A,N/A,
13573,Cool Temperate,Moist,Eastern Africa,Silvoarable,0.28,N/A,N/A,
13574,Cool Temperate,Moist,Eastern Africa,Silvopasture,0.48,N/A,N/A,
13575,Cool Temperate,Moist,Eastern Africa,Olive,0,N/A,N/A,
13576,Cool Temperate,Moist,Eastern Africa,Orchard,0,N/A,N/A,
13577,Cool Temperate,Moist,Eastern Africa,Vine,0,N/A,N/A,
13578,Cool Temperate,Moist,Eastern Africa,Short Rotation Coppice,0,N/A,N/A,
13579,Cool Temperate,Moist,Eastern Africa,Oil Palm,0,N/A,N/A,
13580,Cool Temperate,Moist,Eastern Africa,Rubber,0,N/A,N/A,
13581,Cool Temperate,Moist,Eastern Africa,Tea,0,N/A,N/A,
13582,Cool Temperate,Moist,Central Africa,Agroforestry - Default,0.33,N/A,N/A,
13583,Cool Temperate,Moist,Central Africa,Hedgerow,0.23,N/A,N/A,
13584,Cool Temperate,Moist,Central Africa,Silvoarable,0.28,N/A,N/A,
13585,Cool Temperate,Moist,Central Africa,Silvopasture,0.48,N/A,N/A,
13586,Cool Temperate,Moist,Central Africa,Olive,0,N/A,N/A,
13587,Cool Temperate,Moist,Central Africa,Orchard,0,N/A,N/A,
13588,Cool Temperate,Moist,Central Africa,Vine,0,N/A,N/A,
13589,Cool Temperate,Moist,Central Africa,Short Rotation Coppice,0,N/A,N/A,
13590,Cool Temperate,Moist,Central Africa,Oil Palm,0,N/A,N/A,
13591,Cool Temperate,Moist,Central Africa,Rubber,0,N/A,N/A,
13592,Cool Temperate,Moist,Central Africa,Tea,0,N/A,N/A,
13593,Cool Temperate,Moist,Northern Africa,Agroforestry - Default,0.33,N/A,N/A,
13594,Cool Temperate,Moist,Northern Africa,Hedgerow,0.23,N/A,N/A,
13595,Cool Temperate,Moist,Northern Africa,Silvoarable,0.28,N/A,N/A,
13596,Cool Temperate,Moist,Northern Africa,Silvopasture,0.48,N/A,N/A,
13597,Cool Temperate,Moist,Northern Africa,Olive,0,N/A,N/A,
13598,Cool Temperate,Moist,Northern Africa,Orchard,0,N/A,N/A,
13599,Cool Temperate,Moist,Northern Africa,Vine,0,N/A,N/A,
13600,Cool Temperate,Moist,Northern Africa,Short Rotation Coppice,0,N/A,N/A,
13601,Cool Temperate,Moist,Northern Africa,Oil Palm,0,N/A,N/A,
13602,Cool Temperate,Moist,Northern Africa,Rubber,0,N/A,N/A,
13603,Cool Temperate,Moist,Northern Africa,Tea,0,N/A,N/A,
13604,Cool Temperate,Moist,Southern Africa,Agroforestry - Default,0.33,N/A,N/A,
13605,Cool Temperate,Moist,Southern Africa,Hedgerow,0.23,N/A,N/A,
13606,Cool Temperate,Moist,Southern Africa,Silvoarable,0.28,N/A,N/A,
13607,Cool Temperate,Moist,Southern Africa,Silvopasture,0.48,N/A,N/A,
13608,Cool Temperate,Moist,Southern Africa,Olive,0,N/A,N/A,
13609,Cool Temperate,Moist,Southern Africa,Orchard,0,N/A,N/A,
13610,Cool Temperate,Moist,Southern Africa,Vine,0,N/A,N/A,
13611,Cool Temperate,Moist,Southern Africa,Short Rotation Coppice,0,N/A,N/A,
13612,Cool Temperate,Moist,Southern Africa,Oil Palm,0,N/A,N/A,
13613,Cool Temperate,Moist,Southern Africa,Rubber,0,N/A,N/A,
13614,Cool Temperate,Moist,Southern Africa,Tea,0,N/A,N/A,
13615,Cool Temperate,Moist,Western Africa,Agroforestry - Default,0.33,N/A,N/A,
13616,Cool Temperate,Moist,Western Africa,Hedgerow,0.23,N/A,N/A,
13617,Cool Temperate,Moist,Western Africa,Silvoarable,0.28,N/A,N/A,
13618,Cool Temperate,Moist,Western Africa,Silvopasture,0.48,N/A,N/A,
13619,Cool Temperate,Moist,Western Africa,Olive,0,N/A,N/A,
13620,Cool Temperate,Moist,Western Africa,Orchard,0,N/A,N/A,
13621,Cool Temperate,Moist,Western Africa,Vine,0,N/A,N/A,
13622,Cool Temperate,Moist,Western Africa,Short Rotation Coppice,0,N/A,N/A,
13623,Cool Temperate,Moist,Western Africa,Oil Palm,0,N/A,N/A,
13624,Cool Temperate,Moist,Western Africa,Rubber,0,N/A,N/A,
13625,Cool Temperate,Moist,Western Africa,Tea,0,N/A,N/A,
13626,Cool Temperate,Moist,Central Asia,Agroforestry - Default,0.493333333,N/A,N/A,
13627,Cool Temperate,Moist,Central Asia,Hedgerow,0.23,N/A,N/A,
13628,Cool Temperate,Moist,Central Asia,Silvoarable,0.77,N/A,N/A,
13629,Cool Temperate,Moist,Central Asia,Silvopasture,0.48,N/A,N/A,
13630,Cool Temperate,Moist,Central Asia,Olive,0,N/A,N/A,
13631,Cool Temperate,Moist,Central Asia,Orchard,0,N/A,N/A,
13632,Cool Temperate,Moist,Central Asia,Vine,0,N/A,N/A,
13633,Cool Temperate,Moist,Central Asia,Short Rotation Coppice,0,N/A,N/A,
13634,Cool Temperate,Moist,Central Asia,Oil Palm,0,N/A,N/A,
13635,Cool Temperate,Moist,Central Asia,Rubber,0,N/A,N/A,
13636,Cool Temperate,Moist,Central Asia,Tea,0,N/A,N/A,
13637,Cool Temperate,Moist,Eastern Asia,Agroforestry - Default,0.493333333,N/A,N/A,
13638,Cool Temperate,Moist,Eastern Asia,Hedgerow,0.23,N/A,N/A,
13639,Cool Temperate,Moist,Eastern Asia,Silvoarable,0.77,N/A,N/A,
13640,Cool Temperate,Moist,Eastern Asia,Silvopasture,0.48,N/A,N/A,
13641,Cool Temperate,Moist,Eastern Asia,Olive,0,N/A,N/A,
13642,Cool Temperate,Moist,Eastern Asia,Orchard,0,N/A,N/A,
13643,Cool Temperate,Moist,Eastern Asia,Vine,0,N/A,N/A,
13644,Cool Temperate,Moist,Eastern Asia,Short Rotation Coppice,0,N/A,N/A,
13645,Cool Temperate,Moist,Eastern Asia,Oil Palm,0,N/A,N/A,
13646,Cool Temperate,Moist,Eastern Asia,Rubber,0,N/A,N/A,
13647,Cool Temperate,Moist,Eastern Asia,Tea,0,N/A,N/A,
13648,Cool Temperate,Moist,South-Eastern Asia,Agroforestry - Default,0.493333333,N/A,N/A,
13649,Cool Temperate,Moist,South-Eastern Asia,Hedgerow,0.23,N/A,N/A,
13650,Cool Temperate,Moist,South-Eastern Asia,Silvoarable,0.77,N/A,N/A,
13651,Cool Temperate,Moist,South-Eastern Asia,Silvopasture,0.48,N/A,N/A,
13652,Cool Temperate,Moist,South-Eastern Asia,Olive,0,N/A,N/A,
13653,Cool Temperate,Moist,South-Eastern Asia,Orchard,0,N/A,N/A,
13654,Cool Temperate,Moist,South-Eastern Asia,Vine,0,N/A,N/A,
13655,Cool Temperate,Moist,South-Eastern Asia,Short Rotation Coppice,0,N/A,N/A,
13656,Cool Temperate,Moist,South-Eastern Asia,Oil Palm,0,N/A,N/A,
13657,Cool Temperate,Moist,South-Eastern Asia,Rubber,0,N/A,N/A,
13658,Cool Temperate,Moist,South-Eastern Asia,Tea,0,N/A,N/A,
13659,Cool Temperate,Moist,Southern Asia,Agroforestry - Default,0.493333333,N/A,N/A,
13660,Cool Temperate,Moist,Southern Asia,Hedgerow,0.23,N/A,N/A,
13661,Cool Temperate,Moist,Southern Asia,Silvoarable,0.77,N/A,N/A,
13662,Cool Temperate,Moist,Southern Asia,Silvopasture,0.48,N/A,N/A,
13663,Cool Temperate,Moist,Southern Asia,Olive,0,N/A,N/A,
13664,Cool Temperate,Moist,Southern Asia,Orchard,0,N/A,N/A,
13665,Cool Temperate,Moist,Southern Asia,Vine,0,N/A,N/A,
13666,Cool Temperate,Moist,Southern Asia,Short Rotation Coppice,0,N/A,N/A,
13667,Cool Temperate,Moist,Southern Asia,Oil Palm,0,N/A,N/A,
13668,Cool Temperate,Moist,Southern Asia,Rubber,0,N/A,N/A,
13669,Cool Temperate,Moist,Southern Asia,Tea,0,N/A,N/A,
13670,Cool Temperate,Moist,Western Asia,Agroforestry - Default,0.493333333,N/A,N/A,
13671,Cool Temperate,Moist,Western Asia,Hedgerow,0.23,N/A,N/A,
13672,Cool Temperate,Moist,Western Asia,Silvoarable,0.77,N/A,N/A,
13673,Cool Temperate,Moist,Western Asia,Silvopasture,0.48,N/A,N/A,
13674,Cool Temperate,Moist,Western Asia,Olive,0,N/A,N/A,
13675,Cool Temperate,Moist,Western Asia,Orchard,0,N/A,N/A,
13676,Cool Temperate,Moist,Western Asia,Vine,0,N/A,N/A,
13677,Cool Temperate,Moist,Western Asia,Short Rotation Coppice,0,N/A,N/A,
13678,Cool Temperate,Moist,Western Asia,Oil Palm,0,N/A,N/A,
13679,Cool Temperate,Moist,Western Asia,Rubber,0,N/A,N/A,
13680,Cool Temperate,Moist,Western Asia,Tea,0,N/A,N/A,
13681,Cool Temperate,Moist,Europe,Agroforestry - Default,0.356666667,N/A,N/A,
13682,Cool Temperate,Moist,Europe,Hedgerow,0.23,N/A,N/A,
13683,Cool Temperate,Moist,Europe,Silvoarable,0.28,N/A,N/A,
13684,Cool Temperate,Moist,Europe,Silvopasture,0.56,N/A,N/A,
13685,Cool Temperate,Moist,Europe,Olive,0,N/A,N/A,
13686,Cool Temperate,Moist,Europe,Orchard,0,N/A,N/A,
13687,Cool Temperate,Moist,Europe,Vine,0,N/A,N/A,
13688,Cool Temperate,Moist,Europe,Short Rotation Coppice,0,N/A,N/A,
13689,Cool Temperate,Moist,Europe,Oil Palm,0,N/A,N/A,
13690,Cool Temperate,Moist,Europe,Rubber,0,N/A,N/A,
13691,Cool Temperate,Moist,Europe,Tea,0,N/A,N/A,
13692,Cool Temperate,Moist,Oceania,Agroforestry - Default,0.33,N/A,N/A,
13693,Cool Temperate,Moist,Oceania,Hedgerow,0.23,N/A,N/A,
13694,Cool Temperate,Moist,Oceania,Silvoarable,0.28,N/A,N/A,
13695,Cool Temperate,Moist,Oceania,Silvopasture,0.48,N/A,N/A,
13696,Cool Temperate,Moist,Oceania,Olive,0,N/A,N/A,
13697,Cool Temperate,Moist,Oceania,Orchard,0,N/A,N/A,
13698,Cool Temperate,Moist,Oceania,Vine,0,N/A,N/A,
13699,Cool Temperate,Moist,Oceania,Short Rotation Coppice,0,N/A,N/A,
13700,Cool Temperate,Moist,Oceania,Oil Palm,0,N/A,N/A,
13701,Cool Temperate,Moist,Oceania,Rubber,0,N/A,N/A,
13702,Cool Temperate,Moist,Oceania,Tea,0,N/A,N/A,
13703,Cool Temperate,Moist,North America,Agroforestry - Default,0.16,N/A,N/A,
13704,Cool Temperate,Moist,North America,Hedgerow,0.23,N/A,N/A,
13705,Cool Temperate,Moist,North America,Silvoarable,0.14,N/A,N/A,
13706,Cool Temperate,Moist,North America,Silvopasture,0.11,N/A,N/A,
13707,Cool Temperate,Moist,North America,Olive,0,N/A,N/A,
13708,Cool Temperate,Moist,North America,Orchard,0,N/A,N/A,
13709,Cool Temperate,Moist,North America,Vine,0,N/A,N/A,
13710,Cool Temperate,Moist,North America,Short Rotation Coppice,0,N/A,N/A,
13711,Cool Temperate,Moist,North America,Oil Palm,0,N/A,N/A,
13712,Cool Temperate,Moist,North America,Rubber,0,N/A,N/A,
13713,Cool Temperate,Moist,North America,Tea,0,N/A,N/A,
13714,Cool Temperate,Moist,South America,Agroforestry - Default,0.343333333,N/A,N/A,
13715,Cool Temperate,Moist,South America,Hedgerow,0.23,N/A,N/A,
13716,Cool Temperate,Moist,South America,Silvoarable,0.28,N/A,N/A,
13717,Cool Temperate,Moist,South America,Silvopasture,0.52,N/A,N/A,
13718,Cool Temperate,Moist,South America,Olive,0,N/A,N/A,
13719,Cool Temperate,Moist,South America,Orchard,0,N/A,N/A,
13720,Cool Temperate,Moist,South America,Vine,0,N/A,N/A,
13721,Cool Temperate,Moist,South America,Short Rotation Coppice,0,N/A,N/A,
13722,Cool Temperate,Moist,South America,Oil Palm,0,N/A,N/A,
13723,Cool Temperate,Moist,South America,Rubber,0,N/A,N/A,
13724,Cool Temperate,Moist,South America,Tea,0,N/A,N/A,
13725,Cool Temperate,Moist,Central America,Agroforestry - Default,0.343333333,N/A,N/A,
13726,Cool Temperate,Moist,Central America,Hedgerow,0.23,N/A,N/A,
13727,Cool Temperate,Moist,Central America,Silvoarable,0.28,N/A,N/A,
13728,Cool Temperate,Moist,Central America,Silvopasture,0.52,N/A,N/A,
13729,Cool Temperate,Moist,Central America,Olive,0,N/A,N/A,
13730,Cool Temperate,Moist,Central America,Orchard,0,N/A,N/A,
13731,Cool Temperate,Moist,Central America,Vine,0,N/A,N/A,
13732,Cool Temperate,Moist,Central America,Short Rotation Coppice,0,N/A,N/A,
13733,Cool Temperate,Moist,Central America,Oil Palm,0,N/A,N/A,
13734,Cool Temperate,Moist,Central America,Rubber,0,N/A,N/A,
13735,Cool Temperate,Moist,Central America,Tea,0,N/A,N/A,
13736,Cool Temperate,Moist,Caribbean,Agroforestry - Default,0.343333333,N/A,N/A,
13737,Cool Temperate,Moist,Caribbean,Hedgerow,0.23,N/A,N/A,
13738,Cool Temperate,Moist,Caribbean,Silvoarable,0.28,N/A,N/A,
13739,Cool Temperate,Moist,Caribbean,Silvopasture,0.52,N/A,N/A,
13740,Cool Temperate,Moist,Caribbean,Olive,0,N/A,N/A,
13741,Cool Temperate,Moist,Caribbean,Orchard,0,N/A,N/A,
13742,Cool Temperate,Moist,Caribbean,Vine,0,N/A,N/A,
13743,Cool Temperate,Moist,Caribbean,Short Rotation Coppice,0,N/A,N/A,
13744,Cool Temperate,Moist,Caribbean,Oil Palm,0,N/A,N/A,
13745,Cool Temperate,Moist,Caribbean,Rubber,0,N/A,N/A,
13746,Cool Temperate,Moist,Caribbean,Tea,0,N/A,N/A,
13747,Warm Temperate,Dry,Eastern Africa,Agroforestry - Default,0.386666667,N/A,N/A,
13748,Warm Temperate,Dry,Eastern Africa,Hedgerow,0.23,N/A,N/A,
13749,Warm Temperate,Dry,Eastern Africa,Silvoarable,0.23,N/A,N/A,
13750,Warm Temperate,Dry,Eastern Africa,Silvopasture,0.7,N/A,N/A,
13751,Warm Temperate,Dry,Eastern Africa,Olive,0,N/A,N/A,
13752,Warm Temperate,Dry,Eastern Africa,Orchard,0,N/A,N/A,
13753,Warm Temperate,Dry,Eastern Africa,Vine,0,N/A,N/A,
13754,Warm Temperate,Dry,Eastern Africa,Short Rotation Coppice,0,N/A,N/A,
13755,Warm Temperate,Dry,Eastern Africa,Oil Palm,0,N/A,N/A,
13756,Warm Temperate,Dry,Eastern Africa,Rubber,0,N/A,N/A,
13757,Warm Temperate,Dry,Eastern Africa,Tea,0,N/A,N/A,
13758,Warm Temperate,Dry,Central Africa,Agroforestry - Default,0.386666667,N/A,N/A,
13759,Warm Temperate,Dry,Central Africa,Hedgerow,0.23,N/A,N/A,
13760,Warm Temperate,Dry,Central Africa,Silvoarable,0.23,N/A,N/A,
13761,Warm Temperate,Dry,Central Africa,Silvopasture,0.7,N/A,N/A,
13762,Warm Temperate,Dry,Central Africa,Olive,0,N/A,N/A,
13763,Warm Temperate,Dry,Central Africa,Orchard,0,N/A,N/A,
13764,Warm Temperate,Dry,Central Africa,Vine,0,N/A,N/A,
13765,Warm Temperate,Dry,Central Africa,Short Rotation Coppice,0,N/A,N/A,
13766,Warm Temperate,Dry,Central Africa,Oil Palm,0,N/A,N/A,
13767,Warm Temperate,Dry,Central Africa,Rubber,0,N/A,N/A,
13768,Warm Temperate,Dry,Central Africa,Tea,0,N/A,N/A,
13769,Warm Temperate,Dry,Northern Africa,Agroforestry - Default,0.386666667,N/A,N/A,
13770,Warm Temperate,Dry,Northern Africa,Hedgerow,0.23,N/A,N/A,
13771,Warm Temperate,Dry,Northern Africa,Silvoarable,0.23,N/A,N/A,
13772,Warm Temperate,Dry,Northern Africa,Silvopasture,0.7,N/A,N/A,
13773,Warm Temperate,Dry,Northern Africa,Olive,0,N/A,N/A,
13774,Warm Temperate,Dry,Northern Africa,Orchard,0,N/A,N/A,
13775,Warm Temperate,Dry,Northern Africa,Vine,0,N/A,N/A,
13776,Warm Temperate,Dry,Northern Africa,Short Rotation Coppice,0,N/A,N/A,
13777,Warm Temperate,Dry,Northern Africa,Oil Palm,0,N/A,N/A,
13778,Warm Temperate,Dry,Northern Africa,Rubber,0,N/A,N/A,
13779,Warm Temperate,Dry,Northern Africa,Tea,0,N/A,N/A,
13780,Warm Temperate,Dry,Southern Africa,Agroforestry - Default,0.386666667,N/A,N/A,
13781,Warm Temperate,Dry,Southern Africa,Hedgerow,0.23,N/A,N/A,
13782,Warm Temperate,Dry,Southern Africa,Silvoarable,0.23,N/A,N/A,
13783,Warm Temperate,Dry,Southern Africa,Silvopasture,0.7,N/A,N/A,
13784,Warm Temperate,Dry,Southern Africa,Olive,0,N/A,N/A,
13785,Warm Temperate,Dry,Southern Africa,Orchard,0,N/A,N/A,
13786,Warm Temperate,Dry,Southern Africa,Vine,0,N/A,N/A,
13787,Warm Temperate,Dry,Southern Africa,Short Rotation Coppice,0,N/A,N/A,
13788,Warm Temperate,Dry,Southern Africa,Oil Palm,0,N/A,N/A,
13789,Warm Temperate,Dry,Southern Africa,Rubber,0,N/A,N/A,
13790,Warm Temperate,Dry,Southern Africa,Tea,0,N/A,N/A,
13791,Warm Temperate,Dry,Western Africa,Agroforestry - Default,0.386666667,N/A,N/A,
13792,Warm Temperate,Dry,Western Africa,Hedgerow,0.23,N/A,N/A,
13793,Warm Temperate,Dry,Western Africa,Silvoarable,0.23,N/A,N/A,
13794,Warm Temperate,Dry,Western Africa,Silvopasture,0.7,N/A,N/A,
13795,Warm Temperate,Dry,Western Africa,Olive,0,N/A,N/A,
13796,Warm Temperate,Dry,Western Africa,Orchard,0,N/A,N/A,
13797,Warm Temperate,Dry,Western Africa,Vine,0,N/A,N/A,
13798,Warm Temperate,Dry,Western Africa,Short Rotation Coppice,0,N/A,N/A,
13799,Warm Temperate,Dry,Western Africa,Oil Palm,0,N/A,N/A,
13800,Warm Temperate,Dry,Western Africa,Rubber,0,N/A,N/A,
13801,Warm Temperate,Dry,Western Africa,Tea,0,N/A,N/A,
13802,Warm Temperate,Dry,Central Asia,Agroforestry - Default,0.386666667,N/A,N/A,
13803,Warm Temperate,Dry,Central Asia,Hedgerow,0.23,N/A,N/A,
13804,Warm Temperate,Dry,Central Asia,Silvoarable,0.23,N/A,N/A,
13805,Warm Temperate,Dry,Central Asia,Silvopasture,0.7,N/A,N/A,
13806,Warm Temperate,Dry,Central Asia,Olive,0,N/A,N/A,
13807,Warm Temperate,Dry,Central Asia,Orchard,0,N/A,N/A,
13808,Warm Temperate,Dry,Central Asia,Vine,0,N/A,N/A,
13809,Warm Temperate,Dry,Central Asia,Short Rotation Coppice,0,N/A,N/A,
13810,Warm Temperate,Dry,Central Asia,Oil Palm,0,N/A,N/A,
13811,Warm Temperate,Dry,Central Asia,Rubber,0,N/A,N/A,
13812,Warm Temperate,Dry,Central Asia,Tea,0,N/A,N/A,
13813,Warm Temperate,Dry,Eastern Asia,Agroforestry - Default,0.386666667,N/A,N/A,
13814,Warm Temperate,Dry,Eastern Asia,Hedgerow,0.23,N/A,N/A,
13815,Warm Temperate,Dry,Eastern Asia,Silvoarable,0.23,N/A,N/A,
13816,Warm Temperate,Dry,Eastern Asia,Silvopasture,0.7,N/A,N/A,
13817,Warm Temperate,Dry,Eastern Asia,Olive,0,N/A,N/A,
13818,Warm Temperate,Dry,Eastern Asia,Orchard,0,N/A,N/A,
13819,Warm Temperate,Dry,Eastern Asia,Vine,0,N/A,N/A,
13820,Warm Temperate,Dry,Eastern Asia,Short Rotation Coppice,0,N/A,N/A,
13821,Warm Temperate,Dry,Eastern Asia,Oil Palm,0,N/A,N/A,
13822,Warm Temperate,Dry,Eastern Asia,Rubber,0,N/A,N/A,
13823,Warm Temperate,Dry,Eastern Asia,Tea,0,N/A,N/A,
13824,Warm Temperate,Dry,South-Eastern Asia,Agroforestry - Default,0.386666667,N/A,N/A,
13825,Warm Temperate,Dry,South-Eastern Asia,Hedgerow,0.23,N/A,N/A,
13826,Warm Temperate,Dry,South-Eastern Asia,Silvoarable,0.23,N/A,N/A,
13827,Warm Temperate,Dry,South-Eastern Asia,Silvopasture,0.7,N/A,N/A,
13828,Warm Temperate,Dry,South-Eastern Asia,Olive,0,N/A,N/A,
13829,Warm Temperate,Dry,South-Eastern Asia,Orchard,0,N/A,N/A,
13830,Warm Temperate,Dry,South-Eastern Asia,Vine,0,N/A,N/A,
13831,Warm Temperate,Dry,South-Eastern Asia,Short Rotation Coppice,0,N/A,N/A,
13832,Warm Temperate,Dry,South-Eastern Asia,Oil Palm,0,N/A,N/A,
13833,Warm Temperate,Dry,South-Eastern Asia,Rubber,0,N/A,N/A,
13834,Warm Temperate,Dry,South-Eastern Asia,Tea,0,N/A,N/A,
13835,Warm Temperate,Dry,Southern Asia,Agroforestry - Default,0.386666667,N/A,N/A,
13836,Warm Temperate,Dry,Southern Asia,Hedgerow,0.23,N/A,N/A,
13837,Warm Temperate,Dry,Southern Asia,Silvoarable,0.23,N/A,N/A,
13838,Warm Temperate,Dry,Southern Asia,Silvopasture,0.7,N/A,N/A,
13839,Warm Temperate,Dry,Southern Asia,Olive,0,N/A,N/A,
13840,Warm Temperate,Dry,Southern Asia,Orchard,0,N/A,N/A,
13841,Warm Temperate,Dry,Southern Asia,Vine,0,N/A,N/A,
13842,Warm Temperate,Dry,Southern Asia,Short Rotation Coppice,0,N/A,N/A,
13843,Warm Temperate,Dry,Southern Asia,Oil Palm,0,N/A,N/A,
13844,Warm Temperate,Dry,Southern Asia,Rubber,0,N/A,N/A,
13845,Warm Temperate,Dry,Southern Asia,Tea,0,N/A,N/A,
13846,Warm Temperate,Dry,Western Asia,Agroforestry - Default,0.386666667,N/A,N/A,
13847,Warm Temperate,Dry,Western Asia,Hedgerow,0.23,N/A,N/A,
13848,Warm Temperate,Dry,Western Asia,Silvoarable,0.23,N/A,N/A,
13849,Warm Temperate,Dry,Western Asia,Silvopasture,0.7,N/A,N/A,
13850,Warm Temperate,Dry,Western Asia,Olive,0,N/A,N/A,
13851,Warm Temperate,Dry,Western Asia,Orchard,0,N/A,N/A,
13852,Warm Temperate,Dry,Western Asia,Vine,0,N/A,N/A,
13853,Warm Temperate,Dry,Western Asia,Short Rotation Coppice,0,N/A,N/A,
13854,Warm Temperate,Dry,Western Asia,Oil Palm,0,N/A,N/A,
13855,Warm Temperate,Dry,Western Asia,Rubber,0,N/A,N/A,
13856,Warm Temperate,Dry,Western Asia,Tea,0,N/A,N/A,
13857,Warm Temperate,Dry,Europe,Agroforestry - Default,0.466666667,N/A,N/A,
13858,Warm Temperate,Dry,Europe,Hedgerow,0.23,N/A,N/A,
13859,Warm Temperate,Dry,Europe,Silvoarable,0.14,N/A,N/A,
13860,Warm Temperate,Dry,Europe,Silvopasture,1.03,N/A,N/A,
13861,Warm Temperate,Dry,Europe,Olive,0,N/A,N/A,
13862,Warm Temperate,Dry,Europe,Orchard,0,N/A,N/A,
13863,Warm Temperate,Dry,Europe,Vine,0,N/A,N/A,
13864,Warm Temperate,Dry,Europe,Short Rotation Coppice,0,N/A,N/A,
13865,Warm Temperate,Dry,Europe,Oil Palm,0,N/A,N/A,
13866,Warm Temperate,Dry,Europe,Rubber,0,N/A,N/A,
13867,Warm Temperate,Dry,Europe,Tea,0,N/A,N/A,
13868,Warm Temperate,Dry,Oceania,Agroforestry - Default,0.386666667,N/A,N/A,
13869,Warm Temperate,Dry,Oceania,Hedgerow,0.23,N/A,N/A,
13870,Warm Temperate,Dry,Oceania,Silvoarable,0.23,N/A,N/A,
13871,Warm Temperate,Dry,Oceania,Silvopasture,0.7,N/A,N/A,
13872,Warm Temperate,Dry,Oceania,Olive,0,N/A,N/A,
13873,Warm Temperate,Dry,Oceania,Orchard,0,N/A,N/A,
13874,Warm Temperate,Dry,Oceania,Vine,0,N/A,N/A,
13875,Warm Temperate,Dry,Oceania,Short Rotation Coppice,0,N/A,N/A,
13876,Warm Temperate,Dry,Oceania,Oil Palm,0,N/A,N/A,
13877,Warm Temperate,Dry,Oceania,Rubber,0,N/A,N/A,
13878,Warm Temperate,Dry,Oceania,Tea,0,N/A,N/A,
13879,Warm Temperate,Dry,North America,Agroforestry - Default,0.386666667,N/A,N/A,
13880,Warm Temperate,Dry,North America,Hedgerow,0.23,N/A,N/A,
13881,Warm Temperate,Dry,North America,Silvoarable,0.23,N/A,N/A,
13882,Warm Temperate,Dry,North America,Silvopasture,0.7,N/A,N/A,
13883,Warm Temperate,Dry,North America,Olive,0,N/A,N/A,
13884,Warm Temperate,Dry,North America,Orchard,0,N/A,N/A,
13885,Warm Temperate,Dry,North America,Vine,0,N/A,N/A,
13886,Warm Temperate,Dry,North America,Short Rotation Coppice,0,N/A,N/A,
13887,Warm Temperate,Dry,North America,Oil Palm,0,N/A,N/A,
13888,Warm Temperate,Dry,North America,Rubber,0,N/A,N/A,
13889,Warm Temperate,Dry,North America,Tea,0,N/A,N/A,
13890,Warm Temperate,Dry,South America,Agroforestry - Default,0.386666667,N/A,N/A,
13891,Warm Temperate,Dry,South America,Hedgerow,0.23,N/A,N/A,
13892,Warm Temperate,Dry,South America,Silvoarable,0.23,N/A,N/A,
13893,Warm Temperate,Dry,South America,Silvopasture,0.7,N/A,N/A,
13894,Warm Temperate,Dry,South America,Olive,0,N/A,N/A,
13895,Warm Temperate,Dry,South America,Orchard,0,N/A,N/A,
13896,Warm Temperate,Dry,South America,Vine,0,N/A,N/A,
13897,Warm Temperate,Dry,South America,Short Rotation Coppice,0,N/A,N/A,
13898,Warm Temperate,Dry,South America,Oil Palm,0,N/A,N/A,
13899,Warm Temperate,Dry,South America,Rubber,0,N/A,N/A,
13900,Warm Temperate,Dry,South America,Tea,0,N/A,N/A,
13901,Warm Temperate,Dry,Central America,Agroforestry - Default,0.386666667,N/A,N/A,
13902,Warm Temperate,Dry,Central America,Hedgerow,0.23,N/A,N/A,
13903,Warm Temperate,Dry,Central America,Silvoarable,0.23,N/A,N/A,
13904,Warm Temperate,Dry,Central America,Silvopasture,0.7,N/A,N/A,
13905,Warm Temperate,Dry,Central America,Olive,0,N/A,N/A,
13906,Warm Temperate,Dry,Central America,Orchard,0,N/A,N/A,
13907,Warm Temperate,Dry,Central America,Vine,0,N/A,N/A,
13908,Warm Temperate,Dry,Central America,Short Rotation Coppice,0,N/A,N/A,
13909,Warm Temperate,Dry,Central America,Oil Palm,0,N/A,N/A,
13910,Warm Temperate,Dry,Central America,Rubber,0,N/A,N/A,
13911,Warm Temperate,Dry,Central America,Tea,0,N/A,N/A,
13912,Warm Temperate,Dry,Caribbean,Agroforestry - Default,0.386666667,N/A,N/A,
13913,Warm Temperate,Dry,Caribbean,Hedgerow,0.23,N/A,N/A,
13914,Warm Temperate,Dry,Caribbean,Silvoarable,0.23,N/A,N/A,
13915,Warm Temperate,Dry,Caribbean,Silvopasture,0.7,N/A,N/A,
13916,Warm Temperate,Dry,Caribbean,Olive,0,N/A,N/A,
13917,Warm Temperate,Dry,Caribbean,Orchard,0,N/A,N/A,
13918,Warm Temperate,Dry,Caribbean,Vine,0,N/A,N/A,
13919,Warm Temperate,Dry,Caribbean,Short Rotation Coppice,0,N/A,N/A,
13920,Warm Temperate,Dry,Caribbean,Oil Palm,0,N/A,N/A,
13921,Warm Temperate,Dry,Caribbean,Rubber,0,N/A,N/A,
13922,Warm Temperate,Dry,Caribbean,Tea,0,N/A,N/A,
13923,Warm Temperate,Moist,Eastern Africa,Agroforestry - Default,0.386666667,N/A,N/A,
13924,Warm Temperate,Moist,Eastern Africa,Hedgerow,0.23,N/A,N/A,
13925,Warm Temperate,Moist,Eastern Africa,Silvoarable,0.23,N/A,N/A,
13926,Warm Temperate,Moist,Eastern Africa,Silvopasture,0.7,N/A,N/A,
13927,Warm Temperate,Moist,Eastern Africa,Olive,0,N/A,N/A,
13928,Warm Temperate,Moist,Eastern Africa,Orchard,0,N/A,N/A,
13929,Warm Temperate,Moist,Eastern Africa,Vine,0,N/A,N/A,
13930,Warm Temperate,Moist,Eastern Africa,Short Rotation Coppice,0,N/A,N/A,
13931,Warm Temperate,Moist,Eastern Africa,Oil Palm,0,N/A,N/A,
13932,Warm Temperate,Moist,Eastern Africa,Rubber,0,N/A,N/A,
13933,Warm Temperate,Moist,Eastern Africa,Tea,0,N/A,N/A,
13934,Warm Temperate,Moist,Central Africa,Agroforestry - Default,0.386666667,N/A,N/A,
13935,Warm Temperate,Moist,Central Africa,Hedgerow,0.23,N/A,N/A,
13936,Warm Temperate,Moist,Central Africa,Silvoarable,0.23,N/A,N/A,
13937,Warm Temperate,Moist,Central Africa,Silvopasture,0.7,N/A,N/A,
13938,Warm Temperate,Moist,Central Africa,Olive,0,N/A,N/A,
13939,Warm Temperate,Moist,Central Africa,Orchard,0,N/A,N/A,
13940,Warm Temperate,Moist,Central Africa,Vine,0,N/A,N/A,
13941,Warm Temperate,Moist,Central Africa,Short Rotation Coppice,0,N/A,N/A,
13942,Warm Temperate,Moist,Central Africa,Oil Palm,0,N/A,N/A,
13943,Warm Temperate,Moist,Central Africa,Rubber,0,N/A,N/A,
13944,Warm Temperate,Moist,Central Africa,Tea,0,N/A,N/A,
13945,Warm Temperate,Moist,Northern Africa,Agroforestry - Default,0.386666667,N/A,N/A,
13946,Warm Temperate,Moist,Northern Africa,Hedgerow,0.23,N/A,N/A,
13947,Warm Temperate,Moist,Northern Africa,Silvoarable,0.23,N/A,N/A,
13948,Warm Temperate,Moist,Northern Africa,Silvopasture,0.7,N/A,N/A,
13949,Warm Temperate,Moist,Northern Africa,Olive,0,N/A,N/A,
13950,Warm Temperate,Moist,Northern Africa,Orchard,0,N/A,N/A,
13951,Warm Temperate,Moist,Northern Africa,Vine,0,N/A,N/A,
13952,Warm Temperate,Moist,Northern Africa,Short Rotation Coppice,0,N/A,N/A,
13953,Warm Temperate,Moist,Northern Africa,Oil Palm,0,N/A,N/A,
13954,Warm Temperate,Moist,Northern Africa,Rubber,0,N/A,N/A,
13955,Warm Temperate,Moist,Northern Africa,Tea,0,N/A,N/A,
13956,Warm Temperate,Moist,Southern Africa,Agroforestry - Default,0.386666667,N/A,N/A,
13957,Warm Temperate,Moist,Southern Africa,Hedgerow,0.23,N/A,N/A,
13958,Warm Temperate,Moist,Southern Africa,Silvoarable,0.23,N/A,N/A,
13959,Warm Temperate,Moist,Southern Africa,Silvopasture,0.7,N/A,N/A,
13960,Warm Temperate,Moist,Southern Africa,Olive,0,N/A,N/A,
13961,Warm Temperate,Moist,Southern Africa,Orchard,0,N/A,N/A,
13962,Warm Temperate,Moist,Southern Africa,Vine,0,N/A,N/A,
13963,Warm Temperate,Moist,Southern Africa,Short Rotation Coppice,0,N/A,N/A,
13964,Warm Temperate,Moist,Southern Africa,Oil Palm,0,N/A,N/A,
13965,Warm Temperate,Moist,Southern Africa,Rubber,0,N/A,N/A,
13966,Warm Temperate,Moist,Southern Africa,Tea,0,N/A,N/A,
13967,Warm Temperate,Moist,Western Africa,Agroforestry - Default,0.386666667,N/A,N/A,
13968,Warm Temperate,Moist,Western Africa,Hedgerow,0.23,N/A,N/A,
13969,Warm Temperate,Moist,Western Africa,Silvoarable,0.23,N/A,N/A,
13970,Warm Temperate,Moist,Western Africa,Silvopasture,0.7,N/A,N/A,
13971,Warm Temperate,Moist,Western Africa,Olive,0,N/A,N/A,
13972,Warm Temperate,Moist,Western Africa,Orchard,0,N/A,N/A,
13973,Warm Temperate,Moist,Western Africa,Vine,0,N/A,N/A,
13974,Warm Temperate,Moist,Western Africa,Short Rotation Coppice,0,N/A,N/A,
13975,Warm Temperate,Moist,Western Africa,Oil Palm,0,N/A,N/A,
13976,Warm Temperate,Moist,Western Africa,Rubber,0,N/A,N/A,
13977,Warm Temperate,Moist,Western Africa,Tea,0,N/A,N/A,
13978,Warm Temperate,Moist,Central Asia,Agroforestry - Default,0.386666667,N/A,N/A,
13979,Warm Temperate,Moist,Central Asia,Hedgerow,0.23,N/A,N/A,
13980,Warm Temperate,Moist,Central Asia,Silvoarable,0.23,N/A,N/A,
13981,Warm Temperate,Moist,Central Asia,Silvopasture,0.7,N/A,N/A,
13982,Warm Temperate,Moist,Central Asia,Olive,0,N/A,N/A,
13983,Warm Temperate,Moist,Central Asia,Orchard,0,N/A,N/A,
13984,Warm Temperate,Moist,Central Asia,Vine,0,N/A,N/A,
13985,Warm Temperate,Moist,Central Asia,Short Rotation Coppice,0,N/A,N/A,
13986,Warm Temperate,Moist,Central Asia,Oil Palm,0,N/A,N/A,
13987,Warm Temperate,Moist,Central Asia,Rubber,0,N/A,N/A,
13988,Warm Temperate,Moist,Central Asia,Tea,0,N/A,N/A,
13989,Warm Temperate,Moist,Eastern Asia,Agroforestry - Default,0.386666667,N/A,N/A,
13990,Warm Temperate,Moist,Eastern Asia,Hedgerow,0.23,N/A,N/A,
13991,Warm Temperate,Moist,Eastern Asia,Silvoarable,0.23,N/A,N/A,
13992,Warm Temperate,Moist,Eastern Asia,Silvopasture,0.7,N/A,N/A,
13993,Warm Temperate,Moist,Eastern Asia,Olive,0,N/A,N/A,
13994,Warm Temperate,Moist,Eastern Asia,Orchard,0,N/A,N/A,
13995,Warm Temperate,Moist,Eastern Asia,Vine,0,N/A,N/A,
13996,Warm Temperate,Moist,Eastern Asia,Short Rotation Coppice,0,N/A,N/A,
13997,Warm Temperate,Moist,Eastern Asia,Oil Palm,0,N/A,N/A,
13998,Warm Temperate,Moist,Eastern Asia,Rubber,0,N/A,N/A,
13999,Warm Temperate,Moist,Eastern Asia,Tea,0,N/A,N/A,
14000,Warm Temperate,Moist,South-Eastern Asia,Agroforestry - Default,0.386666667,N/A,N/A,
14001,Warm Temperate,Moist,South-Eastern Asia,Hedgerow,0.23,N/A,N/A,
14002,Warm Temperate,Moist,South-Eastern Asia,Silvoarable,0.23,N/A,N/A,
14003,Warm Temperate,Moist,South-Eastern Asia,Silvopasture,0.7,N/A,N/A,
14004,Warm Temperate,Moist,South-Eastern Asia,Olive,0,N/A,N/A,
14005,Warm Temperate,Moist,South-Eastern Asia,Orchard,0,N/A,N/A,
14006,Warm Temperate,Moist,South-Eastern Asia,Vine,0,N/A,N/A,
14007,Warm Temperate,Moist,South-Eastern Asia,Short Rotation Coppice,0,N/A,N/A,
14008,Warm Temperate,Moist,South-Eastern Asia,Oil Palm,0,N/A,N/A,
14009,Warm Temperate,Moist,South-Eastern Asia,Rubber,0,N/A,N/A,
14010,Warm Temperate,Moist,South-Eastern Asia,Tea,0,N/A,N/A,
14011,Warm Temperate,Moist,Southern Asia,Agroforestry - Default,0.386666667,N/A,N/A,
14012,Warm Temperate,Moist,Southern Asia,Hedgerow,0.23,N/A,N/A,
14013,Warm Temperate,Moist,Southern Asia,Silvoarable,0.23,N/A,N/A,
14014,Warm Temperate,Moist,Southern Asia,Silvopasture,0.7,N/A,N/A,
14015,Warm Temperate,Moist,Southern Asia,Olive,0,N/A,N/A,
14016,Warm Temperate,Moist,Southern Asia,Orchard,0,N/A,N/A,
14017,Warm Temperate,Moist,Southern Asia,Vine,0,N/A,N/A,
14018,Warm Temperate,Moist,Southern Asia,Short Rotation Coppice,0,N/A,N/A,
14019,Warm Temperate,Moist,Southern Asia,Oil Palm,0,N/A,N/A,
14020,Warm Temperate,Moist,Southern Asia,Rubber,0,N/A,N/A,
14021,Warm Temperate,Moist,Southern Asia,Tea,0,N/A,N/A,
14022,Warm Temperate,Moist,Western Asia,Agroforestry - Default,0.386666667,N/A,N/A,
14023,Warm Temperate,Moist,Western Asia,Hedgerow,0.23,N/A,N/A,
14024,Warm Temperate,Moist,Western Asia,Silvoarable,0.23,N/A,N/A,
14025,Warm Temperate,Moist,Western Asia,Silvopasture,0.7,N/A,N/A,
14026,Warm Temperate,Moist,Western Asia,Olive,0,N/A,N/A,
14027,Warm Temperate,Moist,Western Asia,Orchard,0,N/A,N/A,
14028,Warm Temperate,Moist,Western Asia,Vine,0,N/A,N/A,
14029,Warm Temperate,Moist,Western Asia,Short Rotation Coppice,0,N/A,N/A,
14030,Warm Temperate,Moist,Western Asia,Oil Palm,0,N/A,N/A,
14031,Warm Temperate,Moist,Western Asia,Rubber,0,N/A,N/A,
14032,Warm Temperate,Moist,Western Asia,Tea,0,N/A,N/A,
14033,Warm Temperate,Moist,Europe,Agroforestry - Default,0.466666667,N/A,N/A,
14034,Warm Temperate,Moist,Europe,Hedgerow,0.23,N/A,N/A,
14035,Warm Temperate,Moist,Europe,Silvoarable,0.14,N/A,N/A,
14036,Warm Temperate,Moist,Europe,Silvopasture,1.03,N/A,N/A,
14037,Warm Temperate,Moist,Europe,Olive,0,N/A,N/A,
14038,Warm Temperate,Moist,Europe,Orchard,0,N/A,N/A,
14039,Warm Temperate,Moist,Europe,Vine,0,N/A,N/A,
14040,Warm Temperate,Moist,Europe,Short Rotation Coppice,0,N/A,N/A,
14041,Warm Temperate,Moist,Europe,Oil Palm,0,N/A,N/A,
14042,Warm Temperate,Moist,Europe,Rubber,0,N/A,N/A,
14043,Warm Temperate,Moist,Europe,Tea,0,N/A,N/A,
14044,Warm Temperate,Moist,Oceania,Agroforestry - Default,0.386666667,N/A,N/A,
14045,Warm Temperate,Moist,Oceania,Hedgerow,0.23,N/A,N/A,
14046,Warm Temperate,Moist,Oceania,Silvoarable,0.23,N/A,N/A,
14047,Warm Temperate,Moist,Oceania,Silvopasture,0.7,N/A,N/A,
14048,Warm Temperate,Moist,Oceania,Olive,0,N/A,N/A,
14049,Warm Temperate,Moist,Oceania,Orchard,0,N/A,N/A,
14050,Warm Temperate,Moist,Oceania,Vine,0,N/A,N/A,
14051,Warm Temperate,Moist,Oceania,Short Rotation Coppice,0,N/A,N/A,
14052,Warm Temperate,Moist,Oceania,Oil Palm,0,N/A,N/A,
14053,Warm Temperate,Moist,Oceania,Rubber,0,N/A,N/A,
14054,Warm Temperate,Moist,Oceania,Tea,0,N/A,N/A,
14055,Warm Temperate,Moist,North America,Agroforestry - Default,0.386666667,N/A,N/A,
14056,Warm Temperate,Moist,North America,Hedgerow,0.23,N/A,N/A,
14057,Warm Temperate,Moist,North America,Silvoarable,0.23,N/A,N/A,
14058,Warm Temperate,Moist,North America,Silvopasture,0.7,N/A,N/A,
14059,Warm Temperate,Moist,North America,Olive,0,N/A,N/A,
14060,Warm Temperate,Moist,North America,Orchard,0,N/A,N/A,
14061,Warm Temperate,Moist,North America,Vine,0,N/A,N/A,
14062,Warm Temperate,Moist,North America,Short Rotation Coppice,0,N/A,N/A,
14063,Warm Temperate,Moist,North America,Oil Palm,0,N/A,N/A,
14064,Warm Temperate,Moist,North America,Rubber,0,N/A,N/A,
14065,Warm Temperate,Moist,North America,Tea,0,N/A,N/A,
14066,Warm Temperate,Moist,South America,Agroforestry - Default,0.386666667,N/A,N/A,
14067,Warm Temperate,Moist,South America,Hedgerow,0.23,N/A,N/A,
14068,Warm Temperate,Moist,South America,Silvoarable,0.23,N/A,N/A,
14069,Warm Temperate,Moist,South America,Silvopasture,0.7,N/A,N/A,
14070,Warm Temperate,Moist,South America,Olive,0,N/A,N/A,
14071,Warm Temperate,Moist,South America,Orchard,0,N/A,N/A,
14072,Warm Temperate,Moist,South America,Vine,0,N/A,N/A,
14073,Warm Temperate,Moist,South America,Short Rotation Coppice,0,N/A,N/A,
14074,Warm Temperate,Moist,South America,Oil Palm,0,N/A,N/A,
14075,Warm Temperate,Moist,South America,Rubber,0,N/A,N/A,
14076,Warm Temperate,Moist,South America,Tea,0,N/A,N/A,
14077,Warm Temperate,Moist,Central America,Agroforestry - Default,0.386666667,N/A,N/A,
14078,Warm Temperate,Moist,Central America,Hedgerow,0.23,N/A,N/A,
14079,Warm Temperate,Moist,Central America,Silvoarable,0.23,N/A,N/A,
14080,Warm Temperate,Moist,Central America,Silvopasture,0.7,N/A,N/A,
14081,Warm Temperate,Moist,Central America,Olive,0,N/A,N/A,
14082,Warm Temperate,Moist,Central America,Orchard,0,N/A,N/A,
14083,Warm Temperate,Moist,Central America,Vine,0,N/A,N/A,
14084,Warm Temperate,Moist,Central America,Short Rotation Coppice,0,N/A,N/A,
14085,Warm Temperate,Moist,Central America,Oil Palm,0,N/A,N/A,
14086,Warm Temperate,Moist,Central America,Rubber,0,N/A,N/A,
14087,Warm Temperate,Moist,Central America,Tea,0,N/A,N/A,
14088,Warm Temperate,Moist,Caribbean,Agroforestry - Default,0.386666667,N/A,N/A,
14089,Warm Temperate,Moist,Caribbean,Hedgerow,0.23,N/A,N/A,
14090,Warm Temperate,Moist,Caribbean,Silvoarable,0.23,N/A,N/A,
14091,Warm Temperate,Moist,Caribbean,Silvopasture,0.7,N/A,N/A,
14092,Warm Temperate,Moist,Caribbean,Olive,0,N/A,N/A,
14093,Warm Temperate,Moist,Caribbean,Orchard,0,N/A,N/A,
14094,Warm Temperate,Moist,Caribbean,Vine,0,N/A,N/A,
14095,Warm Temperate,Moist,Caribbean,Short Rotation Coppice,0,N/A,N/A,
14096,Warm Temperate,Moist,Caribbean,Oil Palm,0,N/A,N/A,
14097,Warm Temperate,Moist,Caribbean,Rubber,0,N/A,N/A,
14098,Warm Temperate,Moist,Caribbean,Tea,0,N/A,N/A,
14099,Tropical,Dry,Eastern Africa,Agroforestry - Default,0.84875,N/A,N/A,
14100,Tropical,Dry,Eastern Africa,Alley Cropping,0.45,N/A,N/A,
14101,Tropical,Dry,Eastern Africa,Perennial Fallow,2.54,N/A,N/A,
14102,Tropical,Dry,Eastern Africa,Hedgerow,0.12,N/A,N/A,
14103,Tropical,Dry,Eastern Africa,Multistrata,0.46,N/A,N/A,
14104,Tropical,Dry,Eastern Africa,Parkland,0.21,N/A,N/A,
14105,Tropical,Dry,Eastern Africa,Shaded Perennial,0.55,N/A,N/A,
14106,Tropical,Dry,Eastern Africa,Silvoarable,1.62,N/A,N/A,
14107,Tropical,Dry,Eastern Africa,Silvopasture,0.84,N/A,N/A,
14108,Tropical,Dry,Eastern Africa,Olive,0,N/A,N/A,
14109,Tropical,Dry,Eastern Africa,Orchard,0,N/A,N/A,
14110,Tropical,Dry,Eastern Africa,Vine,0,N/A,N/A,
14111,Tropical,Dry,Eastern Africa,Short Rotation Coppice,0,N/A,N/A,
14112,Tropical,Dry,Eastern Africa,Oil Palm,0,N/A,N/A,
14113,Tropical,Dry,Eastern Africa,Rubber,0,N/A,N/A,
14114,Tropical,Dry,Eastern Africa,Tea,0,N/A,N/A,
14115,Tropical,Dry,Central Africa,Agroforestry - Default,0.84875,N/A,N/A,
14116,Tropical,Dry,Central Africa,Alley Cropping,0.45,N/A,N/A,
14117,Tropical,Dry,Central Africa,Perennial Fallow,2.54,N/A,N/A,
14118,Tropical,Dry,Central Africa,Hedgerow,0.12,N/A,N/A,
14119,Tropical,Dry,Central Africa,Multistrata,0.46,N/A,N/A,
14120,Tropical,Dry,Central Africa,Parkland,0.21,N/A,N/A,
14121,Tropical,Dry,Central Africa,Shaded Perennial,0.55,N/A,N/A,
14122,Tropical,Dry,Central Africa,Silvoarable,1.62,N/A,N/A,
14123,Tropical,Dry,Central Africa,Silvopasture,0.84,N/A,N/A,
14124,Tropical,Dry,Central Africa,Olive,0,N/A,N/A,
14125,Tropical,Dry,Central Africa,Orchard,0,N/A,N/A,
14126,Tropical,Dry,Central Africa,Vine,0,N/A,N/A,
14127,Tropical,Dry,Central Africa,Short Rotation Coppice,0,N/A,N/A,
14128,Tropical,Dry,Central Africa,Oil Palm,0,N/A,N/A,
14129,Tropical,Dry,Central Africa,Rubber,0,N/A,N/A,
14130,Tropical,Dry,Central Africa,Tea,0,N/A,N/A,
14131,Tropical,Dry,Northern Africa,Agroforestry - Default,0.84875,N/A,N/A,
14132,Tropical,Dry,Northern Africa,Alley Cropping,0.45,N/A,N/A,
14133,Tropical,Dry,Northern Africa,Perennial Fallow,2.54,N/A,N/A,
14134,Tropical,Dry,Northern Africa,Hedgerow,0.12,N/A,N/A,
14135,Tropical,Dry,Northern Africa,Multistrata,0.46,N/A,N/A,
14136,Tropical,Dry,Northern Africa,Parkland,0.21,N/A,N/A,
14137,Tropical,Dry,Northern Africa,Shaded Perennial,0.55,N/A,N/A,
14138,Tropical,Dry,Northern Africa,Silvoarable,1.62,N/A,N/A,
14139,Tropical,Dry,Northern Africa,Silvopasture,0.84,N/A,N/A,
14140,Tropical,Dry,Northern Africa,Olive,0,N/A,N/A,
14141,Tropical,Dry,Northern Africa,Orchard,0,N/A,N/A,
14142,Tropical,Dry,Northern Africa,Vine,0,N/A,N/A,
14143,Tropical,Dry,Northern Africa,Short Rotation Coppice,0,N/A,N/A,
14144,Tropical,Dry,Northern Africa,Oil Palm,0,N/A,N/A,
14145,Tropical,Dry,Northern Africa,Rubber,0,N/A,N/A,
14146,Tropical,Dry,Northern Africa,Tea,0,N/A,N/A,
14147,Tropical,Dry,Southern Africa,Agroforestry - Default,0.84875,N/A,N/A,
14148,Tropical,Dry,Southern Africa,Alley Cropping,0.45,N/A,N/A,
14149,Tropical,Dry,Southern Africa,Perennial Fallow,2.54,N/A,N/A,
14150,Tropical,Dry,Southern Africa,Hedgerow,0.12,N/A,N/A,
14151,Tropical,Dry,Southern Africa,Multistrata,0.46,N/A,N/A,
14152,Tropical,Dry,Southern Africa,Parkland,0.21,N/A,N/A,
14153,Tropical,Dry,Southern Africa,Shaded Perennial,0.55,N/A,N/A,
14154,Tropical,Dry,Southern Africa,Silvoarable,1.62,N/A,N/A,
14155,Tropical,Dry,Southern Africa,Silvopasture,0.84,N/A,N/A,
14156,Tropical,Dry,Southern Africa,Olive,0,N/A,N/A,
14157,Tropical,Dry,Southern Africa,Orchard,0,N/A,N/A,
14158,Tropical,Dry,Southern Africa,Vine,0,N/A,N/A,
14159,Tropical,Dry,Southern Africa,Short Rotation Coppice,0,N/A,N/A,
14160,Tropical,Dry,Southern Africa,Oil Palm,0,N/A,N/A,
14161,Tropical,Dry,Southern Africa,Rubber,0,N/A,N/A,
14162,Tropical,Dry,Southern Africa,Tea,0,N/A,N/A,
14163,Tropical,Dry,Western Africa,Agroforestry - Default,0.84875,N/A,N/A,
14164,Tropical,Dry,Western Africa,Alley Cropping,0.45,N/A,N/A,
14165,Tropical,Dry,Western Africa,Perennial Fallow,2.54,N/A,N/A,
14166,Tropical,Dry,Western Africa,Hedgerow,0.12,N/A,N/A,
14167,Tropical,Dry,Western Africa,Multistrata,0.46,N/A,N/A,
14168,Tropical,Dry,Western Africa,Parkland,0.21,N/A,N/A,
14169,Tropical,Dry,Western Africa,Shaded Perennial,0.55,N/A,N/A,
14170,Tropical,Dry,Western Africa,Silvoarable,1.62,N/A,N/A,
14171,Tropical,Dry,Western Africa,Silvopasture,0.84,N/A,N/A,
14172,Tropical,Dry,Western Africa,Olive,0,N/A,N/A,
14173,Tropical,Dry,Western Africa,Orchard,0,N/A,N/A,
14174,Tropical,Dry,Western Africa,Vine,0,N/A,N/A,
14175,Tropical,Dry,Western Africa,Short Rotation Coppice,0,N/A,N/A,
14176,Tropical,Dry,Western Africa,Oil Palm,0,N/A,N/A,
14177,Tropical,Dry,Western Africa,Rubber,0,N/A,N/A,
14178,Tropical,Dry,Western Africa,Tea,0,N/A,N/A,
14179,Tropical,Dry,Central Asia,Agroforestry - Default,0.625,N/A,N/A,
14180,Tropical,Dry,Central Asia,Alley Cropping,0.67,N/A,N/A,
14181,Tropical,Dry,Central Asia,Perennial Fallow,0.53,N/A,N/A,
14182,Tropical,Dry,Central Asia,Hedgerow,0.12,N/A,N/A,
14183,Tropical,Dry,Central Asia,Multistrata,0.46,N/A,N/A,
14184,Tropical,Dry,Central Asia,Parkland,0.21,N/A,N/A,
14185,Tropical,Dry,Central Asia,Shaded Perennial,0.55,N/A,N/A,
14186,Tropical,Dry,Central Asia,Silvoarable,1.62,N/A,N/A,
14187,Tropical,Dry,Central Asia,Silvopasture,0.84,N/A,N/A,
14188,Tropical,Dry,Central Asia,Olive,0,N/A,N/A,
14189,Tropical,Dry,Central Asia,Orchard,0,N/A,N/A,
14190,Tropical,Dry,Central Asia,Vine,0,N/A,N/A,
14191,Tropical,Dry,Central Asia,Short Rotation Coppice,0,N/A,N/A,
14192,Tropical,Dry,Central Asia,Oil Palm,0,N/A,N/A,
14193,Tropical,Dry,Central Asia,Rubber,0,N/A,N/A,
14194,Tropical,Dry,Central Asia,Tea,0,N/A,N/A,
14195,Tropical,Dry,Eastern Asia,Agroforestry - Default,0.625,N/A,N/A,
14196,Tropical,Dry,Eastern Asia,Alley Cropping,0.67,N/A,N/A,
14197,Tropical,Dry,Eastern Asia,Perennial Fallow,0.53,N/A,N/A,
14198,Tropical,Dry,Eastern Asia,Hedgerow,0.12,N/A,N/A,
14199,Tropical,Dry,Eastern Asia,Multistrata,0.46,N/A,N/A,
14200,Tropical,Dry,Eastern Asia,Parkland,0.21,N/A,N/A,
14201,Tropical,Dry,Eastern Asia,Shaded Perennial,0.55,N/A,N/A,
14202,Tropical,Dry,Eastern Asia,Silvoarable,1.62,N/A,N/A,
14203,Tropical,Dry,Eastern Asia,Silvopasture,0.84,N/A,N/A,
14204,Tropical,Dry,Eastern Asia,Olive,0,N/A,N/A,
14205,Tropical,Dry,Eastern Asia,Orchard,0,N/A,N/A,
14206,Tropical,Dry,Eastern Asia,Vine,0,N/A,N/A,
14207,Tropical,Dry,Eastern Asia,Short Rotation Coppice,0,N/A,N/A,
14208,Tropical,Dry,Eastern Asia,Oil Palm,0,N/A,N/A,
14209,Tropical,Dry,Eastern Asia,Rubber,0,N/A,N/A,
14210,Tropical,Dry,Eastern Asia,Tea,0,N/A,N/A,
14211,Tropical,Dry,South-Eastern Asia,Agroforestry - Default,0.625,N/A,N/A,
14212,Tropical,Dry,South-Eastern Asia,Alley Cropping,0.67,N/A,N/A,
14213,Tropical,Dry,South-Eastern Asia,Perennial Fallow,0.53,N/A,N/A,
14214,Tropical,Dry,South-Eastern Asia,Hedgerow,0.12,N/A,N/A,
14215,Tropical,Dry,South-Eastern Asia,Multistrata,0.46,N/A,N/A,
14216,Tropical,Dry,South-Eastern Asia,Parkland,0.21,N/A,N/A,
14217,Tropical,Dry,South-Eastern Asia,Shaded Perennial,0.55,N/A,N/A,
14218,Tropical,Dry,South-Eastern Asia,Silvoarable,1.62,N/A,N/A,
14219,Tropical,Dry,South-Eastern Asia,Silvopasture,0.84,N/A,N/A,
14220,Tropical,Dry,South-Eastern Asia,Olive,0,N/A,N/A,
14221,Tropical,Dry,South-Eastern Asia,Orchard,0,N/A,N/A,
14222,Tropical,Dry,South-Eastern Asia,Vine,0,N/A,N/A,
14223,Tropical,Dry,South-Eastern Asia,Short Rotation Coppice,0,N/A,N/A,
14224,Tropical,Dry,South-Eastern Asia,Oil Palm,0,N/A,N/A,
14225,Tropical,Dry,South-Eastern Asia,Rubber,0,N/A,N/A,
14226,Tropical,Dry,South-Eastern Asia,Tea,0,N/A,N/A,
14227,Tropical,Dry,Southern Asia,Agroforestry - Default,0.625,N/A,N/A,
14228,Tropical,Dry,Southern Asia,Alley Cropping,0.67,N/A,N/A,
14229,Tropical,Dry,Southern Asia,Perennial Fallow,0.53,N/A,N/A,
14230,Tropical,Dry,Southern Asia,Hedgerow,0.12,N/A,N/A,
14231,Tropical,Dry,Southern Asia,Multistrata,0.46,N/A,N/A,
14232,Tropical,Dry,Southern Asia,Parkland,0.21,N/A,N/A,
14233,Tropical,Dry,Southern Asia,Shaded Perennial,0.55,N/A,N/A,
14234,Tropical,Dry,Southern Asia,Silvoarable,1.62,N/A,N/A,
14235,Tropical,Dry,Southern Asia,Silvopasture,0.84,N/A,N/A,
14236,Tropical,Dry,Southern Asia,Olive,0,N/A,N/A,
14237,Tropical,Dry,Southern Asia,Orchard,0,N/A,N/A,
14238,Tropical,Dry,Southern Asia,Vine,0,N/A,N/A,
14239,Tropical,Dry,Southern Asia,Short Rotation Coppice,0,N/A,N/A,
14240,Tropical,Dry,Southern Asia,Oil Palm,0,N/A,N/A,
14241,Tropical,Dry,Southern Asia,Rubber,0,N/A,N/A,
14242,Tropical,Dry,Southern Asia,Tea,0,N/A,N/A,
14243,Tropical,Dry,Western Asia,Agroforestry - Default,0.625,N/A,N/A,
14244,Tropical,Dry,Western Asia,Alley Cropping,0.67,N/A,N/A,
14245,Tropical,Dry,Western Asia,Perennial Fallow,0.53,N/A,N/A,
14246,Tropical,Dry,Western Asia,Hedgerow,0.12,N/A,N/A,
14247,Tropical,Dry,Western Asia,Multistrata,0.46,N/A,N/A,
14248,Tropical,Dry,Western Asia,Parkland,0.21,N/A,N/A,
14249,Tropical,Dry,Western Asia,Shaded Perennial,0.55,N/A,N/A,
14250,Tropical,Dry,Western Asia,Silvoarable,1.62,N/A,N/A,
14251,Tropical,Dry,Western Asia,Silvopasture,0.84,N/A,N/A,
14252,Tropical,Dry,Western Asia,Olive,0,N/A,N/A,
14253,Tropical,Dry,Western Asia,Orchard,0,N/A,N/A,
14254,Tropical,Dry,Western Asia,Vine,0,N/A,N/A,
14255,Tropical,Dry,Western Asia,Short Rotation Coppice,0,N/A,N/A,
14256,Tropical,Dry,Western Asia,Oil Palm,0,N/A,N/A,
14257,Tropical,Dry,Western Asia,Rubber,0,N/A,N/A,
14258,Tropical,Dry,Western Asia,Tea,0,N/A,N/A,
14259,Tropical,Dry,Europe,Agroforestry - Default,0.78625,N/A,N/A,
14260,Tropical,Dry,Europe,Alley Cropping,0.54,N/A,N/A,
14261,Tropical,Dry,Europe,Perennial Fallow,1.95,N/A,N/A,
14262,Tropical,Dry,Europe,Hedgerow,0.12,N/A,N/A,
14263,Tropical,Dry,Europe,Multistrata,0.46,N/A,N/A,
14264,Tropical,Dry,Europe,Parkland,0.21,N/A,N/A,
14265,Tropical,Dry,Europe,Shaded Perennial,0.55,N/A,N/A,
14266,Tropical,Dry,Europe,Silvoarable,1.62,N/A,N/A,
14267,Tropical,Dry,Europe,Silvopasture,0.84,N/A,N/A,
14268,Tropical,Dry,Europe,Olive,0,N/A,N/A,
14269,Tropical,Dry,Europe,Orchard,0,N/A,N/A,
14270,Tropical,Dry,Europe,Vine,0,N/A,N/A,
14271,Tropical,Dry,Europe,Short Rotation Coppice,0,N/A,N/A,
14272,Tropical,Dry,Europe,Oil Palm,0,N/A,N/A,
14273,Tropical,Dry,Europe,Rubber,0,N/A,N/A,
14274,Tropical,Dry,Europe,Tea,0,N/A,N/A,
14275,Tropical,Dry,Oceania,Agroforestry - Default,0.78625,N/A,N/A,
14276,Tropical,Dry,Oceania,Alley Cropping,0.54,N/A,N/A,
14277,Tropical,Dry,Oceania,Perennial Fallow,1.95,N/A,N/A,
14278,Tropical,Dry,Oceania,Hedgerow,0.12,N/A,N/A,
14279,Tropical,Dry,Oceania,Multistrata,0.46,N/A,N/A,
14280,Tropical,Dry,Oceania,Parkland,0.21,N/A,N/A,
14281,Tropical,Dry,Oceania,Shaded Perennial,0.55,N/A,N/A,
14282,Tropical,Dry,Oceania,Silvoarable,1.62,N/A,N/A,
14283,Tropical,Dry,Oceania,Silvopasture,0.84,N/A,N/A,
14284,Tropical,Dry,Oceania,Olive,0,N/A,N/A,
14285,Tropical,Dry,Oceania,Orchard,0,N/A,N/A,
14286,Tropical,Dry,Oceania,Vine,0,N/A,N/A,
14287,Tropical,Dry,Oceania,Short Rotation Coppice,0,N/A,N/A,
14288,Tropical,Dry,Oceania,Oil Palm,0,N/A,N/A,
14289,Tropical,Dry,Oceania,Rubber,0,N/A,N/A,
14290,Tropical,Dry,Oceania,Tea,0,N/A,N/A,
14291,Tropical,Dry,North America,Agroforestry - Default,0.78625,N/A,N/A,
14292,Tropical,Dry,North America,Alley Cropping,0.54,N/A,N/A,
14293,Tropical,Dry,North America,Perennial Fallow,1.95,N/A,N/A,
14294,Tropical,Dry,North America,Hedgerow,0.12,N/A,N/A,
14295,Tropical,Dry,North America,Multistrata,0.46,N/A,N/A,
14296,Tropical,Dry,North America,Parkland,0.21,N/A,N/A,
14297,Tropical,Dry,North America,Shaded Perennial,0.55,N/A,N/A,
14298,Tropical,Dry,North America,Silvoarable,1.62,N/A,N/A,
14299,Tropical,Dry,North America,Silvopasture,0.84,N/A,N/A,
14300,Tropical,Dry,North America,Olive,0,N/A,N/A,
14301,Tropical,Dry,North America,Orchard,0,N/A,N/A,
14302,Tropical,Dry,North America,Vine,0,N/A,N/A,
14303,Tropical,Dry,North America,Short Rotation Coppice,0,N/A,N/A,
14304,Tropical,Dry,North America,Oil Palm,0,N/A,N/A,
14305,Tropical,Dry,North America,Rubber,0,N/A,N/A,
14306,Tropical,Dry,North America,Tea,0,N/A,N/A,
14307,Tropical,Dry,South America,Agroforestry - Default,0.78625,N/A,N/A,
14308,Tropical,Dry,South America,Alley Cropping,0.54,N/A,N/A,
14309,Tropical,Dry,South America,Perennial Fallow,1.95,N/A,N/A,
14310,Tropical,Dry,South America,Hedgerow,0.12,N/A,N/A,
14311,Tropical,Dry,South America,Multistrata,0.46,N/A,N/A,
14312,Tropical,Dry,South America,Parkland,0.21,N/A,N/A,
14313,Tropical,Dry,South America,Shaded Perennial,0.55,N/A,N/A,
14314,Tropical,Dry,South America,Silvoarable,1.62,N/A,N/A,
14315,Tropical,Dry,South America,Silvopasture,0.84,N/A,N/A,
14316,Tropical,Dry,South America,Olive,0,N/A,N/A,
14317,Tropical,Dry,South America,Orchard,0,N/A,N/A,
14318,Tropical,Dry,South America,Vine,0,N/A,N/A,
14319,Tropical,Dry,South America,Short Rotation Coppice,0,N/A,N/A,
14320,Tropical,Dry,South America,Oil Palm,0,N/A,N/A,
14321,Tropical,Dry,South America,Rubber,0,N/A,N/A,
14322,Tropical,Dry,South America,Tea,0,N/A,N/A,
14323,Tropical,Dry,Central America,Agroforestry - Default,0.78625,N/A,N/A,
14324,Tropical,Dry,Central America,Alley Cropping,0.54,N/A,N/A,
14325,Tropical,Dry,Central America,Perennial Fallow,1.95,N/A,N/A,
14326,Tropical,Dry,Central America,Hedgerow,0.12,N/A,N/A,
14327,Tropical,Dry,Central America,Multistrata,0.46,N/A,N/A,
14328,Tropical,Dry,Central America,Parkland,0.21,N/A,N/A,
14329,Tropical,Dry,Central America,Shaded Perennial,0.55,N/A,N/A,
14330,Tropical,Dry,Central America,Silvoarable,1.62,N/A,N/A,
14331,Tropical,Dry,Central America,Silvopasture,0.84,N/A,N/A,
14332,Tropical,Dry,Central America,Olive,0,N/A,N/A,
14333,Tropical,Dry,Central America,Orchard,0,N/A,N/A,
14334,Tropical,Dry,Central America,Vine,0,N/A,N/A,
14335,Tropical,Dry,Central America,Short Rotation Coppice,0,N/A,N/A,
14336,Tropical,Dry,Central America,Oil Palm,0,N/A,N/A,
14337,Tropical,Dry,Central America,Rubber,0,N/A,N/A,
14338,Tropical,Dry,Central America,Tea,0,N/A,N/A,
14339,Tropical,Dry,Caribbean,Agroforestry - Default,0.78625,N/A,N/A,
14340,Tropical,Dry,Caribbean,Alley Cropping,0.54,N/A,N/A,
14341,Tropical,Dry,Caribbean,Perennial Fallow,1.95,N/A,N/A,
14342,Tropical,Dry,Caribbean,Hedgerow,0.12,N/A,N/A,
14343,Tropical,Dry,Caribbean,Multistrata,0.46,N/A,N/A,
14344,Tropical,Dry,Caribbean,Parkland,0.21,N/A,N/A,
14345,Tropical,Dry,Caribbean,Shaded Perennial,0.55,N/A,N/A,
14346,Tropical,Dry,Caribbean,Silvoarable,1.62,N/A,N/A,
14347,Tropical,Dry,Caribbean,Silvopasture,0.84,N/A,N/A,
14348,Tropical,Dry,Caribbean,Olive,0,N/A,N/A,
14349,Tropical,Dry,Caribbean,Orchard,0,N/A,N/A,
14350,Tropical,Dry,Caribbean,Vine,0,N/A,N/A,
14351,Tropical,Dry,Caribbean,Short Rotation Coppice,0,N/A,N/A,
14352,Tropical,Dry,Caribbean,Oil Palm,0,N/A,N/A,
14353,Tropical,Dry,Caribbean,Rubber,0,N/A,N/A,
14354,Tropical,Dry,Caribbean,Tea,0,N/A,N/A,
14355,Tropical,Moist,Eastern Africa,Agroforestry - Default,0.66875,N/A,N/A,
14356,Tropical,Moist,Eastern Africa,Alley Cropping,0.59,N/A,N/A,
14357,Tropical,Moist,Eastern Africa,Perennial Fallow,1.27,N/A,N/A,
14358,Tropical,Moist,Eastern Africa,Hedgerow,0.11,N/A,N/A,
14359,Tropical,Moist,Eastern Africa,Multistrata,0.72,N/A,N/A,
14360,Tropical,Moist,Eastern Africa,Parkland,0.21,N/A,N/A,
14361,Tropical,Moist,Eastern Africa,Shaded Perennial,0.44,N/A,N/A,
14362,Tropical,Moist,Eastern Africa,Silvoarable,1.22,N/A,N/A,
14363,Tropical,Moist,Eastern Africa,Silvopasture,0.79,N/A,N/A,
14364,Tropical,Moist,Eastern Africa,Olive,0,N/A,N/A,
14365,Tropical,Moist,Eastern Africa,Orchard,0,N/A,N/A,
14366,Tropical,Moist,Eastern Africa,Vine,0,N/A,N/A,
14367,Tropical,Moist,Eastern Africa,Short Rotation Coppice,0,N/A,N/A,
14368,Tropical,Moist,Eastern Africa,Oil Palm,0,N/A,N/A,
14369,Tropical,Moist,Eastern Africa,Rubber,0,N/A,N/A,
14370,Tropical,Moist,Eastern Africa,Tea,0,N/A,N/A,
14371,Tropical,Moist,Central Africa,Agroforestry - Default,0.66875,N/A,N/A,
14372,Tropical,Moist,Central Africa,Alley Cropping,0.59,N/A,N/A,
14373,Tropical,Moist,Central Africa,Perennial Fallow,1.27,N/A,N/A,
14374,Tropical,Moist,Central Africa,Hedgerow,0.11,N/A,N/A,
14375,Tropical,Moist,Central Africa,Multistrata,0.72,N/A,N/A,
14376,Tropical,Moist,Central Africa,Parkland,0.21,N/A,N/A,
14377,Tropical,Moist,Central Africa,Shaded Perennial,0.44,N/A,N/A,
14378,Tropical,Moist,Central Africa,Silvoarable,1.22,N/A,N/A,
14379,Tropical,Moist,Central Africa,Silvopasture,0.79,N/A,N/A,
14380,Tropical,Moist,Central Africa,Olive,0,N/A,N/A,
14381,Tropical,Moist,Central Africa,Orchard,0,N/A,N/A,
14382,Tropical,Moist,Central Africa,Vine,0,N/A,N/A,
14383,Tropical,Moist,Central Africa,Short Rotation Coppice,0,N/A,N/A,
14384,Tropical,Moist,Central Africa,Oil Palm,0,N/A,N/A,
14385,Tropical,Moist,Central Africa,Rubber,0,N/A,N/A,
14386,Tropical,Moist,Central Africa,Tea,0,N/A,N/A,
14387,Tropical,Moist,Northern Africa,Agroforestry - Default,0.66875,N/A,N/A,
14388,Tropical,Moist,Northern Africa,Alley Cropping,0.59,N/A,N/A,
14389,Tropical,Moist,Northern Africa,Perennial Fallow,1.27,N/A,N/A,
14390,Tropical,Moist,Northern Africa,Hedgerow,0.11,N/A,N/A,
14391,Tropical,Moist,Northern Africa,Multistrata,0.72,N/A,N/A,
14392,Tropical,Moist,Northern Africa,Parkland,0.21,N/A,N/A,
14393,Tropical,Moist,Northern Africa,Shaded Perennial,0.44,N/A,N/A,
14394,Tropical,Moist,Northern Africa,Silvoarable,1.22,N/A,N/A,
14395,Tropical,Moist,Northern Africa,Silvopasture,0.79,N/A,N/A,
14396,Tropical,Moist,Northern Africa,Olive,0,N/A,N/A,
14397,Tropical,Moist,Northern Africa,Orchard,0,N/A,N/A,
14398,Tropical,Moist,Northern Africa,Vine,0,N/A,N/A,
14399,Tropical,Moist,Northern Africa,Short Rotation Coppice,0,N/A,N/A,
14400,Tropical,Moist,Northern Africa,Oil Palm,0,N/A,N/A,
14401,Tropical,Moist,Northern Africa,Rubber,0,N/A,N/A,
14402,Tropical,Moist,Northern Africa,Tea,0,N/A,N/A,
14403,Tropical,Moist,Southern Africa,Agroforestry - Default,0.66875,N/A,N/A,
14404,Tropical,Moist,Southern Africa,Alley Cropping,0.59,N/A,N/A,
14405,Tropical,Moist,Southern Africa,Perennial Fallow,1.27,N/A,N/A,
14406,Tropical,Moist,Southern Africa,Hedgerow,0.11,N/A,N/A,
14407,Tropical,Moist,Southern Africa,Multistrata,0.72,N/A,N/A,
14408,Tropical,Moist,Southern Africa,Parkland,0.21,N/A,N/A,
14409,Tropical,Moist,Southern Africa,Shaded Perennial,0.44,N/A,N/A,
14410,Tropical,Moist,Southern Africa,Silvoarable,1.22,N/A,N/A,
14411,Tropical,Moist,Southern Africa,Silvopasture,0.79,N/A,N/A,
14412,Tropical,Moist,Southern Africa,Olive,0,N/A,N/A,
14413,Tropical,Moist,Southern Africa,Orchard,0,N/A,N/A,
14414,Tropical,Moist,Southern Africa,Vine,0,N/A,N/A,
14415,Tropical,Moist,Southern Africa,Short Rotation Coppice,0,N/A,N/A,
14416,Tropical,Moist,Southern Africa,Oil Palm,0,N/A,N/A,
14417,Tropical,Moist,Southern Africa,Rubber,0,N/A,N/A,
14418,Tropical,Moist,Southern Africa,Tea,0,N/A,N/A,
14419,Tropical,Moist,Western Africa,Agroforestry - Default,0.66875,N/A,N/A,
14420,Tropical,Moist,Western Africa,Alley Cropping,0.59,N/A,N/A,
14421,Tropical,Moist,Western Africa,Perennial Fallow,1.27,N/A,N/A,
14422,Tropical,Moist,Western Africa,Hedgerow,0.11,N/A,N/A,
14423,Tropical,Moist,Western Africa,Multistrata,0.72,N/A,N/A,
14424,Tropical,Moist,Western Africa,Parkland,0.21,N/A,N/A,
14425,Tropical,Moist,Western Africa,Shaded Perennial,0.44,N/A,N/A,
14426,Tropical,Moist,Western Africa,Silvoarable,1.22,N/A,N/A,
14427,Tropical,Moist,Western Africa,Silvopasture,0.79,N/A,N/A,
14428,Tropical,Moist,Western Africa,Olive,0,N/A,N/A,
14429,Tropical,Moist,Western Africa,Orchard,0,N/A,N/A,
14430,Tropical,Moist,Western Africa,Vine,0,N/A,N/A,
14431,Tropical,Moist,Western Africa,Short Rotation Coppice,0,N/A,N/A,
14432,Tropical,Moist,Western Africa,Oil Palm,0,N/A,N/A,
14433,Tropical,Moist,Western Africa,Rubber,0,N/A,N/A,
14434,Tropical,Moist,Western Africa,Tea,0,N/A,N/A,
14435,Tropical,Moist,Central Asia,Agroforestry - Default,0.5675,N/A,N/A,
14436,Tropical,Moist,Central Asia,Alley Cropping,0.58,N/A,N/A,
14437,Tropical,Moist,Central Asia,Perennial Fallow,1.27,N/A,N/A,
14438,Tropical,Moist,Central Asia,Hedgerow,0.11,N/A,N/A,
14439,Tropical,Moist,Central Asia,Multistrata,0.73,N/A,N/A,
14440,Tropical,Moist,Central Asia,Parkland,0.21,N/A,N/A,
14441,Tropical,Moist,Central Asia,Shaded Perennial,0.5,N/A,N/A,
14442,Tropical,Moist,Central Asia,Silvoarable,0.35,N/A,N/A,
14443,Tropical,Moist,Central Asia,Silvopasture,0.79,N/A,N/A,
14444,Tropical,Moist,Central Asia,Olive,0,N/A,N/A,
14445,Tropical,Moist,Central Asia,Orchard,0,N/A,N/A,
14446,Tropical,Moist,Central Asia,Vine,0,N/A,N/A,
14447,Tropical,Moist,Central Asia,Short Rotation Coppice,0,N/A,N/A,
14448,Tropical,Moist,Central Asia,Oil Palm,0,N/A,N/A,
14449,Tropical,Moist,Central Asia,Rubber,0,N/A,N/A,
14450,Tropical,Moist,Central Asia,Tea,0,N/A,N/A,
14451,Tropical,Moist,Eastern Asia,Agroforestry - Default,0.5675,N/A,N/A,
14452,Tropical,Moist,Eastern Asia,Alley Cropping,0.58,N/A,N/A,
14453,Tropical,Moist,Eastern Asia,Perennial Fallow,1.27,N/A,N/A,
14454,Tropical,Moist,Eastern Asia,Hedgerow,0.11,N/A,N/A,
14455,Tropical,Moist,Eastern Asia,Multistrata,0.73,N/A,N/A,
14456,Tropical,Moist,Eastern Asia,Parkland,0.21,N/A,N/A,
14457,Tropical,Moist,Eastern Asia,Shaded Perennial,0.5,N/A,N/A,
14458,Tropical,Moist,Eastern Asia,Silvoarable,0.35,N/A,N/A,
14459,Tropical,Moist,Eastern Asia,Silvopasture,0.79,N/A,N/A,
14460,Tropical,Moist,Eastern Asia,Olive,0,N/A,N/A,
14461,Tropical,Moist,Eastern Asia,Orchard,0,N/A,N/A,
14462,Tropical,Moist,Eastern Asia,Vine,0,N/A,N/A,
14463,Tropical,Moist,Eastern Asia,Short Rotation Coppice,0,N/A,N/A,
14464,Tropical,Moist,Eastern Asia,Oil Palm,0,N/A,N/A,
14465,Tropical,Moist,Eastern Asia,Rubber,0,N/A,N/A,
14466,Tropical,Moist,Eastern Asia,Tea,0,N/A,N/A,
14467,Tropical,Moist,South-Eastern Asia,Agroforestry - Default,0.5675,N/A,N/A,
14468,Tropical,Moist,South-Eastern Asia,Alley Cropping,0.58,N/A,N/A,
14469,Tropical,Moist,South-Eastern Asia,Perennial Fallow,1.27,N/A,N/A,
14470,Tropical,Moist,South-Eastern Asia,Hedgerow,0.11,N/A,N/A,
14471,Tropical,Moist,South-Eastern Asia,Multistrata,0.73,N/A,N/A,
14472,Tropical,Moist,South-Eastern Asia,Parkland,0.21,N/A,N/A,
14473,Tropical,Moist,South-Eastern Asia,Shaded Perennial,0.5,N/A,N/A,
14474,Tropical,Moist,South-Eastern Asia,Silvoarable,0.35,N/A,N/A,
14475,Tropical,Moist,South-Eastern Asia,Silvopasture,0.79,N/A,N/A,
14476,Tropical,Moist,South-Eastern Asia,Olive,0,N/A,N/A,
14477,Tropical,Moist,South-Eastern Asia,Orchard,0,N/A,N/A,
14478,Tropical,Moist,South-Eastern Asia,Vine,0,N/A,N/A,
14479,Tropical,Moist,South-Eastern Asia,Short Rotation Coppice,0,N/A,N/A,
14480,Tropical,Moist,South-Eastern Asia,Oil Palm,0,N/A,N/A,
14481,Tropical,Moist,South-Eastern Asia,Rubber,0,N/A,N/A,
14482,Tropical,Moist,South-Eastern Asia,Tea,0,N/A,N/A,
14483,Tropical,Moist,Southern Asia,Agroforestry - Default,0.5675,N/A,N/A,
14484,Tropical,Moist,Southern Asia,Alley Cropping,0.58,N/A,N/A,
14485,Tropical,Moist,Southern Asia,Perennial Fallow,1.27,N/A,N/A,
14486,Tropical,Moist,Southern Asia,Hedgerow,0.11,N/A,N/A,
14487,Tropical,Moist,Southern Asia,Multistrata,0.73,N/A,N/A,
14488,Tropical,Moist,Southern Asia,Parkland,0.21,N/A,N/A,
14489,Tropical,Moist,Southern Asia,Shaded Perennial,0.5,N/A,N/A,
14490,Tropical,Moist,Southern Asia,Silvoarable,0.35,N/A,N/A,
14491,Tropical,Moist,Southern Asia,Silvopasture,0.79,N/A,N/A,
14492,Tropical,Moist,Southern Asia,Olive,0,N/A,N/A,
14493,Tropical,Moist,Southern Asia,Orchard,0,N/A,N/A,
14494,Tropical,Moist,Southern Asia,Vine,0,N/A,N/A,
14495,Tropical,Moist,Southern Asia,Short Rotation Coppice,0,N/A,N/A,
14496,Tropical,Moist,Southern Asia,Oil Palm,0,N/A,N/A,
14497,Tropical,Moist,Southern Asia,Rubber,0,N/A,N/A,
14498,Tropical,Moist,Southern Asia,Tea,0,N/A,N/A,
14499,Tropical,Moist,Western Asia,Agroforestry - Default,0.5675,N/A,N/A,
14500,Tropical,Moist,Western Asia,Alley Cropping,0.58,N/A,N/A,
14501,Tropical,Moist,Western Asia,Perennial Fallow,1.27,N/A,N/A,
14502,Tropical,Moist,Western Asia,Hedgerow,0.11,N/A,N/A,
14503,Tropical,Moist,Western Asia,Multistrata,0.73,N/A,N/A,
14504,Tropical,Moist,Western Asia,Parkland,0.21,N/A,N/A,
14505,Tropical,Moist,Western Asia,Shaded Perennial,0.5,N/A,N/A,
14506,Tropical,Moist,Western Asia,Silvoarable,0.35,N/A,N/A,
14507,Tropical,Moist,Western Asia,Silvopasture,0.79,N/A,N/A,
14508,Tropical,Moist,Western Asia,Olive,0,N/A,N/A,
14509,Tropical,Moist,Western Asia,Orchard,0,N/A,N/A,
14510,Tropical,Moist,Western Asia,Vine,0,N/A,N/A,
14511,Tropical,Moist,Western Asia,Short Rotation Coppice,0,N/A,N/A,
14512,Tropical,Moist,Western Asia,Oil Palm,0,N/A,N/A,
14513,Tropical,Moist,Western Asia,Rubber,0,N/A,N/A,
14514,Tropical,Moist,Western Asia,Tea,0,N/A,N/A,
14515,Tropical,Moist,Europe,Agroforestry - Default,0.61,N/A,N/A,
14516,Tropical,Moist,Europe,Alley Cropping,0.58,N/A,N/A,
14517,Tropical,Moist,Europe,Perennial Fallow,1.27,N/A,N/A,
14518,Tropical,Moist,Europe,Hedgerow,0.11,N/A,N/A,
14519,Tropical,Moist,Europe,Multistrata,0.73,N/A,N/A,
14520,Tropical,Moist,Europe,Parkland,0.21,N/A,N/A,
14521,Tropical,Moist,Europe,Shaded Perennial,0.57,N/A,N/A,
14522,Tropical,Moist,Europe,Silvoarable,0.62,N/A,N/A,
14523,Tropical,Moist,Europe,Silvopasture,0.79,N/A,N/A,
14524,Tropical,Moist,Europe,Olive,0,N/A,N/A,
14525,Tropical,Moist,Europe,Orchard,0,N/A,N/A,
14526,Tropical,Moist,Europe,Vine,0,N/A,N/A,
14527,Tropical,Moist,Europe,Short Rotation Coppice,0,N/A,N/A,
14528,Tropical,Moist,Europe,Oil Palm,0,N/A,N/A,
14529,Tropical,Moist,Europe,Rubber,0,N/A,N/A,
14530,Tropical,Moist,Europe,Tea,0,N/A,N/A,
14531,Tropical,Moist,Oceania,Agroforestry - Default,0.61,N/A,N/A,
14532,Tropical,Moist,Oceania,Alley Cropping,0.58,N/A,N/A,
14533,Tropical,Moist,Oceania,Perennial Fallow,1.27,N/A,N/A,
14534,Tropical,Moist,Oceania,Hedgerow,0.11,N/A,N/A,
14535,Tropical,Moist,Oceania,Multistrata,0.73,N/A,N/A,
14536,Tropical,Moist,Oceania,Parkland,0.21,N/A,N/A,
14537,Tropical,Moist,Oceania,Shaded Perennial,0.57,N/A,N/A,
14538,Tropical,Moist,Oceania,Silvoarable,0.62,N/A,N/A,
14539,Tropical,Moist,Oceania,Silvopasture,0.79,N/A,N/A,
14540,Tropical,Moist,Oceania,Olive,0,N/A,N/A,
14541,Tropical,Moist,Oceania,Orchard,0,N/A,N/A,
14542,Tropical,Moist,Oceania,Vine,0,N/A,N/A,
14543,Tropical,Moist,Oceania,Short Rotation Coppice,0,N/A,N/A,
14544,Tropical,Moist,Oceania,Oil Palm,0,N/A,N/A,
14545,Tropical,Moist,Oceania,Rubber,0,N/A,N/A,
14546,Tropical,Moist,Oceania,Tea,0,N/A,N/A,
14547,Tropical,Moist,North America,Agroforestry - Default,0.61,N/A,N/A,
14548,Tropical,Moist,North America,Alley Cropping,0.58,N/A,N/A,
14549,Tropical,Moist,North America,Perennial Fallow,1.27,N/A,N/A,
14550,Tropical,Moist,North America,Hedgerow,0.11,N/A,N/A,
14551,Tropical,Moist,North America,Multistrata,0.73,N/A,N/A,
14552,Tropical,Moist,North America,Parkland,0.21,N/A,N/A,
14553,Tropical,Moist,North America,Shaded Perennial,0.57,N/A,N/A,
14554,Tropical,Moist,North America,Silvoarable,0.62,N/A,N/A,
14555,Tropical,Moist,North America,Silvopasture,0.79,N/A,N/A,
14556,Tropical,Moist,North America,Olive,0,N/A,N/A,
14557,Tropical,Moist,North America,Orchard,0,N/A,N/A,
14558,Tropical,Moist,North America,Vine,0,N/A,N/A,
14559,Tropical,Moist,North America,Short Rotation Coppice,0,N/A,N/A,
14560,Tropical,Moist,North America,Oil Palm,0,N/A,N/A,
14561,Tropical,Moist,North America,Rubber,0,N/A,N/A,
14562,Tropical,Moist,North America,Tea,0,N/A,N/A,
14563,Tropical,Moist,South America,Agroforestry - Default,0.6275,N/A,N/A,
14564,Tropical,Moist,South America,Alley Cropping,0.58,N/A,N/A,
14565,Tropical,Moist,South America,Perennial Fallow,1.27,N/A,N/A,
14566,Tropical,Moist,South America,Hedgerow,0.11,N/A,N/A,
14567,Tropical,Moist,South America,Multistrata,0.73,N/A,N/A,
14568,Tropical,Moist,South America,Parkland,0.21,N/A,N/A,
14569,Tropical,Moist,South America,Shaded Perennial,0.71,N/A,N/A,
14570,Tropical,Moist,South America,Silvoarable,0.62,N/A,N/A,
14571,Tropical,Moist,South America,Silvopasture,0.79,N/A,N/A,
14572,Tropical,Moist,South America,Olive,0,N/A,N/A,
14573,Tropical,Moist,South America,Orchard,0,N/A,N/A,
14574,Tropical,Moist,South America,Vine,0,N/A,N/A,
14575,Tropical,Moist,South America,Short Rotation Coppice,0,N/A,N/A,
14576,Tropical,Moist,South America,Oil Palm,0,N/A,N/A,
14577,Tropical,Moist,South America,Rubber,0,N/A,N/A,
14578,Tropical,Moist,South America,Tea,0,N/A,N/A,
14579,Tropical,Moist,Central America,Agroforestry - Default,0.60625,N/A,N/A,
14580,Tropical,Moist,Central America,Alley Cropping,0.55,N/A,N/A,
14581,Tropical,Moist,Central America,Perennial Fallow,1.27,N/A,N/A,
14582,Tropical,Moist,Central America,Hedgerow,0.11,N/A,N/A,
14583,Tropical,Moist,Central America,Multistrata,0.73,N/A,N/A,
14584,Tropical,Moist,Central America,Parkland,0.21,N/A,N/A,
14585,Tropical,Moist,Central America,Shaded Perennial,0.57,N/A,N/A,
14586,Tropical,Moist,Central America,Silvoarable,0.62,N/A,N/A,
14587,Tropical,Moist,Central America,Silvopasture,0.79,N/A,N/A,
14588,Tropical,Moist,Central America,Olive,0,N/A,N/A,
14589,Tropical,Moist,Central America,Orchard,0,N/A,N/A,
14590,Tropical,Moist,Central America,Vine,0,N/A,N/A,
14591,Tropical,Moist,Central America,Short Rotation Coppice,0,N/A,N/A,
14592,Tropical,Moist,Central America,Oil Palm,0,N/A,N/A,
14593,Tropical,Moist,Central America,Rubber,0,N/A,N/A,
14594,Tropical,Moist,Central America,Tea,0,N/A,N/A,
14595,Tropical,Moist,Caribbean,Agroforestry - Default,0.61,N/A,N/A,
14596,Tropical,Moist,Caribbean,Alley Cropping,0.58,N/A,N/A,
14597,Tropical,Moist,Caribbean,Perennial Fallow,1.27,N/A,N/A,
14598,Tropical,Moist,Caribbean,Hedgerow,0.11,N/A,N/A,
14599,Tropical,Moist,Caribbean,Multistrata,0.73,N/A,N/A,
14600,Tropical,Moist,Caribbean,Parkland,0.21,N/A,N/A,
14601,Tropical,Moist,Caribbean,Shaded Perennial,0.57,N/A,N/A,
14602,Tropical,Moist,Caribbean,Silvoarable,0.62,N/A,N/A,
14603,Tropical,Moist,Caribbean,Silvopasture,0.79,N/A,N/A,
14604,Tropical,Moist,Caribbean,Olive,0,N/A,N/A,
14605,Tropical,Moist,Caribbean,Orchard,0,N/A,N/A,
14606,Tropical,Moist,Caribbean,Vine,0,N/A,N/A,
14607,Tropical,Moist,Caribbean,Short Rotation Coppice,0,N/A,N/A,
14608,Tropical,Moist,Caribbean,Oil Palm,0,N/A,N/A,
14609,Tropical,Moist,Caribbean,Rubber,0,N/A,N/A,
14610,Tropical,Moist,Caribbean,Tea,0,N/A,N/A,
14611,Tropical Montane,Dry,Eastern Africa,Agroforestry - Default,0.588125,N/A,N/A,
14612,Tropical Montane,Dry,Eastern Africa,Alley Cropping,0.55,N/A,N/A,
14613,Tropical Montane,Dry,Eastern Africa,Perennial Fallow,1.12,N/A,N/A,
14614,Tropical Montane,Dry,Eastern Africa,Hedgerow,0.17,N/A,N/A,
14615,Tropical Montane,Dry,Eastern Africa,Multistrata,0.8,N/A,N/A,
14616,Tropical Montane,Dry,Eastern Africa,Parkland,0.21,N/A,N/A,
14617,Tropical Montane,Dry,Eastern Africa,Shaded Perennial,0.55,N/A,N/A,
14618,Tropical Montane,Dry,Eastern Africa,Silvoarable,0.56,N/A,N/A,
14619,Tropical Montane,Dry,Eastern Africa,Silvopasture,0.745,N/A,N/A,
14620,Tropical Montane,Dry,Eastern Africa,Olive,0,N/A,N/A,
14621,Tropical Montane,Dry,Eastern Africa,Orchard,0,N/A,N/A,
14622,Tropical Montane,Dry,Eastern Africa,Vine,0,N/A,N/A,
14623,Tropical Montane,Dry,Eastern Africa,Short Rotation Coppice,0,N/A,N/A,
14624,Tropical Montane,Dry,Eastern Africa,Oil Palm,0,N/A,N/A,
14625,Tropical Montane,Dry,Eastern Africa,Rubber,0,N/A,N/A,
14626,Tropical Montane,Dry,Eastern Africa,Tea,0,N/A,N/A,
14627,Tropical Montane,Dry,Central Africa,Agroforestry - Default,0.588125,N/A,N/A,
14628,Tropical Montane,Dry,Central Africa,Alley Cropping,0.55,N/A,N/A,
14629,Tropical Montane,Dry,Central Africa,Perennial Fallow,1.12,N/A,N/A,
14630,Tropical Montane,Dry,Central Africa,Hedgerow,0.17,N/A,N/A,
14631,Tropical Montane,Dry,Central Africa,Multistrata,0.8,N/A,N/A,
14632,Tropical Montane,Dry,Central Africa,Parkland,0.21,N/A,N/A,
14633,Tropical Montane,Dry,Central Africa,Shaded Perennial,0.55,N/A,N/A,
14634,Tropical Montane,Dry,Central Africa,Silvoarable,0.56,N/A,N/A,
14635,Tropical Montane,Dry,Central Africa,Silvopasture,0.745,N/A,N/A,
14636,Tropical Montane,Dry,Central Africa,Olive,0,N/A,N/A,
14637,Tropical Montane,Dry,Central Africa,Orchard,0,N/A,N/A,
14638,Tropical Montane,Dry,Central Africa,Vine,0,N/A,N/A,
14639,Tropical Montane,Dry,Central Africa,Short Rotation Coppice,0,N/A,N/A,
14640,Tropical Montane,Dry,Central Africa,Oil Palm,0,N/A,N/A,
14641,Tropical Montane,Dry,Central Africa,Rubber,0,N/A,N/A,
14642,Tropical Montane,Dry,Central Africa,Tea,0,N/A,N/A,
14643,Tropical Montane,Dry,Northern Africa,Agroforestry - Default,0.588125,N/A,N/A,
14644,Tropical Montane,Dry,Northern Africa,Alley Cropping,0.55,N/A,N/A,
14645,Tropical Montane,Dry,Northern Africa,Perennial Fallow,1.12,N/A,N/A,
14646,Tropical Montane,Dry,Northern Africa,Hedgerow,0.17,N/A,N/A,
14647,Tropical Montane,Dry,Northern Africa,Multistrata,0.8,N/A,N/A,
14648,Tropical Montane,Dry,Northern Africa,Parkland,0.21,N/A,N/A,
14649,Tropical Montane,Dry,Northern Africa,Shaded Perennial,0.55,N/A,N/A,
14650,Tropical Montane,Dry,Northern Africa,Silvoarable,0.56,N/A,N/A,
14651,Tropical Montane,Dry,Northern Africa,Silvopasture,0.745,N/A,N/A,
14652,Tropical Montane,Dry,Northern Africa,Olive,0,N/A,N/A,
14653,Tropical Montane,Dry,Northern Africa,Orchard,0,N/A,N/A,
14654,Tropical Montane,Dry,Northern Africa,Vine,0,N/A,N/A,
14655,Tropical Montane,Dry,Northern Africa,Short Rotation Coppice,0,N/A,N/A,
14656,Tropical Montane,Dry,Northern Africa,Oil Palm,0,N/A,N/A,
14657,Tropical Montane,Dry,Northern Africa,Rubber,0,N/A,N/A,
14658,Tropical Montane,Dry,Northern Africa,Tea,0,N/A,N/A,
14659,Tropical Montane,Dry,Southern Africa,Agroforestry - Default,0.588125,N/A,N/A,
14660,Tropical Montane,Dry,Southern Africa,Alley Cropping,0.55,N/A,N/A,
14661,Tropical Montane,Dry,Southern Africa,Perennial Fallow,1.12,N/A,N/A,
14662,Tropical Montane,Dry,Southern Africa,Hedgerow,0.17,N/A,N/A,
14663,Tropical Montane,Dry,Southern Africa,Multistrata,0.8,N/A,N/A,
14664,Tropical Montane,Dry,Southern Africa,Parkland,0.21,N/A,N/A,
14665,Tropical Montane,Dry,Southern Africa,Shaded Perennial,0.55,N/A,N/A,
14666,Tropical Montane,Dry,Southern Africa,Silvoarable,0.56,N/A,N/A,
14667,Tropical Montane,Dry,Southern Africa,Silvopasture,0.745,N/A,N/A,
14668,Tropical Montane,Dry,Southern Africa,Olive,0,N/A,N/A,
14669,Tropical Montane,Dry,Southern Africa,Orchard,0,N/A,N/A,
14670,Tropical Montane,Dry,Southern Africa,Vine,0,N/A,N/A,
14671,Tropical Montane,Dry,Southern Africa,Short Rotation Coppice,0,N/A,N/A,
14672,Tropical Montane,Dry,Southern Africa,Oil Palm,0,N/A,N/A,
14673,Tropical Montane,Dry,Southern Africa,Rubber,0,N/A,N/A,
14674,Tropical Montane,Dry,Southern Africa,Tea,0,N/A,N/A,
14675,Tropical Montane,Dry,Western Africa,Agroforestry - Default,0.588125,N/A,N/A,
14676,Tropical Montane,Dry,Western Africa,Alley Cropping,0.55,N/A,N/A,
14677,Tropical Montane,Dry,Western Africa,Perennial Fallow,1.12,N/A,N/A,
14678,Tropical Montane,Dry,Western Africa,Hedgerow,0.17,N/A,N/A,
14679,Tropical Montane,Dry,Western Africa,Multistrata,0.8,N/A,N/A,
14680,Tropical Montane,Dry,Western Africa,Parkland,0.21,N/A,N/A,
14681,Tropical Montane,Dry,Western Africa,Shaded Perennial,0.55,N/A,N/A,
14682,Tropical Montane,Dry,Western Africa,Silvoarable,0.56,N/A,N/A,
14683,Tropical Montane,Dry,Western Africa,Silvopasture,0.745,N/A,N/A,
14684,Tropical Montane,Dry,Western Africa,Olive,0,N/A,N/A,
14685,Tropical Montane,Dry,Western Africa,Orchard,0,N/A,N/A,
14686,Tropical Montane,Dry,Western Africa,Vine,0,N/A,N/A,
14687,Tropical Montane,Dry,Western Africa,Short Rotation Coppice,0,N/A,N/A,
14688,Tropical Montane,Dry,Western Africa,Oil Palm,0,N/A,N/A,
14689,Tropical Montane,Dry,Western Africa,Rubber,0,N/A,N/A,
14690,Tropical Montane,Dry,Western Africa,Tea,0,N/A,N/A,
14691,Tropical Montane,Dry,Central Asia,Agroforestry - Default,0.634375,N/A,N/A,
14692,Tropical Montane,Dry,Central Asia,Alley Cropping,0.55,N/A,N/A,
14693,Tropical Montane,Dry,Central Asia,Perennial Fallow,1.49,N/A,N/A,
14694,Tropical Montane,Dry,Central Asia,Hedgerow,0.17,N/A,N/A,
14695,Tropical Montane,Dry,Central Asia,Multistrata,0.8,N/A,N/A,
14696,Tropical Montane,Dry,Central Asia,Parkland,0.21,N/A,N/A,
14697,Tropical Montane,Dry,Central Asia,Shaded Perennial,0.55,N/A,N/A,
14698,Tropical Montane,Dry,Central Asia,Silvoarable,0.56,N/A,N/A,
14699,Tropical Montane,Dry,Central Asia,Silvopasture,0.745,N/A,N/A,
14700,Tropical Montane,Dry,Central Asia,Olive,0,N/A,N/A,
14701,Tropical Montane,Dry,Central Asia,Orchard,0,N/A,N/A,
14702,Tropical Montane,Dry,Central Asia,Vine,0,N/A,N/A,
14703,Tropical Montane,Dry,Central Asia,Short Rotation Coppice,0,N/A,N/A,
14704,Tropical Montane,Dry,Central Asia,Oil Palm,0,N/A,N/A,
14705,Tropical Montane,Dry,Central Asia,Rubber,0,N/A,N/A,
14706,Tropical Montane,Dry,Central Asia,Tea,0,N/A,N/A,
14707,Tropical Montane,Dry,Eastern Asia,Agroforestry - Default,0.634375,N/A,N/A,
14708,Tropical Montane,Dry,Eastern Asia,Alley Cropping,0.55,N/A,N/A,
14709,Tropical Montane,Dry,Eastern Asia,Perennial Fallow,1.49,N/A,N/A,
14710,Tropical Montane,Dry,Eastern Asia,Hedgerow,0.17,N/A,N/A,
14711,Tropical Montane,Dry,Eastern Asia,Multistrata,0.8,N/A,N/A,
14712,Tropical Montane,Dry,Eastern Asia,Parkland,0.21,N/A,N/A,
14713,Tropical Montane,Dry,Eastern Asia,Shaded Perennial,0.55,N/A,N/A,
14714,Tropical Montane,Dry,Eastern Asia,Silvoarable,0.56,N/A,N/A,
14715,Tropical Montane,Dry,Eastern Asia,Silvopasture,0.745,N/A,N/A,
14716,Tropical Montane,Dry,Eastern Asia,Olive,0,N/A,N/A,
14717,Tropical Montane,Dry,Eastern Asia,Orchard,0,N/A,N/A,
14718,Tropical Montane,Dry,Eastern Asia,Vine,0,N/A,N/A,
14719,Tropical Montane,Dry,Eastern Asia,Short Rotation Coppice,0,N/A,N/A,
14720,Tropical Montane,Dry,Eastern Asia,Oil Palm,0,N/A,N/A,
14721,Tropical Montane,Dry,Eastern Asia,Rubber,0,N/A,N/A,
14722,Tropical Montane,Dry,Eastern Asia,Tea,0,N/A,N/A,
14723,Tropical Montane,Dry,South-Eastern Asia,Agroforestry - Default,0.634375,N/A,N/A,
14724,Tropical Montane,Dry,South-Eastern Asia,Alley Cropping,0.55,N/A,N/A,
14725,Tropical Montane,Dry,South-Eastern Asia,Perennial Fallow,1.49,N/A,N/A,
14726,Tropical Montane,Dry,South-Eastern Asia,Hedgerow,0.17,N/A,N/A,
14727,Tropical Montane,Dry,South-Eastern Asia,Multistrata,0.8,N/A,N/A,
14728,Tropical Montane,Dry,South-Eastern Asia,Parkland,0.21,N/A,N/A,
14729,Tropical Montane,Dry,South-Eastern Asia,Shaded Perennial,0.55,N/A,N/A,
14730,Tropical Montane,Dry,South-Eastern Asia,Silvoarable,0.56,N/A,N/A,
14731,Tropical Montane,Dry,South-Eastern Asia,Silvopasture,0.745,N/A,N/A,
14732,Tropical Montane,Dry,South-Eastern Asia,Olive,0,N/A,N/A,
14733,Tropical Montane,Dry,South-Eastern Asia,Orchard,0,N/A,N/A,
14734,Tropical Montane,Dry,South-Eastern Asia,Vine,0,N/A,N/A,
14735,Tropical Montane,Dry,South-Eastern Asia,Short Rotation Coppice,0,N/A,N/A,
14736,Tropical Montane,Dry,South-Eastern Asia,Oil Palm,0,N/A,N/A,
14737,Tropical Montane,Dry,South-Eastern Asia,Rubber,0,N/A,N/A,
14738,Tropical Montane,Dry,South-Eastern Asia,Tea,0,N/A,N/A,
14739,Tropical Montane,Dry,Southern Asia,Agroforestry - Default,0.634375,N/A,N/A,
14740,Tropical Montane,Dry,Southern Asia,Alley Cropping,0.55,N/A,N/A,
14741,Tropical Montane,Dry,Southern Asia,Perennial Fallow,1.49,N/A,N/A,
14742,Tropical Montane,Dry,Southern Asia,Hedgerow,0.17,N/A,N/A,
14743,Tropical Montane,Dry,Southern Asia,Multistrata,0.8,N/A,N/A,
14744,Tropical Montane,Dry,Southern Asia,Parkland,0.21,N/A,N/A,
14745,Tropical Montane,Dry,Southern Asia,Shaded Perennial,0.55,N/A,N/A,
14746,Tropical Montane,Dry,Southern Asia,Silvoarable,0.56,N/A,N/A,
14747,Tropical Montane,Dry,Southern Asia,Silvopasture,0.745,N/A,N/A,
14748,Tropical Montane,Dry,Southern Asia,Olive,0,N/A,N/A,
14749,Tropical Montane,Dry,Southern Asia,Orchard,0,N/A,N/A,
14750,Tropical Montane,Dry,Southern Asia,Vine,0,N/A,N/A,
14751,Tropical Montane,Dry,Southern Asia,Short Rotation Coppice,0,N/A,N/A,
14752,Tropical Montane,Dry,Southern Asia,Oil Palm,0,N/A,N/A,
14753,Tropical Montane,Dry,Southern Asia,Rubber,0,N/A,N/A,
14754,Tropical Montane,Dry,Southern Asia,Tea,0,N/A,N/A,
14755,Tropical Montane,Dry,Western Asia,Agroforestry - Default,0.634375,N/A,N/A,
14756,Tropical Montane,Dry,Western Asia,Alley Cropping,0.55,N/A,N/A,
14757,Tropical Montane,Dry,Western Asia,Perennial Fallow,1.49,N/A,N/A,
14758,Tropical Montane,Dry,Western Asia,Hedgerow,0.17,N/A,N/A,
14759,Tropical Montane,Dry,Western Asia,Multistrata,0.8,N/A,N/A,
14760,Tropical Montane,Dry,Western Asia,Parkland,0.21,N/A,N/A,
14761,Tropical Montane,Dry,Western Asia,Shaded Perennial,0.55,N/A,N/A,
14762,Tropical Montane,Dry,Western Asia,Silvoarable,0.56,N/A,N/A,
14763,Tropical Montane,Dry,Western Asia,Silvopasture,0.745,N/A,N/A,
14764,Tropical Montane,Dry,Western Asia,Olive,0,N/A,N/A,
14765,Tropical Montane,Dry,Western Asia,Orchard,0,N/A,N/A,
14766,Tropical Montane,Dry,Western Asia,Vine,0,N/A,N/A,
14767,Tropical Montane,Dry,Western Asia,Short Rotation Coppice,0,N/A,N/A,
14768,Tropical Montane,Dry,Western Asia,Oil Palm,0,N/A,N/A,
14769,Tropical Montane,Dry,Western Asia,Rubber,0,N/A,N/A,
14770,Tropical Montane,Dry,Western Asia,Tea,0,N/A,N/A,
14771,Tropical Montane,Dry,Europe,Agroforestry - Default,0.634375,N/A,N/A,
14772,Tropical Montane,Dry,Europe,Alley Cropping,0.55,N/A,N/A,
14773,Tropical Montane,Dry,Europe,Perennial Fallow,1.49,N/A,N/A,
14774,Tropical Montane,Dry,Europe,Hedgerow,0.17,N/A,N/A,
14775,Tropical Montane,Dry,Europe,Multistrata,0.8,N/A,N/A,
14776,Tropical Montane,Dry,Europe,Parkland,0.21,N/A,N/A,
14777,Tropical Montane,Dry,Europe,Shaded Perennial,0.55,N/A,N/A,
14778,Tropical Montane,Dry,Europe,Silvoarable,0.56,N/A,N/A,
14779,Tropical Montane,Dry,Europe,Silvopasture,0.745,N/A,N/A,
14780,Tropical Montane,Dry,Europe,Olive,0,N/A,N/A,
14781,Tropical Montane,Dry,Europe,Orchard,0,N/A,N/A,
14782,Tropical Montane,Dry,Europe,Vine,0,N/A,N/A,
14783,Tropical Montane,Dry,Europe,Short Rotation Coppice,0,N/A,N/A,
14784,Tropical Montane,Dry,Europe,Oil Palm,0,N/A,N/A,
14785,Tropical Montane,Dry,Europe,Rubber,0,N/A,N/A,
14786,Tropical Montane,Dry,Europe,Tea,0,N/A,N/A,
14787,Tropical Montane,Dry,Oceania,Agroforestry - Default,0.634375,N/A,N/A,
14788,Tropical Montane,Dry,Oceania,Alley Cropping,0.55,N/A,N/A,
14789,Tropical Montane,Dry,Oceania,Perennial Fallow,1.49,N/A,N/A,
14790,Tropical Montane,Dry,Oceania,Hedgerow,0.17,N/A,N/A,
14791,Tropical Montane,Dry,Oceania,Multistrata,0.8,N/A,N/A,
14792,Tropical Montane,Dry,Oceania,Parkland,0.21,N/A,N/A,
14793,Tropical Montane,Dry,Oceania,Shaded Perennial,0.55,N/A,N/A,
14794,Tropical Montane,Dry,Oceania,Silvoarable,0.56,N/A,N/A,
14795,Tropical Montane,Dry,Oceania,Silvopasture,0.745,N/A,N/A,
14796,Tropical Montane,Dry,Oceania,Olive,0,N/A,N/A,
14797,Tropical Montane,Dry,Oceania,Orchard,0,N/A,N/A,
14798,Tropical Montane,Dry,Oceania,Vine,0,N/A,N/A,
14799,Tropical Montane,Dry,Oceania,Short Rotation Coppice,0,N/A,N/A,
14800,Tropical Montane,Dry,Oceania,Oil Palm,0,N/A,N/A,
14801,Tropical Montane,Dry,Oceania,Rubber,0,N/A,N/A,
14802,Tropical Montane,Dry,Oceania,Tea,0,N/A,N/A,
14803,Tropical Montane,Dry,North America,Agroforestry - Default,0.634375,N/A,N/A,
14804,Tropical Montane,Dry,North America,Alley Cropping,0.55,N/A,N/A,
14805,Tropical Montane,Dry,North America,Perennial Fallow,1.49,N/A,N/A,
14806,Tropical Montane,Dry,North America,Hedgerow,0.17,N/A,N/A,
14807,Tropical Montane,Dry,North America,Multistrata,0.8,N/A,N/A,
14808,Tropical Montane,Dry,North America,Parkland,0.21,N/A,N/A,
14809,Tropical Montane,Dry,North America,Shaded Perennial,0.55,N/A,N/A,
14810,Tropical Montane,Dry,North America,Silvoarable,0.56,N/A,N/A,
14811,Tropical Montane,Dry,North America,Silvopasture,0.745,N/A,N/A,
14812,Tropical Montane,Dry,North America,Olive,0,N/A,N/A,
14813,Tropical Montane,Dry,North America,Orchard,0,N/A,N/A,
14814,Tropical Montane,Dry,North America,Vine,0,N/A,N/A,
14815,Tropical Montane,Dry,North America,Short Rotation Coppice,0,N/A,N/A,
14816,Tropical Montane,Dry,North America,Oil Palm,0,N/A,N/A,
14817,Tropical Montane,Dry,North America,Rubber,0,N/A,N/A,
14818,Tropical Montane,Dry,North America,Tea,0,N/A,N/A,
14819,Tropical Montane,Dry,South America,Agroforestry - Default,0.634375,N/A,N/A,
14820,Tropical Montane,Dry,South America,Alley Cropping,0.55,N/A,N/A,
14821,Tropical Montane,Dry,South America,Perennial Fallow,1.49,N/A,N/A,
14822,Tropical Montane,Dry,South America,Hedgerow,0.17,N/A,N/A,
14823,Tropical Montane,Dry,South America,Multistrata,0.8,N/A,N/A,
14824,Tropical Montane,Dry,South America,Parkland,0.21,N/A,N/A,
14825,Tropical Montane,Dry,South America,Shaded Perennial,0.55,N/A,N/A,
14826,Tropical Montane,Dry,South America,Silvoarable,0.56,N/A,N/A,
14827,Tropical Montane,Dry,South America,Silvopasture,0.745,N/A,N/A,
14828,Tropical Montane,Dry,South America,Olive,0,N/A,N/A,
14829,Tropical Montane,Dry,South America,Orchard,0,N/A,N/A,
14830,Tropical Montane,Dry,South America,Vine,0,N/A,N/A,
14831,Tropical Montane,Dry,South America,Short Rotation Coppice,0,N/A,N/A,
14832,Tropical Montane,Dry,South America,Oil Palm,0,N/A,N/A,
14833,Tropical Montane,Dry,South America,Rubber,0,N/A,N/A,
14834,Tropical Montane,Dry,South America,Tea,0,N/A,N/A,
14835,Tropical Montane,Dry,Central America,Agroforestry - Default,0.634375,N/A,N/A,
14836,Tropical Montane,Dry,Central America,Alley Cropping,0.55,N/A,N/A,
14837,Tropical Montane,Dry,Central America,Perennial Fallow,1.49,N/A,N/A,
14838,Tropical Montane,Dry,Central America,Hedgerow,0.17,N/A,N/A,
14839,Tropical Montane,Dry,Central America,Multistrata,0.8,N/A,N/A,
14840,Tropical Montane,Dry,Central America,Parkland,0.21,N/A,N/A,
14841,Tropical Montane,Dry,Central America,Shaded Perennial,0.55,N/A,N/A,
14842,Tropical Montane,Dry,Central America,Silvoarable,0.56,N/A,N/A,
14843,Tropical Montane,Dry,Central America,Silvopasture,0.745,N/A,N/A,
14844,Tropical Montane,Dry,Central America,Olive,0,N/A,N/A,
14845,Tropical Montane,Dry,Central America,Orchard,0,N/A,N/A,
14846,Tropical Montane,Dry,Central America,Vine,0,N/A,N/A,
14847,Tropical Montane,Dry,Central America,Short Rotation Coppice,0,N/A,N/A,
14848,Tropical Montane,Dry,Central America,Oil Palm,0,N/A,N/A,
14849,Tropical Montane,Dry,Central America,Rubber,0,N/A,N/A,
14850,Tropical Montane,Dry,Central America,Tea,0,N/A,N/A,
14851,Tropical Montane,Dry,Caribbean,Agroforestry - Default,0.634375,N/A,N/A,
14852,Tropical Montane,Dry,Caribbean,Alley Cropping,0.55,N/A,N/A,
14853,Tropical Montane,Dry,Caribbean,Perennial Fallow,1.49,N/A,N/A,
14854,Tropical Montane,Dry,Caribbean,Hedgerow,0.17,N/A,N/A,
14855,Tropical Montane,Dry,Caribbean,Multistrata,0.8,N/A,N/A,
14856,Tropical Montane,Dry,Caribbean,Parkland,0.21,N/A,N/A,
14857,Tropical Montane,Dry,Caribbean,Shaded Perennial,0.55,N/A,N/A,
14858,Tropical Montane,Dry,Caribbean,Silvoarable,0.56,N/A,N/A,
14859,Tropical Montane,Dry,Caribbean,Silvopasture,0.745,N/A,N/A,
14860,Tropical Montane,Dry,Caribbean,Olive,0,N/A,N/A,
14861,Tropical Montane,Dry,Caribbean,Orchard,0,N/A,N/A,
14862,Tropical Montane,Dry,Caribbean,Vine,0,N/A,N/A,
14863,Tropical Montane,Dry,Caribbean,Short Rotation Coppice,0,N/A,N/A,
14864,Tropical Montane,Dry,Caribbean,Oil Palm,0,N/A,N/A,
14865,Tropical Montane,Dry,Caribbean,Rubber,0,N/A,N/A,
14866,Tropical Montane,Dry,Caribbean,Tea,0,N/A,N/A,
14867,Tropical,Wet,Eastern Africa,Agroforestry - Default,0.56875,N/A,N/A,
14868,Tropical,Wet,Eastern Africa,Alley Cropping,0.45,N/A,N/A,
14869,Tropical,Wet,Eastern Africa,Perennial Fallow,1.49,N/A,N/A,
14870,Tropical,Wet,Eastern Africa,Hedgerow,0.1,N/A,N/A,
14871,Tropical,Wet,Eastern Africa,Multistrata,0.69,N/A,N/A,
14872,Tropical,Wet,Eastern Africa,Parkland,0.21,N/A,N/A,
14873,Tropical,Wet,Eastern Africa,Shaded Perennial,0.71,N/A,N/A,
14874,Tropical,Wet,Eastern Africa,Silvoarable,0.89,N/A,N/A,
14875,Tropical,Wet,Eastern Africa,Silvopasture,0.01,N/A,N/A,
14876,Tropical,Wet,Eastern Africa,Olive,0,N/A,N/A,
14877,Tropical,Wet,Eastern Africa,Orchard,0,N/A,N/A,
14878,Tropical,Wet,Eastern Africa,Vine,0,N/A,N/A,
14879,Tropical,Wet,Eastern Africa,Short Rotation Coppice,0,N/A,N/A,
14880,Tropical,Wet,Eastern Africa,Oil Palm,0,N/A,N/A,
14881,Tropical,Wet,Eastern Africa,Rubber,0,N/A,N/A,
14882,Tropical,Wet,Eastern Africa,Tea,0,N/A,N/A,
14883,Tropical,Wet,Central Africa,Agroforestry - Default,0.56875,N/A,N/A,
14884,Tropical,Wet,Central Africa,Alley Cropping,0.45,N/A,N/A,
14885,Tropical,Wet,Central Africa,Perennial Fallow,1.49,N/A,N/A,
14886,Tropical,Wet,Central Africa,Hedgerow,0.1,N/A,N/A,
14887,Tropical,Wet,Central Africa,Multistrata,0.69,N/A,N/A,
14888,Tropical,Wet,Central Africa,Parkland,0.21,N/A,N/A,
14889,Tropical,Wet,Central Africa,Shaded Perennial,0.71,N/A,N/A,
14890,Tropical,Wet,Central Africa,Silvoarable,0.89,N/A,N/A,
14891,Tropical,Wet,Central Africa,Silvopasture,0.01,N/A,N/A,
14892,Tropical,Wet,Central Africa,Olive,0,N/A,N/A,
14893,Tropical,Wet,Central Africa,Orchard,0,N/A,N/A,
14894,Tropical,Wet,Central Africa,Vine,0,N/A,N/A,
14895,Tropical,Wet,Central Africa,Short Rotation Coppice,0,N/A,N/A,
14896,Tropical,Wet,Central Africa,Oil Palm,0,N/A,N/A,
14897,Tropical,Wet,Central Africa,Rubber,0,N/A,N/A,
14898,Tropical,Wet,Central Africa,Tea,0,N/A,N/A,
14899,Tropical,Wet,Northern Africa,Agroforestry - Default,0.56875,N/A,N/A,
14900,Tropical,Wet,Northern Africa,Alley Cropping,0.45,N/A,N/A,
14901,Tropical,Wet,Northern Africa,Perennial Fallow,1.49,N/A,N/A,
14902,Tropical,Wet,Northern Africa,Hedgerow,0.1,N/A,N/A,
14903,Tropical,Wet,Northern Africa,Multistrata,0.69,N/A,N/A,
14904,Tropical,Wet,Northern Africa,Parkland,0.21,N/A,N/A,
14905,Tropical,Wet,Northern Africa,Shaded Perennial,0.71,N/A,N/A,
14906,Tropical,Wet,Northern Africa,Silvoarable,0.89,N/A,N/A,
14907,Tropical,Wet,Northern Africa,Silvopasture,0.01,N/A,N/A,
14908,Tropical,Wet,Northern Africa,Olive,0,N/A,N/A,
14909,Tropical,Wet,Northern Africa,Orchard,0,N/A,N/A,
14910,Tropical,Wet,Northern Africa,Vine,0,N/A,N/A,
14911,Tropical,Wet,Northern Africa,Short Rotation Coppice,0,N/A,N/A,
14912,Tropical,Wet,Northern Africa,Oil Palm,0,N/A,N/A,
14913,Tropical,Wet,Northern Africa,Rubber,0,N/A,N/A,
14914,Tropical,Wet,Northern Africa,Tea,0,N/A,N/A,
14915,Tropical,Wet,Southern Africa,Agroforestry - Default,0.56875,N/A,N/A,
14916,Tropical,Wet,Southern Africa,Alley Cropping,0.45,N/A,N/A,
14917,Tropical,Wet,Southern Africa,Perennial Fallow,1.49,N/A,N/A,
14918,Tropical,Wet,Southern Africa,Hedgerow,0.1,N/A,N/A,
14919,Tropical,Wet,Southern Africa,Multistrata,0.69,N/A,N/A,
14920,Tropical,Wet,Southern Africa,Parkland,0.21,N/A,N/A,
14921,Tropical,Wet,Southern Africa,Shaded Perennial,0.71,N/A,N/A,
14922,Tropical,Wet,Southern Africa,Silvoarable,0.89,N/A,N/A,
14923,Tropical,Wet,Southern Africa,Silvopasture,0.01,N/A,N/A,
14924,Tropical,Wet,Southern Africa,Olive,0,N/A,N/A,
14925,Tropical,Wet,Southern Africa,Orchard,0,N/A,N/A,
14926,Tropical,Wet,Southern Africa,Vine,0,N/A,N/A,
14927,Tropical,Wet,Southern Africa,Short Rotation Coppice,0,N/A,N/A,
14928,Tropical,Wet,Southern Africa,Oil Palm,0,N/A,N/A,
14929,Tropical,Wet,Southern Africa,Rubber,0,N/A,N/A,
14930,Tropical,Wet,Southern Africa,Tea,0,N/A,N/A,
14931,Tropical,Wet,Western Africa,Agroforestry - Default,0.56875,N/A,N/A,
14932,Tropical,Wet,Western Africa,Alley Cropping,0.45,N/A,N/A,
14933,Tropical,Wet,Western Africa,Perennial Fallow,1.49,N/A,N/A,
14934,Tropical,Wet,Western Africa,Hedgerow,0.1,N/A,N/A,
14935,Tropical,Wet,Western Africa,Multistrata,0.69,N/A,N/A,
14936,Tropical,Wet,Western Africa,Parkland,0.21,N/A,N/A,
14937,Tropical,Wet,Western Africa,Shaded Perennial,0.71,N/A,N/A,
14938,Tropical,Wet,Western Africa,Silvoarable,0.89,N/A,N/A,
14939,Tropical,Wet,Western Africa,Silvopasture,0.01,N/A,N/A,
14940,Tropical,Wet,Western Africa,Olive,0,N/A,N/A,
14941,Tropical,Wet,Western Africa,Orchard,0,N/A,N/A,
14942,Tropical,Wet,Western Africa,Vine,0,N/A,N/A,
14943,Tropical,Wet,Western Africa,Short Rotation Coppice,0,N/A,N/A,
14944,Tropical,Wet,Western Africa,Oil Palm,0,N/A,N/A,
14945,Tropical,Wet,Western Africa,Rubber,0,N/A,N/A,
14946,Tropical,Wet,Western Africa,Tea,0,N/A,N/A,
14947,Tropical,Wet,Central Asia,Agroforestry - Default,0.465,N/A,N/A,
14948,Tropical,Wet,Central Asia,Alley Cropping,0.45,N/A,N/A,
14949,Tropical,Wet,Central Asia,Perennial Fallow,0.48,N/A,N/A,
14950,Tropical,Wet,Central Asia,Hedgerow,0.1,N/A,N/A,
14951,Tropical,Wet,Central Asia,Multistrata,1.16,N/A,N/A,
14952,Tropical,Wet,Central Asia,Parkland,0.21,N/A,N/A,
14953,Tropical,Wet,Central Asia,Shaded Perennial,0.42,N/A,N/A,
14954,Tropical,Wet,Central Asia,Silvoarable,0.89,N/A,N/A,
14955,Tropical,Wet,Central Asia,Silvopasture,0.01,N/A,N/A,
14956,Tropical,Wet,Central Asia,Olive,0,N/A,N/A,
14957,Tropical,Wet,Central Asia,Orchard,0,N/A,N/A,
14958,Tropical,Wet,Central Asia,Vine,0,N/A,N/A,
14959,Tropical,Wet,Central Asia,Short Rotation Coppice,0,N/A,N/A,
14960,Tropical,Wet,Central Asia,Oil Palm,0,N/A,N/A,
14961,Tropical,Wet,Central Asia,Rubber,0,N/A,N/A,
14962,Tropical,Wet,Central Asia,Tea,0,N/A,N/A,
14963,Tropical,Wet,Eastern Asia,Agroforestry - Default,0.465,N/A,N/A,
14964,Tropical,Wet,Eastern Asia,Alley Cropping,0.45,N/A,N/A,
14965,Tropical,Wet,Eastern Asia,Perennial Fallow,0.48,N/A,N/A,
14966,Tropical,Wet,Eastern Asia,Hedgerow,0.1,N/A,N/A,
14967,Tropical,Wet,Eastern Asia,Multistrata,1.16,N/A,N/A,
14968,Tropical,Wet,Eastern Asia,Parkland,0.21,N/A,N/A,
14969,Tropical,Wet,Eastern Asia,Shaded Perennial,0.42,N/A,N/A,
14970,Tropical,Wet,Eastern Asia,Silvoarable,0.89,N/A,N/A,
14971,Tropical,Wet,Eastern Asia,Silvopasture,0.01,N/A,N/A,
14972,Tropical,Wet,Eastern Asia,Olive,0,N/A,N/A,
14973,Tropical,Wet,Eastern Asia,Orchard,0,N/A,N/A,
14974,Tropical,Wet,Eastern Asia,Vine,0,N/A,N/A,
14975,Tropical,Wet,Eastern Asia,Short Rotation Coppice,0,N/A,N/A,
14976,Tropical,Wet,Eastern Asia,Oil Palm,0,N/A,N/A,
14977,Tropical,Wet,Eastern Asia,Rubber,0,N/A,N/A,
14978,Tropical,Wet,Eastern Asia,Tea,0,N/A,N/A,
14979,Tropical,Wet,South-Eastern Asia,Agroforestry - Default,0.465,N/A,N/A,
14980,Tropical,Wet,South-Eastern Asia,Alley Cropping,0.45,N/A,N/A,
14981,Tropical,Wet,South-Eastern Asia,Perennial Fallow,0.48,N/A,N/A,
14982,Tropical,Wet,South-Eastern Asia,Hedgerow,0.1,N/A,N/A,
14983,Tropical,Wet,South-Eastern Asia,Multistrata,1.16,N/A,N/A,
14984,Tropical,Wet,South-Eastern Asia,Parkland,0.21,N/A,N/A,
14985,Tropical,Wet,South-Eastern Asia,Shaded Perennial,0.42,N/A,N/A,
14986,Tropical,Wet,South-Eastern Asia,Silvoarable,0.89,N/A,N/A,
14987,Tropical,Wet,South-Eastern Asia,Silvopasture,0.01,N/A,N/A,
14988,Tropical,Wet,South-Eastern Asia,Olive,0,N/A,N/A,
14989,Tropical,Wet,South-Eastern Asia,Orchard,0,N/A,N/A,
14990,Tropical,Wet,South-Eastern Asia,Vine,0,N/A,N/A,
14991,Tropical,Wet,South-Eastern Asia,Short Rotation Coppice,0,N/A,N/A,
14992,Tropical,Wet,South-Eastern Asia,Oil Palm,0,N/A,N/A,
14993,Tropical,Wet,South-Eastern Asia,Rubber,0,N/A,N/A,
14994,Tropical,Wet,South-Eastern Asia,Tea,0,N/A,N/A,
14995,Tropical,Wet,Southern Asia,Agroforestry - Default,0.465,N/A,N/A,
14996,Tropical,Wet,Southern Asia,Alley Cropping,0.45,N/A,N/A,
14997,Tropical,Wet,Southern Asia,Perennial Fallow,0.48,N/A,N/A,
14998,Tropical,Wet,Southern Asia,Hedgerow,0.1,N/A,N/A,
14999,Tropical,Wet,Southern Asia,Multistrata,1.16,N/A,N/A,
15000,Tropical,Wet,Southern Asia,Parkland,0.21,N/A,N/A,
15001,Tropical,Wet,Southern Asia,Shaded Perennial,0.42,N/A,N/A,
15002,Tropical,Wet,Southern Asia,Silvoarable,0.89,N/A,N/A,
15003,Tropical,Wet,Southern Asia,Silvopasture,0.01,N/A,N/A,
15004,Tropical,Wet,Southern Asia,Olive,0,N/A,N/A,
15005,Tropical,Wet,Southern Asia,Orchard,0,N/A,N/A,
15006,Tropical,Wet,Southern Asia,Vine,0,N/A,N/A,
15007,Tropical,Wet,Southern Asia,Short Rotation Coppice,0,N/A,N/A,
15008,Tropical,Wet,Southern Asia,Oil Palm,0,N/A,N/A,
15009,Tropical,Wet,Southern Asia,Rubber,0,N/A,N/A,
15010,Tropical,Wet,Southern Asia,Tea,0,N/A,N/A,
15011,Tropical,Wet,Western Asia,Agroforestry - Default,0.465,N/A,N/A,
15012,Tropical,Wet,Western Asia,Alley Cropping,0.45,N/A,N/A,
15013,Tropical,Wet,Western Asia,Perennial Fallow,0.48,N/A,N/A,
15014,Tropical,Wet,Western Asia,Hedgerow,0.1,N/A,N/A,
15015,Tropical,Wet,Western Asia,Multistrata,1.16,N/A,N/A,
15016,Tropical,Wet,Western Asia,Parkland,0.21,N/A,N/A,
15017,Tropical,Wet,Western Asia,Shaded Perennial,0.42,N/A,N/A,
15018,Tropical,Wet,Western Asia,Silvoarable,0.89,N/A,N/A,
15019,Tropical,Wet,Western Asia,Silvopasture,0.01,N/A,N/A,
15020,Tropical,Wet,Western Asia,Olive,0,N/A,N/A,
15021,Tropical,Wet,Western Asia,Orchard,0,N/A,N/A,
15022,Tropical,Wet,Western Asia,Vine,0,N/A,N/A,
15023,Tropical,Wet,Western Asia,Short Rotation Coppice,0,N/A,N/A,
15024,Tropical,Wet,Western Asia,Oil Palm,0,N/A,N/A,
15025,Tropical,Wet,Western Asia,Rubber,0,N/A,N/A,
15026,Tropical,Wet,Western Asia,Tea,0,N/A,N/A,
15027,Tropical,Wet,Europe,Agroforestry - Default,0.52625,N/A,N/A,
15028,Tropical,Wet,Europe,Alley Cropping,0.45,N/A,N/A,
15029,Tropical,Wet,Europe,Perennial Fallow,1.1,N/A,N/A,
15030,Tropical,Wet,Europe,Hedgerow,0.1,N/A,N/A,
15031,Tropical,Wet,Europe,Multistrata,0.91,N/A,N/A,
15032,Tropical,Wet,Europe,Parkland,0.21,N/A,N/A,
15033,Tropical,Wet,Europe,Shaded Perennial,0.54,N/A,N/A,
15034,Tropical,Wet,Europe,Silvoarable,0.89,N/A,N/A,
15035,Tropical,Wet,Europe,Silvopasture,0.01,N/A,N/A,
15036,Tropical,Wet,Europe,Olive,0,N/A,N/A,
15037,Tropical,Wet,Europe,Orchard,0,N/A,N/A,
15038,Tropical,Wet,Europe,Vine,0,N/A,N/A,
15039,Tropical,Wet,Europe,Short Rotation Coppice,0,N/A,N/A,
15040,Tropical,Wet,Europe,Oil Palm,0,N/A,N/A,
15041,Tropical,Wet,Europe,Rubber,0,N/A,N/A,
15042,Tropical,Wet,Europe,Tea,0,N/A,N/A,
15043,Tropical,Wet,Oceania,Agroforestry - Default,0.52625,N/A,N/A,
15044,Tropical,Wet,Oceania,Alley Cropping,0.45,N/A,N/A,
15045,Tropical,Wet,Oceania,Perennial Fallow,1.1,N/A,N/A,
15046,Tropical,Wet,Oceania,Hedgerow,0.1,N/A,N/A,
15047,Tropical,Wet,Oceania,Multistrata,0.91,N/A,N/A,
15048,Tropical,Wet,Oceania,Parkland,0.21,N/A,N/A,
15049,Tropical,Wet,Oceania,Shaded Perennial,0.54,N/A,N/A,
15050,Tropical,Wet,Oceania,Silvoarable,0.89,N/A,N/A,
15051,Tropical,Wet,Oceania,Silvopasture,0.01,N/A,N/A,
15052,Tropical,Wet,Oceania,Olive,0,N/A,N/A,
15053,Tropical,Wet,Oceania,Orchard,0,N/A,N/A,
15054,Tropical,Wet,Oceania,Vine,0,N/A,N/A,
15055,Tropical,Wet,Oceania,Short Rotation Coppice,0,N/A,N/A,
15056,Tropical,Wet,Oceania,Oil Palm,0,N/A,N/A,
15057,Tropical,Wet,Oceania,Rubber,0,N/A,N/A,
15058,Tropical,Wet,Oceania,Tea,0,N/A,N/A,
15059,Tropical,Wet,North America,Agroforestry - Default,0.52625,N/A,N/A,
15060,Tropical,Wet,North America,Alley Cropping,0.45,N/A,N/A,
15061,Tropical,Wet,North America,Perennial Fallow,1.1,N/A,N/A,
15062,Tropical,Wet,North America,Hedgerow,0.1,N/A,N/A,
15063,Tropical,Wet,North America,Multistrata,0.91,N/A,N/A,
15064,Tropical,Wet,North America,Parkland,0.21,N/A,N/A,
15065,Tropical,Wet,North America,Shaded Perennial,0.54,N/A,N/A,
15066,Tropical,Wet,North America,Silvoarable,0.89,N/A,N/A,
15067,Tropical,Wet,North America,Silvopasture,0.01,N/A,N/A,
15068,Tropical,Wet,North America,Olive,0,N/A,N/A,
15069,Tropical,Wet,North America,Orchard,0,N/A,N/A,
15070,Tropical,Wet,North America,Vine,0,N/A,N/A,
15071,Tropical,Wet,North America,Short Rotation Coppice,0,N/A,N/A,
15072,Tropical,Wet,North America,Oil Palm,0,N/A,N/A,
15073,Tropical,Wet,North America,Rubber,0,N/A,N/A,
15074,Tropical,Wet,North America,Tea,0,N/A,N/A,
15075,Tropical,Wet,South America,Agroforestry - Default,0.52625,N/A,N/A,
15076,Tropical,Wet,South America,Alley Cropping,0.45,N/A,N/A,
15077,Tropical,Wet,South America,Perennial Fallow,1.14,N/A,N/A,
15078,Tropical,Wet,South America,Hedgerow,0.1,N/A,N/A,
15079,Tropical,Wet,South America,Multistrata,0.7,N/A,N/A,
15080,Tropical,Wet,South America,Parkland,0.21,N/A,N/A,
15081,Tropical,Wet,South America,Shaded Perennial,0.71,N/A,N/A,
15082,Tropical,Wet,South America,Silvoarable,0.89,N/A,N/A,
15083,Tropical,Wet,South America,Silvopasture,0.01,N/A,N/A,
15084,Tropical,Wet,South America,Olive,0,N/A,N/A,
15085,Tropical,Wet,South America,Orchard,0,N/A,N/A,
15086,Tropical,Wet,South America,Vine,0,N/A,N/A,
15087,Tropical,Wet,South America,Short Rotation Coppice,0,N/A,N/A,
15088,Tropical,Wet,South America,Oil Palm,0,N/A,N/A,
15089,Tropical,Wet,South America,Rubber,0,N/A,N/A,
15090,Tropical,Wet,South America,Tea,0,N/A,N/A,
15091,Tropical,Wet,Central America,Agroforestry - Default,0.50625,N/A,N/A,
15092,Tropical,Wet,Central America,Alley Cropping,0.45,N/A,N/A,
15093,Tropical,Wet,Central America,Perennial Fallow,1.1,N/A,N/A,
15094,Tropical,Wet,Central America,Hedgerow,0.1,N/A,N/A,
15095,Tropical,Wet,Central America,Multistrata,0.78,N/A,N/A,
15096,Tropical,Wet,Central America,Parkland,0.21,N/A,N/A,
15097,Tropical,Wet,Central America,Shaded Perennial,0.51,N/A,N/A,
15098,Tropical,Wet,Central America,Silvoarable,0.89,N/A,N/A,
15099,Tropical,Wet,Central America,Silvopasture,0.01,N/A,N/A,
15100,Tropical,Wet,Central America,Olive,0,N/A,N/A,
15101,Tropical,Wet,Central America,Orchard,0,N/A,N/A,
15102,Tropical,Wet,Central America,Vine,0,N/A,N/A,
15103,Tropical,Wet,Central America,Short Rotation Coppice,0,N/A,N/A,
15104,Tropical,Wet,Central America,Oil Palm,0,N/A,N/A,
15105,Tropical,Wet,Central America,Rubber,0,N/A,N/A,
15106,Tropical,Wet,Central America,Tea,0,N/A,N/A,
15107,Tropical,Wet,Caribbean,Agroforestry - Default,0.52625,N/A,N/A,
15108,Tropical,Wet,Caribbean,Alley Cropping,0.45,N/A,N/A,
15109,Tropical,Wet,Caribbean,Perennial Fallow,1.1,N/A,N/A,
15110,Tropical,Wet,Caribbean,Hedgerow,0.1,N/A,N/A,
15111,Tropical,Wet,Caribbean,Multistrata,0.91,N/A,N/A,
15112,Tropical,Wet,Caribbean,Parkland,0.21,N/A,N/A,
15113,Tropical,Wet,Caribbean,Shaded Perennial,0.54,N/A,N/A,
15114,Tropical,Wet,Caribbean,Silvoarable,0.89,N/A,N/A,
15115,Tropical,Wet,Caribbean,Silvopasture,0.01,N/A,N/A,
15116,Tropical,Wet,Caribbean,Olive,0,N/A,N/A,
15117,Tropical,Wet,Caribbean,Orchard,0,N/A,N/A,
15118,Tropical,Wet,Caribbean,Vine,0,N/A,N/A,
15119,Tropical,Wet,Caribbean,Short Rotation Coppice,0,N/A,N/A,
15120,Tropical,Wet,Caribbean,Oil Palm,0,N/A,N/A,
15121,Tropical,Wet,Caribbean,Rubber,0,N/A,N/A,
15122,Tropical,Wet,Caribbean,Tea,0,N/A,N/A,
15123,Boreal,Dry,Eastern Africa,Agroforestry - Default,0.67375,N/A,N/A,
15124,Boreal,Dry,Eastern Africa,Alley Cropping,0.55,N/A,N/A,
15125,Boreal,Dry,Eastern Africa,Perennial Fallow,1.49,N/A,N/A,
15126,Boreal,Dry,Eastern Africa,Hedgerow,0.11,N/A,N/A,
15127,Boreal,Dry,Eastern Africa,Multistrata,0.8,N/A,N/A,
15128,Boreal,Dry,Eastern Africa,Parkland,0.21,N/A,N/A,
15129,Boreal,Dry,Eastern Africa,Shaded Perennial,0.55,N/A,N/A,
15130,Boreal,Dry,Eastern Africa,Silvoarable,0.89,N/A,N/A,
15131,Boreal,Dry,Eastern Africa,Silvopasture,0.79,N/A,N/A,
15132,Boreal,Dry,Eastern Africa,Olive,0,N/A,N/A,
15133,Boreal,Dry,Eastern Africa,Orchard,0,N/A,N/A,
15134,Boreal,Dry,Eastern Africa,Vine,0,N/A,N/A,
15135,Boreal,Dry,Eastern Africa,Short Rotation Coppice,0,N/A,N/A,
15136,Boreal,Dry,Eastern Africa,Oil Palm,0,N/A,N/A,
15137,Boreal,Dry,Eastern Africa,Rubber,0,N/A,N/A,
15138,Boreal,Dry,Eastern Africa,Tea,0,N/A,N/A,
15139,Boreal,Dry,Central Africa,Agroforestry - Default,0.67375,N/A,N/A,
15140,Boreal,Dry,Central Africa,Alley Cropping,0.55,N/A,N/A,
15141,Boreal,Dry,Central Africa,Perennial Fallow,1.49,N/A,N/A,
15142,Boreal,Dry,Central Africa,Hedgerow,0.11,N/A,N/A,
15143,Boreal,Dry,Central Africa,Multistrata,0.8,N/A,N/A,
15144,Boreal,Dry,Central Africa,Parkland,0.21,N/A,N/A,
15145,Boreal,Dry,Central Africa,Shaded Perennial,0.55,N/A,N/A,
15146,Boreal,Dry,Central Africa,Silvoarable,0.89,N/A,N/A,
15147,Boreal,Dry,Central Africa,Silvopasture,0.79,N/A,N/A,
15148,Boreal,Dry,Central Africa,Olive,0,N/A,N/A,
15149,Boreal,Dry,Central Africa,Orchard,0,N/A,N/A,
15150,Boreal,Dry,Central Africa,Vine,0,N/A,N/A,
15151,Boreal,Dry,Central Africa,Short Rotation Coppice,0,N/A,N/A,
15152,Boreal,Dry,Central Africa,Oil Palm,0,N/A,N/A,
15153,Boreal,Dry,Central Africa,Rubber,0,N/A,N/A,
15154,Boreal,Dry,Central Africa,Tea,0,N/A,N/A,
15155,Boreal,Dry,Northern Africa,Agroforestry - Default,0.67375,N/A,N/A,
15156,Boreal,Dry,Northern Africa,Alley Cropping,0.55,N/A,N/A,
15157,Boreal,Dry,Northern Africa,Perennial Fallow,1.49,N/A,N/A,
15158,Boreal,Dry,Northern Africa,Hedgerow,0.11,N/A,N/A,
15159,Boreal,Dry,Northern Africa,Multistrata,0.8,N/A,N/A,
15160,Boreal,Dry,Northern Africa,Parkland,0.21,N/A,N/A,
15161,Boreal,Dry,Northern Africa,Shaded Perennial,0.55,N/A,N/A,
15162,Boreal,Dry,Northern Africa,Silvoarable,0.89,N/A,N/A,
15163,Boreal,Dry,Northern Africa,Silvopasture,0.79,N/A,N/A,
15164,Boreal,Dry,Northern Africa,Olive,0,N/A,N/A,
15165,Boreal,Dry,Northern Africa,Orchard,0,N/A,N/A,
15166,Boreal,Dry,Northern Africa,Vine,0,N/A,N/A,
15167,Boreal,Dry,Northern Africa,Short Rotation Coppice,0,N/A,N/A,
15168,Boreal,Dry,Northern Africa,Oil Palm,0,N/A,N/A,
15169,Boreal,Dry,Northern Africa,Rubber,0,N/A,N/A,
15170,Boreal,Dry,Northern Africa,Tea,0,N/A,N/A,
15171,Boreal,Dry,Southern Africa,Agroforestry - Default,0.67375,N/A,N/A,
15172,Boreal,Dry,Southern Africa,Alley Cropping,0.55,N/A,N/A,
15173,Boreal,Dry,Southern Africa,Perennial Fallow,1.49,N/A,N/A,
15174,Boreal,Dry,Southern Africa,Hedgerow,0.11,N/A,N/A,
15175,Boreal,Dry,Southern Africa,Multistrata,0.8,N/A,N/A,
15176,Boreal,Dry,Southern Africa,Parkland,0.21,N/A,N/A,
15177,Boreal,Dry,Southern Africa,Shaded Perennial,0.55,N/A,N/A,
15178,Boreal,Dry,Southern Africa,Silvoarable,0.89,N/A,N/A,
15179,Boreal,Dry,Southern Africa,Silvopasture,0.79,N/A,N/A,
15180,Boreal,Dry,Southern Africa,Olive,0,N/A,N/A,
15181,Boreal,Dry,Southern Africa,Orchard,0,N/A,N/A,
15182,Boreal,Dry,Southern Africa,Vine,0,N/A,N/A,
15183,Boreal,Dry,Southern Africa,Short Rotation Coppice,0,N/A,N/A,
15184,Boreal,Dry,Southern Africa,Oil Palm,0,N/A,N/A,
15185,Boreal,Dry,Southern Africa,Rubber,0,N/A,N/A,
15186,Boreal,Dry,Southern Africa,Tea,0,N/A,N/A,
15187,Boreal,Dry,Western Africa,Agroforestry - Default,0.67375,N/A,N/A,
15188,Boreal,Dry,Western Africa,Alley Cropping,0.55,N/A,N/A,
15189,Boreal,Dry,Western Africa,Perennial Fallow,1.49,N/A,N/A,
15190,Boreal,Dry,Western Africa,Hedgerow,0.11,N/A,N/A,
15191,Boreal,Dry,Western Africa,Multistrata,0.8,N/A,N/A,
15192,Boreal,Dry,Western Africa,Parkland,0.21,N/A,N/A,
15193,Boreal,Dry,Western Africa,Shaded Perennial,0.55,N/A,N/A,
15194,Boreal,Dry,Western Africa,Silvoarable,0.89,N/A,N/A,
15195,Boreal,Dry,Western Africa,Silvopasture,0.79,N/A,N/A,
15196,Boreal,Dry,Western Africa,Olive,0,N/A,N/A,
15197,Boreal,Dry,Western Africa,Orchard,0,N/A,N/A,
15198,Boreal,Dry,Western Africa,Vine,0,N/A,N/A,
15199,Boreal,Dry,Western Africa,Short Rotation Coppice,0,N/A,N/A,
15200,Boreal,Dry,Western Africa,Oil Palm,0,N/A,N/A,
15201,Boreal,Dry,Western Africa,Rubber,0,N/A,N/A,
15202,Boreal,Dry,Western Africa,Tea,0,N/A,N/A,
15203,Boreal,Dry,Central Asia,Agroforestry - Default,0.67375,N/A,N/A,
15204,Boreal,Dry,Central Asia,Alley Cropping,0.55,N/A,N/A,
15205,Boreal,Dry,Central Asia,Perennial Fallow,1.49,N/A,N/A,
15206,Boreal,Dry,Central Asia,Hedgerow,0.11,N/A,N/A,
15207,Boreal,Dry,Central Asia,Multistrata,0.8,N/A,N/A,
15208,Boreal,Dry,Central Asia,Parkland,0.21,N/A,N/A,
15209,Boreal,Dry,Central Asia,Shaded Perennial,0.55,N/A,N/A,
15210,Boreal,Dry,Central Asia,Silvoarable,0.89,N/A,N/A,
15211,Boreal,Dry,Central Asia,Silvopasture,0.79,N/A,N/A,
15212,Boreal,Dry,Central Asia,Olive,0,N/A,N/A,
15213,Boreal,Dry,Central Asia,Orchard,0,N/A,N/A,
15214,Boreal,Dry,Central Asia,Vine,0,N/A,N/A,
15215,Boreal,Dry,Central Asia,Short Rotation Coppice,0,N/A,N/A,
15216,Boreal,Dry,Central Asia,Oil Palm,0,N/A,N/A,
15217,Boreal,Dry,Central Asia,Rubber,0,N/A,N/A,
15218,Boreal,Dry,Central Asia,Tea,0,N/A,N/A,
15219,Boreal,Dry,Eastern Asia,Agroforestry - Default,0.67375,N/A,N/A,
15220,Boreal,Dry,Eastern Asia,Alley Cropping,0.55,N/A,N/A,
15221,Boreal,Dry,Eastern Asia,Perennial Fallow,1.49,N/A,N/A,
15222,Boreal,Dry,Eastern Asia,Hedgerow,0.11,N/A,N/A,
15223,Boreal,Dry,Eastern Asia,Multistrata,0.8,N/A,N/A,
15224,Boreal,Dry,Eastern Asia,Parkland,0.21,N/A,N/A,
15225,Boreal,Dry,Eastern Asia,Shaded Perennial,0.55,N/A,N/A,
15226,Boreal,Dry,Eastern Asia,Silvoarable,0.89,N/A,N/A,
15227,Boreal,Dry,Eastern Asia,Silvopasture,0.79,N/A,N/A,
15228,Boreal,Dry,Eastern Asia,Olive,0,N/A,N/A,
15229,Boreal,Dry,Eastern Asia,Orchard,0,N/A,N/A,
15230,Boreal,Dry,Eastern Asia,Vine,0,N/A,N/A,
15231,Boreal,Dry,Eastern Asia,Short Rotation Coppice,0,N/A,N/A,
15232,Boreal,Dry,Eastern Asia,Oil Palm,0,N/A,N/A,
15233,Boreal,Dry,Eastern Asia,Rubber,0,N/A,N/A,
15234,Boreal,Dry,Eastern Asia,Tea,0,N/A,N/A,
15235,Boreal,Dry,South-Eastern Asia,Agroforestry - Default,0.67375,N/A,N/A,
15236,Boreal,Dry,South-Eastern Asia,Alley Cropping,0.55,N/A,N/A,
15237,Boreal,Dry,South-Eastern Asia,Perennial Fallow,1.49,N/A,N/A,
15238,Boreal,Dry,South-Eastern Asia,Hedgerow,0.11,N/A,N/A,
15239,Boreal,Dry,South-Eastern Asia,Multistrata,0.8,N/A,N/A,
15240,Boreal,Dry,South-Eastern Asia,Parkland,0.21,N/A,N/A,
15241,Boreal,Dry,South-Eastern Asia,Shaded Perennial,0.55,N/A,N/A,
15242,Boreal,Dry,South-Eastern Asia,Silvoarable,0.89,N/A,N/A,
15243,Boreal,Dry,South-Eastern Asia,Silvopasture,0.79,N/A,N/A,
15244,Boreal,Dry,South-Eastern Asia,Olive,0,N/A,N/A,
15245,Boreal,Dry,South-Eastern Asia,Orchard,0,N/A,N/A,
15246,Boreal,Dry,South-Eastern Asia,Vine,0,N/A,N/A,
15247,Boreal,Dry,South-Eastern Asia,Short Rotation Coppice,0,N/A,N/A,
15248,Boreal,Dry,South-Eastern Asia,Oil Palm,0,N/A,N/A,
15249,Boreal,Dry,South-Eastern Asia,Rubber,0,N/A,N/A,
15250,Boreal,Dry,South-Eastern Asia,Tea,0,N/A,N/A,
15251,Boreal,Dry,Southern Asia,Agroforestry - Default,0.67375,N/A,N/A,
15252,Boreal,Dry,Southern Asia,Alley Cropping,0.55,N/A,N/A,
15253,Boreal,Dry,Southern Asia,Perennial Fallow,1.49,N/A,N/A,
15254,Boreal,Dry,Southern Asia,Hedgerow,0.11,N/A,N/A,
15255,Boreal,Dry,Southern Asia,Multistrata,0.8,N/A,N/A,
15256,Boreal,Dry,Southern Asia,Parkland,0.21,N/A,N/A,
15257,Boreal,Dry,Southern Asia,Shaded Perennial,0.55,N/A,N/A,
15258,Boreal,Dry,Southern Asia,Silvoarable,0.89,N/A,N/A,
15259,Boreal,Dry,Southern Asia,Silvopasture,0.79,N/A,N/A,
15260,Boreal,Dry,Southern Asia,Olive,0,N/A,N/A,
15261,Boreal,Dry,Southern Asia,Orchard,0,N/A,N/A,
15262,Boreal,Dry,Southern Asia,Vine,0,N/A,N/A,
15263,Boreal,Dry,Southern Asia,Short Rotation Coppice,0,N/A,N/A,
15264,Boreal,Dry,Southern Asia,Oil Palm,0,N/A,N/A,
15265,Boreal,Dry,Southern Asia,Rubber,0,N/A,N/A,
15266,Boreal,Dry,Southern Asia,Tea,0,N/A,N/A,
15267,Boreal,Dry,Western Asia,Agroforestry - Default,0.67375,N/A,N/A,
15268,Boreal,Dry,Western Asia,Alley Cropping,0.55,N/A,N/A,
15269,Boreal,Dry,Western Asia,Perennial Fallow,1.49,N/A,N/A,
15270,Boreal,Dry,Western Asia,Hedgerow,0.11,N/A,N/A,
15271,Boreal,Dry,Western Asia,Multistrata,0.8,N/A,N/A,
15272,Boreal,Dry,Western Asia,Parkland,0.21,N/A,N/A,
15273,Boreal,Dry,Western Asia,Shaded Perennial,0.55,N/A,N/A,
15274,Boreal,Dry,Western Asia,Silvoarable,0.89,N/A,N/A,
15275,Boreal,Dry,Western Asia,Silvopasture,0.79,N/A,N/A,
15276,Boreal,Dry,Western Asia,Olive,0,N/A,N/A,
15277,Boreal,Dry,Western Asia,Orchard,0,N/A,N/A,
15278,Boreal,Dry,Western Asia,Vine,0,N/A,N/A,
15279,Boreal,Dry,Western Asia,Short Rotation Coppice,0,N/A,N/A,
15280,Boreal,Dry,Western Asia,Oil Palm,0,N/A,N/A,
15281,Boreal,Dry,Western Asia,Rubber,0,N/A,N/A,
15282,Boreal,Dry,Western Asia,Tea,0,N/A,N/A,
15283,Boreal,Dry,Europe,Agroforestry - Default,0.67375,N/A,N/A,
15284,Boreal,Dry,Europe,Alley Cropping,0.55,N/A,N/A,
15285,Boreal,Dry,Europe,Perennial Fallow,1.49,N/A,N/A,
15286,Boreal,Dry,Europe,Hedgerow,0.11,N/A,N/A,
15287,Boreal,Dry,Europe,Multistrata,0.8,N/A,N/A,
15288,Boreal,Dry,Europe,Parkland,0.21,N/A,N/A,
15289,Boreal,Dry,Europe,Shaded Perennial,0.55,N/A,N/A,
15290,Boreal,Dry,Europe,Silvoarable,0.89,N/A,N/A,
15291,Boreal,Dry,Europe,Silvopasture,0.79,N/A,N/A,
15292,Boreal,Dry,Europe,Olive,0,N/A,N/A,
15293,Boreal,Dry,Europe,Orchard,0,N/A,N/A,
15294,Boreal,Dry,Europe,Vine,0,N/A,N/A,
15295,Boreal,Dry,Europe,Short Rotation Coppice,0,N/A,N/A,
15296,Boreal,Dry,Europe,Oil Palm,0,N/A,N/A,
15297,Boreal,Dry,Europe,Rubber,0,N/A,N/A,
15298,Boreal,Dry,Europe,Tea,0,N/A,N/A,
15299,Boreal,Dry,Oceania,Agroforestry - Default,0.67375,N/A,N/A,
15300,Boreal,Dry,Oceania,Alley Cropping,0.55,N/A,N/A,
15301,Boreal,Dry,Oceania,Perennial Fallow,1.49,N/A,N/A,
15302,Boreal,Dry,Oceania,Hedgerow,0.11,N/A,N/A,
15303,Boreal,Dry,Oceania,Multistrata,0.8,N/A,N/A,
15304,Boreal,Dry,Oceania,Parkland,0.21,N/A,N/A,
15305,Boreal,Dry,Oceania,Shaded Perennial,0.55,N/A,N/A,
15306,Boreal,Dry,Oceania,Silvoarable,0.89,N/A,N/A,
15307,Boreal,Dry,Oceania,Silvopasture,0.79,N/A,N/A,
15308,Boreal,Dry,Oceania,Olive,0,N/A,N/A,
15309,Boreal,Dry,Oceania,Orchard,0,N/A,N/A,
15310,Boreal,Dry,Oceania,Vine,0,N/A,N/A,
15311,Boreal,Dry,Oceania,Short Rotation Coppice,0,N/A,N/A,
15312,Boreal,Dry,Oceania,Oil Palm,0,N/A,N/A,
15313,Boreal,Dry,Oceania,Rubber,0,N/A,N/A,
15314,Boreal,Dry,Oceania,Tea,0,N/A,N/A,
15315,Boreal,Dry,North America,Agroforestry - Default,0.67375,N/A,N/A,
15316,Boreal,Dry,North America,Alley Cropping,0.55,N/A,N/A,
15317,Boreal,Dry,North America,Perennial Fallow,1.49,N/A,N/A,
15318,Boreal,Dry,North America,Hedgerow,0.11,N/A,N/A,
15319,Boreal,Dry,North America,Multistrata,0.8,N/A,N/A,
15320,Boreal,Dry,North America,Parkland,0.21,N/A,N/A,
15321,Boreal,Dry,North America,Shaded Perennial,0.55,N/A,N/A,
15322,Boreal,Dry,North America,Silvoarable,0.89,N/A,N/A,
15323,Boreal,Dry,North America,Silvopasture,0.79,N/A,N/A,
15324,Boreal,Dry,North America,Olive,0,N/A,N/A,
15325,Boreal,Dry,North America,Orchard,0,N/A,N/A,
15326,Boreal,Dry,North America,Vine,0,N/A,N/A,
15327,Boreal,Dry,North America,Short Rotation Coppice,0,N/A,N/A,
15328,Boreal,Dry,North America,Oil Palm,0,N/A,N/A,
15329,Boreal,Dry,North America,Rubber,0,N/A,N/A,
15330,Boreal,Dry,North America,Tea,0,N/A,N/A,
15331,Boreal,Dry,South America,Agroforestry - Default,0.67375,N/A,N/A,
15332,Boreal,Dry,South America,Alley Cropping,0.55,N/A,N/A,
15333,Boreal,Dry,South America,Perennial Fallow,1.49,N/A,N/A,
15334,Boreal,Dry,South America,Hedgerow,0.11,N/A,N/A,
15335,Boreal,Dry,South America,Multistrata,0.8,N/A,N/A,
15336,Boreal,Dry,South America,Parkland,0.21,N/A,N/A,
15337,Boreal,Dry,South America,Shaded Perennial,0.55,N/A,N/A,
15338,Boreal,Dry,South America,Silvoarable,0.89,N/A,N/A,
15339,Boreal,Dry,South America,Silvopasture,0.79,N/A,N/A,
15340,Boreal,Dry,South America,Olive,0,N/A,N/A,
15341,Boreal,Dry,South America,Orchard,0,N/A,N/A,
15342,Boreal,Dry,South America,Vine,0,N/A,N/A,
15343,Boreal,Dry,South America,Short Rotation Coppice,0,N/A,N/A,
15344,Boreal,Dry,South America,Oil Palm,0,N/A,N/A,
15345,Boreal,Dry,South America,Rubber,0,N/A,N/A,
15346,Boreal,Dry,South America,Tea,0,N/A,N/A,
15347,Boreal,Dry,Central America,Agroforestry - Default,0.67375,N/A,N/A,
15348,Boreal,Dry,Central America,Alley Cropping,0.55,N/A,N/A,
15349,Boreal,Dry,Central America,Perennial Fallow,1.49,N/A,N/A,
15350,Boreal,Dry,Central America,Hedgerow,0.11,N/A,N/A,
15351,Boreal,Dry,Central America,Multistrata,0.8,N/A,N/A,
15352,Boreal,Dry,Central America,Parkland,0.21,N/A,N/A,
15353,Boreal,Dry,Central America,Shaded Perennial,0.55,N/A,N/A,
15354,Boreal,Dry,Central America,Silvoarable,0.89,N/A,N/A,
15355,Boreal,Dry,Central America,Silvopasture,0.79,N/A,N/A,
15356,Boreal,Dry,Central America,Olive,0,N/A,N/A,
15357,Boreal,Dry,Central America,Orchard,0,N/A,N/A,
15358,Boreal,Dry,Central America,Vine,0,N/A,N/A,
15359,Boreal,Dry,Central America,Short Rotation Coppice,0,N/A,N/A,
15360,Boreal,Dry,Central America,Oil Palm,0,N/A,N/A,
15361,Boreal,Dry,Central America,Rubber,0,N/A,N/A,
15362,Boreal,Dry,Central America,Tea,0,N/A,N/A,
15363,Boreal,Dry,Caribbean,Agroforestry - Default,0.67375,N/A,N/A,
15364,Boreal,Dry,Caribbean,Alley Cropping,0.55,N/A,N/A,
15365,Boreal,Dry,Caribbean,Perennial Fallow,1.49,N/A,N/A,
15366,Boreal,Dry,Caribbean,Hedgerow,0.11,N/A,N/A,
15367,Boreal,Dry,Caribbean,Multistrata,0.8,N/A,N/A,
15368,Boreal,Dry,Caribbean,Parkland,0.21,N/A,N/A,
15369,Boreal,Dry,Caribbean,Shaded Perennial,0.55,N/A,N/A,
15370,Boreal,Dry,Caribbean,Silvoarable,0.89,N/A,N/A,
15371,Boreal,Dry,Caribbean,Silvopasture,0.79,N/A,N/A,
15372,Boreal,Dry,Caribbean,Olive,0,N/A,N/A,
15373,Boreal,Dry,Caribbean,Orchard,0,N/A,N/A,
15374,Boreal,Dry,Caribbean,Vine,0,N/A,N/A,
15375,Boreal,Dry,Caribbean,Short Rotation Coppice,0,N/A,N/A,
15376,Boreal,Dry,Caribbean,Oil Palm,0,N/A,N/A,
15377,Boreal,Dry,Caribbean,Rubber,0,N/A,N/A,
15378,Boreal,Dry,Caribbean,Tea,0,N/A,N/A,
15379,Boreal,Moist,Eastern Africa,Agroforestry - Default,0.386666667,N/A,N/A,
15380,Boreal,Moist,Eastern Africa,Hedgerow,0.23,N/A,N/A,
15381,Boreal,Moist,Eastern Africa,Silvoarable,0.23,N/A,N/A,
15382,Boreal,Moist,Eastern Africa,Silvopasture,0.7,N/A,N/A,
15383,Boreal,Moist,Eastern Africa,Olive,0,N/A,N/A,
15384,Boreal,Moist,Eastern Africa,Orchard,0,N/A,N/A,
15385,Boreal,Moist,Eastern Africa,Vine,0,N/A,N/A,
15386,Boreal,Moist,Eastern Africa,Short Rotation Coppice,0,N/A,N/A,
15387,Boreal,Moist,Eastern Africa,Oil Palm,0,N/A,N/A,
15388,Boreal,Moist,Eastern Africa,Rubber,0,N/A,N/A,
15389,Boreal,Moist,Eastern Africa,Tea,0,N/A,N/A,
15390,Boreal,Moist,Central Africa,Agroforestry - Default,0.386666667,N/A,N/A,
15391,Boreal,Moist,Central Africa,Hedgerow,0.23,N/A,N/A,
15392,Boreal,Moist,Central Africa,Silvoarable,0.23,N/A,N/A,
15393,Boreal,Moist,Central Africa,Silvopasture,0.7,N/A,N/A,
15394,Boreal,Moist,Central Africa,Olive,0,N/A,N/A,
15395,Boreal,Moist,Central Africa,Orchard,0,N/A,N/A,
15396,Boreal,Moist,Central Africa,Vine,0,N/A,N/A,
15397,Boreal,Moist,Central Africa,Short Rotation Coppice,0,N/A,N/A,
15398,Boreal,Moist,Central Africa,Oil Palm,0,N/A,N/A,
15399,Boreal,Moist,Central Africa,Rubber,0,N/A,N/A,
15400,Boreal,Moist,Central Africa,Tea,0,N/A,N/A,
15401,Boreal,Moist,Northern Africa,Agroforestry - Default,0.386666667,N/A,N/A,
15402,Boreal,Moist,Northern Africa,Hedgerow,0.23,N/A,N/A,
15403,Boreal,Moist,Northern Africa,Silvoarable,0.23,N/A,N/A,
15404,Boreal,Moist,Northern Africa,Silvopasture,0.7,N/A,N/A,
15405,Boreal,Moist,Northern Africa,Olive,0,N/A,N/A,
15406,Boreal,Moist,Northern Africa,Orchard,0,N/A,N/A,
15407,Boreal,Moist,Northern Africa,Vine,0,N/A,N/A,
15408,Boreal,Moist,Northern Africa,Short Rotation Coppice,0,N/A,N/A,
15409,Boreal,Moist,Northern Africa,Oil Palm,0,N/A,N/A,
15410,Boreal,Moist,Northern Africa,Rubber,0,N/A,N/A,
15411,Boreal,Moist,Northern Africa,Tea,0,N/A,N/A,
15412,Boreal,Moist,Southern Africa,Agroforestry - Default,0.386666667,N/A,N/A,
15413,Boreal,Moist,Southern Africa,Hedgerow,0.23,N/A,N/A,
15414,Boreal,Moist,Southern Africa,Silvoarable,0.23,N/A,N/A,
15415,Boreal,Moist,Southern Africa,Silvopasture,0.7,N/A,N/A,
15416,Boreal,Moist,Southern Africa,Olive,0,N/A,N/A,
15417,Boreal,Moist,Southern Africa,Orchard,0,N/A,N/A,
15418,Boreal,Moist,Southern Africa,Vine,0,N/A,N/A,
15419,Boreal,Moist,Southern Africa,Short Rotation Coppice,0,N/A,N/A,
15420,Boreal,Moist,Southern Africa,Oil Palm,0,N/A,N/A,
15421,Boreal,Moist,Southern Africa,Rubber,0,N/A,N/A,
15422,Boreal,Moist,Southern Africa,Tea,0,N/A,N/A,
15423,Boreal,Moist,Western Africa,Agroforestry - Default,0.386666667,N/A,N/A,
15424,Boreal,Moist,Western Africa,Hedgerow,0.23,N/A,N/A,
15425,Boreal,Moist,Western Africa,Silvoarable,0.23,N/A,N/A,
15426,Boreal,Moist,Western Africa,Silvopasture,0.7,N/A,N/A,
15427,Boreal,Moist,Western Africa,Olive,0,N/A,N/A,
15428,Boreal,Moist,Western Africa,Orchard,0,N/A,N/A,
15429,Boreal,Moist,Western Africa,Vine,0,N/A,N/A,
15430,Boreal,Moist,Western Africa,Short Rotation Coppice,0,N/A,N/A,
15431,Boreal,Moist,Western Africa,Oil Palm,0,N/A,N/A,
15432,Boreal,Moist,Western Africa,Rubber,0,N/A,N/A,
15433,Boreal,Moist,Western Africa,Tea,0,N/A,N/A,
15434,Boreal,Moist,Central Asia,Agroforestry - Default,0.386666667,N/A,N/A,
15435,Boreal,Moist,Central Asia,Hedgerow,0.23,N/A,N/A,
15436,Boreal,Moist,Central Asia,Silvoarable,0.23,N/A,N/A,
15437,Boreal,Moist,Central Asia,Silvopasture,0.7,N/A,N/A,
15438,Boreal,Moist,Central Asia,Olive,0,N/A,N/A,
15439,Boreal,Moist,Central Asia,Orchard,0,N/A,N/A,
15440,Boreal,Moist,Central Asia,Vine,0,N/A,N/A,
15441,Boreal,Moist,Central Asia,Short Rotation Coppice,0,N/A,N/A,
15442,Boreal,Moist,Central Asia,Oil Palm,0,N/A,N/A,
15443,Boreal,Moist,Central Asia,Rubber,0,N/A,N/A,
15444,Boreal,Moist,Central Asia,Tea,0,N/A,N/A,
15445,Boreal,Moist,Eastern Asia,Agroforestry - Default,0.386666667,N/A,N/A,
15446,Boreal,Moist,Eastern Asia,Hedgerow,0.23,N/A,N/A,
15447,Boreal,Moist,Eastern Asia,Silvoarable,0.23,N/A,N/A,
15448,Boreal,Moist,Eastern Asia,Silvopasture,0.7,N/A,N/A,
15449,Boreal,Moist,Eastern Asia,Olive,0,N/A,N/A,
15450,Boreal,Moist,Eastern Asia,Orchard,0,N/A,N/A,
15451,Boreal,Moist,Eastern Asia,Vine,0,N/A,N/A,
15452,Boreal,Moist,Eastern Asia,Short Rotation Coppice,0,N/A,N/A,
15453,Boreal,Moist,Eastern Asia,Oil Palm,0,N/A,N/A,
15454,Boreal,Moist,Eastern Asia,Rubber,0,N/A,N/A,
15455,Boreal,Moist,Eastern Asia,Tea,0,N/A,N/A,
15456,Boreal,Moist,South-Eastern Asia,Agroforestry - Default,0.386666667,N/A,N/A,
15457,Boreal,Moist,South-Eastern Asia,Hedgerow,0.23,N/A,N/A,
15458,Boreal,Moist,South-Eastern Asia,Silvoarable,0.23,N/A,N/A,
15459,Boreal,Moist,South-Eastern Asia,Silvopasture,0.7,N/A,N/A,
15460,Boreal,Moist,South-Eastern Asia,Olive,0,N/A,N/A,
15461,Boreal,Moist,South-Eastern Asia,Orchard,0,N/A,N/A,
15462,Boreal,Moist,South-Eastern Asia,Vine,0,N/A,N/A,
15463,Boreal,Moist,South-Eastern Asia,Short Rotation Coppice,0,N/A,N/A,
15464,Boreal,Moist,South-Eastern Asia,Oil Palm,0,N/A,N/A,
15465,Boreal,Moist,South-Eastern Asia,Rubber,0,N/A,N/A,
15466,Boreal,Moist,South-Eastern Asia,Tea,0,N/A,N/A,
15467,Boreal,Moist,Southern Asia,Agroforestry - Default,0.386666667,N/A,N/A,
15468,Boreal,Moist,Southern Asia,Hedgerow,0.23,N/A,N/A,
15469,Boreal,Moist,Southern Asia,Silvoarable,0.23,N/A,N/A,
15470,Boreal,Moist,Southern Asia,Silvopasture,0.7,N/A,N/A,
15471,Boreal,Moist,Southern Asia,Olive,0,N/A,N/A,
15472,Boreal,Moist,Southern Asia,Orchard,0,N/A,N/A,
15473,Boreal,Moist,Southern Asia,Vine,0,N/A,N/A,
15474,Boreal,Moist,Southern Asia,Short Rotation Coppice,0,N/A,N/A,
15475,Boreal,Moist,Southern Asia,Oil Palm,0,N/A,N/A,
15476,Boreal,Moist,Southern Asia,Rubber,0,N/A,N/A,
15477,Boreal,Moist,Southern Asia,Tea,0,N/A,N/A,
15478,Boreal,Moist,Western Asia,Agroforestry - Default,0.386666667,N/A,N/A,
15479,Boreal,Moist,Western Asia,Hedgerow,0.23,N/A,N/A,
15480,Boreal,Moist,Western Asia,Silvoarable,0.23,N/A,N/A,
15481,Boreal,Moist,Western Asia,Silvopasture,0.7,N/A,N/A,
15482,Boreal,Moist,Western Asia,Olive,0,N/A,N/A,
15483,Boreal,Moist,Western Asia,Orchard,0,N/A,N/A,
15484,Boreal,Moist,Western Asia,Vine,0,N/A,N/A,
15485,Boreal,Moist,Western Asia,Short Rotation Coppice,0,N/A,N/A,
15486,Boreal,Moist,Western Asia,Oil Palm,0,N/A,N/A,
15487,Boreal,Moist,Western Asia,Rubber,0,N/A,N/A,
15488,Boreal,Moist,Western Asia,Tea,0,N/A,N/A,
15489,Boreal,Moist,Europe,Agroforestry - Default,0.386666667,N/A,N/A,
15490,Boreal,Moist,Europe,Hedgerow,0.23,N/A,N/A,
15491,Boreal,Moist,Europe,Silvoarable,0.23,N/A,N/A,
15492,Boreal,Moist,Europe,Silvopasture,0.7,N/A,N/A,
15493,Boreal,Moist,Europe,Olive,0,N/A,N/A,
15494,Boreal,Moist,Europe,Orchard,0,N/A,N/A,
15495,Boreal,Moist,Europe,Vine,0,N/A,N/A,
15496,Boreal,Moist,Europe,Short Rotation Coppice,0,N/A,N/A,
15497,Boreal,Moist,Europe,Oil Palm,0,N/A,N/A,
15498,Boreal,Moist,Europe,Rubber,0,N/A,N/A,
15499,Boreal,Moist,Europe,Tea,0,N/A,N/A,
15500,Boreal,Moist,Oceania,Agroforestry - Default,0.386666667,N/A,N/A,
15501,Boreal,Moist,Oceania,Hedgerow,0.23,N/A,N/A,
15502,Boreal,Moist,Oceania,Silvoarable,0.23,N/A,N/A,
15503,Boreal,Moist,Oceania,Silvopasture,0.7,N/A,N/A,
15504,Boreal,Moist,Oceania,Olive,0,N/A,N/A,
15505,Boreal,Moist,Oceania,Orchard,0,N/A,N/A,
15506,Boreal,Moist,Oceania,Vine,0,N/A,N/A,
15507,Boreal,Moist,Oceania,Short Rotation Coppice,0,N/A,N/A,
15508,Boreal,Moist,Oceania,Oil Palm,0,N/A,N/A,
15509,Boreal,Moist,Oceania,Rubber,0,N/A,N/A,
15510,Boreal,Moist,Oceania,Tea,0,N/A,N/A,
15511,Boreal,Moist,North America,Agroforestry - Default,0.386666667,N/A,N/A,
15512,Boreal,Moist,North America,Hedgerow,0.23,N/A,N/A,
15513,Boreal,Moist,North America,Silvoarable,0.23,N/A,N/A,
15514,Boreal,Moist,North America,Silvopasture,0.7,N/A,N/A,
15515,Boreal,Moist,North America,Olive,0,N/A,N/A,
15516,Boreal,Moist,North America,Orchard,0,N/A,N/A,
15517,Boreal,Moist,North America,Vine,0,N/A,N/A,
15518,Boreal,Moist,North America,Short Rotation Coppice,0,N/A,N/A,
15519,Boreal,Moist,North America,Oil Palm,0,N/A,N/A,
15520,Boreal,Moist,North America,Rubber,0,N/A,N/A,
15521,Boreal,Moist,North America,Tea,0,N/A,N/A,
15522,Boreal,Moist,South America,Agroforestry - Default,0.386666667,N/A,N/A,
15523,Boreal,Moist,South America,Hedgerow,0.23,N/A,N/A,
15524,Boreal,Moist,South America,Silvoarable,0.23,N/A,N/A,
15525,Boreal,Moist,South America,Silvopasture,0.7,N/A,N/A,
15526,Boreal,Moist,South America,Olive,0,N/A,N/A,
15527,Boreal,Moist,South America,Orchard,0,N/A,N/A,
15528,Boreal,Moist,South America,Vine,0,N/A,N/A,
15529,Boreal,Moist,South America,Short Rotation Coppice,0,N/A,N/A,
15530,Boreal,Moist,South America,Oil Palm,0,N/A,N/A,
15531,Boreal,Moist,South America,Rubber,0,N/A,N/A,
15532,Boreal,Moist,South America,Tea,0,N/A,N/A,
15533,Boreal,Moist,Central America,Agroforestry - Default,0.386666667,N/A,N/A,
15534,Boreal,Moist,Central America,Hedgerow,0.23,N/A,N/A,
15535,Boreal,Moist,Central America,Silvoarable,0.23,N/A,N/A,
15536,Boreal,Moist,Central America,Silvopasture,0.7,N/A,N/A,
15537,Boreal,Moist,Central America,Olive,0,N/A,N/A,
15538,Boreal,Moist,Central America,Orchard,0,N/A,N/A,
15539,Boreal,Moist,Central America,Vine,0,N/A,N/A,
15540,Boreal,Moist,Central America,Short Rotation Coppice,0,N/A,N/A,
15541,Boreal,Moist,Central America,Oil Palm,0,N/A,N/A,
15542,Boreal,Moist,Central America,Rubber,0,N/A,N/A,
15543,Boreal,Moist,Central America,Tea,0,N/A,N/A,
15544,Boreal,Moist,Caribbean,Agroforestry - Default,0.386666667,N/A,N/A,
15545,Boreal,Moist,Caribbean,Hedgerow,0.23,N/A,N/A,
15546,Boreal,Moist,Caribbean,Silvoarable,0.23,N/A,N/A,
15547,Boreal,Moist,Caribbean,Silvopasture,0.7,N/A,N/A,
15548,Boreal,Moist,Caribbean,Olive,0,N/A,N/A,
15549,Boreal,Moist,Caribbean,Orchard,0,N/A,N/A,
15550,Boreal,Moist,Caribbean,Vine,0,N/A,N/A,
15551,Boreal,Moist,Caribbean,Short Rotation Coppice,0,N/A,N/A,
15552,Boreal,Moist,Caribbean,Oil Palm,0,N/A,N/A,
15553,Boreal,Moist,Caribbean,Rubber,0,N/A,N/A,
15554,Boreal,Moist,Caribbean,Tea,0,N/A,N/A,
